city,ev_adoption_pct,solar_adoption_pct,trees_planted_pct,plastic_recycling_pct,public_transport_usage_pct,co2_emissions,aqi,electricity_demand,green_score
Ahmedabad,25.515230803750107,4.528651391566127,1.7582148992484026,71.65974382061876,38.947285423274224,624.4093500893943,108.09621036663333,1116.4142151297192,57.70855164988444
Ahmedabad,2.002860901494053,20.98942992068826,22.648459049984467,52.416062623662896,13.897913636309617,770.6304406344055,139.2831216053741,972.9914135609658,56.20290453843231
Ahmedabad,0.0,19.48825141456159,28.807302531266345,66.33333819122876,32.13933582166189,671.4187665453725,123.41869033195695,1003.0701185789859,61.83387839293979
Ahmedabad,15.627392962409814,11.909737271654027,16.3693853203174,59.71849552848588,48.77600954447806,591.7774469079798,76.49946167474121,1077.4096379728937,61.35420484030132
Ahmedabad,8.549201059771093,37.24959145818798,27.880788724116712,58.261391469772434,35.15266230059757,577.0456517874326,101.92142600580391,866.2514707011103,72.86620705344708
Ahmedabad,0.0,11.501925711800169,30.8754047171725,84.76954648466587,27.46956132256871,713.3660440101776,128.19840390329995,1054.5387194168209,61.00765837445755
Ahmedabad,0.0,21.870420471339116,21.198008291890634,71.0890409228554,10.61482730441832,782.8696435230846,174.6903030692064,983.8712774744849,58.517922919571866
Ahmedabad,4.478709331637511,22.77487676195667,27.437004377534052,54.40816244097762,29.220939794610924,687.6275202584758,153.99373139161776,978.1629512190111,77.02363614217472
Ahmedabad,0.0,34.3226525819543,0.0,78.35339783839918,45.70616563873325,628.0959616749365,147.85319554369656,806.5121312559227,70.99276386845378
Ahmedabad,15.852306811019062,26.205974653890404,7.042277488814893,53.03230345173818,47.10995578697148,562.2453321755899,108.01550391078503,939.9161427420775,78.15687738364005
Ahmedabad,0.0,27.585054887504377,29.07816477008449,59.30223000874857,23.919259783520715,653.4654494816928,161.98993236926947,880.0209729838771,54.97878420072464
Ahmedabad,6.178063747054004,12.432664119017616,15.076257864456771,47.98522341746469,47.64259182042233,611.2488818396248,120.37168479056763,1042.5937193662114,75.26658807282413
Ahmedabad,19.65844611125226,6.143635361493558,4.24819753078836,59.1090690679684,24.610497192746877,700.4929952783923,122.59147976902781,1145.3435588735713,62.522247096692496
Ahmedabad,0.0,28.70650804641721,31.303476616308764,57.17201394326303,17.956097730319023,739.5133172689873,148.43064567028284,860.1049766485737,52.05430593358629
Ahmedabad,13.239290567399777,20.35620458369236,5.6129758156509535,80.78593359264138,15.701944043939978,717.4360765576639,160.70750531872088,998.5635698430725,62.68073261082867
Ahmedabad,0.0,9.934400401942566,18.38413580235403,66.18247559466744,17.773901924094197,825.6278789710028,158.98868335106954,1054.5401727810504,56.520483081206656
Ahmedabad,5.112441163799925,30.75519471427574,7.220428767560488,49.60686990724781,23.057829107685063,723.8290807210935,162.75115227323866,906.4632630710405,57.415429230061875
Ahmedabad,0.0,33.04121344209831,0.0,83.2429650320947,48.80189917373222,656.0308699784885,149.68054017196255,813.404494739387,76.22411931345147
Ahmedabad,0.0,34.51710233256991,0.0,45.509010698590885,25.360918505278885,716.4581410217302,174.05407583746282,838.0993031543337,49.547168482982016
Ahmedabad,26.10201290401426,13.319065579974476,3.285097518873389,47.43393111614812,35.835104603349976,649.891936706764,98.34179551423753,1074.7626797625421,59.739440843547584
Ahmedabad,24.983134547092597,13.286068085770195,29.38892118432784,53.63400574774812,16.14735740249621,653.9440736267646,106.31637321253041,1115.0574006541897,65.62460961846492
Ahmedabad,0.0,20.4024660035898,12.562408719107566,52.6702951781556,42.23060654286132,658.7247466141722,129.88547337013304,962.5783732503489,68.49136986632452
Ahmedabad,8.607143457196443,6.7335316998588475,0.18837390150728694,65.97794667098377,21.070944790825138,809.6931953859524,156.8496414348806,1118.145741192767,55.57606624385325
Ahmedabad,6.367827224529549,24.857012560672935,3.8892495559632767,82.95232246170053,41.64658854298256,627.9996590611404,123.61408064166568,850.1983856308693,72.55555529614016
Ahmedabad,19.066212125415475,0.0,28.17269425570779,57.04444107446309,37.92660374809124,623.1520426088505,86.07554832088513,1179.6953346862479,64.45476422114692
Ahmedabad,16.4386775558129,21.968333367568295,0.0,62.15556654143417,23.73681138275273,685.397364602147,142.64122644424174,1002.1859373766218,55.423876394776784
Ahmedabad,20.014907896317368,7.7058363641937095,20.922970843689306,69.21201780957028,27.249319725908396,691.838216898112,115.68284101003397,1192.914395368515,64.63946302221804
Ahmedabad,23.33174530464167,35.72836723782782,16.47603621986692,57.81469423298776,25.806006959506888,529.8610071004056,111.17630600248924,932.0240731321362,73.25594766451027
Ahmedabad,3.506104269647743,24.104649837937615,7.692608955367035,82.9208550151024,13.831245060470113,752.5506747766022,183.83568491634892,926.2240003364939,47.2184240823731
Ahmedabad,6.39950438492577,9.930777674673806,1.3991424216953785,71.36915904758487,22.508826879506117,826.5736058924838,155.50052039748488,1069.6258270214441,53.838943845516376
Ahmedabad,0.0,34.357445622385235,16.320314849044536,46.18139283109403,37.171195019845236,662.7720162954384,141.69288229822126,846.4410428435168,66.30219184628685
Ahmedabad,8.095651213139625,24.98741018490739,11.692625209244476,69.9513130374468,13.561325581868779,689.5276061286428,161.2611007974881,958.6026355650379,60.728205112818756
Ahmedabad,0.0,25.403748214922878,0.0,79.91219247967095,33.199520456175904,719.4604189967097,155.95383904085872,934.3669245603845,62.330978079539996
Ahmedabad,9.077110410451244,31.03667391078283,28.55703565559177,57.7964410679584,22.356541392690023,621.6479447969479,141.58799848559605,851.1434786981525,71.36636916591921
Ahmedabad,19.48867505380951,21.915811029743924,22.30702239533606,80.6493453531607,29.497532595785223,634.3681590036282,94.6060740961649,994.7421990809261,78.34410436678161
Ahmedabad,15.634158979419503,5.268101190656541,0.0,70.29375563072476,44.03610048874196,663.0389858103888,105.0141841063242,1108.8499302279697,65.12911557568013
Ahmedabad,18.249325320058404,31.96281360345239,30.342244260685547,64.48361049838552,42.71352534452642,478.0388356770251,84.98311799291005,893.2407305523036,91.29572570465643
Ahmedabad,2.9158821523696368,4.1379912714931795,14.334970614289464,55.220968657531294,37.92687175594188,716.7683660551963,151.3981936487874,1132.215025775071,52.94590668934393
Ahmedabad,16.549813589579138,0.0,0.06041242757138221,70.68421427596807,13.645208445418952,805.7413324561901,150.0357213572671,1189.2491058408089,46.29749328407112
Ahmedabad,11.569104198554008,15.782356665107216,0.0,49.334385818792185,11.155586287783265,782.7768449029361,159.68999176785314,1054.4162374133607,51.03212607619285
Ahmedabad,0.0,9.168126183782201,0.0,46.45776184900147,40.40887791792803,747.2524310461774,149.99956673641856,1073.7110899715049,49.81533096724083
Ahmedabad,0.0,3.2989373420733354,1.9510512434563623,55.588838700854744,47.68199077101174,727.2732192812858,156.22935890251446,1146.8206736176373,46.47194466336829
Ahmedabad,0.0,32.623602256459804,13.956104926539208,64.74994566575086,22.987964087767047,731.321699496815,158.36558748212482,883.5512100109536,58.3424179036046
Ahmedabad,19.17225266985058,7.197800807179046,19.615099154086842,62.76951526385536,14.815963721906993,702.8632246890497,125.00918634476295,1113.9205306443287,56.4110142518359
Ahmedabad,23.10799805723179,3.499265777846869,15.154556213393214,59.88078206553199,38.75264228273309,587.6687845683065,90.98358539865205,1157.7074911632058,67.35483599983236
Ahmedabad,5.097143487548529,5.181570762443442,3.129630997417511,75.56267857202222,29.977619712915722,762.0748268783386,163.2119166094647,1123.6553097989824,50.05762142724362
Ahmedabad,0.47708430522554934,20.392867580339605,7.732572165681839,83.4258129954075,21.21810479423257,750.226640323065,165.39026760442263,988.1169528865412,53.837712926013104
Ahmedabad,15.190144788239358,33.715322691308536,18.221797710197585,63.29208748113692,26.31584746731917,608.9116604449864,136.22301183824487,960.9097627255915,80.01824595229289
Ahmedabad,2.603128842288033,34.04777329537913,17.88895035261576,71.68349100958115,44.97361475015458,618.2845713663856,135.92858867761552,880.9899026574012,84.99071281237157
Ahmedabad,15.356741809546897,7.46893916445395,1.9191401352267334,72.67828414970565,24.605057091640347,728.692758078693,159.9750038967852,1120.6715176977502,62.27211316589097
Ahmedabad,23.13305969759591,20.713016301182705,0.6120231750907443,46.943041572111,49.57229904760322,535.7520106914358,101.30453506330754,1044.6999400866273,65.52482357429031
Ahmedabad,0.0,23.10970795084961,8.922321434041784,56.634950339606085,14.902588573239921,764.4768837433702,177.0420717257083,955.6581091070609,47.43331768069348
Ahmedabad,21.03200028545202,28.829055534623116,4.517339332619997,61.87526244950462,24.030244485493412,632.2638281247246,113.54510931422796,966.7971904537337,62.31591579892219
Ahmedabad,16.70479035547975,36.91417920601569,21.280769178246707,80.35016472638395,37.645411928404386,536.6127649044806,109.69759277582209,847.9913701810525,80.4046076088774
Ahmedabad,0.0,21.39804768749738,8.330700959275056,66.00618617135544,40.38032164539195,669.7132034343257,133.43248072214283,1036.7807532776721,55.19737727370821
Ahmedabad,24.907229319992744,29.318379390549026,22.807137425465676,47.706303685512026,19.348372906653942,625.6027304805566,108.83772959496028,973.7490357971986,69.15744108789953
Ahmedabad,16.184432312381876,7.121741684578932,27.955639227982374,78.88942569746317,15.89821420927214,724.7631825221365,122.10932941914923,1147.2674765450802,57.692181477905514
Ahmedabad,17.61904652787568,14.400699459169171,15.853247867547331,67.3978736779764,16.811470374679608,728.8204471419235,124.79158598979609,1091.0981865764982,59.24616889639094
Ahmedabad,0.0,6.985719817543835,18.233276361015037,70.61227905018049,26.246729176541006,750.8611106927744,153.85469019272315,1085.2508705867804,44.602977040007154
Ahmedabad,16.453201678416608,31.77657831065266,13.222709008277647,53.46601863555766,42.73460442765081,585.137724325876,99.50990922173922,884.8836292960808,73.14761599644919
Ahmedabad,0.0,35.033582327002,20.622276700381178,47.79176538589971,40.996548169059004,620.6761950711089,133.26435669129415,897.2107093241308,80.0407442425016
Ahmedabad,0.0,34.2802385216013,20.201233787669008,52.101592531211416,48.890278572733344,613.420704585185,126.06543621081752,809.926770257224,74.24113667912366
Ahmedabad,24.26747782353621,0.0,14.192209609535364,63.50117078978968,20.151753540889963,696.2449625953172,118.62249806222793,1168.5779968061104,58.73913172127827
Ahmedabad,0.0,33.253346909984955,30.187326202034733,62.51902382162326,39.42980515718641,616.7641496924525,128.55274787794906,846.8307473020233,75.5507211515287
Ahmedabad,22.63262716029117,3.3442977133202483,22.338537377216916,70.68984258332333,44.205662723396024,589.0815411029727,73.71653185514347,1152.9987926332792,68.72383962148125
Ahmedabad,11.079844856491952,24.6236179638512,0.0,67.48031241133047,45.91563588143083,624.0865453214348,117.408030194735,963.0322814525794,69.48486092343249
Ahmedabad,22.78189279420061,19.34446754568526,0.0,73.25542660509485,30.68716435789545,632.921512793948,119.46449287277943,1051.9405361043753,76.31377305304912
Ahmedabad,0.0,4.362038292779722,6.529253422127219,69.80855955598022,42.29594007421292,725.2826837598552,151.26707463948128,1081.0345729412936,55.597388642439526
Ahmedabad,13.2035730603586,32.379104174150484,0.0,57.96718796849004,29.12568206467953,638.4921329782603,135.18404617042987,903.4274618882562,71.4400001693613
Ahmedabad,26.829563988998657,16.80263261059128,24.621681211248458,61.37959913453777,40.64646719944871,551.2688016473121,68.54215511179156,1013.0419429407309,78.4641728491204
Ahmedabad,0.0,12.32708591120646,12.400668067443206,70.25790908385986,32.77175495853632,706.8745901891594,144.00845703144077,1017.450425269272,67.94608233081485
Ahmedabad,18.67377715884637,19.84896200712005,8.3720459825247,73.2659871162869,15.216728862897906,694.5934229699094,145.85092575397752,1003.7554547993577,69.1266670832938
Ahmedabad,14.853597006256237,24.590989167094918,20.47181276313871,68.64706725695397,48.598129383759584,531.2283329936785,75.95082154323401,971.2487231202822,77.2902968098457
Ahmedabad,15.141685197335747,8.12521872271245,31.74713017282994,46.39979317859511,23.380893720262456,686.6171446273462,111.74460568084362,1062.9819312265217,64.41617510941212
Ahmedabad,0.0,25.441145303959857,0.0,60.727506755438355,13.400298066145382,815.8456711164298,185.7138078329754,941.0653130970715,46.35411230656625
Ahmedabad,23.466364526015774,36.22259484180327,23.544782436473053,45.529122673116476,28.427461206814165,579.1142854737794,97.55820405782033,835.3602974470364,75.20419637682431
Ahmedabad,0.0,18.76455302846832,0.0,69.95985087387326,39.94253090849302,721.783353997835,144.53137325931044,1001.5495619529626,65.42559555106979
Ahmedabad,17.192404821632557,30.170384682783578,5.693479797021158,51.84248756700707,32.83489573321194,636.6695285880527,117.25103410900098,940.79741875681,60.02550480793329
Ahmedabad,0.0,0.0,26.967673894612993,74.37874464366868,34.199035442437385,726.592976475036,115.5134952486224,1143.291071222076,50.71088475452993
Ahmedabad,1.4770610609263173,22.36765819902824,0.0,46.71006015394506,48.72624113820677,678.2058067519936,142.48243103736124,942.9735945117627,54.93846367160612
Ahmedabad,26.267014366255097,14.795689681344136,5.262699563895632,48.97579362621492,18.709723003162114,686.5823542666412,135.27097438170497,1119.470670627398,60.96934859291336
Ahmedabad,0.0,37.33972772119028,9.245712730798434,79.79755154102583,46.38111739673986,593.2235500643271,134.02636972572927,847.2875144165046,68.49473788442964
Ahmedabad,6.41738477139932,0.0,24.472098734812462,81.79160989803604,34.43292721273662,758.9205350800187,125.23000113298095,1123.2192213604465,61.60739342620958
Ahmedabad,25.245023230706437,7.569840041301823,11.268416623733003,58.02881416282041,47.29567163344908,585.3537925370315,76.23681833488837,1073.6647245532859,68.26294691110382
Ahmedabad,23.335422634100063,0.0,31.318260904227138,76.97773148631441,40.66418590578781,557.0859022362058,74.82901707623871,1204.533736709555,75.15361155229361
Ahmedabad,0.0,25.212410746361773,11.930511603400127,77.81226440296156,39.80224558355896,676.6275681938738,134.20392481476,899.6755146874847,64.43207340752042
Ahmedabad,0.0,24.27123255903941,30.67156884908026,61.76582543411773,15.684080210158946,753.568992714934,150.76866030195276,899.2441310256188,59.00883855491476
Ahmedabad,7.659825216425617,15.790281719995672,3.1302162359823384,80.05364501957717,24.51448259629336,739.0297346572562,160.66905836002283,1008.7453592423205,52.73260974217034
Ahmedabad,0.0,32.82393118547354,16.035102232761975,76.05820736004745,49.696789745297146,571.5123927996837,117.14220045634401,874.0158451249861,78.82962076783703
Ahmedabad,10.703927806196312,29.806486426062847,8.658216895496352,78.91748743755167,47.58176871175687,572.5362480121084,122.0926577712092,890.9677310220458,65.69551062813369
Ahmedabad,12.571071279135467,5.227575943302721,0.0,61.68927200278642,29.01337270037542,729.0650886628322,128.94656492705616,1106.650133313741,55.10440688551217
Ahmedabad,0.0,16.926010738975954,2.2399421291613884,59.49584532196786,41.37492371834568,721.4102267934618,147.46800921742755,1049.9276802168222,51.80252181846717
Ahmedabad,23.25395046325557,6.286194993512122,4.189651920189652,49.535069033630165,21.874588535492858,700.9718015602846,129.22804958948353,1119.6558738874226,59.90938003427587
Ahmedabad,23.18998067917792,34.34414475759805,0.0,50.49585883835138,38.419866152416134,603.3092677313658,102.48792292665675,905.1800128067474,68.81949952938204
Ahmedabad,10.752771197130933,2.4878982129444047,24.685330298782866,63.88726746505544,49.34441794915165,632.9237635748948,89.79489315900207,1181.8581270866453,68.14498155713538
Ahmedabad,25.72904552485099,18.251802751854683,12.660873816712062,60.94648436375658,27.072186437061863,653.6409470832261,82.14441703582827,960.722348349235,66.26037814574235
Ahmedabad,0.0,18.66982293553089,0.0,56.31860249641596,30.528091192099772,740.5265198568839,171.0499683935557,1011.1505219930638,42.34797582754415
Ahmedabad,0.0,34.13289060768161,14.659509241879455,65.72662623737006,34.225049518864765,628.0040584021509,136.683953995332,838.4778611520454,74.577366945948
Ahmedabad,0.0,30.47929548970992,12.04057051587398,66.23223957084508,28.055013859413982,714.7515460627939,137.34453565492862,847.8343050775015,58.8981795309334
Ahmedabad,0.0,3.4356628534944207,30.096352252509,69.16549088305608,24.191386581811244,698.1985996546597,160.0111288637867,1085.6927689992003,58.36434707914181
Ahmedabad,0.0,0.0,2.623382096496435,66.3088058595543,37.19185697753247,809.0844661134993,143.59448504245847,1179.435590287291,54.21485675729141
Ahmedabad,15.84230779943158,17.027162499704666,0.0,45.48907896754651,31.05989064230176,695.3528095042855,140.93394580636593,1035.1156466028792,54.075588607690854
Ahmedabad,0.0,34.03476685692644,11.240777620408736,51.21394968681073,24.922246376962942,692.960096195588,151.9281184092175,887.2504501300486,59.98559902481777
Ahmedabad,22.7602395462576,21.501362092920676,23.82824314363286,57.32277595284018,38.38804929966113,567.8421014007121,96.35165895496235,1015.4688754259354,73.78254206258826
Ahmedabad,0.0,27.49691776314277,9.225258165777902,55.44667699550252,14.230405778375737,785.871601244552,183.03538811578335,879.5400432228361,49.563444484477806
Ahmedabad,6.788771680649511,32.046922381828466,28.82440757902608,68.13248982415583,12.974178976302802,702.338624870291,146.13845184285267,893.4755598660932,63.83569219143326
Ahmedabad,7.752088627017741,21.970610886379674,16.280384194297007,77.76714479601785,36.53812438691891,651.4954051731683,134.9351505395814,1001.9152081028617,62.63555052384525
Ahmedabad,20.23565905499847,30.848839716571355,27.395995792427378,81.72963057372223,27.216570336272863,575.5013056875996,92.43849631549969,922.954015279746,77.15790607101727
Ahmedabad,18.88717103458,1.5835959033159597,0.0,65.45721515317271,23.869696980141285,758.900890836274,133.43155247365024,1186.0369158427668,56.26770972184169
Ahmedabad,22.090936445299917,12.50784799109659,19.601335727484887,67.18626657411022,39.58314389871078,613.6913164853894,101.56052242667349,1100.2630920279782,65.13945261209128
Ahmedabad,26.445557403926443,24.17171404475609,27.350145595777562,81.95657884857897,15.88131173330054,614.3329101640578,119.02297560708215,957.5754465092818,59.57627045985529
Ahmedabad,0.0,34.40612790613262,3.40904547690268,72.66186885263527,15.345155321514966,763.7040651049068,187.75307100621959,823.9022484843057,66.63997996987432
Ahmedabad,16.048689068862245,15.240075425824987,23.061266560760924,71.81162723513322,36.513568123368536,647.8773693256292,93.24427359681913,996.9361619566924,65.68906014188552
Ahmedabad,1.9998490323354297,36.9434286128534,10.259252744372787,70.88697775890599,41.51879955983538,635.4049178123321,127.59110046006838,852.5433410475312,68.06234388840944
Ahmedabad,26.24388758142959,12.326955285320215,26.000915531010342,53.3520549899614,47.24922875674149,526.1830521060442,55.84503280833964,1051.802766521913,80.1392861163872
Ahmedabad,4.122626155337969,30.828265621180833,7.76391397276187,61.610032805513626,25.71656017665314,710.8511624057915,142.79498520447817,907.1319592418596,63.702986961979505
Ahmedabad,0.0,23.43056300050639,16.845892699964363,73.74789893774398,20.467637489915948,738.6908364561109,157.72989586975456,939.0586171923151,53.793766921216445
Ahmedabad,24.451896511904877,18.036558242707393,11.271779334496333,60.25087923421633,25.29813038619698,615.0200255253447,95.47587723861983,1028.830484095705,62.99503223947613
Ahmedabad,13.957507308201322,21.643440549426966,26.063873392724922,64.00526018766703,17.698853168150208,671.3493963034157,154.4859666953952,1018.4474122182387,55.79410399784534
Ahmedabad,23.38020732611239,34.84329530068541,25.78932476174306,66.98656120113125,12.030895736028082,622.3119182008674,106.601597845746,951.8449849194994,69.96495452494389
Ahmedabad,24.204614300492736,34.86680505639004,8.949084818770224,48.56212834462088,38.60582161306427,536.6646092892776,88.46961609847283,878.240013589119,78.68057678902302
Ahmedabad,0.0,4.904622190767128,1.758197049121799,52.806383012500646,46.19284659123494,758.6693553693051,136.7444700434642,1105.3261687338666,47.86888015232491
Ahmedabad,22.952238991603977,9.376584683084339,15.800424014883625,52.05490680145044,14.537322095957048,708.3270957598196,126.45295259307414,1053.13075397771,60.10434060418518
Ahmedabad,12.35839815516395,33.49463564301435,3.556495249562559,67.45556759582692,47.65438978010609,570.6302179591312,121.05749685398155,892.0414835053282,70.98358888257145
Ahmedabad,0.0,26.17877911573123,7.388531881618965,64.1701066517493,21.841124470623555,776.028831146853,163.51843546319725,906.338324913178,56.96689023564688
Ahmedabad,3.288005276935497,4.848964141155701,7.966318215375491,49.93326515975913,38.710651080648404,760.6120444619199,146.19444099213493,1107.6128578855305,51.54277788444344
Ahmedabad,9.40763133312484,35.99775583048848,9.03677023949989,82.46807449994267,28.090414643391107,672.6977279890699,152.34962908477917,813.4317056860788,64.74317461153538
Ahmedabad,7.563438023580588,6.539943975642657,4.579711876470856,47.77970539054569,44.13606311450655,686.9210745577951,128.6730209352462,1108.374184092602,54.120707221130836
Ahmedabad,13.913133942470896,29.717796597801772,0.7581413772221204,63.47854024692995,17.59850084216407,727.709565460517,175.87255536281688,916.6789535655004,62.95195349908509
Ahmedabad,5.909382421534467,10.554477340935076,22.187483834292394,64.55087960189317,12.601671534306966,779.9458397579752,150.31474464643566,1046.164421016946,53.082665969070845
Ahmedabad,0.0,34.56964443094001,4.158394217670134,53.67220749956722,48.6910327808582,593.8818509013709,149.96968850342745,874.791150390412,66.03375501835752
Ahmedabad,12.002342584166119,37.13873168578674,29.087554419248235,45.44299173730436,36.520914735142874,555.2309725336745,88.932672638697,896.5630618935066,66.65664823803296
Ahmedabad,7.234074161905472,15.754162316152026,26.47819033976313,66.64913621344435,39.804894836380946,628.7626756348996,121.50648673253589,1037.57710046867,71.43016418235999
Ahmedabad,0.0,31.06390066609356,24.642329879260416,57.466779970374176,17.571424632221486,703.4647460403922,169.11801429108112,902.7876749838721,52.86584984632555
Ahmedabad,0.0,37.208674993329026,6.883279051657137,46.632175589267916,48.565695806917894,613.5488613375793,128.5196709525537,846.9571791873273,70.68832856920947
Ahmedabad,13.916979943349148,16.164101797684566,0.0,46.48965403915459,25.147957623449937,708.4265314767997,160.41970510918415,1009.0586083358653,47.97318468867011
Ahmedabad,24.48523661191164,11.93112674014632,18.254895659401036,55.925093970577535,22.511879435816677,639.9253991277553,113.51823242152581,1111.0356245501416,64.58549952182334
Ahmedabad,12.670939938787825,37.592173699273424,0.0,68.43255016629067,29.614206324891633,647.8628734171455,143.62302279990945,912.6706982334388,73.64592960304584
Ahmedabad,14.271715915716076,37.17475775492646,16.091134405810983,51.453922892923885,28.908303355257992,597.2271190048824,134.98878702903497,900.730102494053,70.00369512435933
Ahmedabad,6.11442521877629,5.33302336608511,28.012788263701545,45.8764756234565,29.31901052325753,692.2217083288466,128.65101835467308,1114.0017061624883,51.91449281870392
Ahmedabad,22.52134631611341,27.850795361506975,14.5343684008612,48.83313166346919,10.305110940015417,702.1336376275904,139.95814702307356,946.5548337934924,57.693552970111185
Ahmedabad,16.15058141589128,1.485043039430881,29.658032325583534,72.89252579232782,24.96907265872139,664.1454072142961,128.25282080862365,1137.143553155675,61.52371197360985
Ahmedabad,9.657900671153286,17.80752084976427,7.277715564987863,45.21560701304197,17.226097314733227,751.099943789928,148.2081902494573,1022.2304911083644,60.11988811678837
Ahmedabad,12.031822475781915,3.322778874690677,1.4747149114774327,48.878859766382234,18.153475091395936,791.4381004764529,173.9681436765504,1098.1982566084064,54.89710819232698
Ahmedabad,18.043875113244077,21.821796649148745,5.282243969458559,82.11115622232339,23.761974538974513,693.3898998932295,143.442635330793,979.3137915216524,62.88719594246658
Ahmedabad,16.681462921002794,6.604120009472741,28.491420502336013,79.56416558092477,31.968838922654204,665.0777512617332,98.93766486105784,1125.7035514626753,69.2019166439387
Ahmedabad,6.709264392787404,20.00161948657368,15.174673628537178,57.022809415300586,42.65897339640966,652.739768214042,103.98397397243104,954.849885082553,67.349883053326
Ahmedabad,0.0,8.168813774837485,19.94387887948912,47.98655406636475,30.12818241567937,736.6873621878603,139.28225097738124,1073.5597434708448,44.26342769743671
Ahmedabad,12.595509503377045,18.761326243103518,16.936390357783967,72.10654152021337,21.233126365618403,703.4318891852903,139.60893439318647,1039.4305831960617,56.28255877861412
Ahmedabad,20.64752020797618,9.727071409377675,27.650697752129638,64.25098866870958,48.807129162675125,500.7095520025553,80.20128654354707,1113.3417613141892,66.68988319985932
Ahmedabad,0.0,27.18540963989471,8.947731292813192,75.31580854816612,16.134348443198764,782.4107208117651,188.24856564755567,922.1159270486338,54.468664064210024
Ahmedabad,22.350045795733152,0.0,6.632663692071512,65.03310549321981,11.173045436060193,753.4211267347082,138.22642713536686,1173.9132890257438,52.67934821780365
Ahmedabad,3.3533733489253734,18.16008403049602,7.96764281034223,61.09103443768976,31.246481963634622,716.1064267430112,151.67230551687442,967.3822651584278,47.778912725304416
Ahmedabad,0.5814832564515378,18.783123881038627,19.997483806634918,78.01078698336217,45.24926975250715,661.9540871798408,133.86314104165558,1025.7611936865796,68.0560583281369
Ahmedabad,0.0,35.717921905297565,4.5757110390572375,52.643515615537,26.25441670690371,724.5882806490937,150.8264149386091,852.684058808719,56.396640423462586
Ahmedabad,12.556685529869263,4.1123096385428575,8.694417007736405,49.93448854308369,24.974604070974046,723.7250843554225,146.1837941704135,1133.7076141290495,49.201120170208945
Ahmedabad,0.0,7.285031839019364,4.4703324189156,49.226911847002256,15.480370171687795,855.0083554923801,184.88092113461389,1059.3354010193223,32.85473032333862
Ahmedabad,6.417699288019563,0.0,0.0,74.67480921060839,38.257077420266825,735.1012806437479,133.08181400103982,1093.933355680393,51.724754394923735
Ahmedabad,22.31829199473257,7.036676827834222,14.147118495455018,48.27820554022263,41.32558022800262,633.7956263706285,99.18577777541455,1092.0926769129107,72.75298280678231
Ahmedabad,3.4277250409842246,27.238270593779983,21.550380999173807,76.5413822308124,41.21830764438327,634.1686716760034,121.56122561519399,913.9004355693531,79.50592038864797
Ahmedabad,9.144249091875771,35.250722131938794,14.475182336470983,46.52088483586883,26.038246790908826,669.0913387793363,143.55377499759692,893.6501469466078,69.64741510945127
Ahmedabad,0.0,20.996575327486212,23.055402235834098,82.15394178427849,30.224442587726724,714.3940969003895,140.77717376596092,936.8493322590587,66.23695100762019
Ahmedabad,1.7214297394109916,4.5411445250233236,7.881960349318575,80.56899316896383,26.72659634757818,799.7275155250102,155.53521244849776,1093.6903318801533,55.95349413100181
Ahmedabad,22.223511252956555,27.927226601162012,17.292745116460946,74.27161167739925,44.27164462864359,530.4342825752259,79.06746447255327,951.3941321774521,84.80864093037391
Ahmedabad,22.2724473412431,30.422410794962225,22.677706808289862,80.36681961395996,18.503968321615226,605.0459205850489,109.88946423792926,946.9652998124748,76.54423691576406
Ahmedabad,24.30814086863706,18.822958755045008,2.957474670447805,74.98744854319705,30.070878200156713,638.6953405124569,109.51118623145642,1014.5459050105583,74.06377996420238
Ahmedabad,12.802174650112683,24.779165222446238,23.617185173537006,84.5216902078205,37.27056027917319,630.5977905543375,104.66010497983281,916.0947116160553,73.32266709231898
Ahmedabad,0.0,23.070575556553244,0.0,60.38529835195757,34.54634213866617,717.9622497605078,160.19552079757338,973.5360335111407,59.10924661501879
Ahmedabad,0.0,6.11245130182896,24.820002737331507,70.77584007474233,49.008208447016614,651.8928033697966,98.03540263484929,1084.0820488904253,57.039585817028
Ahmedabad,13.351978924166005,28.413655296392545,21.70553652252063,75.43838407045203,27.109097419728894,638.867863799842,133.00144168480784,961.2072465742466,76.47406462648208
Ahmedabad,24.778250399503307,2.997806693036786,2.333529841239317,65.80991294024349,19.50492406081253,692.5147479806016,133.45599706982802,1135.150291829161,55.22411551327278
Ahmedabad,6.886700916750442,11.200646383588616,25.5957918411155,58.93202934326689,21.670625242645983,744.8862047159137,139.71316735606138,1074.7048483480635,54.23432721724528
Ahmedabad,19.256444675939015,0.9622418435803084,0.0,74.23975052590706,19.981852656199536,749.3697653918555,127.76533163432552,1142.6437819057594,51.55889002346741
Ahmedabad,13.472746244378552,10.751835177558725,9.263724315162708,77.66890691147017,33.40385453507636,689.0677178029083,137.56192008931524,1063.6455063884243,64.96781519735487
Ahmedabad,24.72100235097544,28.15495913827706,28.28343501669969,49.14393174923532,42.697268065446025,496.4090813486984,55.24463525388595,960.5097540350399,76.71844137752481
Ahmedabad,21.85970379222441,13.671754122439264,31.26979327294101,65.02530475965675,29.83278676607517,560.5413494856306,82.14501939863425,1072.7840859622627,69.45639946572422
Ahmedabad,4.106226761571133,31.06048462926374,21.669092187407767,57.43745875987382,13.50995969153129,736.552906404309,156.66774995867937,884.5149394633908,58.1571044679426
Ahmedabad,11.14508697107301,16.61402738778212,9.635136163779883,55.56875050110348,12.447018552501174,705.1640263241616,162.52506715411633,1039.2964482510301,50.429971444204234
Ahmedabad,2.7811321684171304,20.613532229776077,30.43105245373323,79.45069612747781,24.184059295303953,709.203952749272,140.7912624366609,976.3189559751887,74.0267168106651
Ahmedabad,0.0,18.193656313951806,21.36358046324373,64.14269062046337,18.8518543458445,777.3413709481309,154.97387113275352,932.7170565119031,54.92061467807776
Ahmedabad,12.000330627110316,12.277736793328003,26.78189268739151,69.20160270985122,24.39591602674422,682.458779274656,121.04797550170285,1033.4911225431104,62.1240361089511
Ahmedabad,20.65849887514853,17.823605719394763,3.686799403282288,53.72799110890298,20.276892651859896,675.272705065137,139.25189738206163,1080.1522474537505,53.56754328576119
Ahmedabad,0.0,37.89959138657952,23.506033278626294,81.94095361404916,39.32657020378487,605.837158868076,136.98584068564244,823.7972084014439,70.65661421745219
Ahmedabad,5.3091335853568395,0.7220236039531827,0.0,61.661954459287415,32.632106030791824,814.9936158200836,150.16792913357816,1157.7288971980754,39.00464321237582
Ahmedabad,0.0,0.0,5.7689653234790015,49.16932632840804,19.298486411291563,810.4802221536293,167.30389954721306,1127.667481274953,44.421619950200856
Ahmedabad,4.62149548842406,17.070741747248775,0.0,72.99741122310195,12.64662582169251,794.2576525897086,170.69813642012394,1074.7257661342867,45.19121639582777
Ahmedabad,22.602800364662528,25.764864847162887,2.8470770464162953,77.96078510542051,31.073270996086038,586.9317426788693,120.89087296118039,981.4067159371168,75.34187796566165
Ahmedabad,0.0,36.03235431357791,9.023179336457318,64.82900511521258,35.322285467350056,677.292299085202,149.66157142582617,853.3746860185901,66.685906869232
Ahmedabad,0.0,20.25482362418061,2.410511536172635,55.251132628227516,19.87096996830736,797.3106676562364,173.29138681096939,958.9643344938506,60.8608154662886
Ahmedabad,7.8568010279993175,35.53612483932219,7.682302143491642,60.87357844603085,23.746696691072778,689.1558389042932,161.2273591441477,863.5056946611678,66.43653743078734
Ahmedabad,18.047281754068962,33.592245492383185,30.157058116791994,49.4364898621608,35.04312319972574,520.9818478953487,103.28430048078329,918.1405217435884,75.42397830038736
Ahmedabad,0.40996299522192814,5.308023694803008,16.561527703111764,72.69997412209227,40.71460928053368,735.2262992226175,132.8046762287957,1054.9308155965284,57.56752951261647
Ahmedabad,3.5814619337834728,18.534693889442135,21.246616176585434,77.81672782324597,30.931294831476087,667.9317532323744,129.54964469850023,1008.155881385712,59.71479437947028
Ahmedabad,4.5902691427581495,34.50088721732429,32.28785061263153,54.53046284924225,14.190779502194463,713.5093954410645,136.70205765577438,843.432981008003,67.09314724588535
Ahmedabad,24.434235713847293,6.628873019929074,15.080234306289174,76.75001818355233,12.30130620266159,735.8004810185387,124.22229978761365,1127.6183923451986,60.952441028543355
Ahmedabad,2.7867364215201444,9.097480328993946,32.16773098611511,64.75376264809233,46.866271174421016,665.029654532632,116.36953821351452,1055.2534029074427,59.36883951793749
Ahmedabad,3.8851978297630794,14.874696660719074,11.738817827204144,83.58497443373813,32.19572447759314,699.4506033536842,142.44030274163592,994.435694016956,58.069134724663606
Ahmedabad,0.0,32.46006076056026,18.876296553627384,65.67866466269788,12.761406399013914,781.1876658024341,164.17483166503482,876.9975636258838,70.09103557026394
Ahmedabad,19.188352955507895,36.97876317563676,14.994671792261386,52.41438343171296,41.37246322142438,526.678566061627,90.28776527151018,900.689946531819,83.52970550035849
Ahmedabad,1.085977775293813,32.57988804254026,27.047457754700652,73.14978299839031,45.17532999812894,584.0809506192606,95.89348839185818,879.7330876041393,84.72571786292777
Ahmedabad,24.720206022520344,32.745245770083606,16.478219249019048,62.03929600086228,39.20219402106961,514.8375968661944,89.12023279601472,890.0952804775409,80.94329472259055
Ahmedabad,10.876660338829652,9.069453367659596,20.30980864940318,57.12768194407794,26.176011802568265,682.9697441731372,118.9635127114257,1039.6649087009703,52.187673544116784
Ahmedabad,15.797917328227154,15.033273931320725,1.783485062624731,64.07422989536681,36.74395817277427,671.6811317769277,110.08236245610124,1019.5999669954329,61.6310003387095
Ahmedabad,20.20507647242235,4.755221723482755,6.429104854150957,62.9669668290389,44.99709544269502,638.7012716742063,109.98019941231988,1102.8574736546573,65.69485902839571
Ahmedabad,0.0,26.120631232299587,18.05888474028989,49.92864672052036,33.80962007646419,645.2946209443418,135.9339432724056,924.455185554866,61.190737546525206
Ahmedabad,0.0,0.0,19.27148480582482,72.81879706185003,48.98033681806639,701.28017004358,126.0890398456818,1122.4486655769304,53.86981083045674
Ahmedabad,9.009050034818308,4.391328248938359,7.127110582674252,56.81669079589987,28.495368680706356,738.0004434835033,144.5001039696036,1074.3458295339185,49.373023398848
Ahmedabad,25.138111509621005,31.664826015740644,0.11110243793200247,69.01900110759314,17.297571270705628,655.5220662332752,146.8112091485163,923.4535600930492,66.9817364385056
Ahmedabad,0.0,3.6694420657210856,24.362674035144302,82.36090045701572,42.01493749448522,678.8463761271526,140.4858446919339,1108.0739292279202,66.5859524442097
Ahmedabad,0.0,11.233280172496627,0.7132416936572028,75.35274912282125,31.42926195397997,767.5971728774452,169.9354332261897,990.5903823516456,57.158019122394336
Ahmedabad,0.0,14.678111973195662,31.890835373372646,83.54304933142859,31.737823871517,715.7234912353147,140.59709339142148,1043.7370903780425,68.04675909192541
Ahmedabad,20.229118319506817,29.84266969677693,0.793589089371757,69.27678692101071,19.327064297602725,681.598150256516,130.13241701502923,934.6981601848513,64.77158324689833
Ahmedabad,0.0,20.78975640658745,13.364616223930042,69.87828449775608,10.628648806802687,815.1034873833661,181.42367117583657,934.6506229122455,53.91133516570081
Ahmedabad,17.457817878355755,6.215882059094529,3.415098343834565,78.77058670447506,37.52740949184965,659.063931292025,113.25401243784789,1114.0590572302751,71.15762695123773
Ahmedabad,0.0,18.78344954006156,0.0,71.99480978967914,19.43356138279057,779.1166606524168,184.2331114042496,957.0506844114809,48.78794087055879
Ahmedabad,3.701179509249485,19.793100804938685,19.076710183164977,46.21738219630571,32.62209830011131,665.100347228746,140.4426072805037,964.005503189046,53.0810598292356
Ahmedabad,18.410107757906406,30.70060871520436,4.0694856949372,46.50341999945831,18.726238617557502,661.2086062284139,133.17711727634077,1015.4720547526103,64.34247252213488
Ahmedabad,19.753732977886244,2.567842940143155,0.0,84.32309459657772,13.306686817958393,783.7057296838458,154.07238087832968,1113.8845367427907,45.85013637551317
Ahmedabad,25.39720544503804,24.379891572664498,16.773046837426943,64.16957158294605,20.308723323982456,646.3880167039364,109.2992715178137,969.3531036755145,77.9495545625962
Ahmedabad,18.172094663691354,9.457252630120616,7.189713002951192,50.320774897333116,39.35597015673201,680.2097295596482,114.47907453259563,1054.5878989522907,68.6008030321911
Ahmedabad,4.541301044186483,0.0,25.89527344530258,57.255565874294,32.88608092799687,741.9197926926181,125.64322656919421,1196.2168277764567,61.214205870441894
Ahmedabad,0.0,1.1914480721935874,10.489198791871761,76.25201641932537,39.39224317046272,733.8426160674817,135.50414456906014,1109.7146218366436,59.66055795436809
Ahmedabad,0.0,25.20573630846721,0.0,66.18499287252624,36.10898972356047,728.4486310660704,161.58734323263621,969.1117216352419,58.87109790669068
Ahmedabad,15.485016954937478,22.026722300829345,0.0,59.569844067578344,29.81684386699074,693.5337275637526,129.80663498964051,1023.0648914208766,61.6936611356879
Ahmedabad,15.485475478747048,22.22591856420384,20.615643455885504,52.73297374432053,15.29221458229201,704.6434613253326,129.48968513085293,1005.1956407072272,57.11154372846943
Ahmedabad,16.607369475284024,15.155183519313468,16.578545529746602,49.6466820983276,37.95710939493078,585.6501712859869,100.50326427652357,1062.9346843254948,65.52937925298649
Ahmedabad,5.244626700270587,32.64600190276618,30.160261031279482,59.39006970800555,49.21355736684512,553.6265223107879,110.32652554426079,924.0106073470315,79.4436254482612
Ahmedabad,20.425276086010875,35.28420532164134,2.0440577804230244,82.59512302358058,11.78235552765345,673.9240533994921,153.8458487202668,859.5569469746385,70.45326072205711
Ahmedabad,0.0,33.08476111018301,0.0,82.20008363991185,26.616099445237428,754.4133261063553,183.62657414039614,868.9688372828418,65.31179157231088
Ahmedabad,18.54062927262142,0.8626208504486428,24.07360639646443,76.00188248289683,24.243382821654226,701.9932097857633,91.33207220092606,1165.452836302661,58.72338423779525
Ahmedabad,0.0,32.100584743340164,0.0,62.41309989918377,38.25257246065448,676.6009016630011,139.25933615449867,928.7276109574194,57.971092667181246
Ahmedabad,21.34281114071193,8.925870342994557,9.211887325693993,55.68175299691591,30.83695538356665,646.5554133654254,107.29204744885651,1122.2819020655318,62.394854589737264
Ahmedabad,0.0,13.804071676844433,26.71012976253752,47.686194610496386,48.65731713415937,632.4605398155093,107.56967050760029,993.6814545387635,72.06524362372464
Ahmedabad,0.0,30.18709968511272,16.605644279122554,75.22181706270209,30.202566643781843,690.059452495752,157.48627974670967,891.449955454348,67.49683097296254
Ahmedabad,0.0,0.7075070121279836,0.0,70.51491947517425,30.93147161468825,812.9515158813973,173.53483391897868,1160.784592180643,40.69880915000117
Ahmedabad,19.590817941356114,14.104464159520507,8.63563824065523,75.42169588770055,35.626155558838505,630.7896128422263,126.96222027810055,1077.8655521406113,71.87457052686392
Ahmedabad,8.619722772349668,20.608582430253833,24.92878490713042,55.67417507868173,35.25110824848799,654.4621513381549,108.64081488276321,942.5570114330008,71.45353231977796
Ahmedabad,0.0,9.162555753241108,22.84612069749376,49.17586055754815,46.97738999409982,660.8031945654509,100.60023643909432,1109.1734866159757,60.24079267453667
Ahmedabad,0.0,31.970732736105425,7.747914071359014,54.99790708324231,20.078336337568437,744.3530175650972,172.83405669662798,863.5428593505866,52.06956630362251
Ahmedabad,24.04968166489958,17.14516381508921,16.912918281055713,82.82415149356521,23.6983204545372,633.720172927759,109.18835078405584,1037.5794255686667,77.69995203397977
Ahmedabad,0.0,4.783797990661476,2.5993170552327385,60.68623218722852,45.6014101336894,750.4822728974707,142.5725225987952,1106.5736245445653,61.194017387295645
Ahmedabad,4.598750419388445,2.511215105328862,6.577290359481207,74.76500642999235,46.03317115840154,707.7896649949975,134.26762331981215,1098.1645803577558,56.71546365221147
Ahmedabad,5.316121495782998,36.656962499578505,0.0,54.05620218304583,27.526721757920217,657.1776914282015,166.18716573350096,805.6916575715411,55.546856535415486
Ahmedabad,22.45897407362237,29.32224019875806,21.6944428878208,83.21962300180962,31.379676878048684,591.2244835588657,83.54095065241759,953.9487893330896,79.19016617607006
Ahmedabad,0.0,30.6856632837142,9.828323617875942,79.20716461308987,25.12311045887932,725.9740408238794,144.9689389974128,889.9622910344019,64.83960218901272
Ahmedabad,23.704809653146107,37.50828545771209,17.15564005350778,79.02118277737347,16.14203709461997,605.8485229662322,124.89266197438192,827.1802635219843,77.04148995623567
Ahmedabad,0.0,25.743105110245885,20.896562585439483,76.40803786702574,49.77589865149913,615.2078184163922,119.00477411799528,940.668159929679,76.42964485470387
Ahmedabad,11.70998599418532,17.721388285611482,26.057194121056128,52.49169784783327,44.48099991497615,600.965572359815,86.7586109741018,997.9109408020868,67.73428280630438
Ahmedabad,2.3798083090257176,4.944303462983914,15.45103795588577,77.028378225923,17.679867119001592,800.8757342705112,145.08544370695012,1115.867941540311,53.25795196518867
Ahmedabad,0.47720167947175973,16.70245328322527,7.542375904998364,77.65623113623379,40.666800720273585,692.332184291662,136.39467071290804,960.0847605973314,60.60220503394641
Ahmedabad,0.0,0.0,20.238661698951326,77.7537172498819,44.953475030604054,703.8720912549128,122.53656149168626,1112.4984720538857,64.58512059579061
Ahmedabad,10.301079655340168,21.9464198726486,9.825583696510563,48.918664321736244,34.69697221223708,650.5787722332298,102.61323411469544,941.6245211594347,61.112486956584
Ahmedabad,16.535259157708488,0.0,10.32246336005172,53.06183486168839,34.67413522019631,678.1864126369635,113.22882971069548,1164.9168882987628,56.01106527118117
Ahmedabad,21.547628081587206,0.0,0.09704678794797417,75.94052430886984,29.195144739794607,694.4350626991773,134.22658362219948,1136.383172167446,63.250734339411984
Ahmedabad,13.462229587688828,19.89512941198796,25.55227621748668,64.37565631082668,13.41682713013537,719.1996942372315,139.85889795197124,964.5832011780745,63.01697698964992
Ahmedabad,8.7819348855665,36.75119281952851,2.259590164066916,63.440642125010726,15.013978018028883,710.8575087736673,158.7548169092308,825.2279837173126,61.861271743934566
Ahmedabad,4.871898543447649,0.6547230161924631,13.571162694653719,76.54185225976362,27.489324917690624,730.3441883981156,141.36565938442294,1111.7636743774724,54.517726193799575
Ahmedabad,0.0,3.1619522293939255,8.55678879128768,54.828296730859584,49.3512947979516,706.8178852056066,147.49309356372362,1124.5572342601681,50.26722967760101
Ahmedabad,23.61265259659637,24.711847563228076,10.807370800836644,64.08330789156224,35.33146786327585,565.9903928674617,103.20019303832689,944.9421141762987,69.51180911452572
Ahmedabad,17.020174663374473,35.55350625433253,26.39947947685456,48.47780702643982,22.722731941066417,599.3310342700297,106.49706617292627,869.4758321069799,71.33687749725019
Ahmedabad,14.538374997022046,24.93395508098106,30.26219374853359,72.40125828016798,44.61859722668245,569.7418994067406,104.15419909491766,957.8783002428416,83.70798680981301
Ahmedabad,26.072924256127635,21.894490758499444,6.903307105620122,52.99244260065549,17.663296627433734,618.222596280781,135.24777105114865,970.691180305697,53.2284701360135
Ahmedabad,15.523180502727378,25.25613817537092,4.228163359075312,61.747430970525706,18.902869868579266,692.7781638239315,133.25502138335258,905.2450732947448,60.30461074063713
Ahmedabad,0.0,16.389846563716077,5.5120352688589325,84.18640989496618,41.19002382513641,699.2065272888025,151.45018185482292,983.9733646085598,53.88157525321634
Ahmedabad,6.757245062232695,33.534399263352455,12.140362049354504,77.63255215941896,44.11079982442202,581.9091478229886,119.18753542718179,878.6907825108523,76.31315562943536
Ahmedabad,23.707935163702643,4.323827534737276,24.346245206523832,83.49215578124321,28.750799689416212,624.7731744812287,85.2631103628284,1117.1152765868312,69.26349991450833
Ahmedabad,19.37802728957817,33.83904248555602,7.571713937748509,69.9460233671877,31.959961001640455,598.4201858866797,101.28884367807355,861.7581242053774,67.40483261537771
Ahmedabad,0.0,22.785033629377942,0.0,59.100016644211536,33.35255700558129,760.2330273323576,149.9833466394534,960.9272347500059,54.62355523501057
Ahmedabad,17.57317065765897,25.908219258305724,26.457446096522872,53.03183226685223,12.671453200606798,691.6054564546288,132.26122218296965,979.0470625681392,61.70555185084187
Ahmedabad,26.99613821543163,27.377768479538982,0.0,47.916745108185765,31.36475550280092,597.1423386870508,118.50247440335693,933.5112442441813,60.15363623867103
Ahmedabad,10.221057342321032,11.175756107246986,24.598995834978787,84.54420006569151,32.97042250183783,692.5425335252155,122.47072120852984,1084.5747576093431,76.54009292956881
Ahmedabad,0.0,31.291968769423967,10.412391254949164,80.25654377976511,25.633673627002803,709.7563815668265,170.64672074389804,910.9235743300858,53.49015993295707
Ahmedabad,26.256554427773295,1.8971151486196796,14.941473813005715,61.59769910798029,37.09124122353991,633.4422540984516,102.90238185981956,1113.416924549518,66.3932962780779
Ahmedabad,0.0,0.9047914975612379,5.490474553037368,62.6701051796332,15.238165561183425,848.905214288789,188.376480453266,1099.213858618528,30.988612450062575
Ahmedabad,8.351753704547974,3.07065507285013,12.916149850071506,45.68136282730714,44.57315894027543,665.5642200703969,119.6679735762395,1165.8194599330045,57.30610869383354
Ahmedabad,0.0,25.59158808314659,14.159619251914968,84.98441990415496,37.743005837527086,707.2848119544672,142.85848963946495,966.6157042886514,61.57095599928675
Ahmedabad,0.0,12.036558996011834,12.951895121386208,57.79930811400838,17.00332188559227,828.8979157452238,174.6921535511767,1064.4526747045784,43.17423592425207
Ahmedabad,18.492886928980756,29.22347276405824,15.588817267467459,76.93306224510846,36.42834365062078,592.0827146627274,104.20347384481437,954.1350347899526,71.36928405702005
Ahmedabad,10.177083976322091,7.684992759682203,12.0431088269982,82.64622409914352,31.73795470556497,727.57872840169,127.8950642254815,1092.0981312490255,60.92941711267926
Ahmedabad,0.0,26.908965871218303,27.500418714264825,53.100924244482016,49.88652029771174,595.1536078710403,111.2286707761912,848.4478318492552,71.04727207650731
Ahmedabad,0.0,17.318452134553876,26.39272796514375,70.69894471190848,18.206217507126226,754.836424667214,134.42829293256258,986.0604515864152,65.01648513764495
Ahmedabad,0.0,4.331700309206841,5.56587404312296,64.40076330800332,17.16619476138384,849.7333345105475,177.99247213990625,1052.8125610287498,45.2448291331775
Ahmedabad,12.6050962074643,30.670365099744018,19.646144717517128,67.75953847718075,21.103981004433216,617.3541375847165,140.9821627378646,919.250582301085,65.9941553230808
Ahmedabad,2.9961775470185366,31.364200155103887,0.0,63.03862494683169,26.538804869580094,712.0217447183165,152.3377360487857,882.9068348662972,56.908385380159665
Ahmedabad,23.90905893989126,19.16720920675248,0.041368758943916006,53.98041395400252,38.51112880975063,575.6076394437016,78.70370688533262,1019.8058029360685,67.15772297863165
Ahmedabad,0.0,6.940957516032096,19.65589718098564,84.60873274094283,24.90035367095166,771.7984777999668,150.0331017325098,1061.2121445070084,60.151574921913706
Ahmedabad,26.406143970299837,1.2649563531633206,2.147012625921425,79.41387526369562,29.988773730908463,667.3405992818318,101.24664149114119,1169.355820068921,65.5906074698283
Ahmedabad,1.0940692944661485,21.998795002162595,0.0,48.65475049931339,29.36665786196166,719.2727637974227,165.183560545542,985.0544054599503,50.27139928935019
Ahmedabad,1.6807392756634556,29.911233601769325,0.0,50.38473583993925,24.91352530499546,736.5994348230095,170.10707417446648,870.1151875073563,55.419697884138664
Ahmedabad,17.56941292621355,37.22429258321034,16.81474473628045,61.79295467606299,35.373994888000055,550.3939942390983,109.86732228210411,858.6203607340314,71.52363381724247
Ahmedabad,0.0,33.61146150450826,13.867394002344916,80.09927338402136,22.761894423262348,694.6095882382059,169.11606075526598,865.8114915432674,58.176201682146655
Ahmedabad,3.9623736386921493,25.682651770889585,11.982653810181695,78.4446234934085,48.816109484009395,617.4898725987798,134.792752840181,940.0015846788621,68.65605600718047
Ahmedabad,22.93400245707256,21.22683581928276,9.376127868874939,49.09274164736732,35.56355459771848,591.4104625452934,99.32907359344179,969.1046719597012,68.11644103262232
Ahmedabad,0.0,3.4465863134214096,4.642318331323558,65.73600257207023,26.77492332775753,831.5677648869023,177.71630387496123,1049.088753164017,40.340497626067865
Ahmedabad,8.933511475598202,8.848265122016736,24.987461580167995,50.059019648573745,24.006973394580488,718.9767320734056,138.2602923851961,1050.0765728599304,52.39891643334867
Ahmedabad,0.0,9.11328681745755,20.266770527921466,48.543409515472206,14.45095663081268,790.2867616946365,169.08210139212719,1103.5191780816692,46.34958795784601
Ahmedabad,15.548530400109211,0.0,8.212701853539702,72.48517741341153,10.192869486579337,860.675869887144,159.21474906375818,1074.9355385773194,43.6533198077257
Ahmedabad,5.37816041169587,34.84125402216018,0.0,76.01883714459532,26.050592841312916,639.4974647291364,163.35124070826507,871.0525680397577,63.4878247875649
Ahmedabad,5.583680326542364,3.002076320742116,21.870367349632613,81.96386529888375,47.17097366122467,657.7998650416616,92.75457336957453,1124.1528248152972,70.60539823899951
Ahmedabad,0.0,6.393422421213819,0.0,47.30712344121852,15.619666339868644,857.3880903542189,198.381122593232,1095.074398878211,35.48193719225384
Ahmedabad,0.0,1.0855034081990524,6.881912305468667,76.78003283223488,47.09835284586206,732.1080077329036,126.1937548633478,1165.3177910255733,57.69783829579626
Ahmedabad,0.0,12.284723751048753,29.50255543414989,51.568447258591625,49.17443282460695,624.973258491577,107.13383974798849,1003.5712658453683,58.74754984650694
Ahmedabad,18.074295435928224,9.905170897353807,10.69044231284591,76.38602726689281,11.240046332847715,722.724402658396,133.74430791071768,1033.8204944120614,64.09218195368162
Ahmedabad,11.89993498208824,4.44773248859452,6.981316094792728,64.44117739976716,22.17784546509263,759.3415912509082,150.6384782534004,1088.8710342432203,43.55424615421852
Ahmedabad,18.11481603402998,6.397442808851707,12.853475049639805,74.65633308549936,24.775891303565217,717.8589932628199,139.88618345356235,1106.00518406532,67.31238217257857
Ahmedabad,7.79361616363569,29.527818818594216,9.643935052137241,75.55237175661529,40.57458825609905,650.867651899024,138.0772954906684,965.9650988514,67.7575256615651
Ahmedabad,0.0,0.0,15.741374350218635,45.38048106060441,17.613380793608453,847.4099366294105,161.0268429230431,1117.7666276015882,46.031631761789825
Ahmedabad,0.0,13.853518100920741,2.952608694628754,61.974717977509066,34.876381510231376,770.2531401041396,131.97086019948654,1065.9636373219432,50.33214739862956
Ahmedabad,10.407774331430936,37.84555810853698,24.916892515530897,48.46700564227973,33.7027928750432,599.4827927139287,120.1221090681744,849.2038389912876,66.70652242156633
Ahmedabad,17.870808195525818,13.184046859849678,0.6603573500246895,65.3244813965982,24.04584596210254,701.7951623778462,146.35955059674995,1088.1453744434868,68.1345599001035
Ahmedabad,0.0,25.647462132455374,20.193776509974658,68.034994435417,47.37286743411926,667.0666995540445,122.14516438082359,951.4379775959238,69.33106382067155
Ahmedabad,26.506010624728226,10.092512027032365,4.309688457093493,65.49665781966111,24.020841372892782,678.3264979253153,110.95357910809275,1041.5306675543668,56.29833252892547
Ahmedabad,12.483365861064033,3.960696498815544,5.28039294386069,81.55036663019601,31.78093973292823,703.0898407492585,119.6255178237368,1149.079172795241,65.57928024837332
Ahmedabad,0.0,7.665984406454587,0.0,57.13093212155976,14.566536575429287,868.3208350578622,217.47682989012407,1073.7581985482104,46.97116508768749
Ahmedabad,11.093109028255078,7.556492159646455,25.59519752346874,61.355319283480874,27.04147804802084,683.8113296196318,119.80000231233396,1040.3649061309552,57.93298809121962
Ahmedabad,9.554428895524083,35.359437925809836,22.32665063014352,45.89266686042389,29.283806223996685,607.1609478702529,124.92686337519314,868.823134795849,73.0058712980167
Ahmedabad,0.0,23.781491973498746,28.88177877712836,67.6662784395593,27.842973422536602,674.3009227109021,137.80037358331552,882.6225550879273,67.28807732305434
Ahmedabad,14.81859899306317,17.054827970618483,15.459287245097673,71.90689829781677,14.044871206679979,727.687383831008,133.6211963902506,1096.4081765739745,63.888034029403784
Ahmedabad,0.0,32.33308122650286,27.83447454295026,83.99058752846882,11.609235800122995,756.7654427231918,160.95488106321523,854.4010749520224,70.20595227488339
Ahmedabad,0.0,12.395602951962214,26.868799070868775,62.77517896027054,46.48067169205326,703.7602082918696,103.22521427896571,1061.945006814459,58.45998334726401
Ahmedabad,0.0,8.860912988335997,11.36215020761616,83.13607821973055,17.25949221891435,804.8218280361529,176.02002519255882,1092.218448061039,47.3707858863564
Ahmedabad,18.594743628951854,10.999382150257883,31.054470853371214,53.24885171618106,23.346862149051116,653.9204806181434,114.6954744542414,1049.3979368635385,69.66694057017305
Ahmedabad,17.566499973675107,4.356992298161908,15.084703570492493,49.2925086435332,18.599745063170804,746.2974596007768,128.55357260159056,1177.8198361601005,40.50458182323778
Ahmedabad,23.161282627609552,27.85114195777911,9.177040833065718,52.57286155442781,12.48752280347933,678.5565728406524,153.65700784459133,909.8107853061176,57.87674054629872
Ahmedabad,21.995409008128625,2.4541390566755013,5.007827218062403,81.41503000398961,25.1885388838363,701.2159163385061,130.5202675647955,1167.7280105114341,57.39655284980986
Ahmedabad,22.70430999229484,9.770794312687691,7.24201662071704,71.43847089979883,10.268211235858786,720.8013839859185,146.94421201014677,1082.8740510379196,53.24052696034674
Ahmedabad,7.532681797217826,18.769586406695687,5.661272144052397,51.143658142852956,21.54641887356536,704.5816730790435,150.28523895034624,971.6017070975049,48.98497105660975
Ahmedabad,25.941723308899903,4.172011539286281,0.0,61.57365571041757,47.078123982492485,560.770687758011,91.81229218526262,1122.4408660747872,63.37147587964344
Ahmedabad,12.64912063644276,14.044729074331045,0.0,65.93472795797472,15.651115681959622,793.6982638968351,169.28650882015697,1046.1081680107482,51.51446124478933
Ahmedabad,11.989305408408143,4.781531597535938,12.353205795183793,49.65475858749254,13.962612918243082,771.4338881068929,164.55788262623742,1082.1361193306009,44.94290407357721
Ahmedabad,25.382122918455487,3.66048792720283,29.11685817894542,78.98888939642612,40.61852212563103,587.2145895849407,69.70778614704064,1197.393318121672,70.23875807205474
Ahmedabad,3.174201103480673,35.00053668270193,4.928477117436273,52.63695707444356,49.2144267011402,612.8259237536929,138.2945544754522,838.2154054382344,70.51068822327163
Ahmedabad,0.0,30.991909733610072,31.58095257243187,82.75907874921218,16.71742586745347,713.7893671474052,177.72010710965264,943.2916236990973,64.40246045693175
Ahmedabad,18.099329287854367,9.814850726375848,19.08713937218171,67.27534716279246,16.07002128101169,694.8352887376799,134.93767962497645,1077.7695740393829,63.64325151846695
Ahmedabad,0.0,16.82853587699517,29.61026319362672,79.51985673599167,33.60319648836977,664.2159883060026,126.4327229358011,957.4898727819216,59.05113752808712
Ahmedabad,4.696040016224298,5.5916399167763835,29.003144575429985,48.9942833056798,42.84466159405398,659.4249627214793,125.02529240309985,1085.9467331895444,63.53289037479537
Ahmedabad,0.0,0.27844053442654015,31.860424817244358,77.07028238349889,48.26184025072721,694.8008100061123,107.31169976002127,1150.5530359438494,68.419928028785
Ahmedabad,19.55308702135055,27.182762795965232,0.0,47.70452843859775,27.842948527277347,649.7237633284531,127.94469173597976,927.2640761505435,57.19981564607286
Ahmedabad,15.432399074734121,34.74824109439552,13.66380604080068,75.9464542502754,13.557268404331818,675.2331602002629,152.22387693731406,897.3510414440055,73.21772851568547
Ahmedabad,1.6102304327956887,13.031985272335223,15.063897077239673,46.78635607919633,39.9989902854646,713.6367871267164,136.18370502446564,1069.2117025734665,52.71901169376033
Ahmedabad,16.11534190448856,3.744062723201292,8.005773084606922,53.1509650874606,47.8556410906741,681.7433396903028,105.078681113274,1140.0366068314033,59.736827075411526
Ahmedabad,0.2855078963351936,1.2772488957112031,0.0,58.49272026682201,21.039286566295914,847.4639958700376,184.48347504166887,1148.4646614645965,49.29463149981051
Ahmedabad,10.899044396782436,29.805879163878043,10.3926646243806,71.37908193657482,21.780932456314318,671.9468474594242,141.6203039885468,890.3799231776068,56.258598891812376
Ahmedabad,17.44734343954765,24.084289951843203,23.608439640363482,55.27942712492009,46.139900878048095,549.3870372287721,74.19170197842561,1003.1015421231506,63.524391294143555
Ahmedabad,0.0,28.312135214321295,14.331744665396002,63.754173951875636,27.72567724692856,692.6209464605151,148.37675798231112,944.3267011879494,60.16076602153864
Ahmedabad,0.0,15.468968620071749,22.90852681886922,79.29735202835039,47.35406211664736,660.0670456093088,116.03438057886038,979.7519541050564,71.01661303105882
Ahmedabad,0.0,31.61508164001642,0.0,56.101975867185274,11.872188695414224,760.5081717323649,211.91479383862483,892.1952270975843,44.834541532574605
Ahmedabad,4.839937502641931,32.79367035375214,26.845524271529833,75.90404188033033,23.854053252801194,656.0501972658308,146.5646544618076,904.061253452141,64.94860971796996
Ahmedabad,20.20797490878269,31.177479028591563,22.10419753316842,62.63633205951892,17.814086190661136,660.2022045845479,125.91582330816155,907.47353647724,60.738103104166456
Ahmedabad,0.0,27.21003841145456,21.944477968696813,70.63035248025528,22.458269983809146,690.1319091329578,140.40866238821746,861.6138955007588,63.737391416629656
Ahmedabad,18.350947649510385,31.291047686992222,29.083698758964537,61.63489624745665,27.017142885882635,582.477022074138,102.5778955891244,943.973089751405,67.44905932333668
Ahmedabad,0.0,14.29718536637117,0.0,68.41880969682508,28.653182669660033,793.7297668062174,165.7261477711438,1057.51435282181,42.8983895565943
Ahmedabad,0.0,19.084840415478926,28.90678450605145,68.84562400833765,34.5104785033527,689.9749702610986,130.0618018901621,969.2885455804959,67.70909030987414
Ahmedabad,0.0,33.27376751025296,8.620584031179188,71.34626326104947,20.138488498941136,750.4787909953852,176.12731621891376,824.670373007655,54.81409477097759
Ahmedabad,1.2494639711778994,2.2563782285651506,15.632045671848264,74.2636418779756,21.646716317589977,756.5781852953564,145.5471617009569,1079.0546773884926,47.538685860222415
Ahmedabad,11.102578596368648,22.378569131104083,11.05910930251595,83.0165885085395,16.797545456925015,694.3870685821894,142.29732723736083,930.4843437865537,64.88509929386296
Ahmedabad,16.412552480823763,13.94931067887336,5.813021803155545,51.0675211614946,48.3072371029806,609.8806219788534,81.71144203609305,986.6540515488541,75.88448994775783
Ahmedabad,0.0,23.60758686173656,6.506234303335855,55.636295175960576,49.02746620658054,631.7115204679662,134.8437680381017,958.316118349188,59.25518528743922
Ahmedabad,0.0,23.72495872051784,14.813824536830623,70.72902297027797,37.736042729777324,677.058513396531,117.65893805593741,947.5669795359612,62.07788635802381
Ahmedabad,0.0,22.00268404130029,19.346140541149826,59.0393407850868,36.982430131233514,671.0094730351316,142.6106072550586,944.9858941518389,53.49847209993524
Ahmedabad,0.0,10.227857040703928,9.921902317307065,77.40887255241992,35.84310674289842,719.6254995320223,140.71041789600363,1045.2977492942568,55.79055896062412
Ahmedabad,18.30873837484409,4.065151781690577,0.0,46.68061457665914,11.90577954853179,748.3841715034276,159.36978818830647,1114.508269953003,37.79919713709495
Ahmedabad,12.016830117742632,14.697858303101288,14.886717279037516,78.43498749839938,19.533968482928348,677.6519896026739,138.09232860972946,1038.5251306218838,53.928252312436754
Ahmedabad,0.0,24.02191731901314,20.25974730012659,74.78330676898997,36.876671032519965,669.1387532975245,134.22046378996868,925.3952989079828,66.43041129875215
Ahmedabad,3.169811675085171,11.379899341916657,18.812580013370503,65.2259056429748,49.59617168183911,667.4462760394505,116.28495155841865,1026.64057064956,69.38929141024329
Ahmedabad,2.1639405859549914,21.6753129619553,0.0,76.94449574713519,23.71545475005664,727.1857670751749,158.41405509973265,953.7443671946216,55.43668633850704
Ahmedabad,0.0,29.28718289694639,0.0,61.421377988014,49.37116229043395,646.7553894313314,123.36062007448822,869.1148700038602,59.02907696157294
Ahmedabad,21.794520856977677,36.580367820558834,20.5726464417703,64.76225857386207,19.04476362410118,575.0502505324715,111.54960976959839,902.7870905457037,69.36217108310584
Ahmedabad,0.0,18.912839481120802,0.0,45.19190606135903,36.91959189642478,718.4276574832627,152.29610352767895,948.5698329295509,53.42188700553956
Ahmedabad,17.27791611560498,19.485572611462835,21.603887298932456,56.400181045497675,36.58050275051517,600.881423027056,102.82308772802229,1036.5270827106922,70.49392736344758
Ahmedabad,7.24264456701323,5.138343009849276,6.154974232490655,59.94100284609818,23.79193638938094,745.2683151761113,162.50267665062003,1107.7604078687652,54.558107839611445
Ahmedabad,0.0,17.631016516364976,24.020962699321345,82.21776206094292,28.175327914154927,723.3295133704554,132.06958746895208,1034.0112539960198,65.8419546996646
Ahmedabad,23.497675848409372,30.639754239283675,21.724505128856325,78.50689514177114,41.067313843013025,503.0900317607409,61.175281513020835,901.265243127672,83.1774872386932
Ahmedabad,0.0,4.192817183341489,8.330165735608933,69.64463039282526,16.432951996696165,863.416237454869,165.8632937746442,1109.0110767166727,48.68984764880538
Ahmedabad,21.222335104265,37.04012664259015,23.35819545938378,69.30322839131358,42.03836298931713,508.2985281113051,89.3158552519917,923.0380868995388,82.2046765949982
Ahmedabad,0.0,12.739358308904041,22.335279296771347,53.8062888948685,15.057784144131606,757.232831042798,167.94391616196995,945.0668038380377,48.596166033680376
Ahmedabad,19.84846416506364,27.3886906534812,23.04891827684124,45.112728346761095,17.01030386853564,608.8502495039075,107.35567646727401,989.2042595547298,62.19498350623391
Ahmedabad,24.15486013743812,3.3244181469964538,8.990209607092268,66.38915525326429,47.551712030065374,579.143223746543,89.74555205506081,1156.1867210398611,66.12900184341379
Ahmedabad,24.345786402899016,5.943472325454106,24.815943422249205,59.12636828250555,18.347821449108018,653.2484181269576,101.15092322494988,1132.4093431150839,66.41975610819901
Ahmedabad,0.0,18.336586142342497,18.865641673333467,48.4495942283164,45.02754749081075,667.5548287650983,132.53738488372127,1000.7136071498569,61.349335392338894
Ahmedabad,6.769025834139164,18.759825580408418,1.0649582714760584,56.26551734576341,43.95561229706249,658.8119383236174,146.70335176692967,898.5588427112489,61.657666865938516
Ahmedabad,16.588819724533494,12.537667409184456,1.6880301580240786,68.82719719732158,27.07060859630325,728.2112912899936,122.79025573837131,1013.3738524590194,49.608447329628575
Ahmedabad,12.66590156604732,4.102506841566399,2.328955617646846,56.43017482174211,41.21937675887696,706.4823777152932,119.32491736860915,1146.0614603882923,58.13932593879046
Ahmedabad,17.787424625048562,16.214341001528634,21.534127512239788,47.83911303284714,26.954594944478075,658.5467060850722,112.76288631144911,1043.5635695030423,65.34145674396598
Ahmedabad,0.0,8.500865820166627,30.465385857784327,84.26639681250572,11.669404581855769,794.5384265664517,171.594848946639,1111.005676771446,50.77065337219344
Ahmedabad,18.898853916247994,18.58543668130467,11.92820388479149,74.69670233588599,13.475211520570234,672.2851544049023,134.32812539397983,1049.4745890964268,60.33489440333482
Ahmedabad,12.657908406088396,9.305660695548486,30.418831474842484,72.54000216174165,18.930758545940964,710.6059364022352,115.93065390368213,1079.7100359046908,61.08222552939819
Ahmedabad,0.0,14.34805261335734,31.0775311713549,69.78269318788362,34.91917680261675,721.0189073205128,131.91925527709233,1053.4333790858161,58.260053106336926
Ahmedabad,0.0,10.972412120145673,0.0,76.39884484167177,31.579787946692445,777.1735181693243,166.9066579862414,1047.2474552333013,47.47169112583399
Ahmedabad,4.998524555193583,30.244047296264682,0.4059812898332069,72.9386178669669,28.414007185359516,704.0719275553902,161.33226537656537,921.8669923827268,62.208965218707206
Ahmedabad,1.6336787079466113,31.026170097817996,0.935035477429139,63.658669445797244,38.48805566435211,653.0997043333427,167.19459983540474,874.2877623813137,58.07423693948882
Ahmedabad,18.68836575418018,9.169188976020536,2.4420094182302634,79.67133497959773,41.14141032552217,657.8784576810999,97.96586123786908,1147.0896711955613,64.18902593746073
Ahmedabad,0.0,6.581263146139104,26.186105754370253,50.34739225781559,43.42181775212376,686.9200545144429,110.3740982785782,1116.1481116707685,60.91913147904249
Ahmedabad,0.0,14.81918847800885,3.4608139419833286,72.73892347624395,33.20987003172678,709.6207650618381,165.28363877360408,957.7694987428847,56.14648882001444
Ahmedabad,3.3446133670881153,26.87980088557306,0.0,65.17382200928702,21.813084680533912,722.2991017978666,175.31612976694475,869.2961162170508,54.758824373151946
Ahmedabad,7.091971145599551,8.534218872183615,2.8434302142782855,51.3174053771304,21.262919058115926,784.6487265483157,165.57543584264337,1128.3905317094823,43.25044180978728
Ahmedabad,11.925964568309343,17.706008416121627,27.010387565624242,76.72239785290618,28.897609137967496,655.1589213969348,134.36821974268307,997.8645695185223,77.340481949609
Ahmedabad,21.41013738781153,13.116849581702553,0.0,65.08685784646616,39.62769832832661,641.1968006706633,124.12479297952639,1035.0727510170234,69.88543175568164
Ahmedabad,0.0,37.92040475456611,23.438500576768128,45.10679488153551,36.04246861567485,638.1234115554606,128.53051712845175,830.2055643383418,65.59854005373614
Ahmedabad,7.254103709979113,0.0,0.956619334725195,78.27020974686542,45.65276620976362,740.4676814640086,126.12309191556966,1118.1464798725526,55.51632037367685
Ahmedabad,0.0,14.036866924438073,13.231525592218762,71.84354208756329,38.41983336659851,703.8662458699479,136.64860039019644,1026.8435985629867,56.967737321280936
Ahmedabad,19.511543198683917,17.07019312696945,10.936516967510101,72.49080513771258,11.394645552287976,716.8593125849302,132.2423022927542,1083.7143122676416,54.464887425296865
Ahmedabad,19.55585663969248,16.03743266698175,0.0,62.45665833873163,32.13226615985917,673.3294923100806,145.13045400793217,1035.2984662079682,58.4835727559589
Ahmedabad,9.303848935859758,20.739201485023706,6.238879530886754,50.938855736391744,22.579330442444387,721.955934101323,137.18212115268187,981.899347428988,62.16961894955243
Ahmedabad,20.098608156558967,12.152919905654295,15.743384963545473,70.54843166938869,36.214597441561416,624.2793210769036,95.86322770018919,989.5148659229098,73.29491204541213
Ahmedabad,0.422018192560774,29.745379257697927,0.0,59.77147232887112,19.73221140806735,754.3962226698771,164.14737400846047,935.3629814922213,56.700165095530465
Ahmedabad,0.0,33.10205502370284,0.0,81.89345406833701,40.89227431798362,670.6285395954145,150.4465157682251,873.1353566297528,68.09696196035412
Ahmedabad,26.48141272864435,2.056057964586479,0.0,45.80244445946046,24.84496542860104,715.405241471564,113.25138355102838,1154.0560737682779,49.88022633762849
Ahmedabad,25.349070644641024,7.660810341621726,2.5102685225499464,56.453582248614495,13.838162114920468,706.3304095035343,114.05698097636747,1118.4839340773456,50.25193173895004
Ahmedabad,23.142554028607996,0.0,10.385139980448045,64.55026828597362,19.821745324690543,719.644873789602,118.99521147702974,1178.7076983089505,63.8741965470448
Ahmedabad,6.674154474905038,27.81561731820559,20.92677313081538,79.69416617270208,13.336766232630481,734.6055748437647,175.00507753477945,971.6000183319455,57.99244382725096
Ahmedabad,11.391170892620803,9.130280933838614,24.076791404834246,46.07139764330947,21.33715482747446,697.1926878414993,148.06133310359513,1076.0575533686354,54.390410228317464
Ahmedabad,0.0,25.36043407554291,0.0,64.61964270600168,22.829381435054582,757.9902221067223,156.50978907291358,1007.0399686910345,56.79667245128371
Ahmedabad,8.805863794918551,25.021398145999633,27.02351567025397,66.01187134140756,37.765885184356065,582.6098487660457,113.37157258124283,930.0577184987077,74.17080263905531
Ahmedabad,3.826193348292353,0.04644621572351326,0.0,83.68371147542368,31.05274572594587,774.5261634528986,159.86989277698396,1149.6352944141124,53.71528776395068
Ahmedabad,0.0,8.177847077642838,0.0,66.02061192070025,39.49856287371896,758.9968306839315,147.93234867746264,1045.68665864131,56.06004825594083
Ahmedabad,19.060725995084553,21.86988100336186,8.134813436382075,68.24836062937091,33.316096445051144,644.4186527807108,117.2970678619786,1014.4681659858485,69.7415878538821
Ahmedabad,0.0,21.072923818960675,16.82828639668199,79.96073184096603,20.88035161807027,746.4868283045582,179.60593255693405,925.041975157809,54.97840935253228
Ahmedabad,2.3748279897449827,30.778742411720586,10.271345806884632,75.28809037944627,20.42779796465922,734.5708666333534,153.63507982278506,832.826142295627,60.949209511693994
Ahmedabad,0.0,31.537154884002533,16.787113319108965,66.63124371622817,15.536325741973446,752.1484456234748,164.64305437100433,842.5338998412362,57.52731048985299
Ahmedabad,20.402660515781427,0.0,0.0,47.89213225270103,49.417554636360414,623.7630051616217,114.96242296622407,1205.6339148952422,60.616805838067485
Ahmedabad,0.0,8.602874674367634,16.471980667195467,83.75456142578241,21.954413030031287,799.8584561069919,171.79156570209295,1056.8508708698032,57.547133448229715
Ahmedabad,0.0,37.353267944139326,7.115108698216645,66.66405693621637,26.071925628476208,670.7979280892042,162.73884061027871,863.4596893070313,58.0574684182297
Ahmedabad,16.78355627680523,28.11447668954364,0.0,61.82871140388394,24.69807377212824,693.3994218576695,140.32822877343085,955.9054874262356,60.602269723901905
Ahmedabad,19.716562810158564,13.02303329964922,23.423268136719013,55.096122665203055,43.29351027034007,578.8477757621661,99.0173682408543,1067.516431972197,70.2250937515095
Ahmedabad,24.8309250807527,15.882508897992352,0.0,66.48051310810402,18.92230665619001,682.1491573941856,143.44369468012306,1092.0162717343105,68.05285580150115
Ahmedabad,12.796827035627988,29.818615456759414,24.544890302213325,79.92861046180565,48.940384442450814,582.1049774045495,82.4242310924974,912.2303264624302,83.03496760869986
Ahmedabad,5.982758451610167,21.679237928796738,0.0,51.70749067910859,12.978379360360655,820.6374896193886,186.9773285954851,1001.8036729279677,43.100364120392655
Ahmedabad,0.0,34.413361434889005,12.527565051149836,80.98413032073401,21.7821228949744,699.8685632838898,157.10489156827816,858.3137268608367,69.21407330044073
Ahmedabad,0.0,23.09303686726222,14.224983905304413,81.89744754387466,23.266893631804205,749.3929117464468,175.9946099667404,931.7575195323077,52.08548407554945
Ahmedabad,0.0,29.71059605171338,13.785589360939593,74.42623463119794,48.14804163060701,620.674750650331,119.90589141662507,911.6775105198041,71.17155700521711
Ahmedabad,0.0,5.145787405318291,26.222752984841065,77.89909508067512,17.542782010506844,781.19894333076,148.85703491764102,1121.2173186941109,46.43531831826586
Ahmedabad,0.0,18.69633409575301,10.498447995969485,56.87403571675035,45.48835573826189,684.3950232958662,130.48364202129474,948.884677115786,61.98130016709878
Ahmedabad,11.681043367987744,34.51326999186217,0.0,79.17167070317387,20.710175749680314,699.765903873446,149.4605587543114,907.0747812981572,63.34396492845284
Ahmedabad,4.134053389689509,26.48382992150234,1.5359131909022672,74.32949354999565,28.471751556162083,710.2847936618326,160.66825348092968,925.3312126777998,55.79003738564865
Ahmedabad,10.577160276240829,9.921728715100791,0.0,61.602596041238826,27.248870705031468,760.2487546684187,155.65769076410848,1113.2892676248564,47.40636396927593
Ahmedabad,0.0,0.0,5.468217642645378,57.68892839916637,41.60278600790808,792.2194551063913,143.10662352431902,1105.1252148643312,52.25370914918857
Ahmedabad,26.809965335488407,33.2377111659171,3.008292749235739,77.8366157356821,30.083383293642562,554.0021260720208,100.2611765430143,928.6685219242642,62.96991627220259
Ahmedabad,2.786997537188787,20.77394941724193,1.8022018889497957,50.16453818889534,32.95419124095424,732.9062072653562,157.22021181753325,971.7639431697623,54.08570990301723
Ahmedabad,12.685237006455289,2.233362518656719,16.41101069042563,80.44057497986591,17.011431555120357,771.6577755537147,130.15397703353753,1106.536279405414,58.57085261256553
Ahmedabad,19.15064349191337,35.78549366652425,0.0,49.881060143194375,28.702722690531125,609.6483829228494,129.4909604993737,892.1765560331803,73.44122335959119
Ahmedabad,0.0,8.162716398772766,29.63073115539317,70.03224097882793,35.84043573912435,693.112981781468,124.1186486890146,1055.9090897014285,57.95718815981197
Ahmedabad,8.164552817198583,21.642424079718207,8.74708522571353,74.4596052757904,49.04123009133583,611.5253756571158,123.21601492206405,1017.7241112917371,74.58762079097798
Ahmedabad,26.644287404665604,29.446378757665418,13.595054391743844,46.433535931507066,44.63531974059175,533.3840898636273,84.21963671505553,919.4499571866403,74.65463344971131
Ahmedabad,13.74690820992787,31.076173210808186,26.232094862032362,66.53954364046527,46.604742619322266,538.8848195606603,86.99549293848233,926.9501162737984,78.90917141947332
Ahmedabad,1.9796593952876798,32.45097504667362,9.024921458063268,76.77942206984781,18.108171748805454,713.0920472445277,175.0419072446149,862.3292123975881,59.64206716248638
Ahmedabad,22.74315235996132,7.59164634524341,9.467395340127268,50.41345763879271,34.69572303025399,670.6397498331364,114.12953358182344,1090.7763484312584,69.09486280319922
Ahmedabad,9.28989014805802,26.334279306104982,0.0,72.34187346527301,28.87584851053142,681.5959241564458,162.9254929829893,943.4831101422677,51.595624005715095
Ahmedabad,1.0741554515372957,21.645480548266754,0.0,55.21424128258431,28.14543785635431,739.6107250232002,139.10659032064237,939.4580722495182,45.413619245866194
Ahmedabad,2.620452502197896,24.078001044726953,10.81407812232095,69.85974835216743,38.879442318076336,686.4881693454873,134.21414977004892,925.5836878560355,61.702876329453794
Ahmedabad,10.746349381016735,18.32939133391194,12.413696293778749,65.71215225196147,43.43216653387819,610.4123854153546,125.14320582828613,967.6513909139627,62.39869183315329
Ahmedabad,8.565239099453901,5.590250965975525,6.887506533272987,70.06962421667808,35.32288673013207,724.326992787838,128.30813339643055,1104.0654746984628,61.66903432242242
Ahmedabad,0.0,2.262576171009318,19.957735991595715,82.74397932231952,48.686377141068526,658.3322663639622,104.46796335099307,1094.986558195068,58.48658754501619
Ahmedabad,0.0,20.099480359997244,0.0,56.08531096821561,41.01625525723104,718.5947136864708,153.85781571889584,1000.7953822628707,50.6962255062212
Ahmedabad,4.317609132563497,4.896243676583943,18.38959058660539,55.44500094080121,33.24822547381001,717.691450310985,151.7119447630117,1095.0620169665326,46.60491196315422
Ahmedabad,0.0,10.09765352554748,0.0,78.84297585859979,37.968590312401346,766.368352119513,142.0537831551414,1048.4458674277846,55.52560472725295
Ahmedabad,21.851438617230215,15.023602477023331,10.022897203326998,57.57439881862699,33.455386412140655,621.1442549340402,120.00296167463775,1028.5882987177401,66.46046012915569
Ahmedabad,14.394978972993119,24.19697857540208,12.678862652124707,49.352579499476164,36.29157182571164,609.4427868762115,133.74311799789288,996.1880181159223,55.2325002910536
Ahmedabad,0.0,30.747658029818773,31.103145809098173,48.44790231705611,49.367873898554755,576.1546626334558,103.62314386372796,896.1278907628631,69.99857068732642
Ahmedabad,0.0,0.0,18.210511953237706,73.10780499007154,31.54538365859983,771.7339282004687,146.19248116039307,1071.191296481752,54.77000226709756
Ahmedabad,11.301261013988519,0.0,3.220615657494573,48.799903121891354,15.214198254336528,760.6383552925151,153.3296365183959,1174.3970428063526,39.10252470331122
Ahmedabad,25.55103810467216,1.2710397185834772,2.4652987301940286,65.11280277166009,49.54198348456884,621.6327510240116,67.41303874336865,1246.4390421924452,65.00169191284262
Ahmedabad,14.465439870341228,22.6185540186778,26.156452872263557,79.13516354154629,39.50214643631192,572.8988196240468,97.49018065967917,934.7336476949181,79.9220130396817
Ahmedabad,0.0,21.76189532959163,8.388443091844945,73.77666415166158,42.115039418465436,692.0603800290265,142.80109083655745,954.6597311463547,57.680852580569095
Ahmedabad,0.0,12.335537502565483,6.105697866832443,64.41961510420333,36.94413911658575,702.9901524753939,140.3481121018478,990.9281731413721,54.95323759410761
Ahmedabad,10.299454787901801,25.346343662186882,24.716252599487802,68.59612822431343,25.45982076954344,656.8005917685138,145.9848620098814,954.634235492818,62.79052404094944
Ahmedabad,26.60717102586257,11.069988542723113,0.0,47.47048003378289,47.30568249268324,551.5699884025571,86.19078608351612,1133.1950984893351,71.59012547772227
Ahmedabad,24.140809906854436,20.164798759936275,14.554625641192601,58.09713778092258,36.15630142252161,574.5256652469183,98.32989286813392,1023.3388938911088,79.0203630969374
Ahmedabad,0.0,0.0,4.0059686978451445,77.55266691738753,24.98369730781771,853.3749851842101,153.22294766365923,1120.6170965045771,56.983343766228955
Ahmedabad,0.0,1.2630610143583638,30.77042473516913,76.60719048175656,26.09219130053195,790.2486921721093,148.5969519264578,1127.8508347090321,48.92058495329446
Ahmedabad,26.81146073251896,0.0,23.94214264340725,75.87622629461168,49.33839288807811,544.4429787640478,84.87666726188775,1228.9173737952192,76.64675410416369
Ahmedabad,0.0,37.35449068185146,0.0,51.82287531215918,49.20236472022487,638.257531220954,139.86757792195357,830.9056583869822,63.007305390883715
Ahmedabad,0.0,5.374079144722149,0.0,71.96030366692992,14.845989340699646,819.1067052460116,185.94904354231963,1095.4608078477409,40.073140439728235
Ahmedabad,0.0,0.09524644950210259,26.92907093781163,65.95949322879993,11.68765609738584,854.5335765472128,172.42116815795697,1170.350063537602,42.17422876687081
Ahmedabad,13.580518938809298,24.336270147998025,0.0,51.38477237795062,22.88189764423575,716.1293785035745,157.4214444512809,985.7973846993262,52.642090373332785
Ahmedabad,25.380276108833783,0.6191255369380748,30.430053001825385,82.34387882669735,23.41175605328212,647.3964256929382,95.97669069161533,1185.3682607984167,70.60179845799398
Ahmedabad,0.0,36.896059286260375,21.811258573843453,46.153229430856484,28.771752440576456,654.4770087630591,160.7904703391694,809.421273963927,62.25384395302987
Ahmedabad,0.0,36.41257186055142,4.4543871783408875,55.51535536999254,25.35079051201995,728.6027390330948,164.72796423411995,869.9272497768754,57.66911463502008
Ahmedabad,0.0,32.85793365810742,30.290868709872626,80.85347329828386,40.87884327079929,630.1286429999589,132.84121003338078,877.5430754914291,87.03281338813257
Ahmedabad,13.670992174979947,14.365918635985807,21.55432875850107,78.15860355301051,10.490548561304646,794.8431900086339,148.75489598217519,1034.2638130705666,58.54596637355598
Ahmedabad,12.59807188187007,34.353118328861775,9.549801224133638,68.28605839950745,19.43299381131834,681.0933856659498,139.33016379975095,864.7655853985721,79.32712986120481
Ahmedabad,8.81415109603109,33.48316091304581,9.18563459414522,62.035115624308666,38.93915857381689,609.8657391807888,119.40508147087567,898.2017069370621,72.05605556685248
Ahmedabad,0.0,21.789353789653465,1.0550446405822775,73.40886877087311,12.206967197638203,806.3203673399727,197.4460862089809,913.9202570837514,42.18111056772801
Ahmedabad,0.0,24.4787766919703,20.30909938432016,68.93803647667032,18.428061023922666,731.6388081095624,177.09463619087367,938.5798258399715,59.32481834070772
Ahmedabad,0.0,21.802764983453393,10.653017092226339,79.13401364650629,26.64575516971562,750.7504057533766,155.5432222172997,987.8801484824174,62.40077104953969
Ahmedabad,0.0,12.637471185266794,19.91691615445034,52.81605197244675,19.945018266656042,776.0232776471958,170.92805050441808,1031.21978982378,50.2957117984834
Ahmedabad,24.020455633161802,29.50741211051325,0.6490302834471393,46.24913077476656,20.083337121686718,655.3284657241518,114.80477090843613,929.5496883855101,57.3360858965776
Ahmedabad,19.228063595508544,5.895912529009852,15.830579200937041,58.18680739542707,45.747243383352945,588.1500176765406,71.42030834104911,1110.51679284936,67.89537770975157
Ahmedabad,7.494696169538443,15.151925142923954,11.3815875455293,63.74268739217904,19.164244442584597,731.8858171011543,153.66603083021394,1053.0210478186293,45.42907792969099
Ahmedabad,13.14668394430391,20.244458307115305,23.064076007697906,77.00027587416758,42.031184552670375,573.1903624124502,92.5829673585294,1001.1252440554556,74.59992848470816
Ahmedabad,25.896892523745294,13.73534888288421,29.75058856436626,74.20914772428915,41.5581095603694,527.8585485604726,55.83094163212103,1098.8697008533923,82.66479152368663
Ahmedabad,18.95901475940362,12.231508650125768,9.00942856423109,49.228793405840534,19.883235551634428,737.6286287211416,123.80120016227144,1099.0711858322177,56.28520084150152
Ahmedabad,5.600585928720346,31.905526603276698,17.074285577130894,50.51621494218014,46.2191442431227,584.6136172039472,120.56732603148436,889.9397207615687,71.34650706874537
Ahmedabad,0.0,26.385777889000234,0.0,61.0698451452825,48.07087979604156,679.4912487749158,142.25830695299487,911.3179908148998,63.29968523778309
Ahmedabad,0.0,12.313960459901299,0.026149849599178765,45.357278241946,18.673806896184033,837.6249086543902,176.3236208092509,984.9420893182458,31.137179013657224
Ahmedabad,0.5793824170525248,9.075225464132327,16.852039615410234,62.32560412505902,45.22915735398806,696.4172658611539,120.82487306512162,1069.7684490789238,59.13980826307439
Ahmedabad,0.0,21.301373546954842,16.70907144153874,65.87978187456403,11.363524105878291,786.4907268304711,183.5319158956842,968.5517910061235,51.83062386566751
Ahmedabad,12.916861092333239,31.328977689016654,18.154650814045507,56.91326478218719,25.942138122291002,628.3284667475874,135.0393620066933,865.0916307972224,73.16628869779694
Ahmedabad,19.340146036486473,34.31495618711306,17.987546236423874,48.383188540508655,17.96803661592143,578.8070013913607,124.65639842791335,849.6602117229825,66.75243139355469
Ahmedabad,0.0,27.452470761809582,5.587648181822566,58.809843436467695,28.86295985982247,733.059805545132,153.98866997211638,933.0968347346985,52.87489251030875
Ahmedabad,0.0,37.82370954576694,25.010526304057798,69.13057709481338,10.4583833111623,724.0804317087401,191.79878073488703,839.2698511181816,66.92518368418718
Ahmedabad,0.0,27.112583485274904,30.50896040866825,68.40453464202514,10.95878157755839,719.5989713921391,160.39772244736696,932.6121967348923,61.85765346786613
Ahmedabad,0.0,29.604866909816952,0.0,54.40702962866837,29.721262160087893,745.7556179809941,157.53548969692295,883.6296275995576,49.248109455191624
Ahmedabad,7.42207443290506,13.636853602208319,27.259868739485036,59.54644529407999,17.029001134946306,727.471464180894,154.16020864010076,1005.0896190646693,57.72965499720715
Ahmedabad,0.0,1.1708878060385182,17.455749650488734,67.65231689360908,29.205143479386685,775.6231873578031,161.29807239502085,1093.4530160478755,41.63786761708295
Ahmedabad,24.882058965028243,31.546228528999023,29.943012682248252,52.70754100541297,35.187789000509746,481.22382480893975,87.87803011458317,879.5317831650572,83.1796900596989
Ahmedabad,9.990830731582061,33.647600158919474,22.27600010562856,82.08458152353069,44.58344740994613,541.4839191720238,124.77663828642045,897.0688200424272,74.88321299475072
Ahmedabad,15.466331681132914,10.480799299939328,19.16011915297638,48.28495666573919,18.882345697380998,711.0812187693665,156.8644872304481,1080.0293356600075,58.13988202243799
Ahmedabad,1.849820021453164,21.31847166592091,26.218103009497227,60.01671640702659,21.368810141454603,683.398289420004,148.4389942213377,966.2295590641171,59.014604334096674
Ahmedabad,0.0,2.9465485347431084,31.50191536608287,46.12235680322567,26.382717528124886,751.8846192899191,156.0728754842283,1111.0270266205046,54.0372173895001
Ahmedabad,0.0,13.448501662859337,9.131976061101344,55.5916227818169,35.138270387987724,755.9245576714504,165.5265843803574,1020.1732128484124,49.01101111997953
Ahmedabad,26.69734109827953,7.096008619771192,28.75477883587623,81.86291325202333,33.8764885267991,592.4071385468228,91.23623041220092,1117.8099842827658,79.52624595026994
Ahmedabad,13.83332310167616,12.933996676584528,4.773957656620876,59.93628562056976,25.542220870268082,716.451022604969,123.52856639101218,1019.3861273514357,54.032416123013405
Ahmedabad,16.345097521959197,17.173510731498578,0.0,74.23719100553984,46.60447340139925,630.4647348719333,107.5922710169663,989.972130720169,70.4174863403716
Ahmedabad,19.935401747194604,0.0,0.0,54.944434779591404,36.94078595353308,671.386086046679,99.7912931564266,1182.7362920715193,50.14088473513536
Ahmedabad,0.0,9.033102144604134,0.0,50.7675317902003,14.572916382345973,837.68769685321,187.2326507858527,1057.3829199158706,38.03094499764486
Ahmedabad,0.0,5.415449982324969,25.966296436109232,72.49507126291917,14.136243661202638,830.8430749779529,161.11420963442094,1094.6088012915452,51.50563482350742
Ahmedabad,0.0,32.5111236628834,24.191692406988032,72.45204674283234,20.88545195105313,693.6453002844255,168.5583643162158,931.3220718453276,73.39146525088302
Ahmedabad,21.865012983318643,9.538800107807162,31.067945045495946,58.66708023784365,39.45036553512279,574.7777244566614,78.8306987298734,1085.8139514958232,76.3223538758464
Ahmedabad,0.0,17.749766807034614,21.32189806742606,55.51101720852363,30.311534582004217,718.2460200953801,155.94915127620638,1008.8786778719272,56.196648083419774
Ahmedabad,21.824087537624095,22.43678960512818,12.432378604442803,61.406455309571164,41.96342039411087,574.6095972567642,102.36643588228667,1019.6841497633367,73.9681709245456
Ahmedabad,0.0,35.01466487943178,2.830366084726803,68.92816276661503,31.103552944435865,672.929039071359,157.45454722422224,824.2610513512709,63.284436282219545
Ahmedabad,2.4964864504796154,27.10038761885414,0.6374789460307095,62.712030969162484,18.58504140891402,759.9669035752136,179.6759311965961,960.5246516214975,49.39293896887403
Ahmedabad,14.244776916257226,22.50315526460836,0.0,70.54984164244168,13.112835835146093,721.7241940615744,172.51073408827673,963.709121447872,65.17418064235093
Ahmedabad,22.98628864587375,22.67788433635484,18.63208122487801,78.33290813524188,14.602904613972644,685.0253546903635,125.82858810049153,973.7046221163341,67.91908461439401
Ahmedabad,0.0,25.734628511026834,3.9358985793981915,67.85826974511869,27.741869877227007,736.110770118032,158.06197217573487,974.9767926568275,57.74204294637
Ahmedabad,2.593991275854391,11.908563341826303,27.234859272493267,56.12254139091469,18.97276816801405,761.5100419081058,168.65381600064453,1010.0492548188549,54.92111164353644
Ahmedabad,8.157618669973651,23.895272965931998,0.0,48.710730038529135,43.44361795323958,685.0617855181317,146.4457582503691,998.9743596142283,65.16532222777685
Ahmedabad,1.877134832445659,13.897632537667153,31.429114815645903,63.99098651174994,22.174497322673403,712.011864617016,120.96078273879712,979.9138368773341,59.64368244162332
Ahmedabad,16.91805066392224,29.35089046540908,31.468314954938165,66.57620793223822,14.41490170658616,634.5989896376794,119.00936547936018,897.8377512289962,68.9568524645734
Ahmedabad,24.36895926537575,18.768413803703403,25.888415632581918,73.36895653080742,29.573508315022035,612.310934886108,96.40389340856342,1080.6704095263567,74.2909263952257
Ahmedabad,22.57372824671038,6.519474964322878,21.147208488583168,76.50704216824053,47.06840205553294,587.274732389147,65.12121274165379,1109.4625459972879,81.5641553481627
Ahmedabad,20.566449308547803,15.193541654224354,12.156933735992844,46.95846702407397,47.58781449897478,577.9071593897957,83.05897733213783,1057.7481757073153,74.25012118187206
Ahmedabad,19.10340317079445,34.07407330943833,3.367521301089095,78.30649771024468,30.359013868404,614.485345250546,155.2700593907411,926.6943216203908,61.233945225491155
Ahmedabad,0.0,18.878421677355703,10.013008727014654,64.08172974385636,35.889604465218305,699.3309820978993,145.0522023769658,1006.8893474313834,56.3623491408215
Ahmedabad,0.0,24.74808945437576,0.0,56.49316993715083,32.28444259159144,704.709924786304,153.18452612759575,901.919644314416,44.45177582285409
Ahmedabad,0.0,21.965088068149853,0.0,76.35887910669341,33.34222258585157,727.561540221639,161.7298085141965,924.8239158372361,65.9576145643135
Ahmedabad,19.419794802218995,29.619927289471462,17.51965625089886,55.17878969151262,20.68869608584279,642.4025823341206,117.1465701471353,937.9723482982364,64.63309420422189
Ahmedabad,0.0,36.683298924305845,0.0,79.58727043453098,38.0106867003025,649.389270193224,142.8158991053311,843.1385153289646,52.33337263735603
Ahmedabad,15.40438984946136,32.98809679222961,0.0,81.3268719086004,29.051755244455325,684.3354376004029,118.3513192773583,950.6279530542015,67.32969252355701
Ahmedabad,8.67382708554107,6.076166631076202,0.9491364372160138,56.363059900737596,46.90880831545647,692.6449674430701,116.81787391672039,1112.8038573266385,54.89429563454273
Ahmedabad,26.367444084306925,17.326366085330072,3.6302714138416103,59.66591290104857,12.377419747263588,681.6943920069828,136.29898691690124,1035.8701135173192,60.54936557163394
Ahmedabad,18.44220117236482,19.321333541408507,0.0,72.40319765114283,44.1683637615382,617.3298100858194,107.8882238249922,1011.4884741106334,67.38736815552502
Ahmedabad,0.0,1.8784066607506382,3.157436135409352,81.08821924109454,19.731229958423214,882.1399699878323,195.13554974353139,1158.2429299296314,56.89172029662856
Ahmedabad,4.0568622529547795,17.91827422247895,4.634062814099288,70.23058535318728,44.38536365304937,663.7229769732696,134.9687588591145,972.0591200475567,60.288590793985
Ahmedabad,15.688813799134806,0.0,30.740395845994286,70.98665304490515,43.46647667869063,622.2449033219369,62.52805719498835,1144.5011204697794,75.84793732905611
Ahmedabad,16.18743179617957,1.8872970818787742,4.079648540654222,77.54942006385315,41.550088663484345,708.4107246316061,115.63658259703216,1139.650443922273,50.81929261007333
Ahmedabad,0.0,14.306545234689537,26.665839197604527,81.35277480250491,29.85205447292469,704.8922541383399,130.4104282963968,948.6625074177226,59.46565437166654
Ahmedabad,12.691865171705892,27.430898939376398,16.350199933284554,74.92304129776444,19.364032985438694,658.4963944166938,147.96465890486087,923.0078940331028,57.049553618227065
Ahmedabad,19.463430641709223,13.87565968371958,0.0,69.89309105791467,18.53318725107792,732.5686117077076,136.67668607094706,1051.8760606826702,53.88192851275192
Ahmedabad,0.01803133225078213,35.33456173405629,7.608386640465422,59.77224808578623,26.24266599998306,695.5296257537755,176.39668771075628,805.0200390558684,59.170307199433985
Ahmedabad,0.0,4.064982101399629,25.54547687898105,51.583179107161115,41.76753514656506,686.3300985196236,122.25734139973035,1110.3248623359602,60.70368117088171
Ahmedabad,0.0,22.718619198728263,10.353486800646206,45.74786921903588,40.277726494164796,697.3385308259611,149.43581498502394,988.4166767905742,55.59733851541346
Ahmedabad,22.73166636520598,14.73744081817608,22.732030521702985,82.69183508950675,44.19991781249578,564.2183120203671,74.39634559947639,1042.0556515774379,86.0620333438416
Ahmedabad,0.0,21.81868459898486,20.606708523991763,78.2578926284301,35.436821995485914,661.1085190803338,120.3301459403409,976.1781597844722,66.28803996506154
Ahmedabad,21.41171298128441,11.008913330626456,7.272456952555029,61.93932198259338,23.895754090372854,699.9312616710357,128.95715471001458,1104.1421289262894,56.76197025096755
Ahmedabad,0.0,22.385719962036795,8.792889213529413,66.88690943109117,40.54350359077885,689.6150255735712,135.3799104918442,1014.7956177401488,63.75241479747206
Ahmedabad,14.742179583359615,3.541870576086003,7.341526680963405,78.0927148667196,26.75634856997793,705.1509819802067,127.3653083713487,1090.8092346140263,66.20589225169188
Ahmedabad,0.0,37.201044872335494,27.56977167652633,65.12405895953698,31.30366906187376,649.9588677646244,145.28966324944182,858.0889890046542,71.67588310665742
Ahmedabad,3.1270927485897566,18.272269987939108,10.284125107899989,77.38729983368744,32.18847442413993,698.539595229924,142.58790713518434,960.3635556773401,51.52971762585106
Ahmedabad,14.991745492648555,23.48977058287094,31.67294436138129,45.59593387706032,39.37661424851356,565.526481504013,86.8940977943249,1023.752900513371,67.7866772155603
Ahmedabad,3.8528036764736164,13.168493845153606,0.0,65.85908030768401,17.300925897038965,851.5306590599073,178.6694797216862,1034.2450728167958,52.99740006173542
Ahmedabad,7.84519047699122,16.515207959030768,31.270797477182974,69.24941465894292,37.62848111850404,614.3994115112299,115.8392253551803,986.1525662947195,69.77403227017365
Ahmedabad,0.0,36.700765725036106,21.31596214951818,61.98707865099493,46.37667200883968,584.8279941992535,104.47381075682485,860.0552436391356,76.61606579003198
Ahmedabad,2.3345140825357173,34.70539813917302,12.469053005427646,50.26092386203122,41.828975421991096,623.7256371979458,120.8129061881526,885.9264903582409,59.767747501825994
Ahmedabad,24.869777886695914,11.74349643933738,0.0,47.34207944416315,30.741997518664594,641.521286023835,104.63144972759832,1115.0885048105692,61.26871204687647
Ahmedabad,1.4244514635067098,37.47718388257593,4.230117122944549,69.56702455778591,47.17077976191106,571.0797987919258,126.3633550072627,828.9034740337859,76.93914329145788
Ahmedabad,0.0,0.0,0.0,57.42060515532803,34.52645015339029,810.6230142957179,149.14860664914062,1100.345598628193,43.71107577375093
Ahmedabad,6.171948165783228,25.32828810699683,5.945176936750016,60.537064553316455,47.51982740503217,622.9461258046402,125.84183949019018,966.929269836367,67.03322099711164
Ahmedabad,1.1963517531775594,3.2141635526361885,0.0,81.69851146862224,31.21116542275216,752.3954317756763,155.31740413712498,1104.6478022249275,53.831149884016156
Ahmedabad,21.543281072338857,25.823269268982873,14.330172292718437,52.3877312250476,22.65811334827869,641.012266002758,109.79784715833559,995.9753810506575,58.57599122656066
Ahmedabad,8.417041064559438,14.756141695028226,5.363855423582811,71.50715344434877,43.163357998941905,620.304373105819,113.11234431888384,1033.1919880206724,70.4755091989506
Ahmedabad,25.35803976073867,1.9030222237316927,18.41893872968242,55.55926050479181,17.102368920372353,707.7100002030764,109.96918231427995,1170.4663674560682,55.28463196475752
Ahmedabad,14.105950761590641,32.38163780499785,6.006836208375269,51.70673177833736,39.749019454861646,579.0154151821245,114.63705054745999,895.3221071238538,71.12284070491116
Ahmedabad,4.046420932515378,0.6741548944301599,26.414679072743617,73.5406031636129,31.086212786398953,728.9716970595416,122.62091812349475,1151.9991538838178,54.84641415648988
Ahmedabad,14.44584798751514,22.4212679008214,0.599369566816609,63.73070813604584,32.50504029155365,679.5029897447167,133.97175695004373,998.9237920177906,74.6875481475814
Ahmedabad,6.248753893510511,35.07587576175279,16.22642838684966,79.60054643824338,30.923329396370832,592.9027188777287,140.12379165878838,860.1043854679573,64.02706757692447
Ahmedabad,8.568231726444122,6.293069277107449,27.50592788776727,60.691414336947595,30.528297620990607,678.0507912166888,125.00726109814276,1072.7906757096353,63.39085886094294
Ahmedabad,9.754926443079391,4.523256900907013,8.917064054853068,63.557914501744726,27.756379997032447,745.8213964052612,135.64561565046,1176.9891997825698,58.88385459243322
Ahmedabad,0.0,22.04527277390349,0.0,68.36581955382746,45.651147580617945,712.1535011966974,132.37972855428396,936.8547961463725,67.28923601610913
Ahmedabad,4.097771667517581,6.896039457460937,30.798564369311855,46.7583662108932,18.898705452514864,730.2080261116897,134.28698316045384,1067.328567597796,51.3620624823848
Ahmedabad,10.326153925819874,7.102444609108682,6.481954451812534,78.07732850614758,29.08373174116616,757.9247077482936,140.45290162261162,1114.5282320102037,56.513288491089824
Ahmedabad,0.0,20.027293749360478,19.67970084108082,50.70524334682118,21.244599587053795,730.5273942970766,170.0191984600063,963.6575098155811,52.133310718531554
Ahmedabad,18.9835143109519,35.866914654792616,27.815598035874125,54.227582452927706,11.268175415703698,617.0514345050218,131.6463526215949,912.5325593623772,75.41018446568516
Ahmedabad,1.8680580257693116,8.105270368470073,12.718609298071584,79.46543713004169,13.523987029834327,815.0021300320547,184.02746505403877,1111.758924285757,46.10990388526709
Ahmedabad,0.0,24.29903026994424,27.688244199048498,55.64016386171736,41.81398870219746,640.0515744982575,129.2306802092195,970.6182128146947,57.813831770685624
Ahmedabad,0.0,33.553333183359804,0.0,49.18310733700385,38.2050711645048,700.1544953904162,155.96686593123383,878.1809533232624,55.64747078487272
Ahmedabad,0.0,29.32293287134282,19.212366442292748,70.67999017893004,18.7899555718788,724.8661684586021,172.7378942500834,935.09071085384,63.976233278386765
Ahmedabad,15.724836757605772,15.409224153064176,0.0,49.110362629377136,38.61933824597013,661.3258562794234,121.8832408830725,1070.3966052854303,60.98183731773494
Ahmedabad,0.0,14.602162766511427,13.549386365227658,77.37928834027164,44.550477718273235,672.0688257261455,124.13110282114698,1032.0780667969027,67.16727144715675
Ahmedabad,8.538545475857099,29.115748564865513,8.540153745778504,72.89026863028553,19.08455915182957,709.0874896284366,145.30531516269966,945.5396347984424,62.48017410365039
Ahmedabad,12.04910820351131,22.16414308215813,0.0,47.96891703936491,20.80691406744255,711.6992352252065,159.88481169247822,949.2525803766969,49.61541981572637
Ahmedabad,22.340434464548373,1.5887375473443441,29.305479853532532,61.91250704389103,32.50070344312621,591.6208354079138,109.03585621956488,1151.9009087113795,83.87696434896586
Ahmedabad,8.608127070696746,23.03673784132789,31.710348204754283,57.88230805188559,35.23229055350945,620.1599666183099,95.67322661330893,1023.3087504152703,62.6057579539754
Ahmedabad,6.37118250058046,10.132141152099791,9.817970843001351,69.12200118690305,34.87829470901057,700.4563544345698,121.13070096478864,1025.8216129514428,63.25309023785566
Ahmedabad,2.4550447328496396,29.196425299993187,7.623126948391587,80.02708480804216,48.57452330649306,597.1344013977505,135.85893537402944,859.5319796052546,76.90260419931266
Ahmedabad,0.0,31.848563911059983,10.24097155993427,78.50171844727163,16.622386737794443,739.5538543500442,173.72855848703253,884.4952176841109,58.16144598265055
Ahmedabad,16.77473263275236,19.02808212477556,7.389046108304225,75.6967762851782,11.56093443953084,726.9637435440101,153.56318730448086,1017.5926550153215,61.42583071108424
Ahmedabad,0.0,34.35323387511824,12.99356492178406,84.60491582047428,45.43468895865564,611.859538457837,137.50280384881714,848.3530203682674,68.88200766483527
Ahmedabad,17.976305072013965,25.324378429401058,0.0,53.78174374603952,44.46487378753317,564.2807723339705,110.04033780928754,946.0116983322723,66.99272729260036
Ahmedabad,11.996754340497574,36.396745816152944,0.0,65.73297196674417,36.66842777673689,599.9832518845266,153.16122718484328,867.4348936190287,67.087168258073
Ahmedabad,1.6870509854866924,0.0,21.288106721909248,56.82213801793432,48.065291537461064,676.879686910595,121.64847093893823,1186.182754971428,49.936875159205194
Ahmedabad,6.399823558770901,11.956274925914185,9.140557390245355,50.005386669750536,18.968341212346278,785.0019225893625,171.60981615972977,1110.1748978646467,42.63155305482635
Ahmedabad,0.0,30.73033945311355,19.23171095532476,81.78433171899167,32.20754831532797,659.1835271066095,146.03902280066717,855.4069109642437,74.04767815862806
Ahmedabad,9.250046184801427,33.14786099306566,4.845798215716787,81.8597187626289,28.34640228816637,663.2141967693126,156.15344071222472,885.2391216416102,73.37328875079176
Ahmedabad,6.636093875600956,1.634931876549917,6.7642961885626605,53.87677778100194,12.59880901381215,829.8919460527819,175.1246353711646,1159.911960536699,41.57239410047862
Ahmedabad,26.810205744694102,8.085622263639106,5.403528732726066,45.51978389420229,38.91377509661069,628.8032673857841,90.16664920561695,1139.9449499880466,63.0301276035599
Ahmedabad,0.0,36.66617001045644,28.8422498844932,66.28670619187847,40.10531607104001,601.905733953029,120.399011322499,847.501868683978,78.79573292372602
Ahmedabad,22.903702897125555,16.30173703538086,25.687950473347136,76.89820120442889,40.62765065585721,573.1061000377388,63.61227685994695,1031.7891052673076,73.11828531116338
Ahmedabad,0.0,20.34269311342446,3.664586299452681,70.16599521080798,15.83449420734965,822.3992081863064,194.62948092824715,916.8530514240442,42.687663555821246
Ahmedabad,16.53282665359098,36.177507470504736,1.0506854418350677,66.85255951660264,39.83370925899176,572.39667557645,105.77830461393374,875.9321370428505,83.75740462735695
Ahmedabad,0.0,6.198239470564591,0.0,65.83392632342358,41.18994344521089,732.2146300509962,135.9312278591355,1027.2623172636704,57.6983140699162
Ahmedabad,0.0,15.686707569740044,30.93726954114485,65.29829594817414,26.468919884287466,714.1065136401669,133.7062829350402,1017.7505921514081,65.73202555837466
Ahmedabad,16.38047291862794,37.39626747643015,0.0,68.41645311391514,18.525962980502374,633.5552874933261,161.37377093729935,889.4549356566705,63.64021530442447
Ahmedabad,21.300781464220037,17.639255545961113,22.87898371279509,49.58553714848833,10.139631112205436,684.3614632433435,132.97115775861295,1037.7640002248538,62.176523326073806
Ahmedabad,1.3481579445749396,20.159892816148556,16.91636848998342,50.46047078180827,24.60110560148255,739.0969080798978,154.63035003712392,968.888131680592,51.548794862056106
Ahmedabad,24.627357962582167,12.547334491287272,29.952949918136348,62.51789415241798,15.544575142463298,671.4850613197366,112.43698056924775,1023.7630950233731,69.92930870899869
Ahmedabad,20.102581765358977,15.003726088194853,17.126204651789536,81.67306523565959,27.41785318128033,640.8047325949224,97.94421971085319,1058.4209417072718,69.6467479089938
Ahmedabad,16.678562890536764,24.12100550802104,26.28880910284795,61.633111004886175,43.45069803698448,560.1958979693986,92.9091265052688,939.3023809498193,73.0370155435851
Ahmedabad,0.0,33.25803988394149,23.199617721962547,63.21118139417243,28.081511874328044,666.4582017386215,148.33523719453012,842.0838971759387,70.00372103488476
Ahmedabad,13.887740459556134,12.561241076194197,24.562739206396188,50.999704471524566,33.481274844801725,647.1492041920037,118.32144262339725,1071.0560428736605,71.72672509554775
Ahmedabad,26.377193363670827,36.93903758105295,27.17786391061646,61.42521482388531,12.889274752083338,623.3522453850976,122.58316056835386,888.179810516057,64.97105740843946
Ahmedabad,0.6898928780258302,2.451674431814702,29.84559917635243,67.27637515895545,23.106119421647637,795.9562844673122,164.95305085759077,1094.012973146037,54.7107444462198
Ahmedabad,0.0,24.649572058018165,28.799390431224694,68.0558824131144,47.22085935794801,591.5500274181692,113.72890861699088,946.6967206776001,70.63307102400927
Ahmedabad,24.57152482771574,32.60166532161148,17.84376786353155,71.86927928140898,42.3946793743803,509.819592069611,85.59005184519043,907.1920334106559,81.13630264871253
Ahmedabad,6.820671465601485,32.092522700654385,0.0,68.32645156095023,21.50558456288749,718.3778574426743,171.98780513906254,846.7066850974858,70.1596022829824
Ahmedabad,18.060405776755417,29.65570771988968,0.0,60.43496461923699,31.989854811398068,612.5586521578855,132.66332521388878,944.8788849807764,70.66776089553011
Ahmedabad,0.0,3.526633369655837,0.0,84.06977821199818,19.378326881526327,867.9317644263341,185.70901513684862,1105.062937701628,45.39173307091037
Ahmedabad,2.4564084964331006,22.310702834465747,19.572220306655097,79.14780737280759,33.35779201985679,667.4782871734677,138.352641317596,958.6076084311877,67.65222402536459
Ahmedabad,12.653240855207095,37.45183895165883,0.7802576094405467,68.4812763409897,14.383153649133513,685.2438365622418,163.44773619404327,867.5271090073406,60.3078504036861
Ahmedabad,0.0,19.286315264358663,0.06374999792962299,54.53270134400688,21.50969395729004,824.7349869587733,174.69528716526287,960.1090052360444,42.654322026009
Ahmedabad,16.14770878655302,31.02031554576635,1.7206845008785976,82.37912417224476,30.096056466217583,627.3048549216708,128.06407401483642,963.0486706168075,68.95329871160548
Ahmedabad,0.0,29.75277129409828,4.077213850965883,80.68387825575203,48.379235810299456,644.2378778444051,120.84564266546002,872.3586062350117,75.05643018102067
Ahmedabad,4.440429706292406,21.713760592970733,20.151389247690616,71.40736169050031,31.714631435398324,700.5054943236488,135.48042294260145,988.4436403208712,71.61421119306692
Ahmedabad,0.0,4.81715753288001,16.39556750871252,70.25521286098872,31.600129306950326,734.3407530270831,148.54105937737265,1112.4999122061822,61.73586306557879
Ahmedabad,0.0,0.0,0.0,49.37350619373372,46.58350370325004,745.8684740208768,141.04945271429844,1147.6417476981628,41.91184685353366
Ahmedabad,10.648492049576546,9.015152945879159,5.248816039046096,62.26729670258419,20.171244910485985,766.2265952333895,149.93894935605294,1071.2807941132473,61.68293632072884
Ahmedabad,5.024843652707215,3.1520223938424756,0.0,69.45208375550723,33.03467416856614,782.637185743045,123.89072962105752,1089.5625628738203,62.427701127763726
Ahmedabad,12.557665196060096,15.328297353872479,1.2582199164658334,46.642577799532916,16.607356055354177,734.1543405669695,158.79995149646481,1078.8418688936686,44.5185505901616
Ahmedabad,0.0,22.98581996149848,17.161368524183615,77.16335117463305,46.59852060258714,634.9840139118787,108.43336240710383,970.2542592119933,60.04522359048939
Ahmedabad,26.17630998762202,24.111813053276425,13.568512578231765,83.96607895747988,38.830128289092485,521.4366084916663,92.2954357101825,973.6594406036089,84.32555875841433
Ahmedabad,0.0,0.0,5.475540029615091,70.15751830370841,46.10244350695373,772.5368083456679,129.3028670057232,1124.8383892910701,48.84465720816134
Ahmedabad,0.8331071875973031,26.54945706823957,4.356759456672483,61.80752021395587,21.91724945007592,743.2034067528969,144.4502262595177,933.1797546297414,47.14022833057806
Ahmedabad,11.716535681621007,8.245554673631485,0.2867133821581689,70.42052997222885,34.70885556471278,667.2358406967709,143.36655798635928,1063.5677398749488,63.3390811292123
Ahmedabad,9.542509066716583,28.15559004522997,9.164404006523498,79.31524453704219,46.00881776817076,592.3399353106946,121.46255751758262,888.0702208102653,77.42988418289495
Ahmedabad,0.0,35.930145675039114,31.626982825465177,79.21187654751137,17.00607572609041,695.6350599815738,154.00144900990017,803.8571272577461,66.46692044543347
Ahmedabad,11.625855809410378,37.10006185635702,30.812395677280165,48.89151735931352,41.06149265281864,575.8678451569007,85.2970696604526,812.0245438825405,86.89797828097656
Ahmedabad,0.0,11.348706343598913,0.0,65.78397334292224,23.92569983733587,813.4320891949781,166.25812215863434,1038.355601451868,42.61248979281174
Ahmedabad,4.08719319860397,0.03958722363581302,9.704654212143392,66.23299957485716,29.744802905048022,767.4103483510648,139.8648010028968,1176.1908082481705,59.00817808051705
Ahmedabad,8.169513300484695,20.765645309901164,32.49146281250962,70.53252208470158,27.920071226439806,641.593553768141,130.98202475073307,912.022972955923,64.22407663004695
Ahmedabad,26.516845360178806,29.469259456283396,4.299091279396002,58.05545941864062,18.066230274122734,645.5760271834156,120.41424744218367,942.0386147229325,65.7173457972465
Ahmedabad,13.124370191122388,0.6278270871331202,0.0,59.947045623989055,46.744940114916204,688.3922006853625,120.97038898988609,1167.7683442219627,59.78567610869396
Ahmedabad,18.78002944855551,31.183096617686594,3.978317843093496,79.64430196409052,25.12654489462505,628.2193836463865,144.2525539455465,959.8523644909835,70.39148056654373
Ahmedabad,10.18050870808814,9.83046819780634,21.07833467151066,82.02235522796228,16.086756390133253,745.5680566554923,157.6576181714405,1070.6260666386759,69.84484834718182
Ahmedabad,14.764284047491724,11.409846436076588,21.986828382156784,84.35055633688853,18.408053597499894,705.4618046661138,120.97166117695448,1092.952719161661,59.745196380723904
Ahmedabad,0.0,34.748382047962366,31.23691287499041,61.16470336576909,21.584070897810584,730.2306510182761,144.83223111481504,879.6548516751776,67.4505661617116
Ahmedabad,0.0,29.509259587058768,28.28718541179567,51.23324186137547,11.047041882441576,777.7413073303163,169.79446466926203,881.4476498773759,51.64337678255372
Ahmedabad,9.736941900167878,12.742708274180071,27.004152228192865,73.38728413528465,30.868505885926755,649.720333606565,134.94886245181587,1051.4204489700894,69.5604232981535
Ahmedabad,18.35941659491759,0.0,18.008124034887537,47.627297044276894,41.18252425849454,598.7421759900133,97.68631928722476,1155.1626497702387,63.09262304283249
Ahmedabad,0.0,26.646458382408024,22.467888159103865,80.60096481305297,44.50038722195265,664.0171200234188,127.84426873728907,902.6922662014001,71.56401748003576
Ahmedabad,18.541167653560088,18.890523658956624,8.951868279955182,75.361510509859,31.785631356684497,666.6224690737404,106.47845602337243,1028.655682234416,68.15379245186212
Ahmedabad,23.22341895781109,20.12836035776201,28.158801525520694,72.31616118143783,15.848549593138358,636.7076022030068,103.03721423737356,1032.7335789203646,66.59860188584251
Ahmedabad,0.0,33.91872959063393,2.7307915779965377,46.90241419176647,41.63873176934774,643.7649659531274,145.0689815256694,852.9432088500847,59.55963112943237
Ahmedabad,19.961355760005326,32.138679691831626,11.252712638947088,55.75387211129022,48.6042155369789,523.4598949867552,88.6948954546333,940.5956270168135,79.96270821300234
Ahmedabad,8.1334660102108,10.688773843410054,5.889094610515508,82.02092173868522,19.389537840961246,793.193927561363,149.5511497639548,1029.114099311431,54.8390109980507
Ahmedabad,0.0,21.179461623226164,0.0,80.64087390104976,32.27909754724338,732.3411818246227,160.57355114764343,998.0931906297718,53.184981822278196
Ahmedabad,0.0,31.819921606935893,0.0,47.01463171356578,42.90792305035324,695.9322252427613,166.84790278895346,880.0889387796757,64.1915718511585
Ahmedabad,0.0,19.74028430643126,28.47964443777738,77.70704886781986,17.744416941277095,710.5253318554556,158.21383070499425,967.9013491759505,56.51616427707221
Ahmedabad,25.246620773774495,20.9585784772258,10.6866910263544,61.84740678148554,31.21596408395073,623.5727076095841,118.23726056389675,1007.4916346731668,63.31275917756969
Ahmedabad,25.967851572365582,7.173655152461393,14.42872458058783,80.78048877428509,35.53933268562142,609.6379292881722,99.26724834361784,1121.4871216373792,75.51351335743789
Ahmedabad,13.82958298788968,22.504629401049698,0.0,50.06774726005477,11.402744616617543,750.0419877763879,164.5177922726617,1025.2358706714951,58.71367806293277
Ahmedabad,0.0,25.629395607886813,16.219100281017646,46.656313717955946,31.698298982853977,671.9277631199602,141.96279997981216,937.6123107158089,53.500809588578505
Ahmedabad,9.504250827823501,6.540345423496518,2.447992799755454,58.1880992753473,21.281734037160895,765.3156669940482,152.65268036018222,1064.1821186369862,44.482249693690214
Ahmedabad,17.765616484690163,28.357482202947406,2.7202537204053456,51.35744666206098,33.5669420520489,616.9638979468458,114.22906314780887,953.3572515581877,68.93864310049082
Ahmedabad,20.398661579983518,0.0,8.417320367735774,68.34216598494201,47.23504930651423,588.8972775333222,103.52336514891282,1172.1500972510569,65.2092818181051
Ahmedabad,0.0,22.008391114599835,0.0,59.597498824905244,30.167615417182283,736.4868750366331,142.0551887732492,995.5801808863508,55.67752096504338
Ahmedabad,0.4899456067753576,8.199446620233301,13.190439992115127,84.98266802331084,31.84923462007678,701.1148337052854,146.8632100668946,1085.7981541076715,60.74874764188106
Ahmedabad,4.901219464606566,6.144194490115201,0.517307602073025,73.38725909846241,32.39563481657197,765.011293356615,153.00539358396588,1119.0668407872765,50.421923286218814
Ahmedabad,2.451242357483469,8.861988479652345,5.884654389483433,55.0928533277202,34.858678286113815,777.8901394864163,146.45143242876148,1090.9622455709105,50.79299625845018
Ahmedabad,0.0,31.38398736824046,10.51994338163157,70.39710248842601,39.11567736403847,668.8737305532125,137.05690129769093,896.6335465759242,58.09675277479812
Ahmedabad,0.0,27.72208284360471,18.004930773783205,49.9533096886824,25.984031682962765,695.920267838442,153.14250314657912,916.5875595090043,67.87548849932202
Ahmedabad,3.4230294915309543,6.9313868271175565,0.0,80.17641501276063,35.641645596666926,738.9652193452894,152.08855680810518,1104.0874505395066,57.437136663966506
Ahmedabad,19.845880258998726,2.383406351686965,0.11226940423035714,54.970587751911935,17.62672059977338,744.0506712780515,150.26593760440684,1133.8856748040596,40.86800770643018
Ahmedabad,0.11007144595663831,2.665146814810859,22.88709609136646,60.51520592287095,40.92799305989007,695.7998387224375,143.76869069382514,1090.183027606701,50.52610444485065
Ahmedabad,18.695842830489735,13.312107510807099,26.38863498838537,52.667744325509545,34.32659386225055,562.7633493095076,93.34977949535777,1038.1111569209322,69.94798195697173
Ahmedabad,0.0,32.2390021788525,19.217069119004478,81.85214541730316,12.121193094313295,731.9713978985639,162.94016591961184,887.8503976862044,53.02686311234122
Ahmedabad,20.592383510972034,6.898585562833645,5.4699211074433265,51.92078982892267,14.373638495713553,751.0126101107986,154.65998973809496,1137.1794931132933,56.34834617779287
Ahmedabad,18.14335570926919,18.44312951438326,9.071117212217302,55.80541718771214,49.25702235869263,559.9622231643111,78.42249007237815,1056.539625479457,70.2256594145145
Ahmedabad,0.0,10.35826878626062,11.452905877721062,77.68753169551024,21.439344062857973,767.6897145516125,162.97976632965506,1060.802451647725,53.267687829149885
Ahmedabad,10.507428107890984,27.827206738459523,30.814188746800426,57.02791554826197,40.93695135980934,534.7321242600673,112.79765254526674,932.2562959377798,69.63685110082251
Ahmedabad,16.65387613800511,11.249381924263952,19.521982064573887,74.32890501767574,38.75532564349717,640.942731874977,104.75485347537446,1058.9780072922488,68.22056124056523
Ahmedabad,19.768200194238034,23.17465868802782,31.07747430688803,80.75755251086966,23.817527707304798,629.1085155979442,86.18379183241436,976.9043146192565,75.23404229144158
Ahmedabad,0.0,34.696946272540515,15.206483923238451,57.876396351965894,30.340006684488053,665.2803833912197,149.279128958021,865.9758335939111,59.92102196706195
Ahmedabad,22.876690876202908,31.037848782680605,14.721892482596278,81.9676485122078,17.089907702567572,625.5632695578578,126.30478666428883,908.9780257568817,71.72262829854928
Ahmedabad,20.6911207011119,33.92625333996819,8.99277976638654,57.432070998236725,39.641612305859944,544.3438813166536,98.73871523314027,924.5387358232501,74.35108436289332
Ahmedabad,17.469801923981002,28.51205642111881,22.239997990958575,62.979718765516736,24.76729245270285,620.56118348743,135.03167978832897,942.5758899582013,65.92732263153606
Ahmedabad,0.0,16.687154647492825,6.712076491871496,51.47429950977864,40.38000816916441,700.9714387161332,176.98620989171712,967.1394908369605,54.67786567509315
Ahmedabad,9.824647403977842,1.3597926403911593,17.40676829115635,79.50424775038053,30.03424990521768,730.5247222447401,115.54200973860793,1130.6473574509596,56.534052321989655
Ahmedabad,26.189789287405546,10.203743829266536,2.5149063596302312,70.93623680962958,23.21137171106303,688.8374280945563,119.48759746589205,1061.5097798900622,70.63081628925943
Ahmedabad,0.778791502110689,24.79199671694553,5.655578060711539,67.67965311192576,21.140104447615187,749.2197431299377,169.28599732709284,992.7513595753587,58.39376898258044
Ahmedabad,23.91412887820232,25.189343940339604,16.192787015984827,74.22450438559575,18.957517269787854,656.5321205857447,109.33592291690636,1023.1613194356134,68.39669556153218
Ahmedabad,1.174972722296296,37.47463334612537,0.0,53.59434569284759,43.527701283527655,620.7151558869035,148.49445942339148,827.984845761485,72.76539396168862
Ahmedabad,24.905945069175402,15.171594574998444,14.916894333893353,80.75491672856201,32.77294464171875,619.400223525112,115.94177150934306,1043.6346101689116,80.55046650065057
Ahmedabad,0.8856989890053484,28.716571896609608,21.968089531474458,51.44553491917491,15.791913849566344,754.6470580760223,167.76588716727392,934.091992616799,62.609128935809125
Ahmedabad,20.48000241928134,7.99533563730623,0.0,48.78933686472608,23.263177092733308,733.5923384891753,137.74087633604074,1092.9668789468703,54.07114814619368
Ahmedabad,17.907771157369204,7.497422978409556,0.0,56.51519727128185,10.066332375904473,761.7560523173022,155.95853745968643,1088.3409529981566,46.01961756875544
Ahmedabad,0.0,1.1344412025830657,22.090115210285703,57.43547276488819,39.25381735009796,763.1189099356792,127.7226007530556,1047.7376539507718,43.382180996473295
Ahmedabad,15.035488331067299,19.113065989091435,21.08901699309607,57.62507911476345,23.71168250410455,687.4786355733047,122.28097538639405,949.9991674333245,67.4659565946863
Ahmedabad,10.845335888244161,7.112112975888994,17.115185433402715,76.41613835211142,47.352095199811096,612.663575988307,101.21932572429476,1103.8756771625729,69.3061716427155
Ahmedabad,0.0,16.968180684108237,0.0,52.991825348217176,22.633408433721257,754.6096521943132,183.56745595745824,977.7222485469396,51.332204471978216
Ahmedabad,0.0,17.84367444920089,0.0,47.94097983289885,12.754745062215484,825.0462924400915,180.6033175322078,952.8878332034612,32.38199701914241
Ahmedabad,0.0,34.34486903691104,28.208885888106586,51.388251840782104,42.22644632342043,620.3594394619411,126.92917391352469,872.7275846032027,69.03020129215082
Ahmedabad,0.0,22.04874326061037,0.0,67.70405510317616,43.96781817786589,677.4054188364362,157.6046592918737,948.1442660873573,52.21787830863313
Ahmedabad,11.349095925617025,11.171755616840963,9.775907262851625,60.88086464524591,44.83638914779998,663.3448416464084,98.42401618179366,1098.822021037485,66.2947748349328
Ahmedabad,16.032054031365625,9.231172367747018,0.0,46.98461216352204,47.715506220792534,629.4776762610653,106.32545470428659,1074.424161860611,62.192566911080725
Ahmedabad,1.7204076823151873,29.25119969678382,7.4806844308618246,57.8120710131511,32.22470511546589,693.6204625879681,164.47741056702822,881.356266015072,68.10838613570141
Ahmedabad,12.610581814128107,14.839533028605793,0.0,54.330676845712915,27.55112821220587,737.1022916606298,126.83417184644787,1072.7296873068046,61.370268001567275
Ahmedabad,0.0,3.3819640397385093,28.59467037127989,66.56318909640517,26.909444417617454,744.8081319110483,133.17247885627265,1045.9547890892325,52.946016719328306
Ahmedabad,17.10970336044583,13.537280724245264,28.45461266697673,71.06713399831243,23.459657351226525,613.0856995998238,116.52209096898471,1063.3561260030374,63.49832928372507
Ahmedabad,11.504249720579992,14.43645510089398,0.0,78.49423326510927,47.73530265619271,635.4320726356488,133.4542990069409,1052.909399343316,60.065786785375764
Ahmedabad,25.6466332349312,0.0,0.0,83.45022078980553,19.155109062968624,755.7302078252336,140.13314356505333,1158.189268071664,54.86131820972705
Ahmedabad,25.84660186811478,33.94991677328909,26.181457204924726,83.85476859763146,43.670160555802724,478.1393831629559,59.10029928945665,878.646224308876,96.21206441550306
Ahmedabad,3.278123316463361,8.485811536852694,19.179486385760182,84.14110929522283,18.6209444600119,784.3951770984928,148.09085596262082,1089.3918084544584,56.08565621584151
Ahmedabad,16.256219589360043,10.780183578227247,10.116280789644364,81.52165824981772,19.86901666960144,715.5278446416069,150.87545781662158,1079.317169031147,48.06987089509341
Ahmedabad,23.737073724412,27.523892744174205,16.92133982187364,50.33918910725734,37.54304599550611,580.6322160153389,77.04454649995621,954.5269133327043,66.35219738490088
Ahmedabad,12.447762047632985,34.35419947265604,0.0,72.53892866249073,14.961282415982895,670.9960417960797,152.69199340040424,911.1494092132924,61.81663227664902
Ahmedabad,0.0,19.568270399119026,6.762477599226404,62.88436184395372,27.116912523240938,775.7174100747706,184.8209702645555,991.5077451714026,59.11918185492912
Ahmedabad,23.881101283081918,24.182252744516003,5.119191814761406,72.18238606333884,26.132081228872245,607.5091168405479,116.36269257378721,1032.04331675338,65.17312642497436
Ahmedabad,18.909579761302588,26.724080872186065,1.2079693637050113,75.49665067755438,18.965057839343125,683.5018815984291,147.7847358874192,933.5721302799808,61.444204451862625
Ahmedabad,14.119365503606176,24.096513190059788,12.72110663765817,62.28174956218517,48.60731357684031,561.3021713837152,92.87233980913133,947.3935075177383,71.84472647185771
Ahmedabad,0.0,33.23428756059285,0.0,53.91150586706757,49.75003673413688,659.3333864826367,129.85807904519845,829.632752659016,63.18382082133639
Ahmedabad,19.746784514599945,9.201701660934308,29.603644054784525,53.55269310269427,29.65978635788315,658.0439616426827,105.1777996207256,1092.1277003829366,63.41976073066144
Ahmedabad,20.073714574777647,12.200271984467406,0.0,67.94627252700823,25.79466722806699,676.8223268475891,137.23244339254612,1085.0770767354768,66.84994084178412
Ahmedabad,24.991050707569023,0.0,27.10419029630713,79.6318483432119,49.35060106902005,560.6182447471446,50.0,1140.6791048987184,82.4489011552985
Ahmedabad,24.38297832540779,26.011659316641136,21.65759150246483,59.631570165390734,45.12802421441705,537.4450813767594,79.75161665510358,1008.9679357922571,83.53824327656365
Ahmedabad,1.7123424273412873,10.315333871129223,20.156630145053633,56.13506356060162,37.85178413729332,704.621821671678,116.85934166953169,1036.3262065464944,53.56656461053342
Ahmedabad,3.140120763266914,22.433984827676213,3.9030306674389017,56.739484934789914,30.839864468162478,734.8073913562386,132.3750760122763,1005.5541989983265,52.033907983303195
Ahmedabad,19.026395402499148,28.961475524817793,23.65968634521442,76.01857719772077,47.66712555422227,497.26401776230534,95.30019694060559,973.2967872550286,82.56708156736043
Ahmedabad,0.0,1.945864094465918,9.858873526769308,46.19547930408471,10.002679968717025,898.0596260832641,184.7314605604322,1119.5523512164125,34.92648871408208
Ahmedabad,5.153999402529628,2.937338209917751,19.701382529776417,72.33730299431724,46.01572741756581,674.46940669029,115.61421081809623,1149.9515930839373,62.64963429090836
Ahmedabad,9.145233902255036,14.42948743226805,5.552497893598765,70.77568338776099,40.10312583255627,653.2817870498168,141.99448663641823,1025.9250589132953,58.53311581281768
Ahmedabad,14.122343458269423,14.752307520936952,10.408785671443251,76.24698164695002,19.45310099858299,721.0547534892489,149.93988898314007,969.4414071731466,68.03729130772099
Ahmedabad,2.675800058145617,23.428514265036583,0.0,70.28035031200565,29.517830153764756,744.2298832154071,143.90577594219394,972.6966884117022,70.1137836475578
Ahmedabad,4.823735651278973,36.13288989619549,4.974665009612767,49.28890225326217,14.483714824271964,700.8552580296077,157.80008983469733,880.6399948228839,55.94247290176596
Ahmedabad,0.0,0.0,9.811980747768246,84.17131932368895,48.71098023910422,736.1794476515544,112.4208378296797,1136.569337557134,63.628687352645464
Ahmedabad,23.70158521673507,13.109640492317112,17.187875482074464,75.38991800397152,36.61844750208762,596.5421369946089,95.01529462189873,1079.9313437755277,69.21736792424232
Ahmedabad,0.0,1.371880984599045,11.649918084731887,66.31056321126242,45.26643321062844,713.8909921792385,129.61820804898161,1115.3051454141446,53.98054808926278
Ahmedabad,9.22585744211511,7.970478006897455,31.27070853496523,50.85227090259289,44.34696570499139,632.8889986056606,73.72147109557959,1077.7491963252553,62.38062052549526
Ahmedabad,4.5342273576151655,1.7483371953518194,0.6829294599757461,68.20405548841558,18.369398288014025,850.3792104782626,172.85919650469464,1196.1000793728465,42.87343655596346
Ahmedabad,10.793729411865634,2.741433317995023,0.0,72.31332796206411,46.67598636256698,659.5874912430266,106.18537409290147,1104.7730453750592,62.27693319041989
Ahmedabad,1.113355967685738,31.628321056818038,13.740275538426957,83.60896999436608,18.560641930859344,727.4218460259503,162.13521915084806,872.6192975157005,64.68359961994958
Ahmedabad,17.009947581308314,27.123296791063666,27.350117880239118,63.899773781890396,25.60903047436955,630.0203758044919,114.34629262446825,914.1078983721919,71.85041291074415
Ahmedabad,0.0,10.537688806251527,14.676665389448576,55.773424597906896,23.705411859928113,762.1804266791332,167.06412279961432,1062.4638677533767,44.61013611815609
Ahmedabad,21.668799269706064,12.166861049396253,11.552450579834968,56.25332051068298,16.91768804306338,669.510265480567,124.80031776908726,1062.8369710356285,59.362858720191625
Ahmedabad,0.0,36.19314387788575,19.62615797082392,54.8475570704576,16.03607434279499,719.2043131349161,174.91557697691817,824.6832125423159,56.22097828684162
Ahmedabad,0.0,0.0,0.0,71.26424513234363,48.92618963903464,761.5700049673062,146.10330241397693,1123.7913735431146,56.5801792023744
Ahmedabad,8.828058255681725,23.26417836477046,2.5047449051989226,65.78554348192702,21.924890279642764,702.7098600176511,146.38295849768136,989.9265776694283,55.418654805113704
Ahmedabad,1.0794013865058574,13.599617324192948,16.69647204857101,57.0307164347888,45.41693803938913,661.4607284105851,110.49610970919944,1042.1741549880305,59.764947467322976
Ahmedabad,23.058984943387088,1.1381915000527307,9.030777952235226,45.141203891084274,34.64461697264994,642.8427516348306,93.50317076832431,1163.775324940706,65.3951042773307
Ahmedabad,4.515998532699534,28.26358002234509,16.31033316112889,77.38289123708577,48.79037610802253,590.385299270646,119.36878983335683,950.3092291523661,75.05776347846538
Ahmedabad,0.0,2.938832446203193,2.8053702811786465,72.70283397115506,48.13198721188699,720.7305170855154,133.40530040135556,1067.6902219952203,57.953335391760525
Ahmedabad,0.0,22.041170619404838,0.0,58.133502239804876,44.80490987423869,649.6343460992648,143.56327686042513,939.1612185815032,53.837124256044795
Ahmedabad,26.69236679440928,5.13938844338414,10.274968164275545,84.01371097434117,14.451995712150811,699.9977880918933,132.4718665461322,1110.1663378336907,68.39291876525382
Ahmedabad,0.0,13.597868161800763,17.003977769704882,80.86381524859284,48.47884119796434,625.3677362070144,131.56092975713142,1048.5490656692202,62.76653159196848
Ahmedabad,12.466291660676635,1.7221318109183663,15.114375185091372,58.81185207797246,46.983422743400375,611.5064607308027,91.48518237382977,1083.1803023348748,65.85615638683049
Ahmedabad,26.556164127323626,13.141089606767713,16.83893755359515,69.75157574123439,17.550084129084766,642.6416245314686,127.98738422161904,1050.9953257408083,70.09117016000937
Ahmedabad,20.262726542964927,8.225401260218288,16.578578791156353,56.00644788540952,27.005448612249197,676.2442394850308,117.8538306305779,1101.6086179897945,52.11924844226558
Ahmedabad,0.0,7.5917524042388145,0.0,74.87810633754897,20.155884147073063,849.7425363044949,163.50811028856657,1042.5460472474006,48.40692651391856
Ahmedabad,0.0,7.192897150932119,15.28193178161887,59.53012981274888,29.338607457033916,777.8628980986489,144.96116994635526,1038.9098485045677,51.87638416152369
Ahmedabad,20.611347776234275,31.845248789442415,5.042447767534943,57.74491205298496,40.56190171891198,536.4499666197245,105.10066213573998,942.2547313383665,68.41660651673922
Ahmedabad,19.57529756663336,13.500782927805506,5.056839332645344,60.662720987543295,44.61334396840823,591.1266132794335,88.60052191224297,1078.2090170581157,71.03563627303946
Ahmedabad,20.888365203784076,18.174331095578204,6.0042116644429555,49.67479254341026,22.849311177083425,652.4991017496271,130.57809963469592,1029.8968720666887,60.29841158048549
Ahmedabad,21.965499603982067,25.92765328908866,29.914191452460038,77.99965354029226,17.762101424103438,598.4958788095756,111.59145630523597,973.4438562453614,75.27379074423985
Ahmedabad,8.139062908155989,11.379472309399048,20.056716246637727,48.45405994653792,46.96320666440252,609.7133062891531,94.71951565311707,1127.1903343556514,57.094660590499494
Ahmedabad,24.377267499092227,17.5814107834737,22.567610022349392,78.3314398579931,44.989536550705736,538.3973347829456,79.64201757652745,1056.0150194557098,79.0516148772683
Ahmedabad,16.797799885699604,3.236090245529015,20.355714097332264,82.84062520311093,24.67768488555905,705.357340610449,124.75361240593442,1071.7309041120157,63.42946456516856
Ahmedabad,9.812234053837365,37.44047760383082,0.0,60.347627642404326,27.268824797430625,659.3592355054615,130.82014452206136,832.649399279465,67.48435195215656
Ahmedabad,0.0,26.35400227596307,23.950952723217714,54.519620167552816,32.978346377826064,679.0848545420398,137.3060948282589,932.7450743249988,59.956879311430654
Ahmedabad,10.473510695163341,33.27061122462025,20.36145948828912,71.9554000363423,42.94183726342476,537.9990307117313,82.69213183888262,851.9731341110815,68.7003772255384
Ahmedabad,13.859387564708292,31.773712880144487,15.533684322618178,45.365953620577294,19.079805001738915,663.0552827351405,150.36133897827284,939.936274958763,57.88930985859068
Ahmedabad,23.25664252045349,34.475582675724645,27.315526300999686,50.06929225232182,19.00735631062398,571.2491236184928,111.41602292136807,876.5389834691306,72.71208952273696
Ahmedabad,0.0,32.249043882754854,29.324594398146672,45.79906633236274,36.74810683684373,594.5724405892552,118.15520077107868,930.2082803806454,63.77084291458964
Ahmedabad,0.0,36.90748463848149,26.41848181510855,60.41040219341525,12.893273858929348,715.0725866157248,160.43270503124492,793.3556750953103,57.474771269191514
Ahmedabad,4.393103747118616,35.88223260813248,21.773795690028575,70.80664820875754,16.219921956249696,689.025562033454,146.7230031288586,856.9015374183498,64.20789978780762
Ahmedabad,0.0,4.874182062371613,1.2491896250731536,78.19574723711997,17.018748886756768,807.1622612722853,188.97321484057053,1109.477015247974,47.29714912759673
Ahmedabad,0.0,36.71791634366558,32.125005469675315,76.8786913634209,14.071875264198335,740.4299499853851,155.89450268237368,808.6025059878043,64.15527564201122
Ahmedabad,3.733444106899455,33.190785209544934,15.512124070827234,69.7963318961414,46.336498693010256,598.773208352011,135.62456678940958,882.7301620198261,63.45842903112337
Ahmedabad,11.072719839690006,1.563734231238879,26.88366772108781,67.37111655168346,42.46209288746721,634.9138072700141,104.1295216216823,1090.9077236431506,65.84866922896438
Ahmedabad,12.502076093863252,34.91892683656065,5.664909386793976,64.70596648654748,42.99756532700488,632.0572883323019,120.9350443721999,838.7422233513288,66.85317872055566
Ahmedabad,7.445174482220494,10.16310932509652,20.219561304288952,66.67068855369125,18.921336148782387,766.0186754227077,162.27144086986522,1057.2360681340901,50.283135045792676
Ahmedabad,5.0778655750520265,16.412762129003,5.464549217180057,50.42941970166787,45.48413990179075,676.9776992857721,118.6339828002125,975.4539660342627,53.24392781379895
Ahmedabad,0.0,3.911511671960646,10.710349735830373,50.08383390404314,48.79451582124266,704.3371644160457,132.59176029752555,1092.291678364424,64.1353865803387
Ahmedabad,0.0,13.849942642528095,1.4250149785562183,49.977822253957335,11.518423212491236,835.1321497170546,186.5720763701439,1073.5987971075228,32.1563590942912
Ahmedabad,0.41041592364118884,22.218433729437898,24.927066088737334,48.82414209938261,28.34032559369287,705.1268055166548,159.74678803238905,935.0434424918336,64.1275460986765
Ahmedabad,24.43011786991932,7.016929341732611,18.455070584442545,82.49483004146052,11.757238156243545,721.4374449970977,125.03784571351393,1144.5104116801965,61.9802198199444
Ahmedabad,24.097019931988818,4.548434669678738,30.922131127265914,74.44117597244404,14.42996518971453,678.6394805498161,117.0117866066385,1162.9575773017682,65.26694289663648
Ahmedabad,3.208583112538278,2.091677134811725,0.0,68.78287760463851,32.88781540622227,752.6131994694628,148.22725283269457,1109.0489664468043,44.264135093264926
Ahmedabad,24.3646783815977,9.545839424582645,12.655735936096406,79.61837106156058,34.034455940052645,645.5420647785057,102.94315278063323,1103.057154646261,65.67738464869917
Ahmedabad,25.089470551290447,31.862013573669714,3.3724623637172257,84.85587932019234,23.671377968785126,634.0441823497642,121.10104399220684,882.8343853042011,71.86122873435293
Ahmedabad,0.0,30.70084770094818,5.409844242206114,56.48753285969014,25.327747440470517,716.3200774870487,167.51702452017932,911.6653762163277,64.08838212352742
Ahmedabad,22.537224717579498,18.841988824176497,22.80398356732412,62.03209972697208,39.53637902493072,576.8910724731458,86.38155703268161,1010.7933224112725,75.29563234677963
Ahmedabad,3.9267195295625363,26.27632889349772,10.305285405683648,77.67633695992075,27.26575128734837,710.089559118505,156.92702481221812,861.846636628398,64.36730069058547
Ahmedabad,17.56478820163281,21.895464612539207,0.0,48.3221041487198,36.25168710028527,623.5756793909287,113.192807823058,1027.1946516689932,66.80711842463265
Ahmedabad,10.216400896977348,28.517972637713076,22.15603512354636,48.28725320363425,25.694137375760313,676.2768153558249,126.12088137378356,931.4040633194138,70.11725904984978
Ahmedabad,25.79843566489425,18.785169915741708,13.932783173430007,83.57972758866892,22.458602015808395,672.0086868168746,113.36162688528299,1031.719437974969,67.28399173182407
Ahmedabad,15.610559606431622,1.7486171112133206,13.748432439244922,70.41986637072654,45.122464425196384,642.8546657888343,100.75549977503071,1150.5728473420845,76.9168510898889
Ahmedabad,0.07113874590765334,35.801507728644566,25.926596561001467,63.9942240668819,27.62055698211329,623.3661774331466,165.36467616283903,829.6144527900452,58.11655327064908
Ahmedabad,0.0,1.659077976848888,1.5774289304243805,84.41593704146376,38.652315706127766,809.3311120730717,152.625229734196,1062.5172819159195,48.80570340674374
Ahmedabad,23.623803977200176,26.08053288341999,19.41910068314414,76.0253512898492,11.753030064261807,650.1579357713812,125.47120833525338,967.9535078723762,69.55000061102807
Ahmedabad,5.758659427277667,15.89791810932353,8.254001182424169,57.91825091294669,13.115240334910592,778.7439077732865,161.22179597740958,978.95982199598,59.09115582280259
Ahmedabad,0.0,5.397279984099384,2.8567070647538007,51.390384522732816,16.687785922067782,839.7624404475748,170.71921218425894,1113.432700181068,42.578737577381276
Ahmedabad,0.0,14.62544552092342,4.141920951604451,46.18561242961194,42.80869218073322,711.9861756213454,156.48398906308358,1054.7238056986087,53.58710243052741
Ahmedabad,15.24756856283198,8.95113302416757,0.0,74.5882247321685,46.728031052801484,655.2649707664938,128.0466607647915,1061.275181875285,60.92273965721771
Ahmedabad,14.55990045685611,17.375996772623484,23.276578488552275,71.41438809364531,19.129417304239354,680.0494320691413,119.26873149961673,1065.5776636458243,65.1543469877903
Ahmedabad,12.915066254663003,28.32211057846533,10.203966789047499,59.53815090578111,18.43281251619496,693.2723914621595,160.48552247903103,953.7679858839205,58.77250021197393
Ahmedabad,0.0,16.813483978811863,6.879718802685254,73.43132112597644,14.031605039734409,815.7308659992789,191.05829932152457,928.9729863150234,50.38021811542478
Ahmedabad,0.0,6.9693361442011454,20.3927661116356,72.60482210072848,27.455273436423884,756.7874159083901,148.02829503081702,1058.5939746923607,56.53704983194347
Ahmedabad,0.0,17.74073602437226,7.252706107470036,68.74463722113681,15.173836736986765,811.262805307376,172.57358555572344,968.9822096318919,42.356936741450454
Ahmedabad,0.0,17.300879290899374,3.0768336120756032,69.08325277980032,47.70285563073931,683.8597399526475,148.0513243275157,974.972672754711,62.462810093889566
Ahmedabad,17.628639906862677,36.573100990949584,8.439188633427307,50.873227750790974,11.134026255496153,651.9235538481025,140.98404617017883,912.8531833776069,65.0253850551888
Ahmedabad,16.037344486836858,35.29923047615029,19.824914675626136,63.02902763908446,15.432712767196026,642.7727732053869,152.9765049692404,884.4541811093046,62.654121087871516
Ahmedabad,0.0,2.2540775000001307,28.68857568800098,80.96129740941996,29.20380966154933,790.6904128346566,157.83222111454927,1047.1472456756512,67.03487323285995
Ahmedabad,0.0,21.006544029405397,28.867372125547625,63.99817864005665,26.136704860406695,707.0736128048352,143.90827058584918,967.4015863115924,65.16912664463648
Ahmedabad,21.264372779651666,12.886146417758663,13.808769649574074,73.54394813452834,44.90834492177834,596.5099503670599,111.20869534183007,1038.4345927182492,69.74446600250789
Ahmedabad,0.0,0.0,0.0,60.54604913599249,10.585402828770686,852.0085046989136,191.46886898976805,1129.6220324256944,29.699492115521185
Ahmedabad,24.004813116906618,7.354570864370251,4.248038349980266,56.554017964612,30.5760455577675,629.4920153538163,101.57549213492089,1151.9911917620595,63.31239907195906
Ahmedabad,0.0,9.012047285533576,12.188224081448318,71.9190472353019,49.200900287495394,689.6946371169461,120.51418479104296,1032.1428677705746,68.78896253325208
Ahmedabad,21.52979148218425,8.68530616380992,9.245645418331296,45.17853913220901,19.12349306427554,709.7400447512447,118.64642833392028,1123.7318269168907,53.72750230661668
Ahmedabad,12.16680957186017,11.073249259622092,13.657796173305012,67.76729036905203,43.08646903818157,649.5515416796316,100.21275571588849,1064.066741683793,60.8521727049485
Ahmedabad,18.894231718608367,3.3163122526788165,0.6273772619173421,56.36245749865261,16.299349720959885,760.1969213416421,137.68469415160465,1159.9218511203876,48.103573945617605
Ahmedabad,0.2316068642012432,1.3946399578170237,0.0,60.761910524447515,23.74220170540424,846.1022253961021,165.9528383915292,1130.5450630768971,51.83483762303058
Ahmedabad,0.0,22.57867255348592,26.794454350597853,82.6410274997958,20.90293012003493,711.2338858335261,163.04585230251726,972.857156034643,64.89287143843006
Ahmedabad,12.497852646920556,13.849577309508813,4.474287828322389,83.45459791055389,25.41846518214925,713.9572805390195,139.46404468445596,1094.8050834761912,62.734454182753744
Ahmedabad,0.0,12.31049199701739,26.415190290032527,69.11307362043877,34.90390617140322,693.3465037463,118.90075364646731,1019.1808063827134,56.49615524535946
Ahmedabad,0.0,20.241751445058885,24.070830945816954,77.22763778928982,46.18072590627812,622.2140937687097,109.49320100934607,905.2530704983067,79.5898476377433
Ahmedabad,3.226734250611777,37.973439993986666,9.552215759853553,58.21417152109227,22.671675548268976,685.8809779259998,150.6273535908717,797.5393752187601,62.47594618730937
Ahmedabad,0.0,10.563954810142928,0.0,77.14241710356907,38.79842115165149,737.239617937124,156.38406942111934,1029.310374820575,59.94029192216936
Ahmedabad,26.73619384166905,9.595313503275474,29.77967501223916,74.97386845916633,14.105117522142848,671.6749374181903,112.55161164703128,1099.8750295386906,60.59332380269919
Ahmedabad,0.0,0.8910210096935316,18.092031039119604,51.04576800288436,12.911052769306721,864.7015003114669,175.17278547983756,1134.1748500795898,38.120143465261094
Ahmedabad,15.780802881591136,12.36491917707773,24.715875427899114,81.17545065784886,14.304538194908512,691.9757041874587,134.1617183568561,1074.0352143168636,64.12451112029645
Ahmedabad,8.513499871946024,10.580941477799614,17.015606727159813,75.58664918643106,43.67020867873695,654.3397034050414,142.69140314650681,1052.8322648398728,68.05027427748398
Ahmedabad,22.28868887578045,23.67630669486938,15.258324344139243,67.04545323408351,14.159818093348422,712.8321074903257,147.40244627788454,1012.4169245628707,74.81444805536393
Ahmedabad,0.0,11.8442017997234,23.84797659506924,50.67427186728709,44.396633996180036,658.9438696113212,104.63821087020453,1016.9480285129454,59.52415859007966
Ahmedabad,13.89460137357559,2.587425110247324,30.208788043556616,78.00653566405208,22.992753747994676,685.396327853922,123.12440024417857,1145.5614259141007,64.04906463910416
Ahmedabad,10.877699403506647,37.6437235880594,9.578201058537047,47.015543940144745,36.29913181663965,634.2648052741581,139.46160106228768,852.6801799050966,75.71995120943006
Ahmedabad,0.0,8.279532324567736,15.735181103588172,55.72703334576643,42.5392087111927,671.5583663295274,117.43976437580807,1066.0873826938398,52.71125968453262
Ahmedabad,0.20081269110593425,19.500924773023762,0.0,69.09867854192562,42.00219836072735,729.8741938919725,139.52700545283926,929.355056617979,63.479966194404426
Ahmedabad,12.685650089701841,14.433560006346898,2.5846660865234092,75.58768569296676,34.75330351562803,666.5043659425181,139.0863284331189,1013.3836386300881,55.7034862802342
Ahmedabad,10.657808417226768,22.497769688097346,8.186506415033747,78.2538674579076,15.228501626823444,752.7897913117383,162.5095156655792,933.4547098308789,58.18182931040519
Ahmedabad,15.298254818055955,20.72341225923541,29.818288018309403,65.5974190179561,45.90293730215705,558.4885284748377,64.1595952977367,1018.504231931412,69.88591208437965
Ahmedabad,4.345212579358346,1.1855653759755356,4.697042704108156,50.574396459783046,46.600875381977744,743.9271714454803,127.9727909788175,1165.2705369566384,37.70031723793836
Ahmedabad,5.116024810878724,18.400611304995255,8.533811123570835,47.464221209963135,24.776409357374966,737.0697880644801,143.82347064894503,993.7534984598373,53.012575626883255
Ahmedabad,0.0,35.16306188557091,31.635683507306986,81.12246403700851,15.446086595496865,675.3188414210534,161.31922190963024,783.7532689962302,67.70475753670642
Ahmedabad,19.616254365856953,5.790349849989866,0.0,47.621122225915464,14.518109507081345,768.318030604174,154.68007308908705,1085.9397369856033,50.59946534115856
Ahmedabad,4.051694352290006,22.123297790129826,13.842130005530699,69.27332689299081,38.14187479223531,675.8376355012821,145.16441194545723,933.1011218932017,66.97446613853582
Ahmedabad,0.0,3.5400349239674327,0.0,62.9162551734445,23.589229333149476,839.6881370913163,147.6793349157905,1100.0134680205083,38.13296368386949
Ahmedabad,7.369479759151208,31.66302570228507,5.121644862874861,75.09036605667711,32.26338668423816,665.1979593458956,164.3997110233447,922.1773887565579,70.46266770692257
Ahmedabad,12.691168755936232,1.5740878148495305,12.060189089743933,63.8461866897565,27.323911902679416,707.0982683115867,151.5379818894298,1200.4758699903603,50.58784403346122
Ahmedabad,12.162226636010136,20.142818425032047,1.9619842951347835,61.2425993253718,33.68260855417252,696.5274133441029,132.65213820725197,987.8373342621442,64.53183264509387
Ahmedabad,0.0,36.73232533911006,0.0,63.414484280533856,29.982662396399355,714.4385057904009,161.0040527312159,844.6441676978769,56.037528057187764
Ahmedabad,0.0,22.964041039664533,8.56024411983563,46.15056461598047,14.306495271723811,805.6891563677342,174.0126779455975,931.7597732060209,49.225716112437894
Ahmedabad,16.370270877385728,13.225692869662414,11.97186760483936,46.3823364019681,46.74078388970721,569.4443391254724,86.95993630498273,1069.6194499493085,59.01531998832723
Ahmedabad,14.24342717142833,37.618835083126385,22.652165395845316,51.43269456105838,15.945308630576797,607.881521713545,142.02883583544303,893.0528822029067,62.43004572271636
Ahmedabad,6.048398535259082,15.424832455537768,0.8663286339216292,61.88082027626471,45.32347053814013,665.2922331459645,144.570555205666,981.6437407847404,61.51829250539943
Ahmedabad,0.0,18.002680982931018,1.7201571466919106,80.09494625391119,18.033429361021884,802.1938059573359,177.40511416384527,1002.3179103597367,55.16669779009974
Ahmedabad,7.832331983196632,26.783260654181184,2.472422500528948,62.92286177484928,13.155135480942974,740.9877875894384,164.91425967701946,891.3200212738152,56.63029505844806
Ahmedabad,18.12004122927733,7.11440725077326,0.0,83.84054301263595,31.26708750661777,669.1501178492153,120.6149887485475,1120.5010143961883,64.51225498166141
Ahmedabad,0.0,11.758899607085695,0.0,70.02490317443603,27.149706038630747,811.303131954853,162.36446439869286,1096.0512164716797,52.26457020251517
Ahmedabad,0.0,4.94702281966487,0.0,70.89440126170615,36.878804643156,767.433264801962,146.1951583808076,1088.6787999021624,62.002960633327056
Ahmedabad,0.0,17.221283178716963,2.3966052638713364,55.32501177081062,10.645462639045217,818.542920775375,173.80063301874918,973.9497535499446,43.38004620452243
Ahmedabad,0.0,35.25740830588484,31.79318429639396,60.182636921128555,29.65771707602869,649.3162455181832,145.5315196162771,870.7355955489403,63.77080178176466
Ahmedabad,10.095236520899181,25.3802554098592,7.86270199133682,67.45339477617085,45.398798837380966,600.072717203222,119.1221341052193,986.6631070620897,75.09465389702028
Ahmedabad,15.688428710783658,19.32489077445015,0.9565581540735035,55.92778567198497,48.064504456812564,619.5826543606192,106.12507659265053,1010.962446722582,71.9937090244536
Ahmedabad,0.0,12.912211274379388,0.0,70.72286075151042,20.20810765676879,816.2392626616584,168.0760639776027,994.8018053646388,54.09294529091042
Ahmedabad,1.3713205979324101,34.46739407842502,21.588241678916376,74.84588262108414,31.62247146211707,630.1898907631514,156.77221931520012,859.3129321229609,68.92102280837945
Ahmedabad,2.270165973285806,30.351817999343034,32.32660387771804,75.48168763458028,35.4991494105369,621.6001435325256,120.87741169644956,894.8845864801193,71.58686377566823
Ahmedabad,0.0,5.106487596549705,2.6945660392624085,47.05382754235472,17.010136795039685,871.9559475625682,176.14033218318554,1078.995408159198,41.662922189986915
Ahmedabad,16.39394110101413,3.6163430304317927,23.567225989182994,81.10157991139504,42.40208066913826,601.994431606177,94.43525391158656,1160.099090336508,69.04090434541297
Ahmedabad,0.0,30.68141880030192,30.056348748665478,82.69300847095556,30.484230555893802,639.4826241639305,163.56618533011903,891.6997284948288,65.80384803199594
Ahmedabad,7.4288451874622545,15.83225515655969,28.714380213443093,79.26833743308526,14.882062659202703,729.4193112249512,130.91670000004632,1021.2593445636928,59.476167625989255
Ahmedabad,10.681395642993973,21.877247137093796,29.999266216149778,75.1496729846074,35.10247848284767,604.6765661796312,91.39378831910747,1021.7827517418432,80.96088291324172
Ahmedabad,3.9996392542340793,2.7182425179698306,0.0,84.03323973882398,37.7970018313882,738.7032057292388,162.5548398556882,1105.5046747950503,49.34241113033247
Ahmedabad,3.713218184221354,22.900548553782947,15.868847781477267,58.68419989344156,47.78857912262978,606.7085413254326,123.61358863031819,932.2724682555273,65.40496849843824
Ahmedabad,0.0,32.13980795994377,0.0,47.289043277993756,18.97848844115277,749.3804515665448,180.7182529299629,852.323102196196,46.85086720670602
Ahmedabad,15.164173830866034,19.44890094047507,30.887872258252344,80.17961186064862,32.45692471515958,570.0596070255543,105.30067317268154,1016.5248739834277,76.03488549050473
Ahmedabad,26.454566927986505,19.2227713261345,10.222364865653098,49.44050108706084,40.97616902303426,548.6615911932822,96.20253094712726,1036.0991313478437,67.89102311558943
Ahmedabad,25.611163374467864,21.15015813374349,1.4032867055386955,65.76124248366274,39.05549739100434,569.2726677360705,114.72965812531748,1022.0495173864831,69.8461901862239
Ahmedabad,12.547548692884874,13.557862348784894,19.05424730376358,81.89485680527142,31.741273683117512,647.8410221223879,134.37540494872727,1032.668797552049,69.70686757183718
Ahmedabad,4.821821113754986,14.138132786928999,7.579553753102006,54.18578865954451,39.487851237723575,678.8331104009262,144.68356062244425,987.3020049236,54.20402706881944
Ahmedabad,0.0,25.683589771137257,0.0,70.89575302082808,32.327881488241175,747.0278119875494,156.16870027180477,920.6178780789421,50.58019448472872
Ahmedabad,0.0,25.206998324978123,0.0,67.21119364023092,21.29324138596639,766.2637090412422,170.00812445723798,925.3915668326161,48.745617206544765
Ahmedabad,17.52600878427608,20.596877383499795,0.0,73.81248239336628,32.62028583652208,662.1067034812179,140.5012965783276,979.5299594068296,74.93312228342337
Ahmedabad,5.578169700960817,33.370072917162545,0.0,69.84181467449474,40.99122088800243,634.4793281622373,136.8902907857818,879.4001437086032,63.686981564612786
Ahmedabad,26.714488392437566,13.59466870483953,28.14235441431115,58.839432562827724,47.22450203384823,505.3891944904292,60.81100899027907,1071.8441407171917,80.33546243426035
Ahmedabad,15.41871146336252,14.262330243169465,9.785360238843435,49.81186070010421,22.846931174729775,674.9662494365648,140.78673339314352,1016.4879709200684,62.93478675519505
Ahmedabad,0.0,15.056523240269414,27.747895414601977,63.740990127934765,12.377525810781634,802.114850985021,179.22567346447727,1037.6770421723636,45.195090358895634
Ahmedabad,6.53128483121386,20.412155296863673,18.05750660300902,60.05531809159715,23.837340971288988,723.690090507178,123.54969902948925,963.0228974596367,56.12401330464848
Ahmedabad,0.0,8.866705306336751,0.4410453955501392,84.75527264097836,18.80232468845215,826.5881540134709,186.83207001162395,1095.5435211513236,48.76479557630464
Ahmedabad,24.289618651105606,28.681985492429497,0.0,76.13562779829653,42.95030646599929,542.048167345304,95.599367938752,932.1846200049308,64.07052232876109
Ahmedabad,9.637244204851967,36.69288828963069,23.184957985704244,84.10088028884088,10.129664308891776,716.3457357191573,149.3506182904074,795.8118835614507,81.30845230342545
Ahmedabad,0.0,22.77996678327085,12.544040831336648,76.07535666035497,39.40433905087666,703.7895105110525,115.86546645103381,980.1127808288571,60.96233201468717
Ahmedabad,0.0,16.090517759235336,13.346796124843046,74.99703195912488,12.705431543402561,850.3568208808798,163.85500325981292,980.1545304843769,50.077442920279914
Ahmedabad,7.62209870710425,34.4688475790095,7.8277707972175,64.09806079321555,13.867886839462024,721.8205419048104,153.24078876329915,861.9110069999957,47.46436710006863
Ahmedabad,9.316377659766541,28.95008165641889,6.508412229409686,51.65080148612393,30.973589364306946,664.4959096944638,140.497917194945,886.5983822630485,55.590344442528355
Ahmedabad,0.9510377774719707,25.695227318510796,19.490435924242846,81.20297219520106,49.83672224451788,590.0385719914607,118.68781132315544,952.8610455979159,71.64249930779104
Ahmedabad,4.180281833540569,32.34041465165518,0.0,70.83189739326579,41.076159743537005,665.8055260412506,126.20332340288661,887.2625221832055,73.71177565187799
Ahmedabad,7.513962899413869,0.0,16.86399238931805,53.310760761580525,44.260802248532876,686.663890697206,99.18919317680695,1207.9923749296713,55.4178346687867
Ahmedabad,0.6949258121869377,25.317562122039412,7.360856915383582,72.6424042826796,48.17664025645256,659.4940177335277,132.44559506204502,922.1721076373763,80.09749299288721
Ahmedabad,0.0,10.11849774256307,11.283818754809118,65.35993947234084,47.347756191656444,671.7008032229629,125.12112646949109,1111.9189115415347,52.33962856728382
Ahmedabad,0.0,18.846494551649272,21.442461383649064,76.1423249449482,24.648493280836018,768.3485770921723,168.86971274969744,964.1868644640346,59.91356854761044
Ahmedabad,0.0,24.13552320834912,6.929875335437231,58.90410764515298,43.16176855033984,653.7214216777666,141.25403502887332,938.8830298295634,60.17489797861136
Ahmedabad,14.883415179901249,1.6318656377202565,1.6479242029265748,58.83627154605777,37.37189851123721,697.9308035655955,119.48461272924082,1137.827950981633,57.87808544897211
Ahmedabad,0.0,19.039681264242766,22.007158807026993,73.73702772116933,37.37950722823946,699.8371399780107,153.52864933593852,909.6620544374463,67.3015275482673
Ahmedabad,6.40409736253558,30.967069347977542,5.264098575536607,57.64928719792865,44.339849091590715,617.4148978123044,127.89119308550717,864.2253613459603,70.66696522312523
Ahmedabad,3.811934413107469,4.1348668839645715,8.575732235984116,78.33536800879511,40.94677437299422,700.1563272473874,150.10381525350053,1121.6115939217675,56.654050462084946
Ahmedabad,16.71404203514238,9.09866203438964,18.631945010523978,74.6631081418229,33.98780450205429,630.4763429225471,100.09054033885762,1117.660813014494,73.43745679915773
Ahmedabad,2.6110458698820906,12.291158732673743,0.0,74.003362958213,36.63040348099879,727.8132209363719,148.00181895928054,995.5075563482511,55.511754144771125
Ahmedabad,6.0088747013191295,22.575945789590136,4.480883735781331,61.17147808298096,24.980748162265506,735.6291255106262,167.8421114498444,943.1795604431716,49.51908075113505
Ahmedabad,14.243417898954778,16.357297085493656,16.663945034667947,76.77826246456378,47.97777918504656,646.3103306232002,93.66291722320614,1034.1030140782464,66.737712456776
Ahmedabad,13.988138292516414,29.18519940366747,0.0,55.792562116564625,49.70217037410769,566.3779501128283,109.62802907029516,952.815076425035,60.253971837353276
Ahmedabad,17.278594084814085,5.296827828736006,0.0,61.91244202642871,18.550086927908268,764.4713659241089,145.46424230736056,1177.2253957149096,50.89193888336023
Ahmedabad,0.0,22.59799534852825,27.38330286148178,70.40592113963278,12.350809256061726,750.5442110861884,159.60810829184248,974.6017242803686,64.66760200280203
Ahmedabad,1.254951293332688,29.08646617771558,14.540140637915343,74.07818693729233,40.105051294466975,630.528694636033,125.99758582180822,909.1187744716585,71.27526595597662
Ahmedabad,0.0,27.18409420816095,24.410438358020077,74.89388753418945,38.69644843794691,641.6566930721016,115.82345140600866,937.9909878127745,69.48923169015033
Ahmedabad,6.734110969506148,29.9127951257762,0.0,75.16661390406705,24.01328080831999,689.992787276752,161.1544122897203,876.0638649212411,60.95003819916189
Ahmedabad,21.08197915604667,23.831903277775467,29.078513366130977,72.84825023819546,28.990910208211584,593.9348410824706,99.54552334860556,990.2566971242189,73.8521626553079
Ahmedabad,4.168176044345355,13.08503943152295,20.739141966170337,48.88978415884766,12.988934816409639,792.0708281223757,159.53517494055683,1016.7489142314733,49.07196834837885
Ahmedabad,0.0,8.896602739756492,9.100771444458559,78.16111847548189,10.909207179682056,842.8996158074103,180.90208741308615,1004.8895136867853,53.99669421710401
Ahmedabad,8.528878747024514,0.0,26.73716542607859,45.90016660797249,20.606725696730102,774.6893709136788,138.52466179067653,1159.922367754147,59.53223735913589
Ahmedabad,5.329032568054828,17.610506010919,14.789065075075879,63.8300113252953,10.306928412219577,785.7926035425709,172.61444915610394,995.8990959373749,57.66129414216646
Ahmedabad,0.0,14.025851106397425,28.90955564806348,58.77773824756652,18.91001782198737,778.4056186316649,161.53238266943356,1011.0637304064154,54.98122989997134
Ahmedabad,20.360584855203015,24.250664965232723,0.0,58.55578750450067,48.43392052044368,552.4306913814452,89.27998655703207,969.160074010854,74.19670605673362
Ahmedabad,0.0,28.685454385780506,32.21699991907956,73.35772120832544,49.481670963918006,590.8355856656752,117.30019603006511,948.821086976583,78.88539403157239
Ahmedabad,2.8710211943064508,30.643962485486078,11.070985911147705,49.93800533255002,44.64723495216537,606.7987930930267,117.9868894466197,937.6217463970393,63.27120445156148
Ahmedabad,0.0,25.517210749203947,0.0,69.44397598968398,14.519568432755388,789.3169389292245,173.3123443610472,951.5803063800874,53.30842634419608
Ahmedabad,22.472459193903,7.476434113062719,0.0,50.65041306383724,37.27757079633043,652.7874759880472,118.00138362883106,1121.9787078295813,64.18683550017508
Ahmedabad,12.903275796775588,25.42716756422712,29.05615980191544,47.81827808753755,49.16480705921862,540.3213230868855,84.61778255943801,935.4995183429693,68.95992279205123
Ahmedabad,10.187289680549704,24.097882188273868,6.498330160793682,82.2684603743279,23.429868041231245,713.5439413536549,142.3336321214795,1022.0256807134801,52.3209094569975
Ahmedabad,4.3675891506373326,18.93281095041927,8.290966769916817,48.652778597818276,46.989047316874384,622.5811582666013,111.33430253204943,999.9955639080307,69.4488199617842
Ahmedabad,11.645204965840097,11.850126465595203,21.259317352036792,70.25135119748981,22.527459522600672,708.5943353883132,115.09324320637094,1028.9228728533226,53.40370247822599
Ahmedabad,6.975059491821202,16.811689482613126,0.0,53.45956953473902,35.541516889568896,717.3602502383937,151.6314946867428,1002.5282585717016,59.69037010508188
Ahmedabad,5.78013997216685,4.917397608358877,10.315015953014019,70.78503334970759,20.392605392856034,809.2957269392216,159.4210271123921,1087.1375436617886,61.56025308212686
Ahmedabad,23.452336447713265,28.908461903143287,9.909193565957185,76.96808323710398,12.847188372435959,638.1966474358048,133.2705026331603,931.8465006224368,63.11425128579503
Ahmedabad,15.60162160086933,14.803387611314026,6.268271481994198,60.18074808047816,26.54435367368615,659.2750277189824,139.0899590026971,1043.5107462900487,64.08858334582102
Ahmedabad,0.0,30.778354617744967,12.976095681151463,73.2490672368358,46.89002990869077,639.0747329467192,127.86701920428257,921.4549572261916,68.59715346816253
Ahmedabad,0.0,22.895198746376728,21.360736871891493,46.09960094013242,14.964402712436486,761.2195480567872,178.8554852664726,928.1471040365464,47.1779784363295
Ahmedabad,2.6966436868695425,15.586585085713079,0.0,57.86686654931562,16.825297615131213,830.46929207636,181.66086623878147,1021.1877218328711,54.293010191569955
Ahmedabad,13.369559390261553,20.09514414787293,30.520562593724215,47.413334489896286,39.234612752816375,570.5140444204474,104.53188541889233,995.0268225153602,65.03691427708608
Ahmedabad,23.980423809615232,34.000371740844884,0.0,57.98552042720465,28.451692499679588,572.2413523514537,127.25709677052238,903.2318823967922,73.86457355944391
Ahmedabad,0.0,14.342212149187716,14.953660608926157,47.673115690103955,42.83944518825764,682.6773879964271,136.29322271128126,972.7881890008699,55.163367968330306
Ahmedabad,0.0,8.480582039099136,14.141651951511967,68.51736280969332,48.69155752335439,670.1917197246364,122.33402238825055,1114.9275761887673,59.247711327431844
Ahmedabad,12.556154512477622,4.296024454513285,0.0,56.74392230149771,27.231779307119602,754.3432703956848,154.62856754396998,1108.6653267778727,52.36625659330465
Ahmedabad,6.427438733810408,32.90060600816897,20.512387051825186,70.00895979966933,42.65039409527788,612.9057993934584,123.38079630428876,921.515889861291,77.89680898964136
Ahmedabad,18.350639470794803,32.720548197642664,24.055602996500017,45.21266611429862,17.007741183379437,619.2091654404409,125.5451218381787,931.1494288337005,74.13261693513337
Ahmedabad,0.0,30.417100842671346,18.931882693685743,72.14162835311339,39.50584215763692,649.3274140053073,149.06503151738565,880.645203457481,77.07170764982831
Ahmedabad,23.657314795239657,17.834322792471095,10.287145789687493,72.12171704144093,11.493356759023037,732.2156699819409,152.79447524719112,1107.9642263747014,60.257300410033466
Ahmedabad,21.844629424090435,13.69868486799978,24.389306347454077,51.93005109833716,38.11525351362283,604.9735592987658,84.2434429350216,1064.3958917875834,71.90395731259123
Ahmedabad,16.72034465690802,3.7927857938964635,0.0,46.3992534006009,45.356131039675994,632.636038872211,122.81270281984972,1135.6694837664177,61.49593298181257
Ahmedabad,0.0,26.027846631924124,31.805070114056115,65.47877655692182,15.63937783801325,723.6170774168996,154.29098206153773,958.5478163332515,68.73447163945914
Ahmedabad,0.0,6.061978060725972,0.0,79.97881803619046,42.378439385799254,756.5530260095876,139.52771263528615,1111.2226085557595,52.30554875753603
Ahmedabad,0.0,25.921455418638516,14.722172159902346,47.39108283621874,24.233434381440325,730.3366131029578,164.74593067612076,896.1966330124006,50.49731236686883
Ahmedabad,17.373983876398817,11.919215827375794,0.0,75.54141641956369,13.213924475616725,765.8472342960146,151.36218450520627,1055.6538102660231,54.988491985513534
Ahmedabad,15.150202060254781,10.618149807511125,22.820557395516957,77.75589209542429,16.2757835878644,703.506242249697,119.02290448217866,1051.7101649449476,55.3700996719425
Ahmedabad,0.2818415720418681,29.540420407931812,23.459196657815614,79.40363204523592,20.3658045230221,692.5516385963152,177.4605934418333,969.7269719242231,69.66996163313016
Ahmedabad,1.8188937170571489,5.059222678616472,1.7619894561918912,48.608245816637265,21.93284889304866,823.9449853897609,188.9658991931856,1080.7421406965866,43.489320921771515
Ahmedabad,10.033190084918417,24.469149506830867,0.0,46.311119343562154,42.316536686874805,613.0861153131374,127.16636642858411,948.3190138260654,62.03323000686115
Ahmedabad,23.25300911782675,16.359475693699597,30.93291567541209,46.3858013158369,35.35187176400576,559.1691909968133,95.25391590907434,1017.7090728102424,69.6112067311921
Ahmedabad,4.309432045388849,26.88850530183111,7.62361573224679,77.54874504696872,45.91147843455754,674.1049976545555,125.09506353064043,919.60018424675,66.79663238146424
Ahmedabad,0.0,29.648804014656648,11.591647486220179,78.48075702309515,42.51805281370072,650.1639515491578,127.21039676216641,909.9760414544365,71.434980777288
Ahmedabad,26.39368697452968,34.82097080525472,19.763905135559643,82.79590617145024,46.29799983951637,470.76955235576816,63.429434159851716,875.3148848481777,86.64954990367104
Ahmedabad,0.0,23.96644950448056,10.69536772904447,68.00857331603969,42.93391159495027,682.3470643206159,133.28578187719685,946.2904797369462,68.87969582806322
Ahmedabad,19.16395001996589,9.17688248571472,6.228999929786285,53.10862300255285,25.20634554145679,707.7790619635257,113.88842782157062,1089.8332977973635,51.914395810214835
Ahmedabad,12.334481149575204,21.003738567944204,12.244654608880413,72.11320523862662,45.75626514068193,615.1516987603989,100.54600459531719,1012.3617430071654,62.48524690859883
Ahmedabad,17.2099537567437,12.437124875951955,2.4603258252772555,54.20439582976833,16.803117447317383,736.63839217139,144.98594112751306,1007.9367215871213,51.108753618991166
Ahmedabad,16.836764231658574,25.4989977269642,0.0,51.447606484179815,23.202088582346406,652.287446411185,141.74238477405672,982.8555363652639,62.40739221952708
Ahmedabad,25.541658381510793,34.19981485015064,22.898883360593754,67.40340735845837,40.832443948802975,528.9761412304058,55.44399805794787,911.2899467978332,78.76128530585596
Ahmedabad,0.0,28.88160930513217,22.28219680490519,57.18541700389943,43.34580176434638,647.3624798707414,123.53607709008007,879.4506806960753,64.91628400816742
Ahmedabad,6.076259303872902,13.1139018399883,2.0252433494733335,65.57811647616322,31.88386028762985,728.4704072485471,139.79270807608688,1079.829357106317,57.450513061037014
Ahmedabad,19.366033207365874,24.19606851185562,27.683004374855884,45.135234844950034,43.22873838818178,578.6993298655733,89.30030781629938,1016.9475551202072,78.85792738098775
Ahmedabad,6.670538614717664,28.13223487808823,29.60763156941269,57.46503914231447,26.960493966419925,643.1216850190398,130.75640482468611,918.4197102722235,67.99078778626732
Ahmedabad,7.107477656942947,32.22093322365494,28.09769180593416,46.579941926945054,26.15997984679591,644.2334103116552,129.86633859928938,879.6176399410672,76.17656297441536
Ahmedabad,20.233901763182722,24.198257870961775,0.0,83.04311064037768,27.96442682432494,647.3176853129946,132.15884895761093,995.1201728064877,65.97456479878493
Ahmedabad,0.0,1.5364314782234203,11.888801640973263,47.16611213940029,30.37903792207564,776.2579371706878,140.44655516106548,1112.3914122407757,42.72089674104029
Ahmedabad,3.4967323930922447,2.091337061901017,1.2385570178957739,78.36334946261596,24.67432397857852,796.9065998415203,192.33033231968926,1113.0437461761865,51.242139662923535
Ahmedabad,12.443926465633908,29.41977615876922,13.908245534255187,69.08839022566366,38.635154741794445,629.4477907123284,106.03174975902382,953.1926651614929,68.52197993917049
Ahmedabad,12.255532791057853,7.9888100414109005,2.2600890068147894,83.78054431138499,21.251822450891645,763.3160164070363,153.8178454542602,1135.7833321767048,55.17577470235678
Ahmedabad,0.0,0.8973997051540898,12.73257308991241,58.53646452738162,39.63755032713214,753.2433999746175,149.66319887135936,1150.6758710354893,59.44050063616372
Ahmedabad,0.0,27.60678960127308,24.680675568708203,77.47910630939487,22.76770590567856,689.7554167172909,157.77943710876144,930.6883637711455,67.65465262171426
Ahmedabad,15.439158942400887,7.101822280662525,20.300757513130772,71.41116247367361,18.342188550182442,682.4981912794694,127.57366527240526,1120.9835825165783,53.734616120066725
Ahmedabad,11.848079505173,21.897059381189298,30.685806247618466,47.40833535406232,31.298901909560843,606.2622302485333,125.85820798863332,1025.9893151111373,70.58205603132835
Ahmedabad,7.0337437585777245,5.0663758880772995,20.69077187914533,54.81615251566929,49.9626505235236,637.1848616811687,111.36185510106408,1110.4330362079882,59.91196320578283
Ahmedabad,24.571260428813538,24.164344773203517,21.939948358956507,81.67277174876168,48.1203015660829,520.5533506880513,62.37427070392725,951.6279098878554,76.24527160301739
Ahmedabad,17.017220958771457,26.515703575197023,19.067388074953513,53.519891563578135,12.473223173570666,691.8042814210983,141.76167343143712,924.7263755060314,64.81902402683659
Ahmedabad,0.0,22.574734771250498,6.186428832229094,84.15682756469735,27.863749256992662,735.2683081797871,157.16728669270134,981.9790591866416,66.38901719918857
Ahmedabad,1.7199838959194196,0.0,17.66919223089353,46.23727669011976,37.120341668096515,691.2432033668774,153.42454781450223,1082.9633634161942,46.635989655064684
Ahmedabad,13.848976312845942,0.0,5.452284693350297,73.20333042549113,48.21286384037841,653.9310060150943,124.5632845607683,1133.8825898646917,62.50713477275391
Ahmedabad,20.603913344311742,18.77762788760916,8.067441338055449,65.2479194201946,36.995932714739084,572.3437402663982,114.83615353314613,989.2744625027715,68.32454707413547
Ahmedabad,3.0549930376470584,13.957111510182841,30.4132026129287,59.82361252401258,22.78533892200583,700.088867465465,156.411294293452,1047.8049459280755,55.71611692030547
Ahmedabad,0.0,17.62653135993147,29.009939493844897,81.90111387155117,28.28285183809944,714.2356758189435,130.3458108166508,920.3365375746953,65.5108724673513
Ahmedabad,14.03197078513464,2.3564822702326644,14.74943426945497,66.98936238953473,17.933707473553653,743.2625467721773,151.38196340047045,1150.6116550798235,49.77825247228821
