city,ev_adoption_pct,solar_adoption_pct,trees_planted_pct,plastic_recycling_pct,public_transport_usage_pct,co2_emissions,aqi,electricity_demand,green_score
Delhi,11.602836962083316,27.62450644579767,3.804620337350105,45.3410399534926,46.4831214690342,974.4837624713595,232.2028379258063,1286.137638738295,40.56794497789308
Delhi,14.872224413580064,4.443205959731273,8.849650991915883,51.83427839944677,59.86841064105366,961.0039854903864,219.7609922927847,1570.7717737871933,35.241146862847394
Delhi,15.835993224494981,1.3401096051036738,6.992258020227819,68.0099343303543,38.40335944527321,1041.1034306378842,245.4821535003637,1536.2894683384638,30.068715538914677
Delhi,5.506245247461921,0.9908057271425204,35.327632401132114,63.747594155726176,34.35879278938928,1060.2175648074333,237.06031353366865,1515.9050682070738,24.80151456047762
Delhi,13.734715891948902,0.0,17.34317662023991,50.264288665188666,35.71491660866659,1077.4329115319247,214.3587054702218,1528.0960798020303,24.381662199919425
Delhi,25.087853456743773,25.431457778312428,40.349124297084614,58.25659453208591,63.23575738458732,774.7238114336269,146.07448998937738,1396.1913749680873,70.50161835528753
Delhi,0.0,3.719900954299767,35.15632496206423,38.949533307267565,36.75708567883574,1081.3844130863886,237.73618608986487,1497.4497707778228,35.56467941740308
Delhi,27.068140715941155,9.414222335030402,17.193866561687962,46.973542789269565,61.27453620259115,865.7285032723526,180.57917545425164,1522.699445999342,55.169132403996414
Delhi,11.754751466858444,12.268904681864058,32.456915092336516,42.90804692368401,49.55294054043224,966.6480140589731,203.85097379263385,1467.3163715463093,40.92367710760691
Delhi,5.645722128709025,0.0,5.597895583623892,44.81338285256314,36.399071677659585,1130.090920620959,244.94737869463904,1574.4906413650344,24.01073507121506
Delhi,0.0,0.0,6.00030255458875,44.39638571180531,58.515451550179726,1040.8426070512967,239.50299922253097,1538.5213208089976,33.73172987048741
Delhi,15.800333260325317,10.798481183497007,5.504645498687665,51.90100679646251,59.861814563067895,935.5782997504904,183.46231110112274,1500.8725742092317,44.89495005077718
Delhi,15.982009016553391,0.0,16.754668967745904,61.12960535347133,44.12823105667049,1014.1372749512476,214.45134357872172,1581.3573685393044,35.549517167312466
Delhi,10.124322966182671,0.9679847733339173,10.205978540553195,63.28032537121095,28.749353826138556,1131.436328299458,264.57845246298024,1571.0214122743005,21.65364828150571
Delhi,6.099916596069333,0.0,36.81584788744688,35.889528748401816,34.46016388765911,1063.0082677263604,228.5983925560065,1544.6662467798046,37.664181367113926
Delhi,14.410706165581725,21.268919033887116,21.338189269203063,57.91146051701487,50.275479148306424,878.3567560557797,218.72465330196144,1391.1710174735435,56.18793708439604
Delhi,14.800321699809906,0.5900395337223792,10.126158307620148,62.01505788770929,62.08920859479826,966.1615756273789,192.70996354747115,1576.403046782784,46.370275327103464
Delhi,9.742429469825094,0.7787983666713032,17.431706974706117,66.7544263522545,41.51783753064663,1048.1486413735342,232.50825454627125,1516.5263307990447,32.35318804234243
Delhi,5.398599100321288,8.520835990666658,25.330781247639976,55.95372889142863,27.035212326069242,1113.0240995053468,256.5045119121418,1530.6883504774983,28.38020747211641
Delhi,28.010726649647857,0.0,19.503234818358003,63.46505662231274,36.716636702230204,995.4564927108104,207.97651487756542,1593.9191640953266,46.97685175824559
Delhi,14.929780380297679,0.0,24.437680799246227,39.42177624476082,54.820711858344694,986.7943517134491,194.16107279522686,1571.4229059368686,39.07161821518292
Delhi,22.167235553719788,20.910357086225716,25.857333723428404,46.6762992638665,56.085680140777846,824.6274081705545,196.5291931764936,1407.0141915739794,57.38777784854561
Delhi,11.339241741480887,15.545659359722965,12.762006923590114,41.07101987455759,38.51443985538255,1042.7722830823302,236.18607363631065,1467.305269714441,38.43152971737258
Delhi,28.158746366834592,0.0,26.843421542082126,69.17896675215579,54.435756757757524,921.9969878701614,175.6423980128625,1576.3581753740286,48.766301489299366
Delhi,0.0,7.096486149245003,34.0269432237388,48.69789307890416,38.436666656370114,1066.5279629748954,249.49668341407303,1443.5501590373826,33.007868424685505
Delhi,9.177799391199958,8.555396914158322,26.846500741730306,48.45905366139146,44.168270852031654,1003.9289073577121,229.789416172304,1462.2474591432526,37.40764890808791
Delhi,7.036150704673856,20.493503984297064,12.810389471569678,58.7342875689139,44.86133100091336,1032.4245495861753,220.77384872871704,1385.0277999652499,31.583770407505508
Delhi,17.047405329914763,4.00571425183853,35.77371097840633,37.95873835938689,35.97504933384735,1032.0756417104144,208.61780812616718,1539.0520356291609,35.09984686161996
Delhi,10.48096301601354,9.753085516318276,16.367085285698607,61.7489008773332,48.7692259090406,1019.8389716478405,229.8855351781017,1473.914912515959,44.04579611824278
Delhi,0.0,27.796322071526397,13.700229404455168,56.39897562493694,35.41767396931333,1032.8267458985272,258.79891802235795,1357.4819299418675,34.280040670924635
Delhi,28.461150367341098,26.251668863253236,24.269817166692533,46.75509093781564,38.119348778484536,919.4131008535696,188.5644828974925,1418.0415464479672,54.23154665031262
Delhi,21.761851122618662,0.0,25.690670458267096,44.718330636857914,28.462972749766244,1062.1524752654027,222.59916258739105,1604.4323410253367,39.01037738532459
Delhi,27.59773570258819,14.697310517366905,3.716849293515139,72.66170712735303,45.655846239983816,900.1994925023489,206.00360000898002,1465.3825855406865,59.00024250902305
Delhi,0.0,0.0,23.35402521920597,44.14725770181239,50.14974742832085,1036.0145460638967,237.41386119206072,1533.2669209187231,31.489675180846554
Delhi,30.83824655063959,23.06012194801326,23.012770049544336,73.26006662437092,26.560628892647586,947.9716538290271,208.5346549853421,1419.7491297076374,45.25307046333661
Delhi,4.132297628639005,22.451697343277765,7.415000983341555,70.34100467408732,62.99104844581348,923.6085927173635,228.0285186576629,1375.6708447511378,46.69071347720135
Delhi,23.308363375705802,11.660247216916083,41.3289135900335,39.39906983480981,43.777700265707246,905.9010466169716,163.71317883149848,1488.870122726858,41.10746405951478
Delhi,0.0,8.16464772910766,30.78425384920215,51.09093958745629,46.76238883705445,1019.4427200156395,239.30972950367857,1484.4602790731228,33.392385491779365
Delhi,11.155276280800106,0.0,25.918535693550357,36.6787107369419,39.49363875629011,1055.2290013880975,226.62431327715967,1592.5330467741835,32.960539359599146
Delhi,0.3529327514135776,0.8874606758903845,41.67492148961141,68.06901426343131,43.33173469902134,1064.5305881073284,229.6181345357513,1550.3000980009144,33.885623997534644
Delhi,0.0,0.0,39.68132686172808,72.39274995360483,39.878363093995006,1046.073991136345,229.57819147458235,1514.8389127564,39.31028205128915
Delhi,12.213976199540316,18.510072679154646,31.97868735291184,70.33256368229706,50.60101035042848,968.5051623036142,215.70713085905288,1447.9428124097735,50.225848202898796
Delhi,1.7859378253767204,0.0,21.72504385200697,51.07311786986289,25.567098871964372,1160.6672486885013,264.09643317461564,1604.439455260302,25.414035571681897
Delhi,5.248073680327813,1.9359408465612145,33.54368359106404,61.136663956830475,45.73638381651223,1030.5915666259498,212.67492774636364,1526.7771147480116,40.14185573449844
Delhi,0.0,0.0,40.33963856872268,42.18413415667225,62.2950125432501,1000.2007681071784,192.33360594591667,1534.5799610598713,45.08792124426743
Delhi,8.600165152884369,11.005044328723038,26.666447318113374,39.58666734083478,45.008772700217904,1009.7721916170213,236.33138584571302,1498.243044297822,36.9452549623508
Delhi,19.881939581953414,19.315567065709114,35.27843415329136,65.68443942689075,54.13881001090982,875.3380632082678,206.6156668327901,1430.8991259722645,51.16177592485318
Delhi,14.02503987882347,18.27091475420073,40.48124186907653,40.14135112259255,25.772029333604266,1020.664453042625,237.24084867168344,1396.805151122518,38.40070140292435
Delhi,8.18684862834293,5.0824813942480525,8.882932672650622,38.32346833371345,26.648716047820123,1076.401036863296,258.18761109193514,1495.7698377425659,29.756942653578175
Delhi,17.25619729181434,15.129770999296234,4.2578931647957035,69.27362035385687,52.21836841902322,941.8413121489604,226.1438977030632,1479.283558333253,40.44366360073102
Delhi,0.0,17.41510426990657,39.55685761637618,41.27330743318346,33.44948652746089,1042.0985077587331,259.0242362747755,1419.9470417622401,46.06201127096831
Delhi,20.806594263865442,0.0,18.502437321891996,39.71867303517454,47.91336624021419,966.1306327025385,200.11371505690798,1609.3266544500536,28.34621459634873
Delhi,28.638458949761812,21.207624213801907,18.973497369515883,57.749014382610014,53.998351297054796,851.1285436295151,174.17991303466903,1484.146032426224,60.598045215943955
Delhi,0.0,19.642972798911533,9.842515563942605,65.97098787139328,54.41663437223826,993.561086523356,261.06108859352383,1415.9930516920156,37.468320217179766
Delhi,13.501260975802072,0.0,42.46407643904354,58.166811153799,59.9355245464798,940.3855267825342,179.07125952727148,1592.9105238856298,51.22416402342576
Delhi,15.178469743644353,6.806558087256025,17.82395312115304,36.95413721398157,64.39611627263633,930.2657738374172,191.44955567421914,1542.7216673327846,44.44766138898997
Delhi,26.553469130278486,3.928570781332464,12.254724805357807,38.43575195144023,26.74411509944907,1052.4094852847363,218.91907074691304,1569.510288482354,34.35859983048856
Delhi,9.924852274463777,12.65097625946306,21.488806695523476,60.88934693100723,57.83861362448718,945.8942613663224,194.35807461677058,1499.9553856917566,57.71176499704085
Delhi,30.443866750239913,0.4696435202070699,3.139549495320935,43.25371333773168,38.22048232939593,975.16199065165,207.62793101721124,1623.6298136546377,34.59402124326704
Delhi,9.098148774522627,25.711709914461387,18.25483232996369,48.602890393193974,48.454583169946744,964.2465514468594,229.7837913448832,1336.0509188906935,42.59573733384564
Delhi,10.358760497762901,18.84123535001885,35.929922863396726,63.21258572706263,64.82342056460571,881.5226270813723,182.80811150540714,1396.6231635784861,64.50737342984657
Delhi,24.628573561380627,0.33909735770275873,41.40144221505143,61.080926148498975,59.40421529651645,847.6973834824132,140.2867299584762,1563.6732424147576,53.826605492496434
Delhi,9.406494488425686,27.479642107110358,38.96683824683868,50.93334295193388,47.78137034202762,896.2508190972195,210.07253874230594,1321.056110135118,47.424058905037235
Delhi,3.917021104814239,0.0,13.729038770627568,50.60025394613517,49.757005895618555,1070.8295163370137,220.9902252525226,1561.3543054845748,25.343383720049694
Delhi,25.997015103960436,0.0,25.489745793731387,74.29193026975409,58.55447793379744,863.1255813705013,175.2995374144841,1560.681261599849,52.88291082748624
Delhi,10.06244556716129,14.977365413602158,16.476642922181657,50.41619140462939,51.099325855784706,982.1295629053536,222.1754670769628,1446.2909588801042,35.57372591721972
Delhi,9.775588436516575,0.0,20.618715666418364,60.96074884206485,46.38796048938207,998.7027225484328,233.0063706346296,1576.0785180975445,31.349868957621062
Delhi,0.0,26.59014545918135,18.039819588358775,49.526334103751516,31.474852401034937,1053.5278303942612,279.5242372039134,1357.1619684871007,38.43817237781501
Delhi,30.979506331484345,0.0,34.34085160329623,35.17823817778175,26.870697074078794,978.2154085638722,183.59700521777694,1593.9276830192564,37.84982423435012
Delhi,27.850806845639553,25.718261808050983,19.440377909802592,38.89991024900446,51.677020539783925,885.1631151165768,169.6806408538164,1407.6493060130183,56.64464180889498
Delhi,22.386172032171302,15.265251015473897,19.938699323052155,41.91332470572599,28.17058460495129,1024.002874033658,223.52393934015976,1436.3785705050884,46.769795414132496
Delhi,21.09097046058389,24.93159119232125,11.903142041133947,37.28484896428691,37.158387132518484,942.8054316710508,232.5545956269135,1385.1299354559112,41.61028151205811
Delhi,0.0,25.5873043846036,30.02478897826289,74.07896086234653,59.86213702195734,939.9124259264551,215.782198294978,1343.6372317666728,67.24666801551645
Delhi,24.014035034484685,0.0,42.27468245142789,68.04421079830735,54.18460218922529,876.2842784557863,158.04298744362129,1597.7110594598596,60.13118325038
Delhi,8.03486831185965,19.106621190922287,39.87340957205781,70.16275801510807,59.82134886831566,875.4275358602354,180.22687283258827,1448.5083995982707,69.444934921075
Delhi,14.138922644342163,21.348623961384284,19.08838437445502,41.04680151220036,53.491136830493446,928.9464921016784,226.58676902836532,1401.131302958074,45.66501504261237
Delhi,11.900485956447497,0.0,36.609529942642126,43.504114670053184,28.354063557247542,1092.9942781784284,235.57895793283254,1510.6119161420697,42.80625511040853
Delhi,7.108010075509629,23.67745434616417,24.1005902751941,59.42396813534389,31.650897945031108,1070.0646792304117,240.51632488808906,1387.4156599726548,47.99478688383384
Delhi,21.684720066811092,5.416190309177658,40.36210559024929,68.64850042069199,43.87758943045377,930.0382317938962,171.17378345023204,1550.6893833318104,55.96640046582436
Delhi,11.244954085392084,0.0,12.622514479504911,65.72115503871609,41.934475004405684,1061.3446216627444,233.5190271375777,1582.4593317519743,31.319666752725723
Delhi,21.924976200241524,0.0,8.719906613818274,63.66504244842617,50.47204934055525,982.4929248234572,202.95876687967126,1579.3267024256447,42.620414566704994
Delhi,0.0,25.679143587988108,9.30786428038511,51.192262622386195,54.66037097685938,993.9575564929642,245.41001971828567,1348.478826388099,30.4605040982243
Delhi,0.0,0.0,24.493480330347914,65.10362007984381,40.24889828747499,1133.5813441168189,255.94864231800267,1536.1751300723106,30.019230742194466
Delhi,19.29256445144368,0.0,40.018224742918925,46.331500635219584,31.301547486495203,994.5008478378543,212.25717375186812,1555.059775693363,35.48152953510595
Delhi,20.912967130446255,19.31383361444874,40.34174665231715,73.64600454221002,41.58634178443003,877.6597700038034,182.0410630717534,1404.514699182708,57.451535341452974
Delhi,0.0,19.876954828387923,17.21810149562333,71.13358872979968,44.50998047086469,1015.0858051155849,243.25025136010896,1388.3078923921244,40.28510104262466
Delhi,26.104799423891045,0.0,41.14623266616675,70.11977489809854,31.70036769358464,988.9047287519454,173.749158352479,1599.4672778034023,56.45369328493114
Delhi,25.1336503675753,20.147467016335256,15.630433033666124,73.61197094271644,53.1840998491703,907.3206583556913,198.27960082739287,1394.4527387030969,49.56983396302164
Delhi,27.81068830571091,0.0,21.37340172773414,56.466723570217994,37.71134097311349,1000.859697307629,188.5460551115359,1609.444536512604,37.865635790068076
Delhi,0.0,4.1087921056846675,39.17670669779351,66.41784958621392,49.56278698305262,1058.8868552440981,224.70743387976034,1562.6439177601349,46.43103506938416
Delhi,27.493491009039516,8.379435093482627,17.070559923351283,54.817072461288504,49.100197255318676,915.2149521882191,196.59589675443505,1484.9790892696392,38.482990461577316
Delhi,7.556806723368194,22.299434812876804,26.73924826937921,42.988776527153654,64.69425655750928,895.266311085002,204.25428858810014,1349.6601341738306,44.37407345608041
Delhi,21.35666699180733,15.83510250346,7.9326693825189984,40.06442385434548,36.2208593862983,1009.6322953542201,228.8954126146068,1388.7065511380583,37.98216420759443
Delhi,26.59085775137504,9.675536326667114,42.29148399017346,44.5618367143474,59.77033894250487,850.2747508171193,141.3599009415846,1588.1095484311973,50.19724126189275
Delhi,9.202411352035412,16.569197051475253,27.662655459959332,55.850291043164376,49.89315240321208,934.9154166796096,222.36546074604237,1425.0364399094758,42.97209848540614
Delhi,18.99203180290032,9.40825592745351,42.1508609786355,43.34468980282689,33.48541112734344,984.1318464103828,208.76805364761196,1459.8600003600604,44.06447676017359
Delhi,0.0,23.3133834352345,40.53049168808005,63.41646453972462,62.94603419259153,912.1605919012244,214.02760820330425,1337.2179358843987,49.055273727794564
Delhi,28.19705342168165,23.56318211474258,18.981808132728407,51.160267143840976,46.10921694884713,895.8869248305583,180.71423613784955,1406.208898033535,42.28673734346472
Delhi,12.783134600156444,21.29915271173556,6.736504007914746,63.856871507957365,58.70091588465376,894.7335670091422,206.1276966954893,1400.8899179372127,51.88898706558024
Delhi,3.823586538440246,13.208842375137166,32.50620182382448,41.991667943977305,54.70019301078955,995.8176642431208,215.0712624235885,1463.9977426338812,44.05831922223735
Delhi,20.67988905226849,4.237598011681364,25.841976103605543,41.24550682824777,57.535706253950714,903.1673116019074,172.0804157116521,1558.3167203364674,46.904220781813216
Delhi,23.744924325160166,0.0,5.768877085422364,68.50798474711412,56.293676443364745,977.7273222736758,202.18907596475188,1586.7949963530614,45.430625533854965
Delhi,18.159874337218643,3.613839640868532,38.79676913613418,60.67995741499543,54.003991123739524,946.8723328856455,189.84437416058543,1505.9775572824415,47.958198177283926
Delhi,8.821494894751957,0.0,5.685463525610352,61.78225533894509,59.052853408994764,1038.3352149731165,214.50615925753556,1564.814120019349,36.37497151801492
Delhi,14.239439955296262,19.746045885488364,20.565068266750746,62.53607426232149,31.46601043272387,1002.4330848295041,239.31890098464766,1386.9382431232552,42.19991008140567
Delhi,27.959930421255073,27.743067277946786,18.10594955936575,46.72086524235212,55.58319212471757,861.2179791876194,189.3007564819241,1427.9481816996267,53.41703543247945
Delhi,0.39861483450926016,0.0,15.383828935361262,54.09093225736879,62.888966199221336,997.9601060976837,205.81829266216275,1608.0988592055712,38.52760572648761
Delhi,4.65110975068399,11.880205004862294,21.63941321288894,39.90032070090053,61.87791819149787,956.9400215263054,220.43020932815347,1430.858726498563,39.786280611374764
Delhi,0.0,25.64428262142816,13.065785489009574,56.59268022815381,59.13187486488276,971.3440822514182,226.90836773110664,1291.0375254840608,39.13268367933307
Delhi,12.508684662102535,23.339245962768302,22.643063659291926,57.52703238871287,64.71795175118723,890.2925277574907,186.26252926472552,1356.1459801421456,62.416756324115624
Delhi,16.62090597322275,0.0,16.376865631498195,44.39349752786008,34.45457712315779,1082.8237852399661,247.88769416156018,1635.8965594080369,25.478719098527193
Delhi,11.626488964109509,23.7270460216943,13.07383667953591,44.53940063733884,27.748461723289886,1082.4554209284931,262.7373876972206,1314.2454447287341,32.624586218051746
Delhi,24.794407544283374,23.98933550774199,20.213490753399814,55.143231300290275,41.989568054051674,878.1004366959382,188.4392870511609,1387.5755154599542,49.9710990188248
Delhi,10.92624725940809,23.962632032689477,10.723851906112955,35.019248013549344,56.45086614694337,941.9865922891979,211.82824956817183,1405.3248769302577,47.69038256714812
Delhi,6.427437663153881,6.418072291751294,42.26004216181973,66.31444071299565,63.87884225065625,905.1827711424113,167.97769311896624,1498.9386753694612,50.4985325393957
Delhi,11.215522207643549,22.179325535630454,31.3817702927289,59.26249185776844,36.55438634427575,1003.9012090808831,221.64245133594278,1398.4875294128722,44.381655714860216
Delhi,5.149742696159684,8.451845793068504,32.827228393656526,38.53724378003269,41.14550852522116,1024.4524332165183,219.3854101478676,1505.1561745829276,38.6306081474342
Delhi,3.036151091100832,7.982439191727558,10.121489203926128,39.81435168828174,35.48893217894663,1129.2583410243194,252.45181976296104,1461.5038127674184,14.051394572524327
Delhi,12.249498213075576,9.34190192632374,4.791221003678061,46.68499908890459,29.88366844851036,1083.189585564208,258.85517190387327,1492.1161268490198,19.408235634601418
Delhi,1.9119730713000997,0.0,8.557400492411428,64.77707248088677,63.615278599179035,1017.7362719456921,219.32247659962783,1551.7646670394042,37.71977213606148
Delhi,18.092349660405052,22.387518193054504,28.500725679898146,54.128007358595276,27.062139592205572,1005.4214204938437,233.8135426100833,1430.8807072971836,39.02810310602841
Delhi,24.15284712912674,25.82152102774556,33.37583540443372,57.07923177857083,38.27327089107353,877.9751444201363,202.61376413215783,1365.5858308882887,49.677295073024936
Delhi,0.0,12.178861266432055,35.32386873838739,42.70786831535307,53.36017633505955,982.4588568498526,213.25936811520066,1463.6689910400378,42.737919384259534
Delhi,0.0,16.26322101641064,40.473754288898824,54.46884735407344,37.61656133518092,1023.36126358802,234.98635974952,1434.7414891029282,41.049516071969244
Delhi,31.410696204517933,6.686992270312047,42.683394500704445,44.60742158447646,58.5843850102094,809.324255261647,143.72319701654897,1550.489930564258,62.81184881542261
Delhi,0.0,3.098562560041323,19.130906840121163,56.249586564283476,30.52114273502585,1132.3692926241708,258.20136484841356,1499.9119266401594,16.55915765833238
Delhi,8.02649721043285,23.437357675369597,28.11892035767417,74.62466044730797,26.773662111436973,1035.870740416914,240.82203882880796,1403.112327607884,35.30930802211191
Delhi,9.192383450185694,14.089444285498395,10.073764570613804,73.11457159490396,64.91479257235096,929.6830387501318,204.93921651318516,1423.5663990945177,50.8049538802659
Delhi,24.412862356207896,0.0,13.025291632850646,42.472145562187066,33.59225764064534,1038.6288762218774,216.7113116478318,1591.2283745605519,34.65956002310479
Delhi,24.200233031042814,11.145006530538996,21.653850612346613,70.46733050480493,64.48690387750332,842.5019962664453,178.80609479956283,1547.9737903294877,61.282865613993636
Delhi,29.179377504959625,7.693386244015336,9.037456474708227,61.72988978683975,50.95675119235074,912.2598085685393,205.07173851825536,1590.2374664581157,50.041844868232275
Delhi,0.0,0.0,32.43339964439502,73.60513214887723,44.22140207647432,1096.111380648546,235.04610038976028,1525.4380833027365,41.57255636983647
Delhi,27.638679246951995,2.365116485266043,27.067136069062794,45.19166687873977,25.88969144803595,996.954253366761,213.60207981719486,1588.9476606484914,42.55655329325232
Delhi,18.743046538194683,8.828217827120316,7.750981014597775,60.96892191707518,30.45067330347799,1056.0507610578818,245.88506048329063,1528.7576035163063,37.13162152692773
Delhi,8.160825910966324,27.04626843903653,39.74031228067419,44.52575022025574,44.29651439905547,933.4004588555882,202.86704762877483,1381.422020545285,43.10581466628495
Delhi,31.58542227227794,0.0,38.7469480181254,72.8280173861526,52.22479344954008,849.9296916555661,148.6187478981307,1574.6898887193609,66.21769539758
Delhi,21.578735021501245,7.038183473531088,31.510313381381373,49.17121465349321,49.568929631109164,908.5822200353987,181.595322820181,1559.994491286573,50.40018956792697
Delhi,31.24624858040741,2.20687958677072,42.53036646447582,58.08908087468853,36.730542064572475,939.1525830147336,197.2654429312919,1571.873440360134,43.11608227422404
Delhi,5.198881830851178,0.0,19.272698899532465,66.69306024771402,54.0631223343572,1031.1786018302998,218.00217721735112,1592.0247816598328,43.83080683596132
Delhi,15.021544955359666,0.0,34.65570972372323,37.51104132568202,64.19020782967755,888.1873626417823,162.79770196321263,1657.5335820213554,47.689253161127354
Delhi,31.9821424578354,15.431015925737263,26.120776146724197,36.33048362037891,63.13647850980121,825.8506347087423,171.66674561115738,1476.4462909675678,54.39839732488764
Delhi,0.0,0.0,16.33219257790859,54.151576228358664,58.224818507458885,1038.1699282555692,221.10903152794748,1554.5061302746415,38.80446721047813
Delhi,20.727277585146954,0.0,29.84511598591085,37.124501093726714,29.840036173797575,996.4220347301123,195.5398436800269,1535.4270170906361,29.37255114947691
Delhi,30.42972472078901,0.0,5.3760503431268205,56.43416677796691,29.42436074529349,1041.5684804233367,229.0262058441508,1572.3876265784836,42.86917164691779
Delhi,2.907683617634415,0.02221877397780503,12.209641102235274,68.82496715595951,56.6030996389065,1064.2807864818187,227.85528471541176,1524.091827203945,40.92128915228943
Delhi,0.0,3.5673084972667084,3.492107413878877,37.438059911083116,29.487014123163174,1183.7970139726458,303.37345418100006,1480.3390830099818,11.626198041058526
Delhi,15.751566184167583,0.0,40.31694688555052,52.00624372364115,42.902357869228396,933.3429440753109,196.1347222292284,1566.9031705377981,50.4301128014358
Delhi,2.211181181646648,0.0,31.056140800003725,64.17593403836955,33.863807870352375,1089.0645265243038,243.78639872750054,1544.7232742335616,31.342292895474177
Delhi,23.1458251060774,0.0,36.43334379199854,47.4004785851612,55.458451397244566,874.46266252499,182.8442268527059,1636.4532782363638,51.336873636667214
Delhi,22.25297135746321,0.0,28.279271022973994,44.23321183879723,62.146683894847044,899.5732517368208,160.32099877163964,1590.48643206014,45.738038905154184
Delhi,18.875910431588043,2.8232125967802197,23.52103869409529,60.98524801933449,35.068527218321236,1027.1090162435205,214.17415219152707,1575.1178686590483,37.93331968595462
Delhi,15.922955460170336,16.710127689622063,40.34435409423518,50.0407819804976,52.54384804310281,901.4617538265644,180.5834649640604,1458.1104330227197,56.68622703565655
Delhi,29.901173031617915,26.400570347731488,27.943195783939878,59.82648914898484,35.010092958128816,889.1937627682624,188.35770059787902,1324.6416441359609,56.98895915672484
Delhi,12.668161615085978,5.821208762926439,41.52724224612796,61.46082751888649,47.17966737875943,953.5664061031962,183.40364277021382,1502.0954051837825,50.5344519713236
Delhi,10.986933447048102,10.592153607327504,11.069867826027291,68.97195103683424,37.477439932567265,1019.3507193433373,251.7564315925225,1429.8673367819283,31.81757846526047
Delhi,31.28457592361091,23.48484077898288,7.077684933850847,55.856794222765835,30.23848755259373,995.2328417912219,209.43968420800275,1400.789229542522,53.431637854916715
Delhi,4.1696099772033826,18.55284556735273,39.942735853150985,51.82846114535161,61.456235011497235,922.5281726875554,190.79336460109036,1402.1377639959478,51.51334523005323
Delhi,4.618634266774759,8.17874341492496,10.560003691981372,63.11834446010067,31.695580444499612,1107.688160738571,270.2375280414111,1483.2324896486107,30.853592696276912
Delhi,24.950617377880718,11.119546810726959,40.1998329782057,67.6362581089525,29.728954674896432,942.9172132846289,196.2524813375945,1504.6403641807808,49.20828950098013
Delhi,16.738550874804744,0.0,9.342940911821078,56.964370148617085,50.72216083253391,1041.3929578630566,194.15111470437094,1584.0277481657936,44.154904149198565
Delhi,15.05150784529274,0.0,18.91037595307987,56.7624493768412,26.98277222684664,1084.009289081639,245.25194775923453,1536.8617900891177,34.84738627287766
Delhi,0.0,6.561246697259456,30.795022984064644,45.36953830380284,64.92429273230215,963.9003123799821,182.02908321046436,1500.5711461180945,43.43411837615526
Delhi,17.88122805694009,3.6639540846923353,13.249777673122882,65.88884363995533,45.79864634828887,1016.7980240693247,217.31062694548453,1532.3006448879391,32.30531617283232
Delhi,0.0,0.0,36.75487839086685,69.67281795755156,32.381825427926614,1143.2059393108877,250.41930536169306,1525.477410739465,28.374334940941587
Delhi,5.2553953541633,0.0,6.316902124378981,39.82321026161907,47.96036057388007,1086.5223799750847,252.22875361249726,1539.45853366161,29.512985384448022
Delhi,12.163863809735108,8.290241053258491,20.785045575248915,41.16115034989343,47.88836479174618,1001.5399740227567,219.44830408165404,1493.7600464936368,38.0573548585244
Delhi,25.496136607440093,0.0,9.042131614117956,52.79081452063815,61.879470462156206,924.6193099732496,175.06509113727282,1582.7797360605837,49.284994854718335
Delhi,24.99155073867324,21.38660593331366,39.810583130645355,47.82777556288758,40.451928018561304,855.2370585925975,179.3060174289876,1407.0811882674564,46.744320306196755
Delhi,22.41088959698289,15.567715415624875,26.818155613396787,53.83200800816692,34.702391367640416,960.1088832613505,215.41852236970558,1464.5403329464125,45.99427870644603
Delhi,9.061283574756409,0.0,33.33152229980111,68.61438701312301,26.425151770397054,1053.7320800145935,242.04037948015156,1542.0549046741614,36.718008911212344
Delhi,0.0,16.139610298241983,39.69035581449532,72.81501614921146,52.3288502465101,945.2567607819122,208.35073286696843,1384.6114715831488,42.10883347091291
Delhi,27.99945630652946,0.0,22.75962446968446,62.34136176899523,38.20714454917154,1020.0699186632477,189.30172944950272,1581.9538505140506,52.65327785204421
Delhi,26.92456988639718,11.635301490181881,29.602746356762275,58.59508854094095,62.73186425877634,842.5265638688657,126.96147735879242,1472.156666085426,55.17026704544546
Delhi,30.619081604453086,3.8578622555065287,3.080785833841869,72.99609747819528,35.11971391421113,999.5885991126901,227.60650259665627,1563.6072177384078,40.40546493035241
Delhi,14.12260903839222,25.946161853849574,30.92616353284781,61.964311417699925,36.69993641569237,949.1388695642694,222.8398486137353,1384.095086439154,52.494111128014076
Delhi,27.99593738430289,21.8817714436219,6.307599073740501,59.60399980758178,46.57203193400008,859.8852139697148,216.30782380822652,1414.037232616742,51.74613286903197
Delhi,26.08372905599939,0.4832694217504958,6.0438495324231205,45.981064031169126,60.6749189354496,922.8237315558789,200.00298803273319,1578.1391565714273,38.646216053006526
Delhi,0.0,0.0,41.2208873595066,65.50018738719413,40.74082935674486,1068.6900173051827,236.57269969038774,1537.2517269916077,38.30638621176757
Delhi,7.7572415715984135,26.90414927371218,14.058785978697362,39.356187869454715,47.85699507482208,950.6985615147015,229.8525814032063,1375.9591018382746,44.429658126263604
Delhi,9.504660010068406,22.42013441809425,21.22776393516818,41.15762574797847,59.21281970710133,951.0901260804213,200.14429456386463,1378.6980228624384,47.30401703360191
Delhi,5.754467729311791,0.5993893809209112,15.219421106595476,71.18973583983649,41.51205276365457,1064.0175559146294,243.23723464336067,1554.0385624001703,39.560057920901826
Delhi,17.259486963586937,0.0,17.717416558394497,58.958772421987234,39.188095987338016,1020.7856867947643,223.63505320726395,1611.3255237619708,35.90525299301086
Delhi,3.5977684498393074,8.125639494025247,11.037097597182324,62.53155243063859,33.59452553912291,1100.3349357898771,257.8100443471071,1463.2348226703514,33.26416065098714
Delhi,0.0,19.220704271064736,7.207099870551488,71.1087050684491,31.680767570166267,1108.6855103491696,278.37430497400896,1326.3314931132395,37.70780706751125
Delhi,0.0,15.722970712201228,17.60653718667473,70.68804313521261,56.969498726459435,978.3881264895824,217.07546723343128,1410.7611717053953,41.946655041577365
Delhi,1.390665460749407,0.0,8.158844234206317,62.08590160903242,46.57807882411116,1074.8082609921728,263.1499554048152,1565.0067996192483,32.65933383483712
Delhi,29.737821403029095,12.464343022486716,26.921275968991846,41.08865881246669,30.4424657599384,938.1181317811415,212.7390610167826,1496.0090747042802,46.30279320515717
Delhi,29.19123839776104,19.167916142778523,32.69462610344042,40.131205861529075,36.381298970305735,866.6556287221651,184.4890640523671,1535.6482746981844,47.330639029815956
Delhi,26.23850561657018,6.276585568688727,13.48720075468216,57.62302989462778,60.96028076463049,877.9468359710929,195.53728597334276,1538.9787844814043,58.33191085583783
Delhi,4.3691319986900705,26.691130995892422,33.80508763718949,43.976176921041244,36.36985205120711,976.0395554631418,236.78474175101232,1339.073394373202,39.11069133261646
Delhi,4.134884042311658,0.0,5.221863355397922,69.45879830742918,45.84315604417818,1117.0579157658863,243.65438650546847,1552.8114310156675,26.587172287489324
Delhi,6.549366020213688,0.0,42.48527441823633,57.456618665897764,47.77145080689205,1001.6116569731606,220.73420679813924,1552.629573620386,40.85682552564938
Delhi,21.406511084255072,0.0,41.364914826499096,60.554096248591875,60.77595666335897,894.1307232898955,162.90613215185087,1548.3797640363216,51.92656268822047
Delhi,0.0833404074278814,21.567535361027986,13.156470348580893,63.85329516823771,54.42210276254443,1018.1190585425668,227.57271664164696,1400.8289515855815,37.93057964709961
Delhi,15.705803238056781,21.216225198690196,26.518097638319524,45.99717116478275,38.53839965177296,965.4306791007638,234.95413212669743,1398.763744186229,48.73052102972227
Delhi,0.0,17.03948290219329,29.412477817444113,56.821335812404755,28.43308685609646,1106.270950036212,267.20025341742064,1398.9190412563885,31.149367182677743
Delhi,0.0,2.11970877690354,33.310764047152475,58.080034268409165,27.37897068266408,1139.8836165907553,252.3661349914362,1580.124302307003,29.74595030920014
Delhi,21.46316364568258,5.700798111607927,5.094851669595592,55.808650993912174,37.433250139281014,1024.330774926257,239.08670509658955,1536.871091314071,31.458625984911194
Delhi,5.0088615282343625,13.161217106511884,27.100950629995737,36.428770122619696,45.00804294626853,1033.58611017184,229.14757862928943,1459.2777331274262,41.36705324358081
Delhi,0.0,0.0,42.16214823217322,43.345315654226866,25.362918706096437,1131.633878385106,250.70028417953225,1570.334009930611,26.40995378246774
Delhi,2.2395561403294266,0.0,33.98602227792359,41.55601831603592,58.160107578977374,996.6374943459964,215.09962449466235,1503.3309851636716,43.77197913363864
Delhi,31.752198245876578,24.608131778770577,10.705834823644683,61.7216873004528,25.381161040057766,970.0849348106079,221.60862086378268,1440.8767044926874,41.792490303933434
Delhi,0.0,15.82802307345095,35.2480547923965,60.32660594034117,25.948759633137115,1096.368545654755,247.97279529532517,1422.1095863328765,37.76697748204658
Delhi,12.985151858657481,0.0,21.451720701364103,68.63219199392138,43.787288860673435,1009.4302168351585,240.15899880039927,1594.7362755307834,40.363541650279345
Delhi,28.669168237825872,0.0,6.749732854585584,44.43558503675642,44.67330120591637,995.2384269403051,207.46561565426038,1604.5742065487646,39.421178092395394
Delhi,9.5604585970129,1.5148140130126215,40.049982286844056,37.60493744394146,34.893324878880506,1059.6802541316595,245.45430617212804,1529.761908959399,30.67900179403529
Delhi,8.2050139000077,9.242783747942596,11.081864875814349,63.97978208611119,33.01794982092183,1116.2632147635,256.5709795243873,1485.7109556463142,33.276740487431674
Delhi,0.0,0.0,24.84826161000067,65.90501046037274,30.480607646087673,1155.4178778304315,257.3654192831601,1535.292432006397,24.196933394807058
Delhi,26.556439575440912,6.350650968038732,31.241475798594756,54.397943121092766,41.20985859333251,916.5429635501384,178.341958519836,1562.3546293924237,58.86185643914185
Delhi,11.284396973489145,2.958770794410068,42.8805958945073,74.7036952304793,45.46316986571101,976.3725486199255,205.01373131731035,1546.1435401236238,48.485268903450034
Delhi,25.47725189803534,27.411609305719388,22.521904411032995,57.49160721603111,32.095019576372145,927.8616541713088,216.78691245129593,1361.2503547879721,48.49203388952119
Delhi,16.024986847974933,17.63818875451089,9.687198449769408,62.53742063449586,33.9552527762902,1060.771089619161,247.2213293343032,1403.276210613144,39.619937639265615
Delhi,22.175295869734498,0.0,27.291653957739427,68.21642016131551,56.565236562481516,925.0495273720151,178.1034309010099,1592.0247546034905,57.60041520534443
Delhi,22.95705102546113,12.376475147552028,41.741290241061435,41.26159958852999,39.388991833746324,930.0937694506829,205.01621201615694,1481.2590559175642,36.16697366705267
Delhi,5.051596991369902,0.0,33.80895962830195,50.6133733822829,31.34318347246119,1072.079405172915,245.11444665692702,1545.240435764899,34.4534415914049
Delhi,0.0,0.0,34.53819012859413,69.79058223786664,33.431010121957854,1122.0749268184493,258.1696348068503,1524.4566994024376,33.188398043534555
Delhi,29.87279294028376,6.092426039338804,28.80482833454818,73.3191937318055,60.03846614589669,842.9183177376667,149.41981286562154,1543.7530462684053,63.95502215149812
Delhi,13.708616703698539,0.0,21.860740828202616,53.43032184588705,49.65911866971538,1005.8813764514388,223.7513126643782,1591.1198823980053,45.13818466358976
Delhi,24.445169395538954,23.23890749463539,24.167994801219336,35.48859292072254,38.454485714216844,880.597961678508,197.78924615709084,1378.7040581430026,44.43285467834259
Delhi,12.350847134095929,0.26954408221964776,3.527086584654363,39.36794983827018,26.309818390187296,1131.407161344924,256.90690507765527,1544.193142156746,12.748206860079184
Delhi,9.23778603392988,0.0,8.034035168778242,52.47079642239877,49.72499620665398,1033.980410795454,237.90163912818588,1577.0492452070052,31.13340464535122
Delhi,7.966220717534348,19.33177238774024,40.44178054033278,43.617748141373156,38.09863100325111,978.1699342908747,217.68083381838147,1421.4582187270048,40.57150489525263
Delhi,10.65594763767033,5.840916710552314,21.69469807906924,69.98373338898597,63.65355861003677,927.1810216532275,190.47591935634802,1505.4734789050333,50.53456884555405
Delhi,18.46121423610294,5.45515246925731,10.872264533753249,56.46946472643219,44.35023767276051,1016.9991555808054,209.58196006293988,1502.5874809580328,35.56282401897688
Delhi,1.733634453923571,6.901850972092113,18.41259423035403,69.60155572247737,51.01385772687184,1026.064691919358,240.70740040025882,1500.639198864101,28.80784344200558
Delhi,6.248459995501941,16.782611325744472,11.160244357031573,62.25441963207299,47.22406837686171,1020.3666380219864,244.38999448811458,1428.5074867076423,37.51045243960047
Delhi,21.527278171288774,0.0,34.26078251360436,44.28566389357114,58.06460111602039,898.4952617373247,177.80168175532626,1591.8938084053043,42.47536271732779
Delhi,24.803252766781227,7.4388235404763385,27.01975398783858,52.3200405577898,54.34689576451068,919.6020105822685,187.7991174739701,1589.3168012693804,56.52096208073024
Delhi,5.132209233160296,2.3272844336816583,29.452907763264207,39.78699885764766,42.83538180377333,1050.926610498274,221.53676422197273,1481.7165651308878,36.154269960794025
Delhi,13.54941693515083,0.0,25.27146858959196,58.878638793083205,39.87097169416536,975.2521206385392,225.50672235265728,1593.2516012857025,23.592052383847744
Delhi,18.579389097409564,0.7327757246213213,4.233925720204031,47.64226985454732,57.18575682603766,995.519880892425,224.76812024439667,1582.8680827973274,26.446131194924416
Delhi,30.640988140240772,18.886462199881795,42.54141450839041,70.18611422543667,35.42360177449031,872.8549390721126,163.443768481932,1500.160462636547,56.603801486549294
Delhi,22.82173670598726,0.0,36.30790755143731,69.66353965328166,47.980670735400444,923.7239671592384,176.98616372644753,1542.923065422554,51.534009520137204
Delhi,18.462141836195656,13.550025394987902,33.78031636585301,52.5232936869123,63.69310443954505,854.6213878737999,170.0227466753583,1467.2794038367124,53.53679974300566
Delhi,10.095670728587411,25.196620904673814,11.161447629962337,49.578333554467164,63.749883756005275,898.8566994790616,201.32096866642195,1365.8672529546654,47.9953414316208
Delhi,16.624422177106645,25.82553062186811,5.247621788131539,41.568263125089594,34.53615205747862,999.9790231710697,235.19708243277634,1355.23072208091,42.72268767247502
Delhi,28.786632065626918,17.778734167731642,27.60285435181159,54.155281977439515,34.41764041509476,921.2731973295529,194.17638032253595,1460.7936129535105,42.61244810153637
Delhi,3.102738401568942,22.90382899883442,20.99459336220461,63.7108414233451,58.371897904219,955.2048576640897,195.15468536057017,1421.7489755290674,45.862903778499884
Delhi,12.547614568275648,21.566113151847794,38.351273029758914,52.11576747869063,58.779441910865685,847.9909477819383,173.18493469062923,1359.5107785529347,44.61632821669704
Delhi,0.0,14.238747638679435,18.65006607041674,50.34526777782958,30.439598945760608,1069.8915647165447,288.11968184061834,1426.4963622596633,33.80534248096551
Delhi,8.44066734752219,26.10790025934429,12.298421240037396,52.39894464486814,32.77210548414004,1022.6197415058313,250.9462562608951,1311.873836115504,44.22105397671727
Delhi,15.052244669251166,4.3661667643063495,20.5414781014072,54.06940497614883,49.48886017044795,971.1222860690048,216.54196945851317,1566.4167693856193,45.58509117536466
Delhi,1.8934522100320024,1.7119563565726779,29.63263962524086,45.02509411490454,33.21300696689278,1115.5584490282597,242.66997154706212,1494.7096913423982,34.17040035187588
Delhi,23.895544272105756,0.0,3.4087314489389406,48.9580733040389,61.47110224231463,926.1737880706114,200.17494333617452,1619.5227230198027,39.63906098718602
Delhi,0.0,1.2782231579205359,8.42774270329351,35.242543017795356,34.02926608564712,1124.9471837358244,273.52884288461973,1500.1588051087413,16.478956159131915
Delhi,21.03396537528705,20.61285646302241,27.01089144043383,72.89599633178213,34.357277706340795,952.6578991512007,215.94960062474897,1437.8644677000473,47.01455591348297
Delhi,3.304262176312241,24.122536961137484,21.707371701099294,71.92857789568743,38.096457407820054,1023.5028624331742,266.0229907783875,1310.2540281943648,39.96523695242727
Delhi,9.883315146438925,7.634745329694738,3.7201316628147367,60.91964210142515,26.28264487137406,1141.5750681371237,266.82456484373523,1624.9727230545216,21.58831911753953
Delhi,24.134998549420146,0.0,42.279472504529814,74.23848104353985,31.569916682856007,936.4594156494551,180.90533214192308,1535.742699784168,41.52480749238385
Delhi,13.047094621890217,25.037774220664453,36.755263269046004,71.4384994316254,36.99014797143141,941.6294130415702,201.63262892239862,1379.568251714756,55.8947409520387
Delhi,19.431459624743788,9.88413322133471,7.803677467537341,68.67305260773142,47.70450673925891,948.3625241551177,224.59260567698496,1472.362311032816,41.037679063075835
Delhi,22.82940149921837,0.0,23.51681763204217,41.89451326747115,64.64233326878694,882.7007307573983,185.92647857955953,1627.0682736989486,43.539130074016164
Delhi,0.0,0.0,39.52626369241066,56.69693463306106,37.48897749666945,1047.5333692889512,241.26438914456338,1550.608556777335,29.157521411012986
Delhi,22.144297943343176,19.543291148328446,10.91029453014659,53.118037677565866,51.9983069107465,932.7491518736434,200.12970846379758,1423.5610910372798,53.695702705082674
Delhi,5.1840687521986375,24.152384774594672,41.31452190765723,36.813498814992705,40.6362943252355,964.9197190236407,230.454120487162,1394.4348655354133,46.80838080598208
Delhi,27.334024146260376,23.52711429147535,40.16564547953428,41.824260158695594,64.22437151183955,787.7304343529388,135.56384083807433,1378.3360742857585,50.35921143935508
Delhi,21.484614001670074,4.661131800199346,41.14614943069825,61.96677423991478,60.72280150425529,861.9094565735986,169.20665126483874,1539.649878686167,56.8438382540284
Delhi,3.290339042301426,0.0,32.579026188634494,35.48658160821064,48.630353854749885,1023.9361076861945,206.1592965422192,1514.9118467212293,42.55856336853836
Delhi,0.0,0.0,21.291520632473343,69.57332667237606,30.815203264461,1164.3297745941245,266.3816041766147,1516.7264487497919,25.91708367956532
Delhi,9.342271840290042,1.343779309952403,41.456862007380145,59.34095279710675,64.25552095347656,898.0202210658863,191.9580963674998,1550.883576106345,40.48059512321282
Delhi,31.168639137271747,0.0,35.057764086148,64.13570447211288,59.25053403676403,874.9431644757519,141.59665336596487,1623.5027671693583,56.94008519141462
Delhi,15.708046870650623,24.10853939545691,28.70950146246823,62.80454662547406,42.21587227141122,917.7353928982837,220.52929657980928,1407.916490459689,52.00089694923825
Delhi,27.149284393216476,15.226793977541508,4.8882049934126,42.47217659371033,50.55181821868812,929.9368708205141,198.57376895925776,1467.701031537999,43.94896245059968
Delhi,16.970801140610103,3.071672000765556,17.424739061553154,65.62275856294022,44.04427526529959,1021.1923434264833,212.62591145612072,1546.7357966793863,39.342077210149185
Delhi,26.25828062673007,0.0,11.045825617602418,62.18115995555664,31.489496262556322,1040.9424654012887,228.76207939482123,1597.848620951414,35.73530393516067
Delhi,15.607636088009933,9.788953562507324,32.232629539002374,73.71438859552958,59.338722442017364,893.2466310918933,177.07992389323837,1459.7538128243275,49.31742850173292
Delhi,17.064284276595878,0.0,13.437991859887461,40.022417286673715,47.12931140391099,983.0138251717865,209.86302145518349,1548.3477132615392,33.04361046942123
Delhi,0.0,0.0,19.7375807430048,70.01095663257229,42.04000810689604,1108.4546973822703,251.43293566887513,1543.4912697422528,30.548067813113178
Delhi,9.218650075633413,0.0,33.70675247648765,63.16190873781238,58.88414590096318,962.4164446585415,193.39258982028122,1568.6884451943913,43.0938500925086
Delhi,4.202405454946721,0.0,26.083911137342117,69.0847877139033,45.700055374592374,1047.479657987194,244.70735149134418,1584.8043278106845,37.91841490461798
Delhi,30.738003861181426,1.5192249718050093,40.22444193030866,59.520853966881404,48.41570008859026,911.0924088563506,155.89175791237605,1583.5747206439214,52.44647712971144
Delhi,23.30436963292918,0.0,7.510801864415569,46.75961396072375,50.869892339820865,986.5217778820138,215.50706820222962,1622.7828120083402,46.728140037322184
Delhi,18.2615043796327,0.0,39.903413178066515,36.157708425599694,31.319619943293798,1034.8732196008418,208.8323106151936,1592.7763600578837,39.14124378311184
Delhi,12.39488888291794,0.0,30.72516861400945,38.520668175609295,47.637541503101644,980.8071182192159,213.65258460799186,1552.8591854604417,38.3026848949403
Delhi,0.0,0.0,25.82831042916024,45.93703196600618,39.27916376239351,1090.0696075265835,253.54654946016288,1472.7271770865154,28.59920411252792
Delhi,1.2976576274480252,18.307726276614115,15.499635395242915,59.72291333149016,45.08954878627597,1017.870712518239,252.1587060478254,1473.3800939046057,33.17639705405107
Delhi,31.545656213052638,5.955223775585619,37.46762538590599,60.72071651736152,30.548203632539213,934.4783093227692,197.8136469471249,1529.289532634876,59.423590250232735
Delhi,12.815271271887568,26.183583441999687,41.39814293119631,47.567519616629895,48.134508580895165,892.1421736227937,195.81117541595313,1401.7358876293588,50.865967381890634
Delhi,31.411979505747,11.760181459462121,25.666853660374645,36.09347702729781,63.35934754274127,814.738716144747,145.0801039634935,1543.0750289362306,52.235620856815075
Delhi,20.58903439838746,5.243397565665923,19.345835809318462,57.445355653612424,38.751583764462794,1021.8990917806829,195.56273163730478,1517.1908890713746,36.29098173572728
Delhi,21.828819680987625,0.0,13.490889272185902,65.67865894029865,61.76981528450198,925.6335912766181,176.18645796326044,1551.307744789901,49.755959154964586
Delhi,28.695942879614357,8.486907002389362,39.06955957040797,39.868975884333246,34.74679822748272,918.7468110068459,181.72940469561198,1615.4119982131522,40.50160395343546
Delhi,22.09099773783158,7.966181111839045,34.0306592624191,49.44036749902047,57.49998751017274,880.8826525633642,166.6049172502844,1491.7895744406878,48.69182678808971
Delhi,0.0,0.0,28.051862477360224,72.65207144596556,25.219481665632646,1175.0675299866382,274.5388192575375,1542.3052903662303,23.485671578362254
Delhi,0.0,0.0,22.3771737635246,54.113272469111116,25.03470714044358,1164.6275693418154,279.6742614955184,1553.3133697809576,20.419745898240727
Delhi,11.555837198071103,0.0,34.7748773210786,44.66128727520795,52.64701682209075,992.9389543914557,182.1765930366153,1610.66991693226,41.21051487708516
Delhi,0.0,24.847217009328524,30.511445679896966,50.90814054857282,52.831427219775264,1004.235931712823,238.89296249012415,1316.4501166966916,44.70391474810913
Delhi,28.096253508661796,25.769258590956653,36.18403530550509,65.99727788974181,43.82144502955633,831.2768084511077,169.49095636182963,1424.288207032272,53.48933453667449
Delhi,16.549919271897682,17.165130254986128,29.002920248553707,68.66340750008845,61.944183045058665,840.3404309609718,168.73938672529343,1425.0002046966763,54.24122680845245
Delhi,15.426586758693155,0.0,6.435871632913191,70.67604982847462,64.48473675975585,955.977223289912,209.25012452182955,1509.8542447833274,44.08478196186861
Delhi,0.0,13.744895120346605,42.78110613124994,42.50960697629197,56.53396975781628,983.9150157904278,207.9158312117768,1414.7444441474493,44.2424265283236
Delhi,23.205963627068126,21.93400160373148,24.80286675781169,64.7598271743784,58.977934148779106,805.7095498257861,179.0137358573065,1406.7532352307935,55.29360225798672
Delhi,0.0,10.172977831805532,14.850338237466683,59.470912726381826,49.67056333620777,1023.6032668532295,264.2857543499328,1453.2333887671884,30.398381348222802
Delhi,0.0,12.565220977796436,31.340751854932698,56.98997268162525,50.754084703228216,968.0079874142557,208.45609078543092,1456.7397347756544,41.99196874178575
Delhi,28.829003348931174,26.325042157181166,22.2994740543068,57.74732496671194,32.1202885464995,893.851546083058,214.68970453319304,1351.4314086293796,52.48576863466281
Delhi,17.246469446490952,23.166336532757427,29.072635168088823,60.20688508983425,52.25861092217711,889.8932370284343,208.57353441264877,1349.223279596893,47.27637763907723
Delhi,3.855421993541233,0.0,33.09915874538413,56.01243934410057,34.313466632738034,1050.0046007935584,238.59459564113158,1531.3066157242115,38.66209894690108
Delhi,22.02152794802116,17.25437119708111,6.6846986238740875,68.06613951614699,50.267700933711,889.8444233327087,200.5713143171452,1474.478660495148,49.66785938447614
Delhi,9.497766979090748,0.0,19.55052234070931,72.79260256285977,30.03630724688508,1075.2601300875635,260.4742878522325,1540.6596424314082,27.417658769689126
Delhi,2.6915972020332894,15.811591986645261,7.113758511187434,39.41155245074491,45.7346274173354,1075.545265080351,253.14573617007034,1426.432008596141,28.980548269075733
Delhi,9.623586768784993,23.969144600230244,10.072512455918115,59.3357149742985,52.78615104464464,983.4222784192838,228.30255480106305,1399.3879250062193,42.96708952677741
Delhi,0.0,20.289005191016713,20.157835624838064,64.35734948547105,49.07242539874225,1027.371061952055,252.42455603146558,1411.3958050543163,43.35679628130406
Delhi,22.779925902872897,25.311067877100896,36.01438561185836,71.41377956656672,38.35786859911525,911.9347993506402,200.2156491243645,1358.5394721621897,60.64087065093601
Delhi,18.548942965403736,20.73062743379731,23.176445907328628,49.04505444572554,61.3357842338679,878.4055799497743,163.00130294020585,1429.301628826287,66.3590496124951
Delhi,0.0,0.0,36.72871849290703,49.77087837209338,50.16883363440028,1015.7639176301169,216.45351393616448,1558.9930093060443,34.21172249346634
Delhi,21.158822633310173,7.604515880086879,24.293603588486118,38.4350541717202,51.78555311357353,962.580624351253,191.16177662629823,1513.8470225610856,46.41833483139138
Delhi,0.0,24.08457920801507,8.300798843988325,60.48836238841261,51.84050322571809,1020.96047056808,243.19901364116203,1370.0588616953428,47.27936686920553
Delhi,25.525709912992717,6.09117270400818,35.302433397466324,60.37254348289183,35.60868176478323,975.6810324825015,197.277783209458,1560.3711748219926,49.919249724599055
Delhi,10.773474799932192,0.0,3.0231467886603873,37.477398616367836,42.018920437973634,1053.1301449344712,261.2210810284747,1610.3733323737733,27.541333373558977
Delhi,5.306956083995862,0.0,25.007754127796243,43.27910368079564,26.909547210490892,1143.5964339517595,256.22893557638065,1534.610408585113,21.89463112528453
Delhi,0.0,21.73905692570147,10.071556377461361,45.96144753151414,53.95774752921022,1014.9846766280821,253.85510680787337,1383.059310787499,26.105304230921757
Delhi,0.0,0.0,36.10713729644896,41.79108832818925,47.736168212876805,1038.8084328169666,235.46569949490615,1531.8964341006856,35.60468106318902
Delhi,6.228372687815796,0.0,6.08549573061299,59.42757651188704,58.43566890475521,1044.3806775266303,220.2268253206846,1537.4601702616058,40.343629938926334
Delhi,0.7297269931983212,0.0,16.659651552047947,35.0990978757283,40.23696768122777,1089.4776209243817,268.73043545559267,1556.9919770414774,21.57583362749619
Delhi,0.0,0.0,33.27612186946891,43.41323939579089,37.56912655786542,1075.2553141792712,249.14474325358847,1530.1307862143344,27.600442864612003
Delhi,23.977814789949907,11.31998402457097,42.09169485524528,70.44812079888212,44.67147292882522,915.3002532925503,174.87117703871948,1522.6381352109154,54.73812830494255
Delhi,22.349962381849686,14.593876391193668,22.204057434082856,35.62814563900489,45.92646444652411,924.3213822631811,211.79344895492434,1486.7741679741005,39.652370337599166
Delhi,17.49955302478605,17.310633238187837,16.19551181630519,39.4876268493438,29.921692500405968,996.3710423783377,243.5969658009967,1436.8294089564597,45.69806266649301
Delhi,4.411436173594037,12.193935268094751,41.50253543897956,42.604618213827266,31.55575284898584,1055.3958376501373,239.0389143825091,1431.8805638660197,40.76509262759267
Delhi,2.0904374225609494,14.05740562085293,25.089273264010224,70.33572129893386,37.32369417410091,1036.8879448203177,253.84936401014787,1441.923896579626,39.58861088155772
Delhi,6.759141338798173,16.652278514402493,12.77959950384497,39.33106999782403,42.32398244711955,1032.6433843870846,252.26986278730286,1390.9281812409029,30.61045424829839
Delhi,8.542558232651125,7.808725015130623,19.235780223464985,67.41446013889964,37.11789305618545,1074.579751387133,239.68190612421526,1439.7800810947288,41.50730100212649
Delhi,27.480530071768044,26.2939721951401,37.828439679182026,73.45305589190959,48.312832966224796,810.8931794417139,155.37829523201114,1418.051081702315,64.85435042781239
Delhi,2.7276129101519793,13.456466389545366,13.751504548301604,56.65256084741655,60.495018732212735,1025.7544042784598,228.53482238054224,1408.6326477030952,39.163329917691335
Delhi,18.85375824322277,2.9094563648138276,12.710471770646096,43.11178478495686,62.75286349255967,960.6378007930642,205.69359931098833,1545.6437605369642,50.65551897048137
Delhi,0.0,7.602470814908301,38.51290163722114,71.43048231249165,64.35044543285873,947.0891466453071,215.24493294165563,1520.0886560081576,58.194860687341055
Delhi,21.2261968926616,17.715113683266242,26.0684650105845,46.62861384748673,33.98379095212417,962.8491184992236,224.8975901276768,1408.0376845083372,38.51382187675264
Delhi,10.436421347306155,22.638025411619715,32.0467451904027,50.70270109464714,25.947984099273892,1002.243579983309,254.60822003789514,1409.9342496826707,40.48606283052665
Delhi,11.689922657485258,0.0,26.4523170417588,69.92521820765617,64.24904083075185,943.7997394441528,194.1104076392669,1566.2133977809606,43.037577568094974
Delhi,4.92835692594033,0.0,9.02166428619968,48.40446448815236,45.43914962566014,1087.8733337852193,245.1481959282316,1527.0994272490025,14.984843516630832
Delhi,28.898988814355164,27.517372860928084,29.901131466535702,62.41913088470524,33.81497665999032,868.2240545222802,199.06536903282472,1336.1406448719054,54.72984313376291
Delhi,0.0,3.5905431721339873,10.794703672199784,38.554027188280145,31.989515257782372,1119.5300475637705,286.98615637681723,1498.0839382618324,18.410706618261187
Delhi,0.22779853080540136,15.629215246033109,28.168437066848494,35.83110557994772,59.508638365376704,964.8193876509084,216.42409435975847,1366.841155538265,30.947290499743556
Delhi,11.783651432056004,0.0,33.112806202978604,69.24931355510637,28.456995079982836,1111.3592394852615,220.06627571646675,1554.7899235093853,36.150929857590285
Delhi,1.0587502495367378,23.6033558013945,7.905162053483938,52.95055782440189,59.822976747493925,987.1851016966224,239.94285221155397,1316.0199928197835,43.36512527942338
Delhi,10.156407290381477,16.205876132241265,29.1872609938468,50.63854415749914,46.85968289776231,947.3724698381839,213.70721192610534,1405.9082579887745,54.51020472550578
Delhi,0.0,16.2877802669941,8.617023205346436,71.23515612359822,38.44920987108817,1125.6411179550917,270.80055708191384,1405.8522591542992,37.59269477332572
Delhi,19.860027232891447,0.0,36.55653353067072,44.036333520978076,55.01364153367392,931.3002657906126,165.13004264709247,1586.6021791451176,53.42976907124309
Delhi,30.028814842175024,22.866502143385375,34.08226481395373,69.05822555222665,33.494046612407395,881.9894093492333,198.37226874208883,1446.336178159962,63.30777275370986
Delhi,17.04346665048582,0.0,34.38086917093928,48.814686647078695,39.89353573477413,989.5090072348738,191.9085844959274,1611.0123654263243,42.99547092674411
Delhi,0.0,0.0,10.154739779811937,48.17388022073126,45.68568504459653,1132.0818037138151,263.5531633660118,1558.652089852373,26.671363463170422
Delhi,12.455288388297816,22.096809761012942,22.66702008245467,49.14221314426406,51.96556449736907,952.8807842106452,202.816982947289,1375.45035534059,60.36957169038692
Delhi,7.453453606483048,18.086842353729978,23.986936576984768,37.535777926188096,41.873688913502534,1018.8275078643558,234.18407651128632,1438.5262525582966,32.72563641765506
Delhi,15.261981349042035,3.2134068961064806,12.060707032422703,50.04282566429469,57.50615590091125,950.6223202930786,215.4513733454884,1532.9107399742973,31.120937635906003
Delhi,5.551793770839211,0.0,32.74954427782788,57.978825736887,37.137260606340334,1072.22029966307,223.9576897200019,1558.953183503573,27.575926444787054
Delhi,30.547004026722796,0.0,38.9559969986012,45.30801059006806,37.18920999900017,899.1568174480751,189.82423297656516,1598.6186146715058,50.06043189634738
Delhi,0.0,27.350064407851406,3.8867761681405213,46.576291323951054,47.87221990741447,1016.84440870821,248.19082130142527,1295.4835706982549,41.675830664183444
Delhi,0.0,25.5173647530464,4.271703545178518,45.55437132052765,28.586381724189923,1123.648594287823,292.280215433567,1351.7980569148701,26.477355113919245
Delhi,17.679019494436922,10.656545362641932,13.5811019192741,49.068609308057276,49.11985904144413,953.6454660205717,218.31613256532043,1495.467680409583,50.24757102769568
Delhi,15.134911670565856,0.0,42.01022056880447,50.2226815991808,49.90673729749229,969.5696681378558,190.9195147582199,1541.39669738918,41.87304274958061
Delhi,0.0,9.237624880062832,39.68919960382281,69.43486056489863,63.459676212753436,1005.3820889461854,203.80084560643283,1466.523813692714,48.32482022752613
Delhi,12.642636890818274,11.563619072504913,22.31176576142388,55.42128867890699,27.614780024128617,1105.6687530124332,255.32760579149442,1492.369060368247,30.344542197480628
Delhi,1.870835721678457,0.0,11.99656355566895,57.14999274602034,41.239395782334896,1121.5594476996123,263.80111666369305,1499.0268767451994,28.97096425923978
Delhi,21.145601245032992,0.0,38.71681441750524,44.72010622425044,61.41815506569883,885.0155261930367,159.21418086138831,1583.825230737987,53.59425417315299
Delhi,26.035641771504764,0.2768150935492315,11.165788765367697,66.55799485880122,36.22034734894959,1034.2182990996378,220.04681577744668,1546.6761444993508,38.00520267327016
Delhi,10.652703549404684,3.875582102492679,40.85996305517803,74.87972555975318,34.181107223518325,998.1344775537613,223.40705597638905,1567.8839416624598,44.07064302191367
Delhi,1.048333816636669,17.126306160181315,20.064395952459897,48.158817062516306,32.45858996000234,1080.3425932938644,257.6189597173565,1403.589554661459,38.863098230667525
Delhi,0.0,0.0,9.255465579250705,39.045697044358036,33.99852645852695,1175.6778610262631,272.58280303754884,1478.0041429112837,17.014894316966476
Delhi,4.538280734444726,10.070744143310318,39.50322520543491,45.48800634900238,40.85448798074364,978.2189496701258,224.85224249958242,1422.9493755706999,35.56386817798299
Delhi,29.791449750189685,22.124825268772724,13.45316633714763,52.39081607274531,48.432714800339056,857.6204902240781,190.5412731096954,1422.8187104975136,56.528669119734374
Delhi,9.548694884608494,6.630878521477111,8.535939968265001,67.73352497638747,44.17184304814438,1036.369446564189,250.05008853290707,1506.2713621624646,43.496601241685944
Delhi,18.810124353609478,18.20699233191258,32.13997097739313,38.029858217222184,25.301229618303726,1019.7018612290348,223.4480940290151,1427.3026846852288,49.37247617729674
Delhi,18.478421525737105,20.702911918338266,16.19365278614932,58.96767447281938,54.1116674682417,883.0330442300301,219.54669686620258,1409.763878539674,54.9817160684398
Delhi,0.0,14.189667518567454,25.316724491198414,60.82488107198157,37.165424770032985,1084.2952398453945,256.22502820805425,1411.0015671264212,33.201931192137096
Delhi,28.03022021611484,0.0,32.56594969309799,55.25555397925979,43.61462377106767,918.9616373688243,177.22709047122555,1541.7317024447998,44.28080102390026
Delhi,5.7905435740364535,0.0,12.32588624154258,41.187466979858286,35.909605664906216,1089.0029507576696,263.03756582273456,1589.5607565150276,37.0753173987613
Delhi,6.48604760882894,0.0,40.16474297069551,59.70901100676137,57.19894664478343,942.9335877966683,179.80323851500938,1607.630959946386,49.377742540971425
Delhi,9.573915725426907,11.05730991036112,35.095052464984455,61.92363239701293,62.62074501238778,934.8931809803086,189.7492645902649,1439.816865854392,51.27028376059139
Delhi,27.20245648242691,0.0,12.867735651256018,67.20017752543194,32.14560047850203,1037.039112789435,228.3402070423844,1590.2478676791577,39.12764799744923
Delhi,21.07555188498059,19.4514362650904,11.278931938232752,67.97957454405159,29.412036170062926,1014.6022843276406,249.6062489654483,1405.6078715469964,43.87451006354123
Delhi,0.0,23.471047347122102,28.359954877921282,68.08268051787329,40.427984682722396,1046.635987914331,234.0581314611431,1368.3925405988089,47.22250169587
Delhi,2.756636399991617,0.0,26.352725490438402,38.80098425536673,39.35603423626942,1099.14534979707,233.51022288241367,1553.3663140159365,21.433334081410692
Delhi,16.58509223984754,0.0,8.085651321447248,38.732459898951035,45.58332848604074,999.7824107929707,237.45803352924975,1563.0515630667019,28.87186366949328
Delhi,4.054366203114304,26.425230210649147,33.26490193422113,57.28421444954589,47.00335302061833,944.230983687427,225.87866172469526,1316.3826645383992,47.76312877033376
Delhi,20.10880509130746,11.663815384651492,42.97011218251954,44.44739314242628,31.508963248428536,966.6067621711245,203.2197836111445,1498.8151017042076,37.93400375422905
Delhi,15.444569384016859,21.082480064763836,12.4303936293262,45.06662893254795,60.912265884962,901.8023591956097,203.49904957338,1382.2507313811898,51.623453193357406
Delhi,30.756281543175618,6.1871629856435355,33.85276976208267,61.4262958972219,36.01381144725514,944.3910917205128,189.752929700041,1514.0156939802212,54.263132048773855
Delhi,6.848037913248934,5.322313499132068,30.365240892682834,72.11916748727927,64.02359993690317,932.5591117577839,199.09476761680014,1514.0099734172998,58.21062008107406
Delhi,8.309238368814668,1.9555302893549715,40.6338698400764,68.57661709230123,55.04242167911273,982.1721854179061,202.53242577921918,1545.8674109858964,45.44758485047383
Delhi,6.017436111227521,0.0,37.28556696108057,43.76273136279072,61.650360960891035,922.3172097331221,189.97541526981715,1527.5230469715686,33.85426310289434
Delhi,30.12422135237997,16.671988577973867,41.27219326355043,37.295054120080415,26.023628777871775,888.3825152839531,189.0508319990602,1463.4052950313462,57.285508916790306
Delhi,21.511925961617127,17.56218770423878,28.10694224275103,52.844172921315995,48.924637532710314,919.5229566099244,193.73525145568604,1463.6828848718174,46.98560983908508
Delhi,2.8191414939075905,15.89784399071193,19.035132058855496,50.14070942179671,59.844863501855926,953.7590851184424,218.40271115450142,1433.7261867372372,38.26227940171908
Delhi,9.30852223299058,18.148971056631844,35.054775802884066,46.002547705041884,46.15604710501202,984.5283847160533,207.10899014710668,1334.701109455326,43.82544327068727
Delhi,3.0241197275186273,20.863727893555044,33.409122323648646,43.01830060729007,29.64284686506258,1070.3268371128845,260.5166505196107,1387.250956263503,30.366352439544407
Delhi,17.376723850136557,0.0,18.638436671635617,61.79115652080603,59.93853192381917,963.9712484538938,199.21319569246052,1558.6393610634088,45.718171877702005
Delhi,28.05145878649516,23.4028246404878,39.079540551505204,43.023530311811896,26.339738765702695,914.9006722260053,186.41228408628712,1427.9139043774887,45.363003235360395
Delhi,0.0,0.0,9.178926349601767,73.84891256603449,43.984830901605484,1096.6722098401249,249.16529858751483,1533.3564044572304,33.719683071865276
Delhi,26.49136984443942,16.10522583144442,29.627297776453194,74.6564097066667,50.9807589571641,892.306132193362,165.52416921200663,1470.070996075774,61.759418025926934
Delhi,16.97562217602151,8.919219957412238,8.094923773880392,69.44924017631858,41.328864247227614,1018.9600570013666,224.27193034701568,1490.7506328427341,41.55745087489985
Delhi,4.787510716991122,6.208898572581845,17.69721299849871,36.03989246875223,64.73681683105482,982.9962970047073,228.2881071010708,1462.4686293965658,34.614363533263635
Delhi,2.3043481646484114,0.0,28.725441525226884,51.62570928028718,36.06902901190032,1053.6674620637934,251.083920982968,1628.0514935274944,26.846625075566454
Delhi,17.988409357679277,0.0,12.830612210332493,51.93190497470431,28.958520083765155,1085.3280107983626,227.24715193110978,1652.6142290481494,24.14834275114029
Delhi,0.0,19.14935436853978,22.74297516416133,64.06080381151435,33.06046736410275,1090.4332263673407,270.8816693566805,1405.88106862253,32.413519909854536
Delhi,31.494531558658117,21.611632719250167,16.670689303128384,43.4799163092481,25.662013181390716,968.0006411205107,214.9009528353534,1413.8556969905758,44.203578797528706
Delhi,5.86662917044378,9.19982264018099,30.922672065016307,53.908864288602345,44.29563927879495,1018.1529028579333,242.40521479265362,1502.7155953230447,32.01179759732965
Delhi,0.0,14.318295372904164,22.173156959167905,38.98070551157282,41.73596543784855,1107.50575928299,250.75153264366503,1419.591663089504,26.601805898564525
Delhi,0.0,0.0,40.516121429415946,46.72216763804718,46.839415606003996,1038.186418745241,210.85217820636188,1548.7736683661537,35.99054297196821
Delhi,0.5081672181689871,0.0,30.484010693636293,43.33698044743384,48.893619131747236,1037.6092077156402,224.48486004964207,1470.326063452933,33.00845554578666
Delhi,0.0,26.315476303714824,10.869768967880312,68.88823887115217,33.07803309679016,1078.5235155067744,269.5566535795111,1298.589835290381,30.590444513233702
Delhi,9.61413486624128,16.100560601006784,42.88990511263037,68.7890274869697,59.92427166344038,877.590393390363,195.65980225799584,1421.5985207090257,45.56243596435186
Delhi,0.3062102445489039,1.8126895147522344,14.63691786353477,38.76058399567886,55.60645756835965,1081.7688089778942,201.96257777079003,1547.4373386415252,27.066516105276012
Delhi,0.0,0.04738659754904795,37.392828594625186,69.4078704901993,26.04621877577457,1121.5309080330762,277.68278042097205,1508.1509992068245,22.60391631635046
Delhi,9.914274354586382,0.0,6.3422464458586205,52.626129899658594,50.44000661818494,1033.4296657555378,227.31962552134144,1555.595019357171,44.08524238205699
Delhi,0.0,10.762348533731974,27.32112746978759,37.264452903824235,31.59271603723086,1104.486075803674,269.2356034032167,1435.7820530889373,33.659216175122886
Delhi,29.422087673536154,0.0,10.581623840926452,38.739609010468705,29.540027699801396,1043.9405725531803,224.67725960736604,1610.3660599695402,29.679412593242617
Delhi,0.0,0.0,25.88272290449196,42.20756446728356,54.13683314019146,1056.742679645568,231.96386665181723,1461.6980498289547,25.82019986343787
Delhi,0.6914034004141438,0.0,27.65348875175374,48.54685358107417,30.979803107137993,1158.4069089032077,270.91226664487584,1543.480502048216,26.67055260607756
Delhi,15.872964083975404,0.0,27.132719514863425,66.1476084865172,48.38243830761826,999.1821960352698,203.73848827228403,1546.2645483747249,47.25018711748742
Delhi,22.617103164185664,0.0,9.818635094654102,45.05942317119526,32.56362307814949,1062.6570278674424,247.75008670945078,1619.4307832178354,25.877063199672165
Delhi,17.419289164682294,15.357923267721706,33.97243284425169,48.201995372331076,62.162462167182035,842.2077918526755,156.18775329504166,1454.8920218542896,52.88951895312894
Delhi,17.574189999846702,16.496545026465828,9.124607130610492,66.67460041579822,58.87956217574735,952.1772308411729,199.96692131961046,1427.7973539699508,52.86213147561566
Delhi,11.799823370203868,0.0,18.49223118411797,57.52260971827931,26.633662848353033,1079.5606478587288,254.97954365147623,1517.3403146148637,30.487597647159227
Delhi,27.630664706588526,26.805793930414254,24.69581701133914,39.19410927401404,41.90225901979374,897.7750368494678,189.81333152584105,1389.478135372621,58.77499163103657
Delhi,10.139024806169495,13.075267543205626,21.799009957629224,37.60298252919196,53.09859272124014,980.3328179460224,191.70189212539782,1411.3490814807067,36.53783774412114
Delhi,12.48740997421659,24.770692534153035,36.18925015015995,62.04534672614224,58.44632665575616,891.913161326654,197.25296892365282,1358.1332477647293,56.564126871302946
Delhi,0.0,0.0,17.41748160607416,56.987527778964214,44.00635356825881,1088.912547987967,252.3549470895658,1563.504769276813,31.22808118712571
Delhi,5.902047862469127,2.0724636595324437,41.90053390482258,72.27169790951214,56.648233041980966,972.6347799784572,183.8459218222443,1531.62274805869,48.95859550946399
Delhi,18.004770822065506,19.126733630476032,37.32489522194556,42.804316172714145,42.13232188746103,906.8254644468833,212.91867188174788,1403.1558630840761,54.46844772566831
Delhi,0.0,12.88330739957209,7.949839227374181,51.11193937886269,34.599112863777144,1137.2756529935202,270.23279652467613,1454.5120355945307,29.570794017983992
Delhi,0.0,7.544120790432768,3.6443503913418915,48.215293566873456,56.768511899168644,1060.4148307987687,241.47509261675523,1429.8151275023347,37.492589023161756
Delhi,8.64824700031572,2.369526049818706,9.767367770984013,45.73255446403036,53.70662053781722,1059.6545146317433,225.1275193181146,1514.950144587459,28.305336135627037
Delhi,0.0,22.53100250085403,22.711926638948903,63.60705057307152,41.851398286740924,1041.3961124805085,244.89756605067095,1355.7701517841733,51.084931750935056
Delhi,19.943629952165136,23.00847153095294,7.495259402714616,58.65301716779628,31.72933427934277,1026.002675817572,228.06024703544537,1373.9356744752624,41.420356766499445
Delhi,22.529510923030443,11.277473104602574,32.55324413516125,53.2260407463033,41.98792251332641,937.2834913239918,193.18833545840428,1501.1403925994614,52.23408904789446
Delhi,13.293433774435613,0.0,28.182093981833876,65.48761296212311,25.853501478176977,1071.6879564488647,239.99814794469626,1583.9291494738654,39.68245721673127
Delhi,1.3979960159308806,18.6997691637835,13.06850847124194,53.3769450745733,62.34052639663683,961.1223691793657,234.03606425876896,1391.5774316302493,30.596280605502578
Delhi,19.454513346058064,15.564392969182009,26.167342870607776,50.511531800781185,38.063887137608106,954.9325641849082,209.84497564044312,1499.1816896982775,39.38590045083219
Delhi,19.573398040119073,0.0,8.954814310462261,50.68652363021567,38.45671432426617,1073.2014066453942,222.8916603879314,1585.6377946305568,33.32685729319276
Delhi,13.11690683031761,24.066831315250795,13.53954975352867,63.59227562420364,33.46616508135024,1027.6135564857796,235.59222059433026,1362.803705775744,42.75575977170228
Delhi,6.666378840469388,0.0,33.54683317305938,74.66934160695524,49.48865604013355,990.1459799745321,197.73518053185856,1496.9966915682087,44.94064095263911
Delhi,29.188613444881703,0.0,10.8933011107988,35.42574929445179,58.98621137908631,922.1693602232937,158.8799178071847,1558.9143131022538,47.03373447729454
Delhi,10.621109445280702,25.835424493738785,14.638994351827803,45.324901458734075,63.840866051161186,848.6995614562516,206.21725337588725,1374.065658895146,49.85213664601217
Delhi,16.664031037836818,27.007871248337295,34.94270594472174,72.57828335721135,32.798122711070974,929.0195570991559,210.19721978576197,1362.6068769963333,55.67430429017189
Delhi,17.262576699807244,20.30579367780922,19.710386706957433,64.00304270121958,34.51274819773045,988.2904948528757,232.5776078048456,1398.0617598169538,47.855080653361746
Delhi,16.171190411793994,0.0,20.39854460104535,37.77800828125527,64.07612041924787,962.5184906516597,200.5742358346739,1581.1250969509456,42.18758977607773
Delhi,31.612894192538548,9.113255345798084,26.78699891122787,49.631114070914435,58.601366658845066,827.6239380071266,158.0515138045215,1558.3818180236187,51.77128236082268
Delhi,20.805606594345953,0.0,11.008783415298776,64.43964382912029,39.31618289936603,1046.5751347427092,222.4527852144951,1556.6035409923488,37.14449217935117
Delhi,9.901357554500613,7.098111259830311,39.763018735501326,49.053009898983596,58.48741905937094,930.5660592337491,188.00523429882034,1514.036417931821,46.647964795287706
Delhi,5.601386915220992,0.0,18.79587353790962,45.21018547764402,30.65518964598966,1130.8946439733768,238.03202759901433,1563.572073312062,13.351866373150898
Delhi,4.215445191391234,4.421009524928415,29.902522461369884,48.96957414260027,61.99650738568763,964.5978213699171,196.79303273063402,1512.7945206694767,36.755272589743136
Delhi,8.94278717481194,13.659796527007202,25.81268529184544,46.76899856931402,62.639727623890316,907.7660037150949,201.46756299219751,1477.3265331060384,47.96169963430201
Delhi,0.0,0.0,25.9175784369701,38.73061639558124,40.222709163401845,1116.135347530926,252.05442865632335,1538.933783997424,27.76813659598642
Delhi,0.0,21.88525587596837,33.13633606783512,36.41070568800985,27.560792824041293,1046.5190239409342,258.0529295962021,1387.9526733017174,32.881901401575604
Delhi,8.399184536236064,6.462270346763766,21.672899778975783,58.20341721701654,38.653426681293624,1060.0473246299855,241.43634321739742,1569.9969882862606,35.40231412182885
Delhi,14.97361350936351,17.66410818690217,34.9159945120263,66.16076252836719,41.956297969217886,924.6240988429704,210.19213939962722,1388.910202530293,55.83360020340537
Delhi,0.0,11.279134716188729,10.023520431397792,37.85401526234787,64.15442024240292,984.3849871815148,226.68483648079382,1395.6285703851822,28.54654783902108
Delhi,0.0,0.0,21.431489737358085,40.83265717875569,50.31712304673883,1029.8307056554968,237.38623555336412,1557.9162122525954,24.998324582232023
Delhi,1.5684041453325541,23.54148126617922,17.884648746413408,60.68038477374845,58.40021942542796,957.8371152399428,226.2318090721154,1368.2174004484473,42.80718477206856
Delhi,0.7358649960889991,23.517439867980094,14.75111058525002,57.74269768068781,54.08066592635133,994.4652979625753,249.89220254649894,1324.564977287309,46.57565548778151
Delhi,12.33359016166905,25.470654627116524,16.716552888945092,46.57430299474231,42.18517936995885,960.7019400622364,239.51634491780825,1319.3982567308426,44.124682923641146
Delhi,11.46728131408332,23.26241004116053,15.631607694148173,53.78421901549235,29.039237820036313,1026.1035410594213,256.9310101989071,1358.6917273789074,29.17022624779497
Delhi,19.864400963711283,15.013430745861417,8.306576112928706,66.5080735489959,62.554138888783434,908.9249231994165,188.3815975093434,1440.7907360592724,54.93058780818247
Delhi,17.63434057954764,0.0,17.92310354342003,71.0014113009276,45.30213056025923,1043.149169748987,197.3955208972703,1606.3477507445168,45.71934174999454
Delhi,2.1451313797602474,26.742114246296623,7.686645086482738,48.940078149408635,38.87255510819669,1075.5611661487505,265.114389395185,1350.058594610593,30.57324656585989
Delhi,13.03082655696052,19.860725382354673,19.436718811562052,74.6493714339552,44.36452495761556,925.1525967269331,227.49128316907075,1427.8935294633604,50.15805681632078
Delhi,14.11877746360106,12.611785836986325,24.205836923204654,67.87965270734821,53.806867060682535,962.0830416045095,210.7913637095894,1529.5546776909664,48.21341763838601
Delhi,25.877427616208443,6.104981112638924,33.74295714882133,70.44692699171254,29.196099591616303,998.3654319717176,200.46344356964445,1542.645013156407,45.711866410944175
Delhi,25.570726744133083,0.0,16.338782930030987,56.00096074811611,54.983743950151464,936.8543378465681,177.23129060652576,1626.5891850706298,47.89084759141617
Delhi,11.220504425137364,9.728064885259826,10.540520689052972,64.58530124426787,64.90786750491421,936.5932807341084,188.24355635907506,1515.079267287822,40.11081862101347
Delhi,22.27547944329806,13.296200803036438,7.255985231351062,74.12560192019163,32.53845371334171,1050.8907066295378,231.1750290392348,1561.4815035876431,31.73453538034401
Delhi,0.0,4.222743411832528,3.0201264227606828,53.02200940588463,37.14221092761632,1165.7628699212082,271.5759135613303,1548.9027259177062,29.71062816244967
Delhi,18.70858738963027,19.368301677869617,9.417372727615351,48.90751782335203,64.97756235418153,888.5328763727192,187.85109187328302,1447.885171225982,60.71544441900548
Delhi,10.109688549078466,0.0,27.997070648893043,52.078182765205554,58.00061080354825,1011.2049302471007,203.94451193600247,1575.415663589422,46.47089911960974
Delhi,15.264062468890817,1.5667990820404007,36.84503510023091,70.9069667870782,42.95589510037491,991.2050138403724,191.38862545398126,1557.3153962228134,48.81681389324904
Delhi,2.1215997953544132,15.408341003031929,30.35971441321056,63.42207026791831,36.382588040416316,1011.0928407146386,267.8961999076183,1427.7818582526609,46.5792274686644
Delhi,12.506345800176831,19.617052155080366,17.20313742028972,55.174694932478324,61.79284987646757,899.1410062678198,186.23316777736602,1413.851654915514,47.553318909103
Delhi,6.0863389400614345,3.9491123775067756,7.568659069030385,60.80920211358094,29.44429943560701,1152.2419514593457,273.91329975288073,1497.5151562312217,19.510428166964573
Delhi,0.0,6.1244008353466555,8.04169408671261,62.07932391311985,42.29340627447967,1065.45817588378,257.0362896432968,1490.483184746827,29.5151937408868
Delhi,21.650462876146232,0.0,4.108758226529687,62.3192825585109,38.52675917444005,1042.1491968041971,216.90363348034725,1582.6482392251853,32.36809378199427
Delhi,21.099227931650717,10.507862280908604,40.236154139896136,37.95948235166928,49.58050119580584,924.9589869902328,170.8030416571453,1501.6352971696263,40.82295445217051
Delhi,0.0,25.425020303347182,5.5147981768474565,59.391598963394046,47.95913658456149,1061.149804055484,255.72557588849105,1407.4981955738133,39.43017420133477
Delhi,0.0,0.7349768165081745,12.747793889817608,65.63412930882811,48.650349202519806,1054.6664177231787,245.25160195024657,1509.4120781881377,31.869948819722516
Delhi,0.0,0.0,28.976418921730193,42.0635865209987,59.654187656694894,1041.5598289582135,215.71511438653582,1551.9526943498367,35.121965710099126
Delhi,0.0,4.662182451124426,40.30852405804342,64.67871149900175,53.43114919656796,990.0400201650957,219.36013228024046,1532.0079608807512,42.641918645207625
Delhi,0.0,7.497209251352231,17.68558693734209,73.34922736642284,62.52316605454049,1027.4715400165305,217.51924883115782,1526.0823813616357,41.74964920185812
Delhi,3.7538820738966407,0.8844434611972005,35.27513129529485,43.540613719339824,57.87882620318727,964.3383235150801,191.89437538530362,1507.344944131538,43.48767038317352
Delhi,21.93797694226283,13.951147481753264,28.09080666402213,56.9374682423053,51.949477688348885,885.5570229553011,209.06738691046,1489.3730617309714,48.96023125819472
Delhi,2.487485019885426,17.932832623336235,42.10016279628561,44.66231496348678,32.83411030942195,1036.1510268595987,241.43855221573892,1382.2527103648993,34.32633343252184
Delhi,14.195237587517006,15.22774826795196,9.649968082269723,53.12795475324633,59.475805391837625,928.7553367725108,205.050647255692,1484.4920334351725,42.40435726111086
Delhi,14.08020306139926,0.0,14.35211563958768,35.697824158072606,39.992581986137,1009.9816226218032,225.50445713568215,1596.3210896755547,39.91380071646546
Delhi,13.29626539077848,1.089507346749203,19.062780032890277,43.37421458578517,63.86864089843991,942.2225486560297,207.56602535705576,1559.5648210390677,40.5811224165323
Delhi,0.0,14.34659681475511,5.61556879423739,63.2811589329029,47.37321088488675,1096.8019075021157,254.93896947001042,1460.3527066418915,24.552427402741884
Delhi,9.928635347152145,21.983946925218255,30.036069489450018,44.37889067784916,60.0492060446397,910.5447506399943,204.5343921171597,1367.852511112483,43.20066094571728
Delhi,0.0,0.0,17.73478589791666,51.3959526539263,54.0939674251876,1037.8347409146006,237.68444751759102,1584.4135929035872,36.27322086181482
Delhi,16.395755065214967,9.33524549894144,42.88082094491324,51.545527045328015,48.22828252373249,939.0922994405977,199.79694368554192,1504.6997896054245,55.73024863159872
Delhi,8.3510526734167,25.661156954550684,11.880693721066898,53.851149926128784,30.659361947213476,1019.1766793245059,267.15356442266074,1363.6468705566638,31.905489595997413
Delhi,23.300927655798247,1.89213697335094,37.699711728810556,51.98337190094161,33.6954449862873,940.2934234135971,207.11820865372582,1573.8516619722564,40.98448159903581
Delhi,7.935960623269567,6.999977988293178,39.708996023752036,68.99604913118773,37.497888474730225,1031.8935006810677,235.03201989017114,1454.6022793407135,49.70006989612
Delhi,0.0,18.830711272342796,13.72632748814967,63.44404559763132,31.210391675711044,1108.000438694986,260.3151575874026,1386.100088422625,41.39301621172179
Delhi,15.147728585031345,21.41522323471218,21.60959468650583,45.561041188119304,36.69163110470307,956.362948919982,216.1029630450441,1350.5010789288028,44.35134819327945
Delhi,22.22766457161049,22.539040283018352,10.614373641358707,61.356741344504044,45.36083950797388,930.1658706261211,199.4968677525958,1401.859733249843,42.54519188273739
Delhi,2.5493306143894614,18.525942827270995,36.9783797190556,41.8114682552587,55.1427633906521,958.3176858292634,222.54782916133092,1369.532414090143,43.797117860955005
Delhi,26.280767008715856,12.903250821546813,40.25580597024865,39.17745929823352,44.89964232363298,867.8700142944705,183.18964482918037,1508.5397516081032,43.83739708300108
Delhi,11.723920002801208,25.837568291761315,30.229884811070892,36.394631577238954,46.58167369548174,929.2060436153962,207.04671736358486,1371.134095995399,51.63601952417596
Delhi,3.3045565485248645,0.0,31.808398693723326,64.76496514156734,29.582243181045577,1107.254277701325,242.69595012787013,1574.7898163374534,35.819616315286254
Delhi,6.660777026654607,9.43170621490798,40.73909895747403,62.90736072124973,61.31176115803228,907.6496822904514,190.06940200452885,1490.037129524142,49.25273186483318
Delhi,2.3832373078299476,5.465812365315507,6.4314676509924915,63.488687715236175,38.79984108183509,1087.2262790609816,268.89722529529206,1467.6787341632703,35.84772492390569
Delhi,0.0,12.189491159745451,30.591415672589182,52.78588179743359,48.703120520904534,1028.2090536648313,240.72752679220224,1431.7552663401077,44.21154349032278
Delhi,11.640693176585703,24.426466229931066,32.60001768706243,55.54652545045228,34.87764350167646,940.4184568870168,224.547066804107,1357.3614612949293,47.05291853219221
Delhi,0.0,27.26976004008209,15.898995809470101,44.363641176026704,64.53012992207144,912.3393827526313,225.67232964052684,1284.4234421657472,40.864265833425506
Delhi,0.03645515940864996,4.429344472456428,35.28328452734936,51.57884453640821,43.27145390419128,1062.9218953856193,245.98876138171096,1516.659641293606,34.84258455254989
Delhi,17.024523675765515,0.0,10.097128646862876,72.21050031768534,56.62612921576325,992.8537916277811,206.35182267561228,1588.0062526097838,37.29146827299345
Delhi,1.5905276303294684,11.930963190308482,29.960409847130045,62.934069518594654,39.99152017192915,1067.680740710222,236.54944245285458,1490.1465594918207,35.45503579822123
Delhi,10.934102001426005,13.966706085111845,11.974283336877411,56.90154419759669,53.3804685837544,969.321809883825,224.42844426365366,1479.3917739929052,36.57836933149866
Delhi,0.0,11.658649876600496,20.675160897256834,71.46062214462307,54.326400016681795,1008.8124604781864,243.16459132637493,1478.0481986446398,42.620667621439864
Delhi,0.0,26.167356002933076,27.76749732055065,49.680257125021015,28.226723299038703,1040.2055959181105,264.8016363581854,1321.3064177415124,30.462362434408266
Delhi,0.0,0.0,13.114356328078774,58.11877925825159,33.50265892672077,1142.868430566167,260.6310921803823,1592.5330656258827,24.987489314999305
Delhi,24.830755328080215,15.742944168398346,18.892752200878167,57.34295049727602,46.64339413948625,939.0226584494667,209.69744292596914,1427.0650850224554,44.95630293901125
Delhi,4.68022857040096,25.21663465996661,23.612701582980336,62.48313342191065,36.62518604630517,1058.7503163636559,242.9536530785645,1359.8720173090917,40.39920675283543
Delhi,26.438700106681367,4.8680091835635295,20.252128053348127,47.01110994217774,46.46899738424979,885.3934771802147,202.72370961640084,1579.3010437695673,54.3645555126109
Delhi,2.474205569195112,15.0644349472261,7.987849640590717,57.09447087580163,35.83416817366409,1125.429437576079,255.40722524503187,1433.5090033928168,28.905884511415508
Delhi,5.282835703518604,6.601514152097714,5.258875548850227,72.4468224842831,33.89065496997445,1110.5990261877146,269.52552158849517,1449.0759166729529,20.249473828131688
Delhi,24.22487792327655,22.022119060459183,23.71793505237171,68.54293600342001,46.39857117547869,887.7519136796772,177.77949638206545,1414.8198647777256,65.62110728558616
Delhi,24.578049743981516,5.3260841157268715,24.493097230200547,43.38376893337529,34.16733442959268,1023.6899128155945,205.69420821392526,1588.522657455262,38.38776022096287
Delhi,11.388990444405046,10.09041273085839,39.05067951584941,38.19490495809714,47.73942018432059,948.3429269040263,214.2523114990183,1489.1410345569477,38.88161815056008
Delhi,15.116018174262404,25.506385477844262,33.01007367118987,73.57629342286674,63.351664527034444,856.4349257498686,150.0234674117625,1390.4824097592273,61.43131315389716
Delhi,18.410152076087947,19.806339096467827,12.442203729633697,50.43785043802412,49.93452866356959,940.446434612264,204.0252047073937,1451.929413319189,42.567885984305725
Delhi,23.220945440671883,19.57448140233104,6.036751012566601,65.76954839550297,50.16410237918801,908.8064410658635,191.4275560265016,1411.7407586248032,54.64959817980521
Delhi,27.519750938742398,16.298136419414746,6.11782441899528,57.072319503221344,48.31615019146612,901.4421663263186,205.68693008773744,1394.2922863403169,47.882771846030714
Delhi,11.298083128196708,14.349095792894932,10.11180165518844,66.32244319448141,37.834968358603874,1075.600010701674,224.91040228791528,1443.235098643883,46.89479677122688
Delhi,2.9670583466569838,0.0,30.215278337025218,48.16046028164621,50.21236165306787,1038.0883505117217,231.61200630395294,1532.9701673274878,37.19721737706612
Delhi,0.0,0.0,26.592508175700885,74.8423938032524,48.1612939752074,1064.0923356998487,229.9875239460456,1552.0287970736983,42.80268385642121
Delhi,0.0,12.955289092028448,11.951359503638528,65.99408670736078,30.64360177180426,1115.2866567778553,266.9897648066531,1430.062650022788,23.284854866690985
Delhi,18.10275359754517,20.4520188524178,26.138193897957397,42.879612697001335,62.24333349170481,844.8704520399294,181.73969033916273,1380.240193100365,51.97370963625299
Delhi,13.360455600457332,7.654580777260691,21.307686671404973,40.19365261751927,53.57049672628749,972.3634940463427,192.80292360267148,1551.516228377359,46.10708109702546
Delhi,20.965031562991435,8.625206483552763,10.894836448887062,55.22887677772966,26.572780247187872,1053.938101340133,233.15245449581354,1523.928828174842,31.970624905881724
Delhi,22.353644747106593,0.0,5.392241280213145,70.09934624234931,58.43349377902113,978.4321465563935,207.68004233353923,1552.598364794194,49.31829671839902
Delhi,25.640851600953738,0.0,24.18715705104229,40.50546965387655,33.11841617899364,1016.7153702279093,199.7244589416084,1557.9177777441894,34.33154046090864
Delhi,0.0,1.8234055624428862,6.286832955200435,66.42876299992926,29.645209676066784,1183.0420992973054,291.46037840070227,1576.4417553435303,32.018945541386
Delhi,19.731963806662176,20.12152056327818,40.77040427067376,63.14727960436392,33.81847712845257,920.3934180917539,196.78517963507417,1402.6032704351794,45.633217072196
Delhi,0.0,0.0,16.737887739425826,37.23120314108693,58.1929731338106,1040.8623380557897,228.36174755299,1555.7079590292574,28.944804129603853
Delhi,3.8818739376249383,0.0,31.343147855220966,70.7078110278258,49.7106761723432,997.6715593530294,208.14451406816437,1539.7987010873633,34.707152062635025
Delhi,15.323823242519484,16.750957427910823,19.32911821741251,56.346748052942814,34.451736639509065,1004.0338101259179,214.48195602264929,1452.559679976847,37.65361454372661
Delhi,3.8000626107965125,1.7314267026591494,32.71416763810621,53.509194225752765,62.95857091358484,955.710221759447,216.39281905406278,1537.8565287903734,43.488214816611354
Delhi,21.302023243895704,15.7936753039852,13.397659523548338,52.054881381072065,27.48957941656333,1001.9859084399586,230.42907654248924,1482.6839275279012,40.28845444796148
Delhi,21.17490431026273,0.0,4.445807495481791,68.89566116875301,47.84728409902621,994.2914178061719,200.27970118109738,1610.835044761601,37.23301387266942
Delhi,0.0,3.497338835590311,31.83956352539565,64.69012215344696,27.79737230786955,1179.213978498991,273.24601406203294,1523.3013948064556,29.480088903201867
Delhi,13.596353562212286,0.0,15.510472204142534,67.61567870132049,33.280380724810406,1084.1603167861147,235.4764075954718,1611.8203859504226,32.303868510865655
Delhi,19.917334642256563,15.174704234279588,28.916046532554518,74.97767120955277,60.39646309698966,844.0139873633025,171.52917237497053,1430.7360899341732,55.411169418467445
Delhi,28.471677638426918,13.546983200191477,8.889313387613342,74.33848327853963,36.95002798144575,973.3460286205425,214.7218735079478,1462.48005608722,50.15876591056304
Delhi,12.751703011836735,6.303681265521089,12.372046951893886,44.326825159505226,49.179651248521026,1045.2184894321438,219.39419331676015,1493.8504493613266,38.09753623747685
Delhi,0.6511192311772867,0.0,11.338290881607758,69.0284569746618,45.675909832104,1090.0168186535332,266.20344623454025,1562.5851856720037,33.451763052975124
Delhi,12.433949087817528,0.0,38.10608983950188,48.9031063815311,44.77956595116626,998.7977616507326,208.40155813856344,1619.3860604699166,36.873411781974085
Delhi,0.0,0.0,42.64233055605988,58.84936708385194,45.09059127250154,1005.1872904340223,227.24542888238528,1507.4722140751162,37.27857259353059
Delhi,7.309142768631766,0.0,16.65568504167916,35.94790748848316,45.90896521703574,1071.0157127799068,225.93596450742888,1534.2116534137215,33.85560932681016
Delhi,27.810098515259725,24.49053095634566,35.211434556498524,61.938049995686356,63.032598199486294,755.1102610425676,158.31331997511478,1438.7541208364312,71.18068903155532
Delhi,0.0,1.1769140248210306,21.37829252639387,64.90699591451445,63.012082709591304,1007.4705860293911,207.46955182314835,1532.261408255734,42.8615350127869
Delhi,23.340416603632526,1.7328094788352217,19.364726831282866,51.96302260290625,57.3790228865548,860.0552516218942,161.4767061743775,1551.2371268998254,45.81120907609853
Delhi,16.195315786670044,0.31129934447035446,14.314188390625155,74.91456277369943,31.593746517832685,1046.9137975306,249.55689335687543,1542.3241948247696,42.265844172754704
Delhi,21.134997087827323,0.0,11.48456091836837,43.37658512238216,25.984831267957205,1099.8137983404572,228.97025364937443,1557.0093677610428,30.197644279836773
Delhi,11.427311283340106,24.977950118430797,15.698279108535043,54.8709387464694,43.53972483547635,999.7472554286911,242.0449142527123,1410.4518399162548,49.168994185557544
Delhi,31.962910029465206,19.977865558946085,4.971288917664403,65.6189824792492,47.8607145301318,886.7583014939903,198.02608184167778,1378.1439406701916,54.28465011707169
Delhi,8.441413285247961,27.190735053370524,22.778607976491422,39.91873699837676,35.99204195798762,981.9375559319553,244.27884888808453,1321.0342793228401,37.9960663157312
Delhi,26.963141304599354,7.669541964468618,27.371630102738116,65.5377499101757,26.04413037450098,1006.5313221483043,211.94326319532635,1476.2872525518271,46.19316993109902
Delhi,20.016215907430322,8.670011692080365,10.837506512876553,53.6121152319143,34.31929698412859,995.1815198309283,222.33600641527923,1547.8570048087124,37.527543443975205
Delhi,0.0,0.0,17.844510552448625,56.85706018349471,37.532498070920866,1121.782635770095,263.17560051672194,1556.1483486365405,21.12654270582359
Delhi,27.38592627245859,12.291359236700053,42.849184214744284,72.77980295933293,33.39337032415321,918.0971030429679,179.99817635202288,1494.921465724554,51.28672770687817
Delhi,0.0,0.0,33.85633833122219,56.92300186560682,40.709477068517984,1092.1331291453023,247.54770021952956,1523.4021420063398,40.693249706455276
Delhi,14.236364402600039,18.70568591910582,3.2169146999415332,37.14314232459035,25.738613921812217,1088.4862536253304,269.0790817318128,1399.8778646920143,23.97277576417602
Delhi,24.28301519110891,0.0,31.22916973826988,63.213650042147975,37.06127473800476,937.7115765753562,220.11421766205865,1631.2227584585487,46.95408004163175
Delhi,0.0,0.0,41.73817884874377,47.641097711860496,53.33067791798801,1020.1726829178097,231.25985989407997,1522.867845339292,30.41917120239966
Delhi,14.886172671793066,13.454087289053628,24.144233468778815,59.342382064744754,38.800271216529886,953.4687059473681,213.23358181416302,1443.0742981244641,47.618306030493116
Delhi,7.01247910617181,0.0,42.45710273094091,55.88973673420637,26.652103036048636,1091.84496003374,240.29674237457377,1613.4809986036278,39.01255079506805
Delhi,31.634723117153477,0.0,12.835206228868575,39.08577542149844,48.21728861159254,958.4662919078997,190.7625062407229,1619.4847481572474,42.29810243529963
Delhi,0.0,6.108096863606569,16.087485712210487,65.76355609029433,30.13161930011972,1116.3379829122507,269.70117562808736,1438.8073760699601,31.748410469813354
Delhi,20.89048186326712,17.53963374790504,29.68787259291689,61.108361817295474,40.79093730664826,946.0294525967057,203.90796527631272,1414.7383137032746,48.78217301680238
Delhi,15.68680620287472,0.0,15.411491280109882,65.07989062595361,51.37736484098396,990.093163899375,206.7070092165177,1576.717766204319,43.70917933758302
Delhi,0.0,8.849279009118096,31.273980875726878,52.22825749041808,28.371879628231564,1137.560353170307,271.054433716558,1489.9943682529226,26.72494739293804
Delhi,7.222518317422251,7.0167906239309445,39.09632435698491,47.90901441875629,46.18311872187147,1007.9114618121176,211.42434359587722,1456.5013606893524,39.06925365634909
Delhi,31.459169375943873,0.0,36.747489813423435,52.307108391654765,28.913688460866652,985.4457885834174,183.98584069462927,1568.5821252776823,36.170260904849506
Delhi,26.445890426437515,16.33865665484487,14.693290105763028,36.70284992532798,47.589840842551546,863.2204400809926,195.51943930335744,1504.1648175582561,44.57359386789745
Delhi,8.42055489546955,0.0,5.071360346337883,57.27000533286761,41.982621727224185,1114.1019664401733,259.5520612180695,1580.7911834451252,29.185727260567084
Delhi,6.72295248828058,4.6899647929001596,16.43673530564542,60.257719609597004,58.72989664924107,1000.7068108291678,222.23640360567538,1499.1095629644833,41.18603901503887
Delhi,31.863549964831385,0.0,17.881315881195952,41.608260370941025,28.052769120178898,1005.2036002511767,222.88183915353304,1581.5488885845903,32.0483342759227
Delhi,25.719668310204234,0.6395086494389641,16.66292178715105,51.74169567982166,60.90848967084376,901.903053786367,171.7588227083127,1591.1149190815943,37.82425379997654
Delhi,16.504511050101595,2.836524069583014,11.836978424309553,51.69416544573068,47.45993120271486,988.8883989487239,207.77900433091057,1517.5341565942895,36.79426799255057
Delhi,12.927628229833847,11.32090423173635,19.12183504278815,52.11203312944676,57.695216467666924,912.2403610317501,205.8701235669673,1471.4732953332032,42.04696369956936
Delhi,0.0,0.0,35.82099176378462,56.769100028879706,48.78000236303895,1042.3045308433673,215.89949515661309,1535.5527606813935,35.3276593666657
Delhi,8.098688655283837,0.0,42.45770579151938,66.97554772539466,50.91172571864034,979.96136345055,197.88681379879986,1560.0444203303696,56.996125962574695
Delhi,24.621859899212204,25.96957905616189,9.60427957356422,68.59957212358705,56.749634806589846,837.0719006993395,187.2005241876346,1381.3165277697046,61.402024802758746
Delhi,0.0,4.119989646382642,26.44866738641697,35.307816618263175,39.649529284286075,1080.0261549811894,241.19934341916306,1479.5849691813787,36.38343558716345
Delhi,31.760004763322982,0.0,41.214505316147324,63.64278198241034,44.05974283835192,910.1202959107367,164.47537303913734,1617.5955146463195,54.53807112224532
Delhi,16.963276215422784,0.0,36.20046912798831,68.93506283003022,57.3905137184565,928.0334222531928,162.18498547832215,1579.8421322350512,48.02626435650402
Delhi,31.443601202283823,0.0,16.911763821471794,45.21024640114916,63.8411582633038,888.7714921164629,151.22816656553562,1607.3152313375258,45.437947961998404
Delhi,23.942445613506965,26.275870042433176,9.19535486310252,74.22538203750624,32.05526975677134,962.5833906255459,228.76413593175403,1403.8405614073883,48.72109026812433
Delhi,22.04618742064883,15.158032229250999,5.887909689083674,45.28672324900296,25.733038271399526,1049.9213769169285,253.7047063297863,1458.384870496158,38.753234000661024
Delhi,0.0,3.891781449028869,4.256520520334146,72.04645395773568,29.85271625698551,1167.8341086922371,282.65460248722314,1461.8994679319378,18.837061347215673
Delhi,2.3180227312799957,0.0,19.80268934010033,39.565816644468114,30.16823213126134,1160.4005295305412,275.6657102464111,1583.731428665117,26.776284011627425
Delhi,1.0507289365607413,0.0,16.57724774144931,37.733278760984234,57.28594877736882,1032.2879500987951,220.25790309361798,1550.2186976838884,32.00638817692964
Delhi,0.0,0.0,41.82950410713366,63.81809256423193,57.954794699060514,977.0746174723214,182.91547789024875,1565.4716702790674,42.7780902802595
Delhi,26.10161380615685,7.646382807786509,4.06605705032343,67.34720969902455,26.932414306390434,1003.9783086041682,238.8096339469079,1516.4528785707912,35.793906005247806
Delhi,0.0,7.039519518870911,6.279902858212008,53.24399230399916,57.7004654399433,1050.1915394913885,227.87694767140766,1516.5153770423653,34.64421178222805
Delhi,23.27309197960966,20.77594986366747,24.44912784574914,60.59244026737666,63.08288177210313,822.0312466353653,161.89468336687526,1440.7583865196893,62.17232025982554
Delhi,13.557297274843215,2.2638712076155336,29.791262121154254,49.36005275194385,31.499090640401832,1046.4686378199108,237.5268328729989,1556.2233050898499,26.65525664112748
Delhi,23.480232422957716,0.0,3.890936088733426,71.04275811839518,61.785550544166334,906.2580754706063,195.93260609515073,1615.9782265861272,44.96496759422319
Delhi,4.287125683854692,1.2758358482519192,11.641031423514104,54.57951862637538,62.48812731432658,998.1366557787236,204.150873142451,1529.028724831518,43.60303105968759
Delhi,0.0,10.562690615726147,23.804421829468378,70.34443804769437,49.80082610911605,1028.9518047676104,243.68467322703765,1463.3585408143279,40.599895788240595
Delhi,7.157843682129855,0.0,20.053772485259824,37.99316647457535,33.468657744104064,1122.1734599671572,254.2982655470542,1538.416057640852,28.348274407847565
Delhi,7.198251851251667,9.217045929552828,30.408101535682764,37.428952961764715,44.28619495981412,1042.4228527053922,232.20236138936917,1493.7175710721342,37.14550158585626
Delhi,7.263078701517955,0.0,5.831624158820041,42.386364491920666,34.00144868391985,1125.0040222295374,259.7867735380143,1554.2897509776956,17.041235586937276
Delhi,18.48675423291174,0.0,35.03493606699875,59.95846875159536,31.742083543897035,1012.2264532637795,222.6634030019287,1518.7633621112423,36.57657068359487
Delhi,2.489565444140476,1.8293700940098283,39.55018283538803,57.323639153436126,35.73620731963231,1110.9569535939852,234.55149696481197,1549.4797658283776,43.74579080916918
Delhi,12.981174322490524,0.0,9.587762653655872,44.318121752230034,25.44716557390784,1131.793697217786,262.6881810029037,1551.087782274072,22.95235173813627
Delhi,0.0,0.0,27.732446130744997,39.22004736728086,41.23406032376292,1062.1949884503265,250.424911460871,1550.154982526792,30.617587959040154
Delhi,12.333898733171438,10.393766541227606,39.60384242944046,53.682269819768415,47.114346576261994,935.6321988731414,186.91577172422964,1465.238673805793,50.60474882257253
Delhi,0.0,8.29812732029491,17.355824265312876,56.38087035385452,51.86492938885988,1045.2725375830314,248.8902713420735,1479.705560671856,40.28082666599289
Delhi,13.46013347093005,0.0,40.24454921166598,39.58135562813463,62.87200832857999,904.7061261893201,168.20111175161378,1579.1343646038615,59.9062467877534
Delhi,20.24779537657147,6.697251951373218,35.13444707834788,52.818336861178295,46.11391848351725,952.5631401269031,179.12676917492354,1544.726864001942,50.495088487380684
Delhi,26.8420533962164,0.0,39.761139273784536,57.23474518527033,36.919789116044946,979.943288471228,188.99931879484438,1531.5706516042349,34.869953935395586
Delhi,19.333000588656823,0.0,5.688302187855371,49.590741942381335,42.72200290887417,1043.9875740865675,225.9127852531172,1555.4749662122372,29.478948833523948
Delhi,12.95514277952265,7.667260322056627,18.554220982273087,57.61716213835879,28.9957069909736,1062.623713968595,250.55490338599532,1433.2751321051621,32.41121988475253
Delhi,27.7830252205866,18.25620306541539,10.166377437651445,36.27636806741023,29.443902706275647,968.7258233569864,227.52870175722464,1447.9780760242409,31.354152626753475
Delhi,6.2760798362466765,8.251623239211778,12.597414569797573,39.03319249182616,54.36626553499236,989.489260803724,221.9850595336005,1469.8453318913762,35.70524071533425
Delhi,22.687316658005027,3.4150901291505136,14.365798301262334,54.61668772915138,60.505463646070154,923.0498688235473,198.0299474175368,1577.3674344983162,54.36023426675937
Delhi,30.81498602409964,0.0,16.59491082167443,72.9036197959953,25.021780255868475,999.4164941424435,210.3068666124657,1630.9992490020466,43.49037163959518
Delhi,0.8503491281933666,0.0,32.902486312666895,35.4679898121878,34.62814762011425,1133.2532276940294,247.6417879197402,1558.35913376285,22.223138192379288
Delhi,2.764705529637242,0.0,25.846574503755342,55.84556194118001,37.96136032074373,1052.9275028631816,231.8982180774615,1512.1657764825607,30.17044323527083
Delhi,2.098825274404497,2.7913570472852474,21.746463928297935,61.332538490364236,33.107795403921955,1126.4170746053403,261.3825949499872,1485.5652360031618,34.45261329287507
Delhi,25.748584722303328,4.399191580383629,14.099130272388091,51.84854317344942,41.82677485244916,998.8293238961362,202.62448408051426,1565.3055452451972,51.21658277699655
Delhi,0.0,16.820836441279983,11.356642797294471,61.849855703699205,27.246130398926788,1118.2069375588615,283.0968901373066,1400.615051333097,33.88639618066375
Delhi,15.830479685948106,0.0,30.02216368339901,54.92375748471146,34.71388612436686,1035.1382251462123,218.3002004208594,1582.9329517763854,43.40984962697284
Delhi,0.0,0.0,26.419380395006367,48.44541822648594,62.37091415273825,976.9406550365029,205.41776728577045,1521.1238245730335,35.661291675054706
Delhi,21.449065428796693,9.428689434455357,11.139581976069813,74.90225206472658,30.749751802304203,1024.6404657754342,245.08204677398714,1506.2549661194607,49.6973973824092
Delhi,28.603920463590597,0.0,18.505403572460025,68.99133028587416,33.51556812441953,998.0973916807102,203.10674174702217,1596.6481222243126,38.81002097411078
Delhi,27.005218186733998,0.0,36.25914802780704,54.08921331342947,50.1213916514741,896.754121209622,150.5345079842399,1548.7778462096026,52.27728554788841
Delhi,7.993446326279024,8.9550321793714,28.086630692245212,54.652080564490824,51.986869399214996,981.0114098987355,201.26251646131865,1480.066526871954,46.21741594147126
Delhi,26.953965829049437,27.99463411456353,24.81600718815559,42.073205315662534,34.1017195729669,899.0463511243171,200.80383785662846,1307.7119449297572,44.9529310945452
Delhi,2.7816775338068993,16.785493096528903,9.06031563562539,62.46432292100101,47.83198886995136,1026.0507200914226,244.54859076975904,1408.7198246005742,37.7563640378089
Delhi,29.270610456330942,0.0,19.406748117698147,63.22908948182452,58.988671478679485,910.1159513600627,163.688415384482,1633.452075668809,64.1815516536416
Delhi,15.234190048946619,0.0,30.7296328695345,69.79299338318829,29.296254472786796,1033.3494100819214,241.29583340201384,1594.3541849174096,32.96633543764929
Delhi,9.899248956411554,0.0,10.811237216331012,72.57574756265595,46.150462535999125,1088.22867736245,209.21100410695897,1539.7912861561613,43.291718561294076
Delhi,0.0,12.017340673365869,29.101189232264428,38.286976068352345,45.241691908706336,1030.267091341533,235.28418280578015,1374.4409669902275,37.1571452539071
Delhi,17.144314306882,0.0,8.453714990928287,74.81003411482479,41.287375894567404,1039.2425041678453,237.46816471586936,1617.6036902313654,36.80092974359041
Delhi,1.4682233645287326,19.454346484880862,41.96689055960456,45.26373553150883,52.10335046490435,959.4864847455055,210.09039197099884,1448.1155381244964,43.4576593678307
Delhi,10.088737967323816,5.633332828240974,29.03666212775005,52.707142895017256,62.947799510715946,929.1424335528461,185.10723541546722,1498.936069314235,45.35847769905314
Delhi,0.0,12.625518286222704,12.75867897657427,47.78747683737686,25.984440626290933,1147.008375174221,292.02025163806076,1429.196764842698,17.921447283753906
Delhi,24.288774057925544,0.0,26.598086087732696,40.09497136896313,44.5667149361595,941.5910721114167,205.23147227043606,1537.012870010962,33.46344279082609
Delhi,19.24313297461724,22.007571013059902,32.99525607991914,59.08953773292156,30.91715416873404,908.2142229126797,204.27562879594575,1370.2183874296588,38.58715443253115
Delhi,29.53673357846425,0.0,4.666694731389278,44.97735003289935,52.41924474743531,960.6009147022625,187.8647707874572,1585.1940742206823,29.75196320882636
Delhi,0.0,22.764133375341807,17.224972340020322,53.6294917939531,49.04507209698146,1014.9125740388406,252.19052690733767,1437.0924907378487,36.52669212589859
Delhi,13.947570031886727,0.0,36.99482541109713,36.692754436176955,64.43787530767598,902.2004629573753,157.44974039110357,1605.2789932192325,50.115690401717956
Delhi,13.459876612350293,25.158187634151467,12.531016879158916,50.55000364673353,46.86671767270858,933.5568945752468,239.46528580820308,1382.2982096012138,53.76430157264761
Delhi,5.302431258783592,2.4395343606736084,11.725955829486596,61.21342092446122,41.41901284609603,1085.0261147867673,252.78903437796222,1505.0959456232285,36.09202499235316
Delhi,0.0,0.0,15.083783792145537,62.931754200114824,32.179733182208395,1162.835163738633,274.0139092686695,1551.2715814437588,24.77913456556965
Delhi,20.657110277073375,0.0,14.148506847615236,37.97844386314644,27.67501752913838,1031.7639661930282,236.33441709833698,1593.1684156512056,29.21653716227915
Delhi,0.0,25.718852657054285,12.150012845454093,50.68319803852429,25.13300610396883,1102.7764226637,291.7822877636447,1360.6073424199774,26.96308429363534
Delhi,6.658767456025071,11.678461695604717,30.487713284587734,45.81798270649193,63.391561159262594,939.7552243128546,208.590673868637,1473.8074954053657,44.28886456204839
Delhi,0.5034795376861574,27.570311898025437,27.060643496749368,66.34118596412442,44.6619646346014,949.6457732291376,247.0388356455842,1390.7444172698063,44.518398657431014
Delhi,24.411199442594118,20.485090376539524,7.969534536668885,39.73571145486188,45.90648402220209,905.2387138595778,198.26807172668697,1428.701033513939,41.243195684014935
Delhi,10.609995832264772,0.0,6.041038583550176,55.78460947958852,32.631269379843,1101.7502759960964,252.53542524068428,1511.739189951294,25.00537000359909
Delhi,14.75671431714894,4.978285122875153,5.734794165500794,44.388512860398535,46.851862673635516,986.5522226790482,237.33200186551412,1513.4013601053275,35.91555046976549
Delhi,10.23929728610128,19.833485297031025,9.222382991489091,39.725747238377075,55.135898586447,996.2175749004507,227.7184859754354,1472.4618509453312,44.1946143191242
Delhi,16.09576332097011,17.311825980222054,35.9921142296537,71.11872892082607,58.84063392450432,878.2417179655704,188.30946465446524,1387.2419246471811,63.04018678905935
Delhi,29.52542910110708,2.569645374855419,5.010406148328077,49.184080537466926,29.508286281697384,1032.6512134202842,221.2855295208348,1542.9780771241437,22.15719401325095
Delhi,31.394846480537012,0.0,32.25584090314329,52.94213077825492,41.88657306765394,931.745459846762,178.85079738018183,1556.4600153205324,51.473992555985355
Delhi,3.6156691524042586,14.087888047790667,41.114535696523205,70.06424186353735,36.168202939691334,1007.4984900619994,213.4021654924974,1408.4467909829798,44.072314042313806
Delhi,20.414129686426502,4.614947175161969,27.34838987529332,50.159769294712945,28.754537347874273,1029.4924164454692,231.62053996972512,1517.6737227170588,44.35420705952818
Delhi,0.0,22.74436677566998,41.61987513908038,50.2694647542276,59.12467678389844,927.4059880725383,219.19075627496454,1378.4885769241207,53.51238671078947
Delhi,9.691823362952142,7.683926501987262,30.688818391022373,74.20266245953178,32.83972232857929,1073.6327649530149,225.99898505666403,1509.3438445490679,38.409399703992925
Delhi,29.854217041150726,16.246834012671226,35.88082020889492,62.14668481301697,28.704040799775754,958.2579131333025,199.96338646943752,1483.7904327388394,46.41486373310893
Delhi,21.77596935593942,1.8650441755508567,16.031409979378527,69.96612673810918,41.47006193827663,990.7087759253398,219.72710475569696,1522.393050682445,43.79653400065914
Delhi,9.536845218060002,0.0,6.137983196565809,71.72498922637445,50.98357985197857,1068.1018682435263,231.0677826839456,1549.0532376556944,37.43705143792122
Delhi,8.72365796853429,0.0,23.10851971010706,73.72874645828702,26.625459162072186,1116.313627202239,259.1719887666094,1518.5696898101874,30.568062547450438
Delhi,27.926680268387862,5.395393578484054,5.463156808151879,66.69934343660128,60.033563684886545,874.7092912136308,178.46992483112015,1532.2745493438956,56.325131066045614
Delhi,16.754962203217946,23.960229171408216,27.6977035847182,48.82749723988846,61.06403349335158,830.035561643561,176.21619742717752,1390.2203797998284,49.6317958944096
Delhi,7.018062104376927,19.33244006351754,38.658270569130806,58.39293374523758,58.251942949125,913.975107945551,200.2729087993541,1444.7926329317531,57.824649218560396
Delhi,16.979705283377996,20.417080437600262,37.680160986522154,70.36544632262262,32.297281239616225,970.5269181997869,219.70756642161004,1410.4878150910233,52.53750048678917
Delhi,11.005449966549413,24.014612736980233,25.003146326438024,38.13068923681405,59.04582872940149,881.7719752260135,211.4907328038177,1385.6332768414038,52.74206072143112
Delhi,11.873685990747823,14.639058645739325,32.78094996870518,55.59121542248711,29.734348387107474,1012.284225842444,224.89978838868043,1449.1177585029475,38.574203723156224
Delhi,25.78618920530368,0.0,14.600861705617858,66.71085881430429,33.647289590225895,1003.8571616550518,227.8573911695127,1581.19167204548,33.95097399417822
Delhi,0.0,22.08303055666883,3.477680262271413,37.347991970029824,51.29931321653821,1045.9252440643006,251.1510681723177,1372.8952757386169,31.126528813719954
Delhi,0.0,3.830984438038369,42.56212944563417,45.924202123607074,61.68902442194247,972.5672446295896,224.5859330064429,1473.6774779813932,36.82541727301416
Delhi,0.0,0.0,26.965071029411035,55.67833018965893,35.463688494952976,1086.0265696510487,243.83790300774277,1522.9902991184108,27.50989909112052
Delhi,7.693160892637806,17.31710944314283,13.463863256957634,53.291544206474455,60.493997312693935,948.398100081515,207.878458217684,1410.3407062652968,49.50619295884206
Delhi,0.0,11.324222279543477,20.611265440452513,74.75500130065302,35.88881660270552,1069.0276698471669,252.3157429257517,1404.8010899710941,39.85682308508152
Delhi,24.57415299776372,9.399294951037596,12.447063081246867,49.14525393863143,38.136098997059776,1007.4355150314548,216.18591425190814,1501.4120567652585,48.82666414715376
Delhi,26.592184260946716,0.0,17.794984359883557,40.612951353625746,48.30505331080417,953.6500503461301,183.9548178160197,1549.820968420801,45.22988206587147
Delhi,7.68986417166542,3.295957690823613,22.87566721372142,58.80476855201426,45.44475169891279,1026.4608168491839,233.86155442264845,1512.5949373482129,32.859921165469615
Delhi,12.475582739219998,14.62270742799587,15.182928269342636,65.01529408505647,35.72593987819505,1022.1311636321356,242.58350543895537,1434.2617920609896,38.66715488147147
Delhi,20.50550458828375,26.571802846573974,26.833549545909435,44.72819125579722,25.599443009502814,969.2921152484614,216.81127129042042,1349.0121698947478,42.32336191358203
Delhi,15.726407873225167,0.2401881364838374,17.179867655818533,36.68097897494397,57.722279670733656,969.4346622774353,202.41795194412225,1568.6610450772148,38.59734980458536
Delhi,21.062926515885756,11.671558659197096,30.457182296106165,36.6210357693697,36.33227186435034,992.2130262613531,210.02339791739107,1431.6194101023777,46.95858182191886
Delhi,4.6025460815958645,10.945299345955267,32.97393831619411,60.77177095426322,32.54212910515825,1074.153071296418,230.54740375848723,1436.9220913486934,38.138807700452624
Delhi,13.857631311712389,0.0,39.807349392533254,56.04508650084263,37.79328617571245,1016.83726008834,208.9490189269604,1552.9920473996638,48.17148045583029
Delhi,3.678426671060569,0.0,27.733925486885685,66.68518675376188,26.241037956823305,1125.525716727044,266.6496118277404,1544.8014231083203,34.77190955383271
Delhi,23.062435742517312,26.719375403192032,26.880015082551513,35.8195749923579,56.09958786274657,864.2344235665971,170.55120958906141,1362.9499116346892,54.88411287635716
Delhi,0.0,10.531103210584014,31.38644561262493,56.38296866164341,32.63121949763233,1082.609143713191,259.39021578017326,1437.9060465617392,34.265929641649265
Delhi,0.0,8.59501318436023,13.783710924092148,71.44538467897533,52.45715875430272,1024.3776115678857,240.96944737879892,1472.8276937325443,33.12045502349518
Delhi,18.07474322882812,0.0,13.598671927869372,55.366570607686725,34.50367628872312,1063.708262074466,248.17786577512436,1539.0870213752683,21.259600423444184
Delhi,0.0,0.0,23.80994030633782,58.22436171856124,41.14805712278368,1103.2908142461088,237.04066294105021,1525.1293151538448,39.05569557405775
Delhi,2.839852683737604,2.357728400051858,40.8740546570507,59.19023797015962,64.03223534580152,931.3499874810811,180.1305915125978,1514.3117323353456,51.22038968750272
Delhi,0.0,12.495373541099333,21.23082935991513,38.443828247359036,32.68226018442913,1112.1352403333594,272.306671613083,1477.110106691842,34.519079269613385
Delhi,0.0,6.942235560472959,5.9158018262978125,43.131757802203126,49.52485361803226,1101.0179593915773,268.2041721883636,1482.3451397873382,22.44685729423238
Delhi,12.857035070098647,18.693082968464296,28.86283187070961,67.94392367326192,63.90999386072465,853.979312105529,197.75435303770277,1380.9177151881515,60.34384131397649
Delhi,15.74453892797732,23.602609624454672,4.509773167620651,68.52687591396014,58.99058258465442,925.4330413312476,217.4993315844383,1388.7466276677724,46.37651544102446
Delhi,29.11921933790959,0.42357991800690087,13.569931090183884,37.860833299614484,36.6316919744644,1005.9226037461361,215.2759344118011,1604.578418218274,26.63201805244116
Delhi,0.0,22.18867386031352,20.21528006811202,35.48753460895321,38.545867590557336,1033.0838046483784,241.88184652866923,1347.925085722872,27.711195618506753
Delhi,0.0,0.0,13.858601932043378,65.22773351547323,29.105036372194036,1183.0629089448373,288.3163954353011,1555.0296224040162,29.090496386020863
Delhi,3.939675926493809,14.439296250185539,34.23705368775117,45.081214568717456,39.02048961192466,1027.564298286037,222.59619066213335,1408.982452890708,43.657160386035955
Delhi,2.901957591757858,0.0,24.494633928994148,61.706532164765775,26.52408373767518,1142.7810310711673,265.6666022839129,1530.3572002303656,16.78656320216283
Delhi,17.111668692368664,0.0,16.80801024986644,54.26387557909439,30.07441570208862,1071.6629572473078,218.63388674250126,1556.191247930383,35.9509402713926
Delhi,18.391533377827937,16.648802389346912,8.345948706031688,64.82630527424658,49.89085607378998,967.8869288502325,200.5123850266437,1434.9665511332921,44.60229105900703
Delhi,7.60868297654627,0.0,37.324307412975095,63.77537941063164,63.61831054888959,958.0282862762566,180.2975534066281,1533.6069620807773,47.31145437917801
Delhi,15.67320463794496,0.0,16.426869783207728,53.211438460384755,46.80733050984723,962.6588481337311,219.20527868492644,1550.8717585976888,39.83843419132659
Delhi,19.707641372569697,0.25986907295079753,41.04402220902177,63.82327694050707,56.279706346323195,880.8914119317554,158.41257749355714,1580.4594932171171,55.79979944224491
Delhi,4.01402527804647,18.24129704405706,11.39288557911171,42.02394380074962,46.1213675675494,1059.4078271275514,251.03384609414053,1431.2713857487743,24.21277864317225
Delhi,24.4511151759043,8.3898727138344,41.749725122806964,55.81926815292719,35.06739853297381,907.8570914243666,183.05958987271163,1475.176143351909,47.40557981173332
Delhi,0.0,6.6316177597825785,17.466907789593094,47.0287792898286,29.480058314601028,1143.4077379471705,282.13803922987273,1427.2606718223205,24.604403300918182
Delhi,27.151773582383804,20.404025321010614,37.24248846623658,39.54209849188308,48.834396715423225,875.8947079887722,187.85029773025,1411.2015612608386,63.101306884440056
Delhi,7.443172936284686,18.952216214833008,30.899261158894465,59.2498694391835,42.352317516449205,1014.2689299662641,237.26399506741305,1337.1450743230102,45.756822028360695
Delhi,0.0,13.30213552103923,13.677755962344598,69.14679679969737,53.75986874692347,1006.8124525674654,239.81095613937566,1474.2603184659208,41.3653474889964
Delhi,12.501860251826386,20.90462546578962,21.696530034626093,56.569872439445575,46.00859755601811,955.392778407259,201.31350927299067,1389.9896584558528,45.38949523167227
Delhi,2.521953390930893,9.621977987037422,40.42957865574584,72.9804298003707,42.890987238895626,1020.7523492447757,221.5054490865087,1479.0260736497971,42.823499701686956
Delhi,1.234688064224411,23.803062025764227,35.182900385292285,53.66224347717156,31.284339740154216,1028.0026185005331,240.16449085425043,1349.8594904027314,36.852900886358036
Delhi,5.936845411590548,5.724373777399798,33.0632101764123,57.076958138192,48.10971923682776,970.9802722766954,217.65133657496517,1551.4985889600014,38.55931136995799
Delhi,30.889537579147884,0.0,23.719170293550526,37.99811844862696,55.82471777388898,909.6894248695567,179.24824924040382,1607.3712791929597,43.567709524619765
Delhi,12.459884315812104,12.078365013111359,30.440084318898478,54.33169276796856,25.693864615494316,1033.9516188260727,234.50720858357826,1479.211050125855,31.719051113338036
Delhi,23.119583681643164,9.447050306936823,11.021552331869666,39.489227187868934,58.55693961879521,898.9469704623108,196.9859569170644,1568.6862165014252,55.91016995570709
Delhi,19.362868326793254,12.999638157772075,4.482600397977567,71.78923507748571,30.267375247142944,1030.6806383390606,234.05262131296726,1501.9132320445565,33.342212450135726
Delhi,25.247872332043876,0.0,19.967335080817673,37.27482346574435,45.421180481054904,934.685159197245,193.8336191226382,1595.2547442216965,40.526132722514696
Delhi,12.092290687380729,2.143683406914679,14.019701521218845,64.42264824950146,56.39029060972371,968.4179614458405,203.77656758025145,1517.1234758470493,42.581180596718674
Delhi,2.1339587831999864,23.943204541653422,4.334481020504626,35.99342601256635,59.575871296722546,966.4218699776426,223.48319972881004,1380.5411999451721,33.5426996727853
Delhi,0.0,0.0,13.093422589495088,55.62542223868644,27.71660594758839,1164.659226108888,294.3502925392678,1575.0865466239693,17.759603852172493
Delhi,27.73539297829408,7.45021373021649,36.50559809761607,53.191237807691465,44.42280665211958,909.0608876432408,170.21679686737966,1524.4204123359216,51.14056230980303
Delhi,1.7013490597056684,0.0,30.81266275624867,67.72414164983553,36.275533130262545,1063.162123604172,237.81811340998416,1565.058278498107,21.941881178544644
Delhi,0.8791652116191777,16.31710328791992,34.45726090892808,60.080981965697205,36.79834729130761,1022.7882604806988,248.37298019787715,1382.0952349739343,43.194032248308964
Delhi,7.968454769576708,0.0,24.63596656251512,69.89499233286911,46.41619120562607,1038.4683397191375,212.31885356629414,1557.8605329644017,31.68780459562682
Delhi,1.2105068266491585,0.0,30.942426316453446,56.852978418695436,45.374259551750654,1077.4625621262146,241.36073619795647,1533.6803543594267,41.73319683801749
Delhi,28.95037620925475,6.647696514949331,3.150595717807281,58.39514975893918,37.549763411646765,980.0357456682124,235.0126141846203,1491.1627974293986,44.71129170747321
Delhi,20.22069332423179,2.7164912484615726,34.2147849043333,61.58963610225664,43.589743242418855,992.676819442815,183.68316019473426,1575.9610064435674,45.50264566226286
Delhi,12.780274890994932,0.0,34.419606350016664,44.96071651496453,61.073538731269046,878.0962990221773,193.0979031594113,1573.2856786064983,39.80867035413024
Delhi,0.0,9.056900876312277,10.006108727845568,65.27831322548079,35.47870434820007,1117.8424585630685,276.9823218834271,1428.104742596856,36.34793735054277
Delhi,8.822219119477904,23.878276492332326,11.100161258283656,44.69987670087894,49.32981321871492,963.0687618381062,257.1093079550892,1390.8153252854945,39.15310012480035
Delhi,27.070141861111765,17.64151036766991,21.98702912280804,46.22246981077879,44.104163437835986,901.9774304051363,180.27460541394305,1439.1454785778694,55.648253142026135
Delhi,20.96770535997993,19.536502359174104,19.058866389916076,40.05536936093662,60.382544242163824,858.3361004635506,178.74905324531088,1423.0352208906393,53.61917039546513
Delhi,20.547059415465426,15.836045035937666,16.20934493352036,59.14891574090857,58.174775262232295,894.6065471924461,194.4346698615524,1440.7985811518586,46.75611341590292
Delhi,18.30792581363488,0.0,39.977435061408784,65.11729959882709,37.00672494465138,1024.180296628399,214.2844312603365,1570.984976521139,42.75745911515492
Delhi,15.405000343883238,0.0,42.991605661446904,62.06571391971784,37.302817929875076,1002.9475123823007,211.64546637871686,1559.3352997425854,33.163332557379555
Delhi,1.3924192735903222,10.791302262512922,4.14579298721641,73.53510294823639,45.831172550047974,1082.3662158537522,259.79204858728343,1495.8198200180018,31.12366027879676
Delhi,0.9526991991540417,0.0,3.2268790310897373,60.3448011568552,42.6606523337565,1088.4284923804407,274.9301522983003,1554.4082651205108,32.273928339498674
Delhi,3.5147600162018513,3.1753145988678675,7.5637067126578135,63.98799278480273,26.431890419127036,1176.3813096064143,271.2046359390511,1486.9071820141394,21.977384614697513
Delhi,3.2493007255294017,22.24567943560119,11.202401992297093,37.155228217561806,60.5990569922474,951.7953843992192,224.91364814353778,1372.9281615491884,39.708778284697864
Delhi,4.50812204257393,12.14119146549465,33.234199231529715,61.3300374209652,59.015733631478,937.0968868417797,204.7843270326336,1512.5805473574862,55.82113004835932
Delhi,0.5277147778993658,8.468484634063952,15.004583649468938,55.88583938897428,58.40965016630905,1010.3399739393799,224.47310188666444,1492.004172000865,36.32554088689653
Delhi,0.0,27.569391506798418,11.002079820726689,39.66050703231976,27.182499818755282,1099.9773261323128,297.7377940437612,1290.8389653352444,23.22809288427011
Delhi,14.037492441935989,0.0,3.314137140441556,51.74671933619092,42.70188289750787,1052.3366521811004,242.7454498116955,1594.0027492455533,29.091065297475065
Delhi,25.717558560624333,7.822205855242672,34.00678121587862,51.05575869012742,52.65571377721347,910.3510064614982,199.1910770099756,1536.544598551388,54.35539571146552
Delhi,11.372207624961867,14.481775426237782,3.0996731096341676,54.04953041252918,30.66469125786464,1083.7910739588747,258.3610562487748,1452.9202682670025,22.4315184923516
Delhi,24.686732573095426,26.108240675445984,18.35581327343994,46.17861279123707,33.734138977858436,942.2171176670955,224.30865765453353,1398.8327925802869,52.20071461234015
Delhi,17.362716931547155,22.12688824673041,18.961734903175984,53.717141588908035,64.65761018818402,861.0355408436723,177.1845958388468,1385.318598366782,53.82436143841858
Delhi,0.6895543789562737,8.046400106286463,22.757397649680936,40.54375789927944,40.679707094889075,1041.8277525978317,265.4856917376295,1494.3890972930396,34.12048805276351
Delhi,0.0,5.277632850365979,39.07345159184564,59.351481088527365,58.91801047404628,1013.4636807346149,204.80404710620033,1488.004091282418,42.13585040980393
Delhi,7.12453568647814,8.104620991667225,4.23031606275957,65.15342212124088,53.77634398244909,1010.0398913798851,236.2819484877963,1459.238006144326,36.42195923859703
Delhi,8.820464693421279,0.0,30.119762267702768,55.945552060084985,42.749974992333684,1096.8052986292362,213.11944670208243,1510.4968778061289,30.18357608398214
Delhi,31.318571432834368,7.934924554313724,5.133655545314113,40.621940268420595,55.6202092416413,886.2586767772959,172.66178999851502,1562.8530234279685,49.702541843438226
Delhi,0.0,12.573843709017076,8.82597922817715,58.14839078986729,31.449683197714737,1118.6697905555736,293.66118726392176,1484.4835680843357,22.50773721633197
Delhi,21.82148788345882,6.955306873866604,6.49632592190563,54.144773550445365,51.945630988529366,985.6281343465685,221.75053359345466,1560.643299126053,36.777132727661524
Delhi,13.235465514761394,22.617368248731907,23.51582414436357,49.106629133191255,47.48025406960423,959.7602969924495,224.7485172176712,1388.4625547726923,41.04428425462147
Delhi,8.377343592502388,25.11924410325075,17.417837953025852,65.9617441983201,40.79191572165195,961.7349660441548,247.78920403388761,1412.5817512226383,38.11107818847766
Delhi,30.14685281266059,22.008185453863305,36.07742730196765,39.475889203143666,32.90650633681054,924.8640454631258,197.6888103123688,1380.0725581359115,43.69503368873621
Delhi,15.953058645995373,24.385930775112712,19.969136561280305,66.921817901027,49.429531906499804,914.7137120920512,197.94616760096724,1346.259734552669,51.790237611141876
Delhi,28.209076895867817,0.0,28.952791869675387,60.16062377737731,55.66024782914658,882.5876080357256,155.79808451401126,1599.9391903770731,48.97386741405832
Delhi,9.661253596793909,8.954324508717658,7.978595890746757,39.35477374526268,28.071616636982732,1107.3791409551886,266.4174059261965,1479.6088862288768,20.926924326652472
Delhi,9.557831013491487,0.0,38.99365437746177,35.827972147695746,63.542539455606466,930.796336049815,189.2254028699883,1567.7661390917397,37.932685857274336
Delhi,12.202405282704007,0.0,31.157376786606182,59.99150486735182,28.146004614389973,1059.8171738012963,249.71808275020288,1539.377763278427,32.382704866231606
Delhi,16.927033406460573,13.890928592941727,16.32978836849498,39.110362540938524,25.71415407189995,1053.719552351161,249.12719034690306,1487.8659995518249,42.88146951435431
Delhi,0.0,14.550370261047934,40.02687654234239,51.33583263145597,59.807009915400585,944.9309029518242,218.41191531230805,1423.9326770124924,49.880757588083235
Delhi,3.0108943713151994,10.356382056235482,37.799924063772195,70.99516566058414,47.72439600456558,1011.5061800406044,234.34467440206765,1445.297861387586,48.169187323455915
Delhi,0.0,0.0,33.80766648158004,57.28840328223372,62.29661723039197,1023.3021236219181,212.60451189134776,1575.5533912984695,37.822837184317926
Delhi,2.4963383440327043,26.362245776907756,16.26696964810949,65.2434282091142,46.544920248235044,974.0320591430401,251.54084030053534,1296.1126915519358,38.856818230278904
Delhi,11.114755212588115,26.193309011871797,5.127511577672124,40.80392787425861,26.261446918447177,1073.5478037828807,279.13530381464,1377.3531338445034,28.644945968171093
Delhi,26.11982047379321,0.0,40.5424656650561,41.866704486727016,56.7779963090428,884.0808151201803,154.055298069093,1607.597438915934,51.641537537632786
Delhi,21.161161220706155,25.82066606343634,21.822139885508058,50.6655575127907,61.48091090692081,839.2358940021767,178.1424832882718,1366.7768987960317,51.62924975890716
Delhi,28.306855747197716,27.38492006370094,39.03758626685,47.7702583004256,40.43870590392124,829.0096722502941,181.75008299003622,1400.120147095794,52.271773390979035
Delhi,23.358868566159977,0.0,29.22915477515489,63.1211052335002,57.06378305520166,881.822884977517,166.93073225406448,1608.0811443537207,55.652690670606894
Delhi,3.622911708492186,0.0,26.76454676413037,44.460477828164755,57.478955024181,990.9804610775273,218.29103586684317,1581.2265767095294,34.68775474032444
Delhi,0.9084177821531227,0.0,15.645629830114702,57.448430367601276,31.411661450149374,1143.0336678667868,277.1256118205861,1525.4442934217677,21.413456611856148
Delhi,0.0,0.0,10.888783625954026,63.06662327667159,38.57715214223424,1143.4206522721101,269.1633179321019,1524.0637463814319,26.11180701456842
Delhi,1.0985067387332474,22.497603635286644,37.140084605101684,51.642788415619556,29.754557997375922,1015.5204366817173,275.06239649633204,1331.8014303778416,28.01899303964411
Delhi,25.235114697814126,23.51875056063767,24.136048575264006,40.34110321580925,50.35596860208362,835.6089803269814,192.4567336702718,1406.801214556178,48.280992179406304
Delhi,27.697009785774753,17.048095652374503,23.22301733840731,58.99718622201229,26.796489355239835,976.2922223154842,221.52018045596077,1516.8793839908158,43.785711691024055
Delhi,17.399588238442313,0.0,35.948981677585735,72.69403341309156,60.80493129992516,893.9646913145992,184.30141359801172,1556.644996077672,62.667424181561714
Delhi,4.177997717347457,10.626871653849602,29.868661612471165,49.60007089955392,26.587690814071298,1070.913667835039,256.7115696359137,1457.1977601498002,30.23680889810752
Delhi,15.05481063150608,4.1742226167423695,40.8308828068972,74.97760647158042,52.40702767894999,906.8685889943309,178.62523775524028,1560.5523996673137,50.11862950252571
Delhi,19.853542151249997,16.404015531972796,22.39279639651418,64.70848775810883,49.0210459729971,972.6084443350794,176.47255337843583,1469.6666276201452,45.24576870887823
Delhi,0.23376460608828964,20.03681787714261,12.953644823105297,36.157978135823186,63.357272977885984,959.8346034724436,227.6865061213348,1352.5382519539428,32.13636620391808
Delhi,1.6799263828968343,0.0,37.41837719684105,52.0625967134636,45.34884505379517,1050.000998408762,214.20328901015384,1468.700031697147,37.02274643254697
Delhi,24.20578211792089,13.758734491857574,40.20361454118925,68.25306541142822,61.262503043272496,806.9564883023282,148.43627977451126,1539.8587071606996,63.04151774033302
Delhi,10.25867484270671,1.1921253205234024,8.993811235599512,51.174170850609855,37.9501355696047,1122.8194492297735,255.7382437409253,1538.2157899853064,24.105319882550457
Delhi,0.0,1.8521527135013134,24.815607917855328,71.19307156282493,31.86306870616837,1139.163068077573,254.6387338341023,1483.4484508532187,32.5535584109282
Delhi,2.4141628886704662,0.0,26.828542517158155,49.39526680051178,29.6780154902879,1158.2638302746534,253.24364996557372,1553.7715263271625,27.904419047439898
Delhi,14.904234072692557,0.0,36.94284818133796,53.017781474352304,27.9421957849873,1047.2681334643478,237.12586341175688,1614.0708836052495,37.75861723362922
Delhi,12.14071882400668,11.775874668072476,26.628663550730305,54.062823403106165,33.16283519228854,1031.2976084210761,245.71650573858346,1463.0990665008912,40.31162885981736
Delhi,12.447507370538602,13.241188588726693,8.438628593283976,70.6617833900803,31.379330957325276,1062.030592877104,237.514140385338,1470.2871642247435,43.822083640021134
Delhi,18.994758884033374,6.717447330298157,26.690405406569734,68.62015267915564,50.5182978141124,936.6794267184533,201.3968865998489,1554.4397927079594,44.835100929249606
Delhi,22.638217972576513,4.253319546515478,28.391523521347665,60.86864827645812,30.019172894254996,1019.4858355681456,220.34893516021083,1568.3421265224752,37.97816995724311
Delhi,12.965134733112091,0.0,38.26840460360438,44.41139505033267,33.441691511039636,1064.9553574200406,211.58947670462535,1596.8600033215175,36.521664984711435
Delhi,12.814556637343724,8.845525750544304,40.738958569942575,48.73230603401,40.07130427640987,965.5507681878435,212.07304054801708,1513.6640748881662,41.202594535827856
Delhi,7.025566771399674,23.11412389196436,15.614160355190226,65.7353994279101,52.02807610916286,1002.8057917917129,204.29985323828512,1351.458709778664,37.973481916018315
Delhi,27.74087903316409,8.619826344871278,20.676531985089685,42.48511020975133,30.69157613006459,981.6986225701282,227.51213519880696,1499.4293714841704,42.47945866738595
Delhi,11.983331158827099,2.6978686656160065,27.11025497636588,73.59774150546595,47.359593447166446,1010.3622829030518,216.77679079346836,1548.0856882417042,40.51094185134507
Delhi,31.807801146634183,14.17565200991724,32.695181801534865,39.23283757834017,50.16630215572095,843.017401906764,183.26834309324605,1521.4663341806724,48.45729315771731
Delhi,1.411069902987368,4.05164116601923,14.288824427214115,59.28553178251211,30.553693152950064,1173.8020146657254,256.61452767773756,1484.9623147894213,17.471976491336402
Delhi,17.932346526283638,0.6182253155313653,39.84539980211098,73.84500853580144,55.19759410033787,915.7763621908838,187.87368069704834,1588.8504309762561,52.19871785473357
Delhi,0.8968942372641493,0.0,29.55382090102094,35.468443520384504,60.3153454745366,1048.7670019017899,210.1015998180074,1531.039862356126,37.93754304168613
Delhi,10.502674842204257,17.738507446957367,35.22112346862105,50.37157600777991,39.72369939575967,975.2181467350769,213.94244556944545,1408.738951744105,47.25083614600773
Delhi,0.0,21.896201947727675,25.03684992424968,52.179829731815786,25.284102470653885,1067.5195817229749,257.3983462801876,1346.8153239909943,35.03449394353787
Delhi,26.369386273283013,0.0,14.506602408111505,65.348313060057,51.115491171434925,948.6549643221957,186.20095107220675,1588.8160120592165,40.94246445130818
Delhi,20.82951110108122,21.755890725855757,29.343800076334112,60.347459599077894,44.3562747770651,871.6938165910012,190.7692983411156,1337.2874868794786,51.43261360739868
Delhi,20.91599800313809,1.185309266185783,3.989180497080806,46.182105258255504,51.56135151308126,1006.123786795088,203.929465940984,1550.4954780005296,34.28022332226418
Delhi,27.63620353327002,13.133607210173956,29.937443998705724,47.81686554030932,43.08940756223152,889.7845609787136,169.8333422470938,1514.1616255367471,50.09994044627016
Delhi,0.0,0.0,26.471844985829225,40.19847447458366,64.22815598795972,964.7294051179415,217.84741243373168,1497.2564431039314,32.85189353023687
Delhi,21.86585454192479,16.315453503272103,19.447248399862453,40.52582507132939,54.13468635931975,922.3178964563372,201.82297988183558,1452.3940913293238,54.80072652908018
Delhi,0.0,0.0,10.521686427147408,63.0546900655424,50.27446209498129,1106.023241260781,257.02665355078216,1528.3845127708994,33.16584913202973
Delhi,5.920728601786827,13.2470107790773,12.536667130234274,44.23625473233793,42.610286128510026,1023.0548982792379,238.01367224037614,1462.1286035803714,32.33538835165398
Delhi,30.139882093506337,0.0,5.126838841507851,69.32207970813282,31.807411466336447,985.6234844547303,226.17129618659658,1612.7485731164293,32.89992660758059
Delhi,0.0,5.786125818120823,30.463363371592067,53.840496659518465,49.324579597287176,1032.8305594858468,224.64852233803262,1504.040208733214,40.06577363234266
Delhi,11.956467078144527,0.0,19.899752687042593,69.42216663555533,59.97910127902243,983.6783833079754,196.55323172732685,1571.332481626828,42.47873626422926
Delhi,7.845513557200697,0.0,11.74262552904323,56.30099169903758,60.33662764959941,983.2155653979246,214.43782330579606,1592.2954654969815,32.2271204185178
Delhi,15.210405819212937,25.94748415693737,9.305103611529299,74.02645517486442,50.752715033825446,964.8615153253595,228.7879648247362,1350.3034332696527,52.99090912904043
Delhi,10.670728166147448,10.048288433688224,23.98572678615232,71.22596179014944,38.192480188423076,1028.8939573938924,224.04095752583476,1508.9232195257164,29.746932890711875
Delhi,18.093856400529557,9.016381348667515,32.44847930170001,57.69328577464532,64.37461224121236,839.8494744910132,177.21577697861602,1520.636638466935,52.2088925996175
Delhi,0.0,0.0,21.04812042295675,54.93679786846447,50.89999480098167,1091.3511706267268,219.4416492222794,1550.8545949448617,25.754118112835556
Delhi,27.898820352893594,1.237351204235427,8.700941376989608,74.87277285118405,59.78074725892922,919.9989401274112,193.36322594944613,1554.0955829636025,52.59470674287181
Delhi,9.433070537786662,15.38213295213409,12.994868211154309,51.87773425250794,29.575301967787503,1084.153017799707,255.99248741085762,1418.728265335149,32.14039270194814
Delhi,30.992928634094135,0.0,26.496345831035022,55.9274399704439,46.46928910204416,914.2304982437358,174.95029545431112,1622.0374432031429,46.09824389950544
Delhi,20.028428277078593,0.6458231706221724,39.4158104774234,42.093232607389616,55.57558955807702,928.1104584860265,166.67432774394385,1554.6146788146443,43.90984353076145
Delhi,0.8259680955567799,0.0,41.454553885278756,63.845922011647154,55.970874590232555,1018.4899445867084,216.14057770560166,1532.731206473256,49.37565610210556
Delhi,3.990226396735233,16.48102768145113,33.073352980291304,54.23390849286695,42.470464711062064,1023.5159603656579,229.3677930012725,1442.6391511917425,45.061204445838285
Delhi,29.954643047488446,13.88817167264725,19.82283393245301,73.68669193659528,26.202651495931534,996.5530285076524,213.00720653565435,1469.1704398620373,46.452184562181586
Delhi,9.648132486972624,24.03440843764708,29.839421737288372,61.88036195989967,52.63923357500996,904.3518425358886,203.5173359405633,1381.9296446940427,49.04465911979139
Delhi,24.324628464617938,0.0,21.218402683421743,43.72375913297139,33.94054508017401,1038.6363674874456,221.91854530214974,1570.0324014883595,35.319714014387074
Delhi,6.1440766910558935,0.815107979934691,29.856131852475787,48.07539899033267,26.26581963658863,1099.7451951289395,260.9690599711099,1509.5584007128343,40.14514153934895
Delhi,9.068335750304815,15.149368359743242,6.061882854536634,49.29179893939572,58.19596983711812,966.1708601188132,222.94028200644493,1442.5776934519372,43.68546588795418
Delhi,0.0,6.0950570607665995,6.005820552461444,72.87609127791194,47.68954462772582,1076.9781869236085,252.08112524302322,1445.9091832187328,30.28219008885455
Delhi,2.8318897769712876,19.365216203885478,23.33748512791847,39.59515584072676,46.916403212357025,1010.9528691180055,229.37155826100616,1369.1129334419861,36.09750555080612
Delhi,0.8115738594663959,23.54491793985929,38.83555906137058,50.7811924781183,52.286115767177265,976.1126453907995,209.90591080428538,1442.0410697692553,49.11668959209317
Delhi,5.905117492173243,3.4264395249519772,29.06554921409886,60.51990260672345,55.070136084044286,972.5321291497771,190.30089742760282,1518.0512313198428,40.40992079387949
Delhi,7.452866451410898,15.830328309381343,40.90936301660177,37.29250603206782,52.639293171816874,973.8729350836421,193.17880253374486,1479.7237840144828,47.57822141357241
Delhi,0.0,17.828112956457332,7.8220391073324365,64.40008803061673,42.271405499480444,1034.1406900468141,268.32217179172255,1392.3384414574562,38.6512849261853
Delhi,22.363277650075183,0.0,30.77553106215233,51.55622910286146,25.00850503665975,1036.568584981694,213.68347158480694,1567.080475761894,34.1913863193382
Delhi,23.34414440390379,16.614200567730794,41.81866289319071,71.4627729908006,47.118796435239375,850.1095043719771,185.0646721418428,1419.3141909433527,63.717124128308726
Delhi,9.395972264825996,16.380347956550757,29.753386956226134,52.66125500179854,39.76613175803721,966.7481689130917,239.75781681397336,1389.9322377509382,36.34138426953848
Delhi,11.201572092947089,20.414896175124845,12.60166832160784,68.02057233807548,29.920635010594957,1066.1183883953477,253.21136628592492,1432.4844034127555,43.4450106886443
Delhi,19.134710145393953,17.403719100386372,24.15922145705405,35.97832924416427,42.36412023198932,966.4123984606352,215.89319810825273,1468.8216114112179,37.64158250952766
Delhi,24.466272653661413,21.571889951575884,20.76205566631922,62.68168384915693,45.50261783871335,876.1520795759559,195.74757693444806,1410.4223621199121,56.22156906196354
Delhi,23.78833077565936,26.0263260709187,34.0083219319894,62.064760621873724,63.450356379223074,806.869938658288,170.2920265240281,1359.8182255034576,68.78571892026044
Delhi,11.195974688599033,0.0,19.5127805923378,38.4060053616772,57.63689712077804,998.3203515368562,197.1826924020765,1526.1368423915126,41.021356477601884
Delhi,17.293530401206176,26.879402244907894,22.448551353133105,56.40070809840904,61.46675136712108,817.9944883047685,189.36711301512977,1273.3649487093817,66.90814097539722
Delhi,16.375574015928756,0.0,30.38194502161835,50.46108225575754,26.54278940752169,1060.8859327278071,234.64578197748224,1582.7855503867247,27.783782262056572
Delhi,27.299506560507645,0.0,13.864452582856131,63.287112290833605,38.726950824797186,1000.2881907985466,206.26522016055566,1650.1742486703363,43.73955310031017
Delhi,14.269679311897413,0.0,42.748190604404826,50.4612112615698,63.02822648395991,883.9964284873481,137.2176715862538,1595.6099977312394,42.784906368575264
Delhi,9.250775695625133,0.0,17.7496986559954,52.71718191300889,62.16962448037163,957.8774376810359,202.32977466898257,1558.0685812628585,33.65239460606867
Delhi,11.894899953148546,21.80895484137237,32.751050792295274,50.782426988615015,39.98285645127253,980.1460758621724,210.67579282243352,1367.9326140783317,44.966661121172585
Delhi,11.881450223228573,12.302322761316148,16.535315458628595,35.34295393303741,62.27425478569024,929.1186261465641,180.755292907584,1449.044074443279,39.84588928149123
Delhi,0.0,12.74267562536297,34.64203742242974,68.65890430892296,60.13420156335731,951.4594779708085,211.47352958253887,1459.8996321738693,48.23378908389565
Delhi,31.787492480896972,23.128088923382734,18.310111428931428,64.77086266652567,46.05754278706615,882.1970755535625,189.07567098493263,1439.2233840052686,62.191382030753104
Delhi,29.311421837425605,14.071905324879832,3.437422870889584,64.51955974373506,58.857554583049364,861.4629246029131,181.08655599130913,1487.7910178064212,45.13413163944066
Delhi,0.0,11.209031256073047,34.37026200912673,57.63731008888172,56.86618517739683,962.7122863989863,203.8858803051616,1498.326403344397,47.49937073052742
Delhi,0.0,27.799117034792893,7.2116383621403095,47.731613276098905,38.521205825319385,1062.6130617591598,270.09440294731166,1392.904788907374,34.64858379352706
Delhi,2.6088055487324553,4.590266416798109,29.73198022175931,64.38113505977323,34.012970323357735,1109.36003239304,239.58386505732616,1492.2835436168004,31.324849359937783
Delhi,4.84054900886813,8.190981212162434,36.274706735244436,53.479260666877494,40.67734190374955,1022.8758174255001,228.57470730530116,1495.401386772594,43.149665798572634
Delhi,0.0,27.695670817899952,20.821069731864455,68.52878949526635,43.66138321742734,991.5237362676381,245.9162556680769,1346.9212377549347,43.66097000264252
Delhi,12.055645951350378,0.0,36.01648522012757,40.302962844874266,53.50098789572856,961.3965080928996,190.83164316323933,1531.455890736717,41.40479356842623
Delhi,11.521806383327505,24.051595420852564,41.43193209149829,63.191156433931226,44.796968081988595,887.6556088760431,218.18939540122255,1351.3175285396583,52.022292204050515
Delhi,31.282518168812047,6.234070403321535,17.64969871200044,65.25886929766445,35.48467309541246,975.4588628317508,204.01871002407938,1512.8217870511005,36.53672106779336
Delhi,24.1079122068397,0.0,42.127146003788084,59.16798331426223,50.738344011373385,882.8327002827912,164.1999767685951,1505.2061181075296,43.845220094466086
Delhi,0.0,0.0,17.59784896422843,60.854330837895134,43.91561738990228,1119.1107112381349,246.0017272630332,1551.839721740152,25.937626302907894
Delhi,0.0,20.051541677146062,10.000967176953186,63.03657536242936,43.640922714659496,1071.4787118551399,281.52547867450517,1381.751034545469,38.981642809845056
Delhi,12.80404543934258,10.528331632130193,13.623760134920799,54.91199218948969,43.13300940854669,1030.65463525493,240.03771382791473,1394.3408592288379,36.38698567750408
Delhi,28.76678051186616,0.0,25.636691011293667,40.504410369590516,52.839851588054216,909.0855993493572,175.85741106097183,1596.1496730372758,49.601742799365994
Delhi,11.885333715475454,9.329296790711215,12.16457986768001,53.54295575325432,60.215789737752914,928.6090158972473,201.22362874740088,1413.8246316745694,39.97845708230289
Delhi,26.67316585582917,4.495065029435068,37.318213130047404,59.420996032343794,37.064587669508406,926.1696596450867,211.97796717708536,1510.0546575053247,44.08591159719957
Delhi,3.0501227664175836,0.0,28.174691241411328,42.1404963821704,35.91617603594864,1105.952499396241,251.271164962302,1569.1412286135453,31.98626300746773
Delhi,0.0,8.343338421470275,36.341808799164085,48.20293293225521,46.94285426215501,1008.2941396267372,228.54280854152248,1446.1247296667084,32.47837792992293
Delhi,22.094299128559253,14.091422027415572,9.400577017259357,41.577773350575775,36.2664763009227,1013.355679406107,208.02088860403708,1508.2414484502572,38.74428858155537
Delhi,0.0,17.98839141418604,18.625594523172232,66.80805074458087,55.58770170306456,987.6124750202574,226.80302666276054,1380.0550549981654,30.292416763767463
Delhi,13.349348854508023,0.0,21.402532687965675,59.82364370854716,39.75674530174793,1028.723405013468,226.70002572198746,1551.5437009310454,28.177544728495448
Delhi,22.422917638382906,22.36349584561657,6.363128773101597,46.504603789627026,56.59515023150878,888.1638492517122,197.7492257154658,1419.8097852086412,45.56467904871971
Delhi,2.4344889390183617,0.4815457449809806,40.459405997934404,47.93888847480652,38.81284840504975,1076.2035743477427,249.48047589606497,1598.1802836276465,42.60118148953075
Delhi,0.0,0.0,39.16232487638443,39.68687987415099,64.30385713339516,1003.0067105732721,208.5606448485677,1508.9259165292385,37.14918274335557
Delhi,13.905723994677572,24.828323375157808,29.05369791269757,37.50706170258363,41.99270023582922,936.803281772139,201.1129590954929,1395.9272386395342,42.4832094674558
Delhi,0.0,2.194271479112256,33.76934326997966,54.332276940053106,53.34761971251581,1018.5098647321146,226.48596941975592,1540.074326010336,41.68581632888518
Delhi,0.0,16.98864564910123,15.74812701717944,40.58717774738785,42.355971998059104,1061.155063498481,249.74769356982708,1359.3690889258373,30.696754988005083
Delhi,15.944699169979874,12.822687064461228,29.534590083282993,61.488339587467124,64.45517773142004,892.1887966968201,189.4305681692159,1431.3619887083764,47.5350655346758
Delhi,10.591710387275157,24.193765088475715,42.91790046577219,60.259332118248615,30.892046504743877,948.2930784964233,218.92351081810958,1359.995984141297,42.34459660973023
Delhi,2.035269940881143,13.866218315554086,38.007522370976794,39.36489876719672,40.76346320442019,1034.2554891799548,220.91183752428742,1410.7297149998308,37.03562857503316
Delhi,21.75620614242426,12.563868492380728,18.920730111798008,45.28330762272577,52.15155693538576,906.4971436526957,187.6426744890381,1478.3886611186508,42.312232978681486
Delhi,0.0,11.818510965784192,30.315634757482854,51.513627104554295,46.61536681702222,1017.7430911795984,239.163113272952,1455.5030353650955,36.28845001047509
Delhi,14.795664969001322,11.123937951615723,12.952737034621105,70.7934511212473,56.19890864706662,981.712194905608,194.21952459806235,1467.0362712074862,49.21373269207265
Delhi,25.65512955921686,18.467022119814278,29.493249199261733,49.29121467708606,62.72313355634411,806.3326438673428,163.60871491091058,1471.6516178179793,53.881835321745186
Delhi,7.0946532945966805,11.65103662956922,41.55893763983845,56.222148847756486,59.54668306438667,942.6056388769117,172.6129749916653,1474.4169794177635,56.51737706860281
Delhi,5.387018442950044,7.429773360131474,14.403718603031457,50.344776560504144,52.887525850776704,1040.6752373805482,226.06738602799183,1568.4004466817748,36.12598939408566
Delhi,9.913940390563127,8.608607526737938,20.570053956392186,40.059220993833065,41.67631240345751,1031.9470306146463,210.1577042786285,1533.8964254404566,30.03676284870289
Delhi,1.5282802363922912,9.819633095525667,40.503285906123374,67.24407154552746,30.19975266065746,1047.3953172715533,261.1704778030472,1459.5583573763747,38.81795631659357
Delhi,21.49649441194554,0.0,18.171559711439023,46.45463852402895,45.43350447622192,980.2682030842392,208.9155414827597,1528.335974011489,45.66865716225414
Delhi,3.831013704158714,0.0,40.333803752976905,47.64815285160367,45.39881711948752,1041.3567556622377,216.53279090353007,1543.9421718451515,29.64980346961327
Delhi,29.88880132432611,25.039452821787606,29.03562014331361,53.49464917149078,31.99643053762221,901.2492283979948,200.70705986888905,1392.4360562571517,48.70163774369794
Delhi,22.667856504412576,25.61584336212003,12.172861222275825,65.74798425170735,32.32743778638412,950.5360081113928,233.0037287299752,1391.9094147757078,37.109319880632086
Delhi,17.181217944335547,5.024281551456006,41.41418397335596,60.40704684757057,38.418502378047414,973.13621788531,196.17290265100067,1519.7986182571642,45.119823278766034
Delhi,0.0,5.450229408682226,10.812108272022375,62.40697188457564,40.29309334652489,1087.9679961532936,275.6943495705895,1521.3482302072146,33.414612332542205
Delhi,12.303464188272109,0.0,6.353332082576287,73.00849821078128,28.80611174468694,1139.52984294582,258.916432414923,1626.5248176036353,24.500720365279438
Delhi,19.48639854025107,4.141718147160233,31.33023621207724,49.911093257922175,42.68819153773171,968.6980579195656,190.74772960957495,1565.5461913541308,40.69738835018386
Delhi,20.569324222018857,8.566487493258599,8.109531191314932,63.065767243565745,28.402389490789123,1064.1266750463044,252.13726170948297,1526.3238904078908,32.13683297781144
Delhi,3.2360938131879564,7.864339108378211,3.911133245690351,59.05031874076196,29.455695770316158,1153.0114676480464,286.9073928316345,1470.2402900747609,15.913372687389892
Delhi,0.0,0.0,33.744680433403246,43.7501769675159,39.950820836317504,1091.0615944568615,231.10296346180354,1458.9473648243413,32.23836089394921
Delhi,17.678208755484807,0.0,16.023581962715724,60.06047240912864,51.95432433867628,986.7952543749471,183.2618146276376,1566.3925656861454,43.87380958285875
Delhi,7.2355152887624925,18.12305383394448,26.372448307640333,63.40874797260656,32.31503777925259,1055.672958733151,246.23637865839152,1412.7635259702765,38.696920189541665
Delhi,2.2552204083733614,0.0,22.083466375178958,44.54461629431627,35.879360681343414,1078.1535604076848,237.93202622226138,1493.6795456121163,29.358167623135223
Delhi,2.812191807736774,0.0,19.758555147424254,56.021007146061365,45.03933433647264,1078.5577709025513,223.51547246040158,1540.1981470149867,27.665081325453265
Delhi,31.986797938298004,0.0,9.296166577700198,50.273408501966856,49.05961244776723,943.8967320398607,167.6544686839942,1563.1582374842485,48.80372074525137
Delhi,6.544042756135681,20.25675307344836,33.603751304256015,69.29498457450397,39.1964006562714,977.9803453236957,237.76901842126512,1373.8816171714366,44.19254698341029
Delhi,0.20964946193852185,0.0,30.989764979519713,49.89713716544712,64.70061338572293,1000.4825265935596,200.35428750266678,1609.779610207081,42.123890077302555
Delhi,21.532717563882862,1.246382887431384,7.765858934865701,60.13374156905165,64.68555853421003,941.7006027942366,187.33795189450132,1590.5050623118598,42.59249878178588
Delhi,26.979304913745707,0.0,28.42625091208949,65.96277622051913,57.26778742615248,866.6570553005469,178.31465565809037,1624.0049438820702,52.233715550739646
Delhi,25.34534878332302,20.490090182160536,39.3664712378445,57.205161167629484,26.79719853835527,921.5428349241106,206.02320806547672,1413.1797936944354,49.437522111799375
Delhi,25.487284700235108,16.164319358444097,40.948647745321935,58.38892357656273,55.14573724269867,846.70414578065,162.12741904414986,1448.628875848569,46.662179760130705
Delhi,16.885546355896654,19.108533127187478,40.48361626305116,38.484011942909504,60.19843617107598,874.7609644327847,154.7415018023033,1465.645456186392,56.123074323886385
Delhi,6.979366091417052,9.869968678355406,27.468888034454203,37.59648645892372,44.693044614052745,1020.9202014277892,220.64026025036569,1534.7927777291595,37.78041482005581
Delhi,25.044767435400985,27.033843413864922,10.084571029672562,53.89585143517737,63.07445221188665,800.9497479128037,172.9583822648861,1392.2262229310206,56.927523286450615
Delhi,0.0,21.92030146272208,41.534269854522115,57.9819877841739,26.756434682033074,1040.829061424936,239.62722505102343,1356.020203815718,40.48103094438677
Delhi,19.7017485199978,14.338777344733476,42.29974908946489,44.506859559715025,44.85919051340885,931.4910194073764,180.48805792370712,1434.6974759815048,51.20963762718862
Delhi,5.432837195540763,13.799252373832353,12.582498544480638,61.88752193529775,58.01882203807891,1002.4241084519266,233.3341077261542,1431.0315807423358,35.31343516516414
Delhi,6.63235845251679,0.1499452370133767,34.713613820375684,48.11431725011452,42.6393265286565,1078.7298657177698,205.709807802788,1570.4884746407754,39.75723440920276
Delhi,0.0,0.0,6.784395804797597,39.86092913935841,37.78115351751253,1146.9380911086566,273.3123920841755,1542.5860998750295,21.360042734255945
Delhi,6.777026058846591,16.030250273593012,13.864600501541887,37.31595113406678,28.05784015860909,1089.0374642110962,272.8235102926529,1441.830490003157,26.994475378329366
Delhi,0.0,26.05030036291714,12.207270788065301,73.2394823394196,27.845999073767892,1104.8906444772542,266.5739450635737,1376.7637224423395,33.073275974074136
Delhi,26.78647654742172,0.0,27.702712834830297,50.106883624831084,48.60431059463204,935.4340951384693,188.26018705240062,1586.5766279696084,39.06358155479289
Delhi,18.101737151488415,27.08043653677322,19.04789852596503,60.748672630768226,61.966993667485696,867.10802924761,200.1696781635574,1366.8316154380975,65.12037311622151
Delhi,13.998503395468365,0.0,24.353765806500146,58.13810311929769,57.347241042636384,927.1646314498197,195.97412168800352,1592.1617072435658,52.22657324890956
Delhi,30.78553420947967,8.555832094390269,36.836940635249405,64.0916487302986,45.01958321958155,878.0994793019061,173.38144795844923,1567.8604244922092,57.447366952020985
Delhi,20.350877565114544,3.0479775359673518,36.79258305559001,40.48212418987733,52.00621438008655,888.2848679339118,179.91795004598674,1529.1443610077604,41.65727320578779
Delhi,14.194028906808306,4.990638669454441,41.8136125442766,39.51868800522448,41.50626105689904,941.5332830215848,203.56568982515793,1537.9027643101513,43.51097660382929
Delhi,16.3060528176957,4.009671244412225,26.032160701333623,72.81477226321698,43.804514825229894,1004.6880646229416,196.89184708738213,1534.43297740056,50.37079376435087
Delhi,6.961298271639084,0.0,23.875966268007176,56.688619150245,44.932518131814135,1039.332310485711,241.858834131184,1573.2254184322114,40.6798333111816
Delhi,0.0,1.5592130738933214,6.8970898449639435,49.82093063260356,53.78513799856108,1081.581922077831,249.20525022973763,1530.758315618233,35.00947411679621
Delhi,18.26510307945669,14.476909411875155,5.4580468515244505,47.74768348841844,34.09371869351823,1039.2210370726118,240.79014237595405,1454.0976307050692,30.484584058961374
Delhi,16.9390388662901,25.13703319701873,8.948249920492126,60.38718157432131,34.20393532090216,1009.8901284631575,237.81970463804578,1414.4410681740546,44.3886008620052
Delhi,23.228752754305688,17.354258672133483,40.21643321374084,51.88620813389363,31.50515337704615,923.4150828136102,199.06782647221615,1403.3122958826812,50.60103521307673
Delhi,23.209703435176532,3.989354023598601,10.063200773396737,45.882647152652645,44.826262945951356,958.424611390086,212.15275848742874,1603.7676400146029,41.08113768769951
Delhi,2.946221538731873,12.409338823252277,23.39733474667663,63.67799876966408,37.749416807037896,1055.4099529825328,242.19390932134473,1507.7189375418177,40.99189602211173
Delhi,20.165559324335305,16.10563838799871,5.397348839364788,55.600971031957094,63.16111755259756,884.7796334740085,187.0628043265948,1430.2525984854994,53.233637936503264
Delhi,0.0,14.198270139385581,13.325663166842078,65.5130448674235,37.75000133234089,1101.7166413863692,271.7707527691003,1385.0762857060693,26.93919553163211
Delhi,9.445822374688476,15.388366745142967,15.258210437288625,67.25275098696004,34.259988475386045,1026.7747347960353,232.26040322310598,1423.2608206951477,34.79221752179182
Delhi,19.631365980149305,5.802091386912625,37.93830159642712,62.82913558742648,63.933528022159244,853.5773669960296,174.45051780062872,1572.575825344567,45.33134725179958
Delhi,26.407844560784326,25.27596174736731,8.969095404256318,48.34929532243403,40.82741748369137,919.9155101801967,183.59558841066269,1373.4108455056632,42.186719660041945
Delhi,0.07272698581390813,0.0,6.3773443560844605,65.24777487564569,44.47085851868198,1104.4153782812352,255.8542695028288,1516.4519682879586,27.117205036014433
Delhi,17.985672080530104,0.0,12.55802316748283,73.13979384220389,64.9228877850116,944.3147094981027,182.06326927604644,1596.499468893589,46.886192392589024
Delhi,3.2877083984184523,1.4741494599209943,34.709768007681426,56.590335022505016,37.94911175999225,1031.798686623298,233.65209806839067,1584.8818466313348,34.079950062610166
Delhi,0.0,14.915933275894691,21.607705666053995,66.70149214429591,30.349502177318328,1116.4220355063876,260.4103201112592,1452.042987804645,38.73684562132114
Delhi,0.7827226560926075,6.101994025861714,17.82052324490397,44.78138648812885,29.265689395617574,1157.7881597208423,279.82883357003993,1496.4857649345115,24.14347079080435
Delhi,12.453054505657818,0.0,3.03054855463807,50.89443865893002,46.85203935929849,1069.0510113335497,220.2501527110832,1530.0767319187219,30.772803553154073
Delhi,5.299132367244759,7.212158097976655,9.071315445476614,49.5490925840915,43.833898889830685,1061.1879993031305,256.4049466493602,1506.9564840632047,31.17164421810157
Delhi,9.997057062246085,5.972826058023866,21.799560253822854,37.375509884170484,63.70544064360232,967.7589595178337,196.6838228120008,1528.0534195070586,43.875356907353385
Delhi,0.0,0.0,36.16116904621005,73.71379474704464,52.282159444633436,1028.7349767003302,221.44520484322106,1518.7699328287026,41.22113068532234
Delhi,0.0,26.242860644795968,12.385503205315802,49.66494849524438,63.21785809940113,976.3952185058605,235.85901570607143,1331.380833543712,49.56932083695475
Delhi,12.203474073385422,18.292812260451885,29.92455314595275,52.311627647975435,30.103497701589433,1023.8449171248229,233.497725722094,1461.9727700532903,42.11329303184047
Delhi,0.0,22.416616410347785,17.913167661529187,65.46074613894454,48.14704129130526,1040.7879969725454,252.74151526679105,1327.7153594252645,41.85641890615958
Delhi,0.0,0.0,14.630411121478641,40.21363994048096,29.77711413480486,1176.79392475721,286.88650921104886,1529.8829209218513,17.733103207016438
Delhi,12.319074849498293,0.0,37.67455268295489,74.73400677698,59.80687923869316,886.8788244365005,185.27648313802914,1601.873311430482,61.31511819799816
Delhi,1.407062251287602,0.0,27.684126897534455,51.95953276452036,58.6863341508341,1008.3224258335495,218.03539313579313,1575.2533280286823,42.71820331329812
Delhi,0.0,5.1454463304909055,15.468112628611552,59.13234390374972,45.49867971308325,1126.5057775610392,242.15704655943392,1527.1825442696302,27.602845047125108
Delhi,3.777575299460974,0.0,3.403282476316356,66.1790593872814,43.149154272368165,1111.9731268504534,266.45451345473407,1566.921661989646,27.15042899206463
Delhi,9.521193307989464,19.968223243822088,6.48717283019333,68.08884041356427,46.02751657542747,979.4897525950096,257.31695733520223,1383.0129416158516,42.40119256925597
Delhi,10.226554134927042,24.069462553151148,24.17745565589785,50.02780326162751,49.84475583479781,922.8839514901181,216.38713387316955,1371.7173147882904,37.85168477412061
Delhi,24.316368488247335,13.00396323897338,7.896680726534264,66.45312104464416,30.032263500907284,1026.2564541925005,243.1316774077507,1470.2503907883547,40.06807210956845
Delhi,11.321644015632181,0.0,14.650759013617549,45.60082025962522,51.049371996024284,1027.7079549196183,209.20286878032894,1560.3467214102268,28.83623784058101
Delhi,0.0,26.248200851936637,11.234009420353964,40.12901524565065,33.30973250707281,1090.009264748768,266.7312662614917,1329.9994601107853,35.87857397571413
Delhi,18.20381496202874,0.15020084430717517,7.837161402443986,53.06230803818502,32.24876311319635,1081.4957354199844,228.24681450315376,1513.391623798419,38.95977275451956
Delhi,13.812326871067228,25.77877796005196,7.882430138955755,61.60790414035832,30.103018462694745,1028.5817922127571,241.47796386537894,1371.3137304380473,38.97006453885413
Delhi,5.301149514871193,22.165513376892186,39.63321411350307,57.567112773596016,28.399522925117925,1029.6652758029325,243.68004533119338,1345.9375489851996,37.65372225011495
Delhi,5.8113816373338505,3.76395602529216,4.0045324951029855,41.46070725092375,41.653819808252145,1107.2971314559438,262.9657750419595,1549.5372023959999,14.356422883290644
Delhi,9.949887175478139,21.140640674388337,42.62491154938691,69.00439684823264,48.35872876784756,931.6933766091582,216.36068647393236,1379.8992143329392,48.17136701689942
Delhi,8.474146040425474,11.382859154216142,10.504285097399869,58.01587274343187,48.619268397295784,1031.6612220846966,248.7019425408099,1488.137919967059,35.516986877890076
Delhi,27.897318665603322,0.0,6.34599296817116,37.03877587697029,29.13263526406453,1039.0379586927154,231.41929494738378,1593.3166136364846,37.05778062202013
Delhi,6.527431840517767,10.688992178599111,25.555769799625057,73.66751183672238,36.31316797349641,1027.8625540892667,244.4710114680337,1442.4700038744202,39.08155221910225
Delhi,11.161756963147155,19.063762122978126,21.093905968890983,67.80890600641149,38.72769073912745,1023.5719455255168,209.90878286566948,1414.227694949818,50.678275038862026
Delhi,0.0,4.201648882823221,10.030327240311184,65.72333672449122,33.91465798013487,1180.5699568755606,262.45486617380516,1560.7109731087326,24.749851480484104
Delhi,19.041913763878128,16.45213263135046,4.777415227108246,67.95788937531819,42.56788912211452,990.3564083137012,235.66795004854558,1443.6732473578281,44.28929561219102
Delhi,5.896170435184935,2.0002184833428345,27.544722825614475,42.28968127625488,40.2731294019161,1061.4583589574443,237.2254691309921,1553.3430838368342,28.70412086797812
Delhi,0.0,0.05648964913819654,3.3370924717870025,45.74717826630517,38.85924619166054,1118.7860101139847,264.16783439988325,1593.4052353693232,24.037865248069277
Delhi,27.601336486509837,0.0,16.963978745991945,64.8551428193399,49.24178882066732,966.92520235429,187.36010384490592,1565.4157408748697,39.837127685171154
Delhi,25.62307436000509,2.0067473000576737,11.249396015607067,40.80288961631672,52.57088863522528,906.1005966009646,200.58610065385534,1589.088271700239,50.90732727844143
Delhi,0.0,17.109734949026148,38.99917966706635,57.59639636813546,61.79224040436593,930.4288163936445,208.94416754901135,1414.8686898990795,49.331639741200924
Delhi,18.246922047927672,5.295178398199937,6.602681520795944,43.760455083150816,37.67580614761317,1018.8644443312327,238.9921139219279,1515.7646920449738,23.6375397291249
Delhi,6.805076756265203,0.0,34.62610787949624,70.61781217054164,61.818776022905034,958.0650268987595,195.8780752601108,1579.3234939235072,48.25461907631063
Delhi,0.0,14.481414681739963,4.157989480875038,50.03108842374847,41.80720008179984,1127.4042129865918,278.55067092142224,1420.311544073234,25.523458032826976
Delhi,31.38163407626874,19.49759482193385,23.629343233448694,60.01457964384815,39.68176108854814,919.3291649841128,169.59028642552403,1446.8531457016757,50.082652260938396
Delhi,26.096303071236925,0.0,30.999810867807003,69.01658998434277,55.014533091147975,913.75153649287,168.59712030775287,1627.950249314599,52.240688779597285
Delhi,8.332367386164698,0.0,8.86802333782468,43.98303940502565,27.295618361340438,1163.0883323908408,271.7081141969229,1516.044068604533,22.21620366258052
Delhi,22.608620960150574,19.746750012951345,34.510942803385916,36.14043971352078,37.682627620572475,947.9841035116589,185.00342091421783,1364.7128304126554,37.63351228588619
Delhi,13.190627145540834,20.327023267518157,34.07768088078286,50.41061003536463,38.256671111658505,931.9408950415631,213.2447836555646,1370.7875288658995,41.148329233974266
Delhi,29.151483776634947,18.84486365664131,41.398701143725084,45.11083779466502,45.00275277711826,879.1152313624739,166.38797429596687,1444.9427422644628,57.28551828423153
Delhi,23.980610454246783,26.111403697080675,24.48085109492262,74.11704786935306,33.32759768931859,896.591068527734,205.17662416008116,1378.4253009056633,51.06628409872509
Delhi,0.0,0.8133938406419379,12.907110472697521,37.285023143798746,64.39392013124237,999.5549262778708,229.43816508047183,1572.3865184869233,30.552015781895918
Delhi,17.891970113650693,22.723629545117106,39.076872005207974,65.51455732872641,42.138984021535336,884.9166953439657,197.65201785083008,1404.6309290462043,58.06824799946569
Delhi,1.8397936386450837,15.695345800476346,29.171233730407483,59.382013363968305,48.715754785175314,979.6636294696566,218.2457059201744,1423.1207366410201,41.026549463507024
Delhi,19.21747515564852,1.8464601191023018,13.645465877226439,60.33781427044059,62.4688350497684,938.5474300706608,194.78825089807242,1554.4434975283061,49.86851057881175
Delhi,3.670238805721919,1.2214455409145835,6.27598136020784,55.441407284847585,26.204214879747717,1139.3874179634183,286.40781360224054,1513.2690575062388,24.492320827122754
Ahmedabad,25.515230803750107,4.528651391566127,1.7582148992484026,71.65974382061876,38.947285423274224,624.4093500893943,108.09621036663333,1116.4142151297192,57.70855164988444
Ahmedabad,2.002860901494053,20.98942992068826,22.648459049984467,52.416062623662896,13.897913636309617,770.6304406344055,139.2831216053741,972.9914135609658,56.20290453843231
Ahmedabad,0.0,19.48825141456159,28.807302531266345,66.33333819122876,32.13933582166189,671.4187665453725,123.41869033195695,1003.0701185789859,61.83387839293979
Ahmedabad,15.627392962409814,11.909737271654027,16.3693853203174,59.71849552848588,48.77600954447806,591.7774469079798,76.49946167474121,1077.4096379728937,61.35420484030132
Ahmedabad,8.549201059771093,37.24959145818798,27.880788724116712,58.261391469772434,35.15266230059757,577.0456517874326,101.92142600580391,866.2514707011103,72.86620705344708
Ahmedabad,0.0,11.501925711800169,30.8754047171725,84.76954648466587,27.46956132256871,713.3660440101776,128.19840390329995,1054.5387194168209,61.00765837445755
Ahmedabad,0.0,21.870420471339116,21.198008291890634,71.0890409228554,10.61482730441832,782.8696435230846,174.6903030692064,983.8712774744849,58.517922919571866
Ahmedabad,4.478709331637511,22.77487676195667,27.437004377534052,54.40816244097762,29.220939794610924,687.6275202584758,153.99373139161776,978.1629512190111,77.02363614217472
Ahmedabad,0.0,34.3226525819543,0.0,78.35339783839918,45.70616563873325,628.0959616749365,147.85319554369656,806.5121312559227,70.99276386845378
Ahmedabad,15.852306811019062,26.205974653890404,7.042277488814893,53.03230345173818,47.10995578697148,562.2453321755899,108.01550391078503,939.9161427420775,78.15687738364005
Ahmedabad,0.0,27.585054887504377,29.07816477008449,59.30223000874857,23.919259783520715,653.4654494816928,161.98993236926947,880.0209729838771,54.97878420072464
Ahmedabad,6.178063747054004,12.432664119017616,15.076257864456771,47.98522341746469,47.64259182042233,611.2488818396248,120.37168479056763,1042.5937193662114,75.26658807282413
Ahmedabad,19.65844611125226,6.143635361493558,4.24819753078836,59.1090690679684,24.610497192746877,700.4929952783923,122.59147976902781,1145.3435588735713,62.522247096692496
Ahmedabad,0.0,28.70650804641721,31.303476616308764,57.17201394326303,17.956097730319023,739.5133172689873,148.43064567028284,860.1049766485737,52.05430593358629
Ahmedabad,13.239290567399777,20.35620458369236,5.6129758156509535,80.78593359264138,15.701944043939978,717.4360765576639,160.70750531872088,998.5635698430725,62.68073261082867
Ahmedabad,0.0,9.934400401942566,18.38413580235403,66.18247559466744,17.773901924094197,825.6278789710028,158.98868335106954,1054.5401727810504,56.520483081206656
Ahmedabad,5.112441163799925,30.75519471427574,7.220428767560488,49.60686990724781,23.057829107685063,723.8290807210935,162.75115227323866,906.4632630710405,57.415429230061875
Ahmedabad,0.0,33.04121344209831,0.0,83.2429650320947,48.80189917373222,656.0308699784885,149.68054017196255,813.404494739387,76.22411931345147
Ahmedabad,0.0,34.51710233256991,0.0,45.509010698590885,25.360918505278885,716.4581410217302,174.05407583746282,838.0993031543337,49.547168482982016
Ahmedabad,26.10201290401426,13.319065579974476,3.285097518873389,47.43393111614812,35.835104603349976,649.891936706764,98.34179551423753,1074.7626797625421,59.739440843547584
Ahmedabad,24.983134547092597,13.286068085770195,29.38892118432784,53.63400574774812,16.14735740249621,653.9440736267646,106.31637321253041,1115.0574006541897,65.62460961846492
Ahmedabad,0.0,20.4024660035898,12.562408719107566,52.6702951781556,42.23060654286132,658.7247466141722,129.88547337013304,962.5783732503489,68.49136986632452
Ahmedabad,8.607143457196443,6.7335316998588475,0.18837390150728694,65.97794667098377,21.070944790825138,809.6931953859524,156.8496414348806,1118.145741192767,55.57606624385325
Ahmedabad,6.367827224529549,24.857012560672935,3.8892495559632767,82.95232246170053,41.64658854298256,627.9996590611404,123.61408064166568,850.1983856308693,72.55555529614016
Ahmedabad,19.066212125415475,0.0,28.17269425570779,57.04444107446309,37.92660374809124,623.1520426088505,86.07554832088513,1179.6953346862479,64.45476422114692
Ahmedabad,16.4386775558129,21.968333367568295,0.0,62.15556654143417,23.73681138275273,685.397364602147,142.64122644424174,1002.1859373766218,55.423876394776784
Ahmedabad,20.014907896317368,7.7058363641937095,20.922970843689306,69.21201780957028,27.249319725908396,691.838216898112,115.68284101003397,1192.914395368515,64.63946302221804
Ahmedabad,23.33174530464167,35.72836723782782,16.47603621986692,57.81469423298776,25.806006959506888,529.8610071004056,111.17630600248924,932.0240731321362,73.25594766451027
Ahmedabad,3.506104269647743,24.104649837937615,7.692608955367035,82.9208550151024,13.831245060470113,752.5506747766022,183.83568491634892,926.2240003364939,47.2184240823731
Ahmedabad,6.39950438492577,9.930777674673806,1.3991424216953785,71.36915904758487,22.508826879506117,826.5736058924838,155.50052039748488,1069.6258270214441,53.838943845516376
Ahmedabad,0.0,34.357445622385235,16.320314849044536,46.18139283109403,37.171195019845236,662.7720162954384,141.69288229822126,846.4410428435168,66.30219184628685
Ahmedabad,8.095651213139625,24.98741018490739,11.692625209244476,69.9513130374468,13.561325581868779,689.5276061286428,161.2611007974881,958.6026355650379,60.728205112818756
Ahmedabad,0.0,25.403748214922878,0.0,79.91219247967095,33.199520456175904,719.4604189967097,155.95383904085872,934.3669245603845,62.330978079539996
Ahmedabad,9.077110410451244,31.03667391078283,28.55703565559177,57.7964410679584,22.356541392690023,621.6479447969479,141.58799848559605,851.1434786981525,71.36636916591921
Ahmedabad,19.48867505380951,21.915811029743924,22.30702239533606,80.6493453531607,29.497532595785223,634.3681590036282,94.6060740961649,994.7421990809261,78.34410436678161
Ahmedabad,15.634158979419503,5.268101190656541,0.0,70.29375563072476,44.03610048874196,663.0389858103888,105.0141841063242,1108.8499302279697,65.12911557568013
Ahmedabad,18.249325320058404,31.96281360345239,30.342244260685547,64.48361049838552,42.71352534452642,478.0388356770251,84.98311799291005,893.2407305523036,91.29572570465643
Ahmedabad,2.9158821523696368,4.1379912714931795,14.334970614289464,55.220968657531294,37.92687175594188,716.7683660551963,151.3981936487874,1132.215025775071,52.94590668934393
Ahmedabad,16.549813589579138,0.0,0.06041242757138221,70.68421427596807,13.645208445418952,805.7413324561901,150.0357213572671,1189.2491058408089,46.29749328407112
Ahmedabad,11.569104198554008,15.782356665107216,0.0,49.334385818792185,11.155586287783265,782.7768449029361,159.68999176785314,1054.4162374133607,51.03212607619285
Ahmedabad,0.0,9.168126183782201,0.0,46.45776184900147,40.40887791792803,747.2524310461774,149.99956673641856,1073.7110899715049,49.81533096724083
Ahmedabad,0.0,3.2989373420733354,1.9510512434563623,55.588838700854744,47.68199077101174,727.2732192812858,156.22935890251446,1146.8206736176373,46.47194466336829
Ahmedabad,0.0,32.623602256459804,13.956104926539208,64.74994566575086,22.987964087767047,731.321699496815,158.36558748212482,883.5512100109536,58.3424179036046
Ahmedabad,19.17225266985058,7.197800807179046,19.615099154086842,62.76951526385536,14.815963721906993,702.8632246890497,125.00918634476295,1113.9205306443287,56.4110142518359
Ahmedabad,23.10799805723179,3.499265777846869,15.154556213393214,59.88078206553199,38.75264228273309,587.6687845683065,90.98358539865205,1157.7074911632058,67.35483599983236
Ahmedabad,5.097143487548529,5.181570762443442,3.129630997417511,75.56267857202222,29.977619712915722,762.0748268783386,163.2119166094647,1123.6553097989824,50.05762142724362
Ahmedabad,0.47708430522554934,20.392867580339605,7.732572165681839,83.4258129954075,21.21810479423257,750.226640323065,165.39026760442263,988.1169528865412,53.837712926013104
Ahmedabad,15.190144788239358,33.715322691308536,18.221797710197585,63.29208748113692,26.31584746731917,608.9116604449864,136.22301183824487,960.9097627255915,80.01824595229289
Ahmedabad,2.603128842288033,34.04777329537913,17.88895035261576,71.68349100958115,44.97361475015458,618.2845713663856,135.92858867761552,880.9899026574012,84.99071281237157
Ahmedabad,15.356741809546897,7.46893916445395,1.9191401352267334,72.67828414970565,24.605057091640347,728.692758078693,159.9750038967852,1120.6715176977502,62.27211316589097
Ahmedabad,23.13305969759591,20.713016301182705,0.6120231750907443,46.943041572111,49.57229904760322,535.7520106914358,101.30453506330754,1044.6999400866273,65.52482357429031
Ahmedabad,0.0,23.10970795084961,8.922321434041784,56.634950339606085,14.902588573239921,764.4768837433702,177.0420717257083,955.6581091070609,47.43331768069348
Ahmedabad,21.03200028545202,28.829055534623116,4.517339332619997,61.87526244950462,24.030244485493412,632.2638281247246,113.54510931422796,966.7971904537337,62.31591579892219
Ahmedabad,16.70479035547975,36.91417920601569,21.280769178246707,80.35016472638395,37.645411928404386,536.6127649044806,109.69759277582209,847.9913701810525,80.4046076088774
Ahmedabad,0.0,21.39804768749738,8.330700959275056,66.00618617135544,40.38032164539195,669.7132034343257,133.43248072214283,1036.7807532776721,55.19737727370821
Ahmedabad,24.907229319992744,29.318379390549026,22.807137425465676,47.706303685512026,19.348372906653942,625.6027304805566,108.83772959496028,973.7490357971986,69.15744108789953
Ahmedabad,16.184432312381876,7.121741684578932,27.955639227982374,78.88942569746317,15.89821420927214,724.7631825221365,122.10932941914923,1147.2674765450802,57.692181477905514
Ahmedabad,17.61904652787568,14.400699459169171,15.853247867547331,67.3978736779764,16.811470374679608,728.8204471419235,124.79158598979609,1091.0981865764982,59.24616889639094
Ahmedabad,0.0,6.985719817543835,18.233276361015037,70.61227905018049,26.246729176541006,750.8611106927744,153.85469019272315,1085.2508705867804,44.602977040007154
Ahmedabad,16.453201678416608,31.77657831065266,13.222709008277647,53.46601863555766,42.73460442765081,585.137724325876,99.50990922173922,884.8836292960808,73.14761599644919
Ahmedabad,0.0,35.033582327002,20.622276700381178,47.79176538589971,40.996548169059004,620.6761950711089,133.26435669129415,897.2107093241308,80.0407442425016
Ahmedabad,0.0,34.2802385216013,20.201233787669008,52.101592531211416,48.890278572733344,613.420704585185,126.06543621081752,809.926770257224,74.24113667912366
Ahmedabad,24.26747782353621,0.0,14.192209609535364,63.50117078978968,20.151753540889963,696.2449625953172,118.62249806222793,1168.5779968061104,58.73913172127827
Ahmedabad,0.0,33.253346909984955,30.187326202034733,62.51902382162326,39.42980515718641,616.7641496924525,128.55274787794906,846.8307473020233,75.5507211515287
Ahmedabad,22.63262716029117,3.3442977133202483,22.338537377216916,70.68984258332333,44.205662723396024,589.0815411029727,73.71653185514347,1152.9987926332792,68.72383962148125
Ahmedabad,11.079844856491952,24.6236179638512,0.0,67.48031241133047,45.91563588143083,624.0865453214348,117.408030194735,963.0322814525794,69.48486092343249
Ahmedabad,22.78189279420061,19.34446754568526,0.0,73.25542660509485,30.68716435789545,632.921512793948,119.46449287277943,1051.9405361043753,76.31377305304912
Ahmedabad,0.0,4.362038292779722,6.529253422127219,69.80855955598022,42.29594007421292,725.2826837598552,151.26707463948128,1081.0345729412936,55.597388642439526
Ahmedabad,13.2035730603586,32.379104174150484,0.0,57.96718796849004,29.12568206467953,638.4921329782603,135.18404617042987,903.4274618882562,71.4400001693613
Ahmedabad,26.829563988998657,16.80263261059128,24.621681211248458,61.37959913453777,40.64646719944871,551.2688016473121,68.54215511179156,1013.0419429407309,78.4641728491204
Ahmedabad,0.0,12.32708591120646,12.400668067443206,70.25790908385986,32.77175495853632,706.8745901891594,144.00845703144077,1017.450425269272,67.94608233081485
Ahmedabad,18.67377715884637,19.84896200712005,8.3720459825247,73.2659871162869,15.216728862897906,694.5934229699094,145.85092575397752,1003.7554547993577,69.1266670832938
Ahmedabad,14.853597006256237,24.590989167094918,20.47181276313871,68.64706725695397,48.598129383759584,531.2283329936785,75.95082154323401,971.2487231202822,77.2902968098457
Ahmedabad,15.141685197335747,8.12521872271245,31.74713017282994,46.39979317859511,23.380893720262456,686.6171446273462,111.74460568084362,1062.9819312265217,64.41617510941212
Ahmedabad,0.0,25.441145303959857,0.0,60.727506755438355,13.400298066145382,815.8456711164298,185.7138078329754,941.0653130970715,46.35411230656625
Ahmedabad,23.466364526015774,36.22259484180327,23.544782436473053,45.529122673116476,28.427461206814165,579.1142854737794,97.55820405782033,835.3602974470364,75.20419637682431
Ahmedabad,0.0,18.76455302846832,0.0,69.95985087387326,39.94253090849302,721.783353997835,144.53137325931044,1001.5495619529626,65.42559555106979
Ahmedabad,17.192404821632557,30.170384682783578,5.693479797021158,51.84248756700707,32.83489573321194,636.6695285880527,117.25103410900098,940.79741875681,60.02550480793329
Ahmedabad,0.0,0.0,26.967673894612993,74.37874464366868,34.199035442437385,726.592976475036,115.5134952486224,1143.291071222076,50.71088475452993
Ahmedabad,1.4770610609263173,22.36765819902824,0.0,46.71006015394506,48.72624113820677,678.2058067519936,142.48243103736124,942.9735945117627,54.93846367160612
Ahmedabad,26.267014366255097,14.795689681344136,5.262699563895632,48.97579362621492,18.709723003162114,686.5823542666412,135.27097438170497,1119.470670627398,60.96934859291336
Ahmedabad,0.0,37.33972772119028,9.245712730798434,79.79755154102583,46.38111739673986,593.2235500643271,134.02636972572927,847.2875144165046,68.49473788442964
Ahmedabad,6.41738477139932,0.0,24.472098734812462,81.79160989803604,34.43292721273662,758.9205350800187,125.23000113298095,1123.2192213604465,61.60739342620958
Ahmedabad,25.245023230706437,7.569840041301823,11.268416623733003,58.02881416282041,47.29567163344908,585.3537925370315,76.23681833488837,1073.6647245532859,68.26294691110382
Ahmedabad,23.335422634100063,0.0,31.318260904227138,76.97773148631441,40.66418590578781,557.0859022362058,74.82901707623871,1204.533736709555,75.15361155229361
Ahmedabad,0.0,25.212410746361773,11.930511603400127,77.81226440296156,39.80224558355896,676.6275681938738,134.20392481476,899.6755146874847,64.43207340752042
Ahmedabad,0.0,24.27123255903941,30.67156884908026,61.76582543411773,15.684080210158946,753.568992714934,150.76866030195276,899.2441310256188,59.00883855491476
Ahmedabad,7.659825216425617,15.790281719995672,3.1302162359823384,80.05364501957717,24.51448259629336,739.0297346572562,160.66905836002283,1008.7453592423205,52.73260974217034
Ahmedabad,0.0,32.82393118547354,16.035102232761975,76.05820736004745,49.696789745297146,571.5123927996837,117.14220045634401,874.0158451249861,78.82962076783703
Ahmedabad,10.703927806196312,29.806486426062847,8.658216895496352,78.91748743755167,47.58176871175687,572.5362480121084,122.0926577712092,890.9677310220458,65.69551062813369
Ahmedabad,12.571071279135467,5.227575943302721,0.0,61.68927200278642,29.01337270037542,729.0650886628322,128.94656492705616,1106.650133313741,55.10440688551217
Ahmedabad,0.0,16.926010738975954,2.2399421291613884,59.49584532196786,41.37492371834568,721.4102267934618,147.46800921742755,1049.9276802168222,51.80252181846717
Ahmedabad,23.25395046325557,6.286194993512122,4.189651920189652,49.535069033630165,21.874588535492858,700.9718015602846,129.22804958948353,1119.6558738874226,59.90938003427587
Ahmedabad,23.18998067917792,34.34414475759805,0.0,50.49585883835138,38.419866152416134,603.3092677313658,102.48792292665675,905.1800128067474,68.81949952938204
Ahmedabad,10.752771197130933,2.4878982129444047,24.685330298782866,63.88726746505544,49.34441794915165,632.9237635748948,89.79489315900207,1181.8581270866453,68.14498155713538
Ahmedabad,25.72904552485099,18.251802751854683,12.660873816712062,60.94648436375658,27.072186437061863,653.6409470832261,82.14441703582827,960.722348349235,66.26037814574235
Ahmedabad,0.0,18.66982293553089,0.0,56.31860249641596,30.528091192099772,740.5265198568839,171.0499683935557,1011.1505219930638,42.34797582754415
Ahmedabad,0.0,34.13289060768161,14.659509241879455,65.72662623737006,34.225049518864765,628.0040584021509,136.683953995332,838.4778611520454,74.577366945948
Ahmedabad,0.0,30.47929548970992,12.04057051587398,66.23223957084508,28.055013859413982,714.7515460627939,137.34453565492862,847.8343050775015,58.8981795309334
Ahmedabad,0.0,3.4356628534944207,30.096352252509,69.16549088305608,24.191386581811244,698.1985996546597,160.0111288637867,1085.6927689992003,58.36434707914181
Ahmedabad,0.0,0.0,2.623382096496435,66.3088058595543,37.19185697753247,809.0844661134993,143.59448504245847,1179.435590287291,54.21485675729141
Ahmedabad,15.84230779943158,17.027162499704666,0.0,45.48907896754651,31.05989064230176,695.3528095042855,140.93394580636593,1035.1156466028792,54.075588607690854
Ahmedabad,0.0,34.03476685692644,11.240777620408736,51.21394968681073,24.922246376962942,692.960096195588,151.9281184092175,887.2504501300486,59.98559902481777
Ahmedabad,22.7602395462576,21.501362092920676,23.82824314363286,57.32277595284018,38.38804929966113,567.8421014007121,96.35165895496235,1015.4688754259354,73.78254206258826
Ahmedabad,0.0,27.49691776314277,9.225258165777902,55.44667699550252,14.230405778375737,785.871601244552,183.03538811578335,879.5400432228361,49.563444484477806
Ahmedabad,6.788771680649511,32.046922381828466,28.82440757902608,68.13248982415583,12.974178976302802,702.338624870291,146.13845184285267,893.4755598660932,63.83569219143326
Ahmedabad,7.752088627017741,21.970610886379674,16.280384194297007,77.76714479601785,36.53812438691891,651.4954051731683,134.9351505395814,1001.9152081028617,62.63555052384525
Ahmedabad,20.23565905499847,30.848839716571355,27.395995792427378,81.72963057372223,27.216570336272863,575.5013056875996,92.43849631549969,922.954015279746,77.15790607101727
Ahmedabad,18.88717103458,1.5835959033159597,0.0,65.45721515317271,23.869696980141285,758.900890836274,133.43155247365024,1186.0369158427668,56.26770972184169
Ahmedabad,22.090936445299917,12.50784799109659,19.601335727484887,67.18626657411022,39.58314389871078,613.6913164853894,101.56052242667349,1100.2630920279782,65.13945261209128
Ahmedabad,26.445557403926443,24.17171404475609,27.350145595777562,81.95657884857897,15.88131173330054,614.3329101640578,119.02297560708215,957.5754465092818,59.57627045985529
Ahmedabad,0.0,34.40612790613262,3.40904547690268,72.66186885263527,15.345155321514966,763.7040651049068,187.75307100621959,823.9022484843057,66.63997996987432
Ahmedabad,16.048689068862245,15.240075425824987,23.061266560760924,71.81162723513322,36.513568123368536,647.8773693256292,93.24427359681913,996.9361619566924,65.68906014188552
Ahmedabad,1.9998490323354297,36.9434286128534,10.259252744372787,70.88697775890599,41.51879955983538,635.4049178123321,127.59110046006838,852.5433410475312,68.06234388840944
Ahmedabad,26.24388758142959,12.326955285320215,26.000915531010342,53.3520549899614,47.24922875674149,526.1830521060442,55.84503280833964,1051.802766521913,80.1392861163872
Ahmedabad,4.122626155337969,30.828265621180833,7.76391397276187,61.610032805513626,25.71656017665314,710.8511624057915,142.79498520447817,907.1319592418596,63.702986961979505
Ahmedabad,0.0,23.43056300050639,16.845892699964363,73.74789893774398,20.467637489915948,738.6908364561109,157.72989586975456,939.0586171923151,53.793766921216445
Ahmedabad,24.451896511904877,18.036558242707393,11.271779334496333,60.25087923421633,25.29813038619698,615.0200255253447,95.47587723861983,1028.830484095705,62.99503223947613
Ahmedabad,13.957507308201322,21.643440549426966,26.063873392724922,64.00526018766703,17.698853168150208,671.3493963034157,154.4859666953952,1018.4474122182387,55.79410399784534
Ahmedabad,23.38020732611239,34.84329530068541,25.78932476174306,66.98656120113125,12.030895736028082,622.3119182008674,106.601597845746,951.8449849194994,69.96495452494389
Ahmedabad,24.204614300492736,34.86680505639004,8.949084818770224,48.56212834462088,38.60582161306427,536.6646092892776,88.46961609847283,878.240013589119,78.68057678902302
Ahmedabad,0.0,4.904622190767128,1.758197049121799,52.806383012500646,46.19284659123494,758.6693553693051,136.7444700434642,1105.3261687338666,47.86888015232491
Ahmedabad,22.952238991603977,9.376584683084339,15.800424014883625,52.05490680145044,14.537322095957048,708.3270957598196,126.45295259307414,1053.13075397771,60.10434060418518
Ahmedabad,12.35839815516395,33.49463564301435,3.556495249562559,67.45556759582692,47.65438978010609,570.6302179591312,121.05749685398155,892.0414835053282,70.98358888257145
Ahmedabad,0.0,26.17877911573123,7.388531881618965,64.1701066517493,21.841124470623555,776.028831146853,163.51843546319725,906.338324913178,56.96689023564688
Ahmedabad,3.288005276935497,4.848964141155701,7.966318215375491,49.93326515975913,38.710651080648404,760.6120444619199,146.19444099213493,1107.6128578855305,51.54277788444344
Ahmedabad,9.40763133312484,35.99775583048848,9.03677023949989,82.46807449994267,28.090414643391107,672.6977279890699,152.34962908477917,813.4317056860788,64.74317461153538
Ahmedabad,7.563438023580588,6.539943975642657,4.579711876470856,47.77970539054569,44.13606311450655,686.9210745577951,128.6730209352462,1108.374184092602,54.120707221130836
Ahmedabad,13.913133942470896,29.717796597801772,0.7581413772221204,63.47854024692995,17.59850084216407,727.709565460517,175.87255536281688,916.6789535655004,62.95195349908509
Ahmedabad,5.909382421534467,10.554477340935076,22.187483834292394,64.55087960189317,12.601671534306966,779.9458397579752,150.31474464643566,1046.164421016946,53.082665969070845
Ahmedabad,0.0,34.56964443094001,4.158394217670134,53.67220749956722,48.6910327808582,593.8818509013709,149.96968850342745,874.791150390412,66.03375501835752
Ahmedabad,12.002342584166119,37.13873168578674,29.087554419248235,45.44299173730436,36.520914735142874,555.2309725336745,88.932672638697,896.5630618935066,66.65664823803296
Ahmedabad,7.234074161905472,15.754162316152026,26.47819033976313,66.64913621344435,39.804894836380946,628.7626756348996,121.50648673253589,1037.57710046867,71.43016418235999
Ahmedabad,0.0,31.06390066609356,24.642329879260416,57.466779970374176,17.571424632221486,703.4647460403922,169.11801429108112,902.7876749838721,52.86584984632555
Ahmedabad,0.0,37.208674993329026,6.883279051657137,46.632175589267916,48.565695806917894,613.5488613375793,128.5196709525537,846.9571791873273,70.68832856920947
Ahmedabad,13.916979943349148,16.164101797684566,0.0,46.48965403915459,25.147957623449937,708.4265314767997,160.41970510918415,1009.0586083358653,47.97318468867011
Ahmedabad,24.48523661191164,11.93112674014632,18.254895659401036,55.925093970577535,22.511879435816677,639.9253991277553,113.51823242152581,1111.0356245501416,64.58549952182334
Ahmedabad,12.670939938787825,37.592173699273424,0.0,68.43255016629067,29.614206324891633,647.8628734171455,143.62302279990945,912.6706982334388,73.64592960304584
Ahmedabad,14.271715915716076,37.17475775492646,16.091134405810983,51.453922892923885,28.908303355257992,597.2271190048824,134.98878702903497,900.730102494053,70.00369512435933
Ahmedabad,6.11442521877629,5.33302336608511,28.012788263701545,45.8764756234565,29.31901052325753,692.2217083288466,128.65101835467308,1114.0017061624883,51.91449281870392
Ahmedabad,22.52134631611341,27.850795361506975,14.5343684008612,48.83313166346919,10.305110940015417,702.1336376275904,139.95814702307356,946.5548337934924,57.693552970111185
Ahmedabad,16.15058141589128,1.485043039430881,29.658032325583534,72.89252579232782,24.96907265872139,664.1454072142961,128.25282080862365,1137.143553155675,61.52371197360985
Ahmedabad,9.657900671153286,17.80752084976427,7.277715564987863,45.21560701304197,17.226097314733227,751.099943789928,148.2081902494573,1022.2304911083644,60.11988811678837
Ahmedabad,12.031822475781915,3.322778874690677,1.4747149114774327,48.878859766382234,18.153475091395936,791.4381004764529,173.9681436765504,1098.1982566084064,54.89710819232698
Ahmedabad,18.043875113244077,21.821796649148745,5.282243969458559,82.11115622232339,23.761974538974513,693.3898998932295,143.442635330793,979.3137915216524,62.88719594246658
Ahmedabad,16.681462921002794,6.604120009472741,28.491420502336013,79.56416558092477,31.968838922654204,665.0777512617332,98.93766486105784,1125.7035514626753,69.2019166439387
Ahmedabad,6.709264392787404,20.00161948657368,15.174673628537178,57.022809415300586,42.65897339640966,652.739768214042,103.98397397243104,954.849885082553,67.349883053326
Ahmedabad,0.0,8.168813774837485,19.94387887948912,47.98655406636475,30.12818241567937,736.6873621878603,139.28225097738124,1073.5597434708448,44.26342769743671
Ahmedabad,12.595509503377045,18.761326243103518,16.936390357783967,72.10654152021337,21.233126365618403,703.4318891852903,139.60893439318647,1039.4305831960617,56.28255877861412
Ahmedabad,20.64752020797618,9.727071409377675,27.650697752129638,64.25098866870958,48.807129162675125,500.7095520025553,80.20128654354707,1113.3417613141892,66.68988319985932
Ahmedabad,0.0,27.18540963989471,8.947731292813192,75.31580854816612,16.134348443198764,782.4107208117651,188.24856564755567,922.1159270486338,54.468664064210024
Ahmedabad,22.350045795733152,0.0,6.632663692071512,65.03310549321981,11.173045436060193,753.4211267347082,138.22642713536686,1173.9132890257438,52.67934821780365
Ahmedabad,3.3533733489253734,18.16008403049602,7.96764281034223,61.09103443768976,31.246481963634622,716.1064267430112,151.67230551687442,967.3822651584278,47.778912725304416
Ahmedabad,0.5814832564515378,18.783123881038627,19.997483806634918,78.01078698336217,45.24926975250715,661.9540871798408,133.86314104165558,1025.7611936865796,68.0560583281369
Ahmedabad,0.0,35.717921905297565,4.5757110390572375,52.643515615537,26.25441670690371,724.5882806490937,150.8264149386091,852.684058808719,56.396640423462586
Ahmedabad,12.556685529869263,4.1123096385428575,8.694417007736405,49.93448854308369,24.974604070974046,723.7250843554225,146.1837941704135,1133.7076141290495,49.201120170208945
Ahmedabad,0.0,7.285031839019364,4.4703324189156,49.226911847002256,15.480370171687795,855.0083554923801,184.88092113461389,1059.3354010193223,32.85473032333862
Ahmedabad,6.417699288019563,0.0,0.0,74.67480921060839,38.257077420266825,735.1012806437479,133.08181400103982,1093.933355680393,51.724754394923735
Ahmedabad,22.31829199473257,7.036676827834222,14.147118495455018,48.27820554022263,41.32558022800262,633.7956263706285,99.18577777541455,1092.0926769129107,72.75298280678231
Ahmedabad,3.4277250409842246,27.238270593779983,21.550380999173807,76.5413822308124,41.21830764438327,634.1686716760034,121.56122561519399,913.9004355693531,79.50592038864797
Ahmedabad,9.144249091875771,35.250722131938794,14.475182336470983,46.52088483586883,26.038246790908826,669.0913387793363,143.55377499759692,893.6501469466078,69.64741510945127
Ahmedabad,0.0,20.996575327486212,23.055402235834098,82.15394178427849,30.224442587726724,714.3940969003895,140.77717376596092,936.8493322590587,66.23695100762019
Ahmedabad,1.7214297394109916,4.5411445250233236,7.881960349318575,80.56899316896383,26.72659634757818,799.7275155250102,155.53521244849776,1093.6903318801533,55.95349413100181
Ahmedabad,22.223511252956555,27.927226601162012,17.292745116460946,74.27161167739925,44.27164462864359,530.4342825752259,79.06746447255327,951.3941321774521,84.80864093037391
Ahmedabad,22.2724473412431,30.422410794962225,22.677706808289862,80.36681961395996,18.503968321615226,605.0459205850489,109.88946423792926,946.9652998124748,76.54423691576406
Ahmedabad,24.30814086863706,18.822958755045008,2.957474670447805,74.98744854319705,30.070878200156713,638.6953405124569,109.51118623145642,1014.5459050105583,74.06377996420238
Ahmedabad,12.802174650112683,24.779165222446238,23.617185173537006,84.5216902078205,37.27056027917319,630.5977905543375,104.66010497983281,916.0947116160553,73.32266709231898
Ahmedabad,0.0,23.070575556553244,0.0,60.38529835195757,34.54634213866617,717.9622497605078,160.19552079757338,973.5360335111407,59.10924661501879
Ahmedabad,0.0,6.11245130182896,24.820002737331507,70.77584007474233,49.008208447016614,651.8928033697966,98.03540263484929,1084.0820488904253,57.039585817028
Ahmedabad,13.351978924166005,28.413655296392545,21.70553652252063,75.43838407045203,27.109097419728894,638.867863799842,133.00144168480784,961.2072465742466,76.47406462648208
Ahmedabad,24.778250399503307,2.997806693036786,2.333529841239317,65.80991294024349,19.50492406081253,692.5147479806016,133.45599706982802,1135.150291829161,55.22411551327278
Ahmedabad,6.886700916750442,11.200646383588616,25.5957918411155,58.93202934326689,21.670625242645983,744.8862047159137,139.71316735606138,1074.7048483480635,54.23432721724528
Ahmedabad,19.256444675939015,0.9622418435803084,0.0,74.23975052590706,19.981852656199536,749.3697653918555,127.76533163432552,1142.6437819057594,51.55889002346741
Ahmedabad,13.472746244378552,10.751835177558725,9.263724315162708,77.66890691147017,33.40385453507636,689.0677178029083,137.56192008931524,1063.6455063884243,64.96781519735487
Ahmedabad,24.72100235097544,28.15495913827706,28.28343501669969,49.14393174923532,42.697268065446025,496.4090813486984,55.24463525388595,960.5097540350399,76.71844137752481
Ahmedabad,21.85970379222441,13.671754122439264,31.26979327294101,65.02530475965675,29.83278676607517,560.5413494856306,82.14501939863425,1072.7840859622627,69.45639946572422
Ahmedabad,4.106226761571133,31.06048462926374,21.669092187407767,57.43745875987382,13.50995969153129,736.552906404309,156.66774995867937,884.5149394633908,58.1571044679426
Ahmedabad,11.14508697107301,16.61402738778212,9.635136163779883,55.56875050110348,12.447018552501174,705.1640263241616,162.52506715411633,1039.2964482510301,50.429971444204234
Ahmedabad,2.7811321684171304,20.613532229776077,30.43105245373323,79.45069612747781,24.184059295303953,709.203952749272,140.7912624366609,976.3189559751887,74.0267168106651
Ahmedabad,0.0,18.193656313951806,21.36358046324373,64.14269062046337,18.8518543458445,777.3413709481309,154.97387113275352,932.7170565119031,54.92061467807776
Ahmedabad,12.000330627110316,12.277736793328003,26.78189268739151,69.20160270985122,24.39591602674422,682.458779274656,121.04797550170285,1033.4911225431104,62.1240361089511
Ahmedabad,20.65849887514853,17.823605719394763,3.686799403282288,53.72799110890298,20.276892651859896,675.272705065137,139.25189738206163,1080.1522474537505,53.56754328576119
Ahmedabad,0.0,37.89959138657952,23.506033278626294,81.94095361404916,39.32657020378487,605.837158868076,136.98584068564244,823.7972084014439,70.65661421745219
Ahmedabad,5.3091335853568395,0.7220236039531827,0.0,61.661954459287415,32.632106030791824,814.9936158200836,150.16792913357816,1157.7288971980754,39.00464321237582
Ahmedabad,0.0,0.0,5.7689653234790015,49.16932632840804,19.298486411291563,810.4802221536293,167.30389954721306,1127.667481274953,44.421619950200856
Ahmedabad,4.62149548842406,17.070741747248775,0.0,72.99741122310195,12.64662582169251,794.2576525897086,170.69813642012394,1074.7257661342867,45.19121639582777
Ahmedabad,22.602800364662528,25.764864847162887,2.8470770464162953,77.96078510542051,31.073270996086038,586.9317426788693,120.89087296118039,981.4067159371168,75.34187796566165
Ahmedabad,0.0,36.03235431357791,9.023179336457318,64.82900511521258,35.322285467350056,677.292299085202,149.66157142582617,853.3746860185901,66.685906869232
Ahmedabad,0.0,20.25482362418061,2.410511536172635,55.251132628227516,19.87096996830736,797.3106676562364,173.29138681096939,958.9643344938506,60.8608154662886
Ahmedabad,7.8568010279993175,35.53612483932219,7.682302143491642,60.87357844603085,23.746696691072778,689.1558389042932,161.2273591441477,863.5056946611678,66.43653743078734
Ahmedabad,18.047281754068962,33.592245492383185,30.157058116791994,49.4364898621608,35.04312319972574,520.9818478953487,103.28430048078329,918.1405217435884,75.42397830038736
Ahmedabad,0.40996299522192814,5.308023694803008,16.561527703111764,72.69997412209227,40.71460928053368,735.2262992226175,132.8046762287957,1054.9308155965284,57.56752951261647
Ahmedabad,3.5814619337834728,18.534693889442135,21.246616176585434,77.81672782324597,30.931294831476087,667.9317532323744,129.54964469850023,1008.155881385712,59.71479437947028
Ahmedabad,4.5902691427581495,34.50088721732429,32.28785061263153,54.53046284924225,14.190779502194463,713.5093954410645,136.70205765577438,843.432981008003,67.09314724588535
Ahmedabad,24.434235713847293,6.628873019929074,15.080234306289174,76.75001818355233,12.30130620266159,735.8004810185387,124.22229978761365,1127.6183923451986,60.952441028543355
Ahmedabad,2.7867364215201444,9.097480328993946,32.16773098611511,64.75376264809233,46.866271174421016,665.029654532632,116.36953821351452,1055.2534029074427,59.36883951793749
Ahmedabad,3.8851978297630794,14.874696660719074,11.738817827204144,83.58497443373813,32.19572447759314,699.4506033536842,142.44030274163592,994.435694016956,58.069134724663606
Ahmedabad,0.0,32.46006076056026,18.876296553627384,65.67866466269788,12.761406399013914,781.1876658024341,164.17483166503482,876.9975636258838,70.09103557026394
Ahmedabad,19.188352955507895,36.97876317563676,14.994671792261386,52.41438343171296,41.37246322142438,526.678566061627,90.28776527151018,900.689946531819,83.52970550035849
Ahmedabad,1.085977775293813,32.57988804254026,27.047457754700652,73.14978299839031,45.17532999812894,584.0809506192606,95.89348839185818,879.7330876041393,84.72571786292777
Ahmedabad,24.720206022520344,32.745245770083606,16.478219249019048,62.03929600086228,39.20219402106961,514.8375968661944,89.12023279601472,890.0952804775409,80.94329472259055
Ahmedabad,10.876660338829652,9.069453367659596,20.30980864940318,57.12768194407794,26.176011802568265,682.9697441731372,118.9635127114257,1039.6649087009703,52.187673544116784
Ahmedabad,15.797917328227154,15.033273931320725,1.783485062624731,64.07422989536681,36.74395817277427,671.6811317769277,110.08236245610124,1019.5999669954329,61.6310003387095
Ahmedabad,20.20507647242235,4.755221723482755,6.429104854150957,62.9669668290389,44.99709544269502,638.7012716742063,109.98019941231988,1102.8574736546573,65.69485902839571
Ahmedabad,0.0,26.120631232299587,18.05888474028989,49.92864672052036,33.80962007646419,645.2946209443418,135.9339432724056,924.455185554866,61.190737546525206
Ahmedabad,0.0,0.0,19.27148480582482,72.81879706185003,48.98033681806639,701.28017004358,126.0890398456818,1122.4486655769304,53.86981083045674
Ahmedabad,9.009050034818308,4.391328248938359,7.127110582674252,56.81669079589987,28.495368680706356,738.0004434835033,144.5001039696036,1074.3458295339185,49.373023398848
Ahmedabad,25.138111509621005,31.664826015740644,0.11110243793200247,69.01900110759314,17.297571270705628,655.5220662332752,146.8112091485163,923.4535600930492,66.9817364385056
Ahmedabad,0.0,3.6694420657210856,24.362674035144302,82.36090045701572,42.01493749448522,678.8463761271526,140.4858446919339,1108.0739292279202,66.5859524442097
Ahmedabad,0.0,11.233280172496627,0.7132416936572028,75.35274912282125,31.42926195397997,767.5971728774452,169.9354332261897,990.5903823516456,57.158019122394336
Ahmedabad,0.0,14.678111973195662,31.890835373372646,83.54304933142859,31.737823871517,715.7234912353147,140.59709339142148,1043.7370903780425,68.04675909192541
Ahmedabad,20.229118319506817,29.84266969677693,0.793589089371757,69.27678692101071,19.327064297602725,681.598150256516,130.13241701502923,934.6981601848513,64.77158324689833
Ahmedabad,0.0,20.78975640658745,13.364616223930042,69.87828449775608,10.628648806802687,815.1034873833661,181.42367117583657,934.6506229122455,53.91133516570081
Ahmedabad,17.457817878355755,6.215882059094529,3.415098343834565,78.77058670447506,37.52740949184965,659.063931292025,113.25401243784789,1114.0590572302751,71.15762695123773
Ahmedabad,0.0,18.78344954006156,0.0,71.99480978967914,19.43356138279057,779.1166606524168,184.2331114042496,957.0506844114809,48.78794087055879
Ahmedabad,3.701179509249485,19.793100804938685,19.076710183164977,46.21738219630571,32.62209830011131,665.100347228746,140.4426072805037,964.005503189046,53.0810598292356
Ahmedabad,18.410107757906406,30.70060871520436,4.0694856949372,46.50341999945831,18.726238617557502,661.2086062284139,133.17711727634077,1015.4720547526103,64.34247252213488
Ahmedabad,19.753732977886244,2.567842940143155,0.0,84.32309459657772,13.306686817958393,783.7057296838458,154.07238087832968,1113.8845367427907,45.85013637551317
Ahmedabad,25.39720544503804,24.379891572664498,16.773046837426943,64.16957158294605,20.308723323982456,646.3880167039364,109.2992715178137,969.3531036755145,77.9495545625962
Ahmedabad,18.172094663691354,9.457252630120616,7.189713002951192,50.320774897333116,39.35597015673201,680.2097295596482,114.47907453259563,1054.5878989522907,68.6008030321911
Ahmedabad,4.541301044186483,0.0,25.89527344530258,57.255565874294,32.88608092799687,741.9197926926181,125.64322656919421,1196.2168277764567,61.214205870441894
Ahmedabad,0.0,1.1914480721935874,10.489198791871761,76.25201641932537,39.39224317046272,733.8426160674817,135.50414456906014,1109.7146218366436,59.66055795436809
Ahmedabad,0.0,25.20573630846721,0.0,66.18499287252624,36.10898972356047,728.4486310660704,161.58734323263621,969.1117216352419,58.87109790669068
Ahmedabad,15.485016954937478,22.026722300829345,0.0,59.569844067578344,29.81684386699074,693.5337275637526,129.80663498964051,1023.0648914208766,61.6936611356879
Ahmedabad,15.485475478747048,22.22591856420384,20.615643455885504,52.73297374432053,15.29221458229201,704.6434613253326,129.48968513085293,1005.1956407072272,57.11154372846943
Ahmedabad,16.607369475284024,15.155183519313468,16.578545529746602,49.6466820983276,37.95710939493078,585.6501712859869,100.50326427652357,1062.9346843254948,65.52937925298649
Ahmedabad,5.244626700270587,32.64600190276618,30.160261031279482,59.39006970800555,49.21355736684512,553.6265223107879,110.32652554426079,924.0106073470315,79.4436254482612
Ahmedabad,20.425276086010875,35.28420532164134,2.0440577804230244,82.59512302358058,11.78235552765345,673.9240533994921,153.8458487202668,859.5569469746385,70.45326072205711
Ahmedabad,0.0,33.08476111018301,0.0,82.20008363991185,26.616099445237428,754.4133261063553,183.62657414039614,868.9688372828418,65.31179157231088
Ahmedabad,18.54062927262142,0.8626208504486428,24.07360639646443,76.00188248289683,24.243382821654226,701.9932097857633,91.33207220092606,1165.452836302661,58.72338423779525
Ahmedabad,0.0,32.100584743340164,0.0,62.41309989918377,38.25257246065448,676.6009016630011,139.25933615449867,928.7276109574194,57.971092667181246
Ahmedabad,21.34281114071193,8.925870342994557,9.211887325693993,55.68175299691591,30.83695538356665,646.5554133654254,107.29204744885651,1122.2819020655318,62.394854589737264
Ahmedabad,0.0,13.804071676844433,26.71012976253752,47.686194610496386,48.65731713415937,632.4605398155093,107.56967050760029,993.6814545387635,72.06524362372464
Ahmedabad,0.0,30.18709968511272,16.605644279122554,75.22181706270209,30.202566643781843,690.059452495752,157.48627974670967,891.449955454348,67.49683097296254
Ahmedabad,0.0,0.7075070121279836,0.0,70.51491947517425,30.93147161468825,812.9515158813973,173.53483391897868,1160.784592180643,40.69880915000117
Ahmedabad,19.590817941356114,14.104464159520507,8.63563824065523,75.42169588770055,35.626155558838505,630.7896128422263,126.96222027810055,1077.8655521406113,71.87457052686392
Ahmedabad,8.619722772349668,20.608582430253833,24.92878490713042,55.67417507868173,35.25110824848799,654.4621513381549,108.64081488276321,942.5570114330008,71.45353231977796
Ahmedabad,0.0,9.162555753241108,22.84612069749376,49.17586055754815,46.97738999409982,660.8031945654509,100.60023643909432,1109.1734866159757,60.24079267453667
Ahmedabad,0.0,31.970732736105425,7.747914071359014,54.99790708324231,20.078336337568437,744.3530175650972,172.83405669662798,863.5428593505866,52.06956630362251
Ahmedabad,24.04968166489958,17.14516381508921,16.912918281055713,82.82415149356521,23.6983204545372,633.720172927759,109.18835078405584,1037.5794255686667,77.69995203397977
Ahmedabad,0.0,4.783797990661476,2.5993170552327385,60.68623218722852,45.6014101336894,750.4822728974707,142.5725225987952,1106.5736245445653,61.194017387295645
Ahmedabad,4.598750419388445,2.511215105328862,6.577290359481207,74.76500642999235,46.03317115840154,707.7896649949975,134.26762331981215,1098.1645803577558,56.71546365221147
Ahmedabad,5.316121495782998,36.656962499578505,0.0,54.05620218304583,27.526721757920217,657.1776914282015,166.18716573350096,805.6916575715411,55.546856535415486
Ahmedabad,22.45897407362237,29.32224019875806,21.6944428878208,83.21962300180962,31.379676878048684,591.2244835588657,83.54095065241759,953.9487893330896,79.19016617607006
Ahmedabad,0.0,30.6856632837142,9.828323617875942,79.20716461308987,25.12311045887932,725.9740408238794,144.9689389974128,889.9622910344019,64.83960218901272
Ahmedabad,23.704809653146107,37.50828545771209,17.15564005350778,79.02118277737347,16.14203709461997,605.8485229662322,124.89266197438192,827.1802635219843,77.04148995623567
Ahmedabad,0.0,25.743105110245885,20.896562585439483,76.40803786702574,49.77589865149913,615.2078184163922,119.00477411799528,940.668159929679,76.42964485470387
Ahmedabad,11.70998599418532,17.721388285611482,26.057194121056128,52.49169784783327,44.48099991497615,600.965572359815,86.7586109741018,997.9109408020868,67.73428280630438
Ahmedabad,2.3798083090257176,4.944303462983914,15.45103795588577,77.028378225923,17.679867119001592,800.8757342705112,145.08544370695012,1115.867941540311,53.25795196518867
Ahmedabad,0.47720167947175973,16.70245328322527,7.542375904998364,77.65623113623379,40.666800720273585,692.332184291662,136.39467071290804,960.0847605973314,60.60220503394641
Ahmedabad,0.0,0.0,20.238661698951326,77.7537172498819,44.953475030604054,703.8720912549128,122.53656149168626,1112.4984720538857,64.58512059579061
Ahmedabad,10.301079655340168,21.9464198726486,9.825583696510563,48.918664321736244,34.69697221223708,650.5787722332298,102.61323411469544,941.6245211594347,61.112486956584
Ahmedabad,16.535259157708488,0.0,10.32246336005172,53.06183486168839,34.67413522019631,678.1864126369635,113.22882971069548,1164.9168882987628,56.01106527118117
Ahmedabad,21.547628081587206,0.0,0.09704678794797417,75.94052430886984,29.195144739794607,694.4350626991773,134.22658362219948,1136.383172167446,63.250734339411984
Ahmedabad,13.462229587688828,19.89512941198796,25.55227621748668,64.37565631082668,13.41682713013537,719.1996942372315,139.85889795197124,964.5832011780745,63.01697698964992
Ahmedabad,8.7819348855665,36.75119281952851,2.259590164066916,63.440642125010726,15.013978018028883,710.8575087736673,158.7548169092308,825.2279837173126,61.861271743934566
Ahmedabad,4.871898543447649,0.6547230161924631,13.571162694653719,76.54185225976362,27.489324917690624,730.3441883981156,141.36565938442294,1111.7636743774724,54.517726193799575
Ahmedabad,0.0,3.1619522293939255,8.55678879128768,54.828296730859584,49.3512947979516,706.8178852056066,147.49309356372362,1124.5572342601681,50.26722967760101
Ahmedabad,23.61265259659637,24.711847563228076,10.807370800836644,64.08330789156224,35.33146786327585,565.9903928674617,103.20019303832689,944.9421141762987,69.51180911452572
Ahmedabad,17.020174663374473,35.55350625433253,26.39947947685456,48.47780702643982,22.722731941066417,599.3310342700297,106.49706617292627,869.4758321069799,71.33687749725019
Ahmedabad,14.538374997022046,24.93395508098106,30.26219374853359,72.40125828016798,44.61859722668245,569.7418994067406,104.15419909491766,957.8783002428416,83.70798680981301
Ahmedabad,26.072924256127635,21.894490758499444,6.903307105620122,52.99244260065549,17.663296627433734,618.222596280781,135.24777105114865,970.691180305697,53.2284701360135
Ahmedabad,15.523180502727378,25.25613817537092,4.228163359075312,61.747430970525706,18.902869868579266,692.7781638239315,133.25502138335258,905.2450732947448,60.30461074063713
Ahmedabad,0.0,16.389846563716077,5.5120352688589325,84.18640989496618,41.19002382513641,699.2065272888025,151.45018185482292,983.9733646085598,53.88157525321634
Ahmedabad,6.757245062232695,33.534399263352455,12.140362049354504,77.63255215941896,44.11079982442202,581.9091478229886,119.18753542718179,878.6907825108523,76.31315562943536
Ahmedabad,23.707935163702643,4.323827534737276,24.346245206523832,83.49215578124321,28.750799689416212,624.7731744812287,85.2631103628284,1117.1152765868312,69.26349991450833
Ahmedabad,19.37802728957817,33.83904248555602,7.571713937748509,69.9460233671877,31.959961001640455,598.4201858866797,101.28884367807355,861.7581242053774,67.40483261537771
Ahmedabad,0.0,22.785033629377942,0.0,59.100016644211536,33.35255700558129,760.2330273323576,149.9833466394534,960.9272347500059,54.62355523501057
Ahmedabad,17.57317065765897,25.908219258305724,26.457446096522872,53.03183226685223,12.671453200606798,691.6054564546288,132.26122218296965,979.0470625681392,61.70555185084187
Ahmedabad,26.99613821543163,27.377768479538982,0.0,47.916745108185765,31.36475550280092,597.1423386870508,118.50247440335693,933.5112442441813,60.15363623867103
Ahmedabad,10.221057342321032,11.175756107246986,24.598995834978787,84.54420006569151,32.97042250183783,692.5425335252155,122.47072120852984,1084.5747576093431,76.54009292956881
Ahmedabad,0.0,31.291968769423967,10.412391254949164,80.25654377976511,25.633673627002803,709.7563815668265,170.64672074389804,910.9235743300858,53.49015993295707
Ahmedabad,26.256554427773295,1.8971151486196796,14.941473813005715,61.59769910798029,37.09124122353991,633.4422540984516,102.90238185981956,1113.416924549518,66.3932962780779
Ahmedabad,0.0,0.9047914975612379,5.490474553037368,62.6701051796332,15.238165561183425,848.905214288789,188.376480453266,1099.213858618528,30.988612450062575
Ahmedabad,8.351753704547974,3.07065507285013,12.916149850071506,45.68136282730714,44.57315894027543,665.5642200703969,119.6679735762395,1165.8194599330045,57.30610869383354
Ahmedabad,0.0,25.59158808314659,14.159619251914968,84.98441990415496,37.743005837527086,707.2848119544672,142.85848963946495,966.6157042886514,61.57095599928675
Ahmedabad,0.0,12.036558996011834,12.951895121386208,57.79930811400838,17.00332188559227,828.8979157452238,174.6921535511767,1064.4526747045784,43.17423592425207
Ahmedabad,18.492886928980756,29.22347276405824,15.588817267467459,76.93306224510846,36.42834365062078,592.0827146627274,104.20347384481437,954.1350347899526,71.36928405702005
Ahmedabad,10.177083976322091,7.684992759682203,12.0431088269982,82.64622409914352,31.73795470556497,727.57872840169,127.8950642254815,1092.0981312490255,60.92941711267926
Ahmedabad,0.0,26.908965871218303,27.500418714264825,53.100924244482016,49.88652029771174,595.1536078710403,111.2286707761912,848.4478318492552,71.04727207650731
Ahmedabad,0.0,17.318452134553876,26.39272796514375,70.69894471190848,18.206217507126226,754.836424667214,134.42829293256258,986.0604515864152,65.01648513764495
Ahmedabad,0.0,4.331700309206841,5.56587404312296,64.40076330800332,17.16619476138384,849.7333345105475,177.99247213990625,1052.8125610287498,45.2448291331775
Ahmedabad,12.6050962074643,30.670365099744018,19.646144717517128,67.75953847718075,21.103981004433216,617.3541375847165,140.9821627378646,919.250582301085,65.9941553230808
Ahmedabad,2.9961775470185366,31.364200155103887,0.0,63.03862494683169,26.538804869580094,712.0217447183165,152.3377360487857,882.9068348662972,56.908385380159665
Ahmedabad,23.90905893989126,19.16720920675248,0.041368758943916006,53.98041395400252,38.51112880975063,575.6076394437016,78.70370688533262,1019.8058029360685,67.15772297863165
Ahmedabad,0.0,6.940957516032096,19.65589718098564,84.60873274094283,24.90035367095166,771.7984777999668,150.0331017325098,1061.2121445070084,60.151574921913706
Ahmedabad,26.406143970299837,1.2649563531633206,2.147012625921425,79.41387526369562,29.988773730908463,667.3405992818318,101.24664149114119,1169.355820068921,65.5906074698283
Ahmedabad,1.0940692944661485,21.998795002162595,0.0,48.65475049931339,29.36665786196166,719.2727637974227,165.183560545542,985.0544054599503,50.27139928935019
Ahmedabad,1.6807392756634556,29.911233601769325,0.0,50.38473583993925,24.91352530499546,736.5994348230095,170.10707417446648,870.1151875073563,55.419697884138664
Ahmedabad,17.56941292621355,37.22429258321034,16.81474473628045,61.79295467606299,35.373994888000055,550.3939942390983,109.86732228210411,858.6203607340314,71.52363381724247
Ahmedabad,0.0,33.61146150450826,13.867394002344916,80.09927338402136,22.761894423262348,694.6095882382059,169.11606075526598,865.8114915432674,58.176201682146655
Ahmedabad,3.9623736386921493,25.682651770889585,11.982653810181695,78.4446234934085,48.816109484009395,617.4898725987798,134.792752840181,940.0015846788621,68.65605600718047
Ahmedabad,22.93400245707256,21.22683581928276,9.376127868874939,49.09274164736732,35.56355459771848,591.4104625452934,99.32907359344179,969.1046719597012,68.11644103262232
Ahmedabad,0.0,3.4465863134214096,4.642318331323558,65.73600257207023,26.77492332775753,831.5677648869023,177.71630387496123,1049.088753164017,40.340497626067865
Ahmedabad,8.933511475598202,8.848265122016736,24.987461580167995,50.059019648573745,24.006973394580488,718.9767320734056,138.2602923851961,1050.0765728599304,52.39891643334867
Ahmedabad,0.0,9.11328681745755,20.266770527921466,48.543409515472206,14.45095663081268,790.2867616946365,169.08210139212719,1103.5191780816692,46.34958795784601
Ahmedabad,15.548530400109211,0.0,8.212701853539702,72.48517741341153,10.192869486579337,860.675869887144,159.21474906375818,1074.9355385773194,43.6533198077257
Ahmedabad,5.37816041169587,34.84125402216018,0.0,76.01883714459532,26.050592841312916,639.4974647291364,163.35124070826507,871.0525680397577,63.4878247875649
Ahmedabad,5.583680326542364,3.002076320742116,21.870367349632613,81.96386529888375,47.17097366122467,657.7998650416616,92.75457336957453,1124.1528248152972,70.60539823899951
Ahmedabad,0.0,6.393422421213819,0.0,47.30712344121852,15.619666339868644,857.3880903542189,198.381122593232,1095.074398878211,35.48193719225384
Ahmedabad,0.0,1.0855034081990524,6.881912305468667,76.78003283223488,47.09835284586206,732.1080077329036,126.1937548633478,1165.3177910255733,57.69783829579626
Ahmedabad,0.0,12.284723751048753,29.50255543414989,51.568447258591625,49.17443282460695,624.973258491577,107.13383974798849,1003.5712658453683,58.74754984650694
Ahmedabad,18.074295435928224,9.905170897353807,10.69044231284591,76.38602726689281,11.240046332847715,722.724402658396,133.74430791071768,1033.8204944120614,64.09218195368162
Ahmedabad,11.89993498208824,4.44773248859452,6.981316094792728,64.44117739976716,22.17784546509263,759.3415912509082,150.6384782534004,1088.8710342432203,43.55424615421852
Ahmedabad,18.11481603402998,6.397442808851707,12.853475049639805,74.65633308549936,24.775891303565217,717.8589932628199,139.88618345356235,1106.00518406532,67.31238217257857
Ahmedabad,7.79361616363569,29.527818818594216,9.643935052137241,75.55237175661529,40.57458825609905,650.867651899024,138.0772954906684,965.9650988514,67.7575256615651
Ahmedabad,0.0,0.0,15.741374350218635,45.38048106060441,17.613380793608453,847.4099366294105,161.0268429230431,1117.7666276015882,46.031631761789825
Ahmedabad,0.0,13.853518100920741,2.952608694628754,61.974717977509066,34.876381510231376,770.2531401041396,131.97086019948654,1065.9636373219432,50.33214739862956
Ahmedabad,10.407774331430936,37.84555810853698,24.916892515530897,48.46700564227973,33.7027928750432,599.4827927139287,120.1221090681744,849.2038389912876,66.70652242156633
Ahmedabad,17.870808195525818,13.184046859849678,0.6603573500246895,65.3244813965982,24.04584596210254,701.7951623778462,146.35955059674995,1088.1453744434868,68.1345599001035
Ahmedabad,0.0,25.647462132455374,20.193776509974658,68.034994435417,47.37286743411926,667.0666995540445,122.14516438082359,951.4379775959238,69.33106382067155
Ahmedabad,26.506010624728226,10.092512027032365,4.309688457093493,65.49665781966111,24.020841372892782,678.3264979253153,110.95357910809275,1041.5306675543668,56.29833252892547
Ahmedabad,12.483365861064033,3.960696498815544,5.28039294386069,81.55036663019601,31.78093973292823,703.0898407492585,119.6255178237368,1149.079172795241,65.57928024837332
Ahmedabad,0.0,7.665984406454587,0.0,57.13093212155976,14.566536575429287,868.3208350578622,217.47682989012407,1073.7581985482104,46.97116508768749
Ahmedabad,11.093109028255078,7.556492159646455,25.59519752346874,61.355319283480874,27.04147804802084,683.8113296196318,119.80000231233396,1040.3649061309552,57.93298809121962
Ahmedabad,9.554428895524083,35.359437925809836,22.32665063014352,45.89266686042389,29.283806223996685,607.1609478702529,124.92686337519314,868.823134795849,73.0058712980167
Ahmedabad,0.0,23.781491973498746,28.88177877712836,67.6662784395593,27.842973422536602,674.3009227109021,137.80037358331552,882.6225550879273,67.28807732305434
Ahmedabad,14.81859899306317,17.054827970618483,15.459287245097673,71.90689829781677,14.044871206679979,727.687383831008,133.6211963902506,1096.4081765739745,63.888034029403784
Ahmedabad,0.0,32.33308122650286,27.83447454295026,83.99058752846882,11.609235800122995,756.7654427231918,160.95488106321523,854.4010749520224,70.20595227488339
Ahmedabad,0.0,12.395602951962214,26.868799070868775,62.77517896027054,46.48067169205326,703.7602082918696,103.22521427896571,1061.945006814459,58.45998334726401
Ahmedabad,0.0,8.860912988335997,11.36215020761616,83.13607821973055,17.25949221891435,804.8218280361529,176.02002519255882,1092.218448061039,47.3707858863564
Ahmedabad,18.594743628951854,10.999382150257883,31.054470853371214,53.24885171618106,23.346862149051116,653.9204806181434,114.6954744542414,1049.3979368635385,69.66694057017305
Ahmedabad,17.566499973675107,4.356992298161908,15.084703570492493,49.2925086435332,18.599745063170804,746.2974596007768,128.55357260159056,1177.8198361601005,40.50458182323778
Ahmedabad,23.161282627609552,27.85114195777911,9.177040833065718,52.57286155442781,12.48752280347933,678.5565728406524,153.65700784459133,909.8107853061176,57.87674054629872
Ahmedabad,21.995409008128625,2.4541390566755013,5.007827218062403,81.41503000398961,25.1885388838363,701.2159163385061,130.5202675647955,1167.7280105114341,57.39655284980986
Ahmedabad,22.70430999229484,9.770794312687691,7.24201662071704,71.43847089979883,10.268211235858786,720.8013839859185,146.94421201014677,1082.8740510379196,53.24052696034674
Ahmedabad,7.532681797217826,18.769586406695687,5.661272144052397,51.143658142852956,21.54641887356536,704.5816730790435,150.28523895034624,971.6017070975049,48.98497105660975
Ahmedabad,25.941723308899903,4.172011539286281,0.0,61.57365571041757,47.078123982492485,560.770687758011,91.81229218526262,1122.4408660747872,63.37147587964344
Ahmedabad,12.64912063644276,14.044729074331045,0.0,65.93472795797472,15.651115681959622,793.6982638968351,169.28650882015697,1046.1081680107482,51.51446124478933
Ahmedabad,11.989305408408143,4.781531597535938,12.353205795183793,49.65475858749254,13.962612918243082,771.4338881068929,164.55788262623742,1082.1361193306009,44.94290407357721
Ahmedabad,25.382122918455487,3.66048792720283,29.11685817894542,78.98888939642612,40.61852212563103,587.2145895849407,69.70778614704064,1197.393318121672,70.23875807205474
Ahmedabad,3.174201103480673,35.00053668270193,4.928477117436273,52.63695707444356,49.2144267011402,612.8259237536929,138.2945544754522,838.2154054382344,70.51068822327163
Ahmedabad,0.0,30.991909733610072,31.58095257243187,82.75907874921218,16.71742586745347,713.7893671474052,177.72010710965264,943.2916236990973,64.40246045693175
Ahmedabad,18.099329287854367,9.814850726375848,19.08713937218171,67.27534716279246,16.07002128101169,694.8352887376799,134.93767962497645,1077.7695740393829,63.64325151846695
Ahmedabad,0.0,16.82853587699517,29.61026319362672,79.51985673599167,33.60319648836977,664.2159883060026,126.4327229358011,957.4898727819216,59.05113752808712
Ahmedabad,4.696040016224298,5.5916399167763835,29.003144575429985,48.9942833056798,42.84466159405398,659.4249627214793,125.02529240309985,1085.9467331895444,63.53289037479537
Ahmedabad,0.0,0.27844053442654015,31.860424817244358,77.07028238349889,48.26184025072721,694.8008100061123,107.31169976002127,1150.5530359438494,68.419928028785
Ahmedabad,19.55308702135055,27.182762795965232,0.0,47.70452843859775,27.842948527277347,649.7237633284531,127.94469173597976,927.2640761505435,57.19981564607286
Ahmedabad,15.432399074734121,34.74824109439552,13.66380604080068,75.9464542502754,13.557268404331818,675.2331602002629,152.22387693731406,897.3510414440055,73.21772851568547
Ahmedabad,1.6102304327956887,13.031985272335223,15.063897077239673,46.78635607919633,39.9989902854646,713.6367871267164,136.18370502446564,1069.2117025734665,52.71901169376033
Ahmedabad,16.11534190448856,3.744062723201292,8.005773084606922,53.1509650874606,47.8556410906741,681.7433396903028,105.078681113274,1140.0366068314033,59.736827075411526
Ahmedabad,0.2855078963351936,1.2772488957112031,0.0,58.49272026682201,21.039286566295914,847.4639958700376,184.48347504166887,1148.4646614645965,49.29463149981051
Ahmedabad,10.899044396782436,29.805879163878043,10.3926646243806,71.37908193657482,21.780932456314318,671.9468474594242,141.6203039885468,890.3799231776068,56.258598891812376
Ahmedabad,17.44734343954765,24.084289951843203,23.608439640363482,55.27942712492009,46.139900878048095,549.3870372287721,74.19170197842561,1003.1015421231506,63.524391294143555
Ahmedabad,0.0,28.312135214321295,14.331744665396002,63.754173951875636,27.72567724692856,692.6209464605151,148.37675798231112,944.3267011879494,60.16076602153864
Ahmedabad,0.0,15.468968620071749,22.90852681886922,79.29735202835039,47.35406211664736,660.0670456093088,116.03438057886038,979.7519541050564,71.01661303105882
Ahmedabad,0.0,31.61508164001642,0.0,56.101975867185274,11.872188695414224,760.5081717323649,211.91479383862483,892.1952270975843,44.834541532574605
Ahmedabad,4.839937502641931,32.79367035375214,26.845524271529833,75.90404188033033,23.854053252801194,656.0501972658308,146.5646544618076,904.061253452141,64.94860971796996
Ahmedabad,20.20797490878269,31.177479028591563,22.10419753316842,62.63633205951892,17.814086190661136,660.2022045845479,125.91582330816155,907.47353647724,60.738103104166456
Ahmedabad,0.0,27.21003841145456,21.944477968696813,70.63035248025528,22.458269983809146,690.1319091329578,140.40866238821746,861.6138955007588,63.737391416629656
Ahmedabad,18.350947649510385,31.291047686992222,29.083698758964537,61.63489624745665,27.017142885882635,582.477022074138,102.5778955891244,943.973089751405,67.44905932333668
Ahmedabad,0.0,14.29718536637117,0.0,68.41880969682508,28.653182669660033,793.7297668062174,165.7261477711438,1057.51435282181,42.8983895565943
Ahmedabad,0.0,19.084840415478926,28.90678450605145,68.84562400833765,34.5104785033527,689.9749702610986,130.0618018901621,969.2885455804959,67.70909030987414
Ahmedabad,0.0,33.27376751025296,8.620584031179188,71.34626326104947,20.138488498941136,750.4787909953852,176.12731621891376,824.670373007655,54.81409477097759
Ahmedabad,1.2494639711778994,2.2563782285651506,15.632045671848264,74.2636418779756,21.646716317589977,756.5781852953564,145.5471617009569,1079.0546773884926,47.538685860222415
Ahmedabad,11.102578596368648,22.378569131104083,11.05910930251595,83.0165885085395,16.797545456925015,694.3870685821894,142.29732723736083,930.4843437865537,64.88509929386296
Ahmedabad,16.412552480823763,13.94931067887336,5.813021803155545,51.0675211614946,48.3072371029806,609.8806219788534,81.71144203609305,986.6540515488541,75.88448994775783
Ahmedabad,0.0,23.60758686173656,6.506234303335855,55.636295175960576,49.02746620658054,631.7115204679662,134.8437680381017,958.316118349188,59.25518528743922
Ahmedabad,0.0,23.72495872051784,14.813824536830623,70.72902297027797,37.736042729777324,677.058513396531,117.65893805593741,947.5669795359612,62.07788635802381
Ahmedabad,0.0,22.00268404130029,19.346140541149826,59.0393407850868,36.982430131233514,671.0094730351316,142.6106072550586,944.9858941518389,53.49847209993524
Ahmedabad,0.0,10.227857040703928,9.921902317307065,77.40887255241992,35.84310674289842,719.6254995320223,140.71041789600363,1045.2977492942568,55.79055896062412
Ahmedabad,18.30873837484409,4.065151781690577,0.0,46.68061457665914,11.90577954853179,748.3841715034276,159.36978818830647,1114.508269953003,37.79919713709495
Ahmedabad,12.016830117742632,14.697858303101288,14.886717279037516,78.43498749839938,19.533968482928348,677.6519896026739,138.09232860972946,1038.5251306218838,53.928252312436754
Ahmedabad,0.0,24.02191731901314,20.25974730012659,74.78330676898997,36.876671032519965,669.1387532975245,134.22046378996868,925.3952989079828,66.43041129875215
Ahmedabad,3.169811675085171,11.379899341916657,18.812580013370503,65.2259056429748,49.59617168183911,667.4462760394505,116.28495155841865,1026.64057064956,69.38929141024329
Ahmedabad,2.1639405859549914,21.6753129619553,0.0,76.94449574713519,23.71545475005664,727.1857670751749,158.41405509973265,953.7443671946216,55.43668633850704
Ahmedabad,0.0,29.28718289694639,0.0,61.421377988014,49.37116229043395,646.7553894313314,123.36062007448822,869.1148700038602,59.02907696157294
Ahmedabad,21.794520856977677,36.580367820558834,20.5726464417703,64.76225857386207,19.04476362410118,575.0502505324715,111.54960976959839,902.7870905457037,69.36217108310584
Ahmedabad,0.0,18.912839481120802,0.0,45.19190606135903,36.91959189642478,718.4276574832627,152.29610352767895,948.5698329295509,53.42188700553956
Ahmedabad,17.27791611560498,19.485572611462835,21.603887298932456,56.400181045497675,36.58050275051517,600.881423027056,102.82308772802229,1036.5270827106922,70.49392736344758
Ahmedabad,7.24264456701323,5.138343009849276,6.154974232490655,59.94100284609818,23.79193638938094,745.2683151761113,162.50267665062003,1107.7604078687652,54.558107839611445
Ahmedabad,0.0,17.631016516364976,24.020962699321345,82.21776206094292,28.175327914154927,723.3295133704554,132.06958746895208,1034.0112539960198,65.8419546996646
Ahmedabad,23.497675848409372,30.639754239283675,21.724505128856325,78.50689514177114,41.067313843013025,503.0900317607409,61.175281513020835,901.265243127672,83.1774872386932
Ahmedabad,0.0,4.192817183341489,8.330165735608933,69.64463039282526,16.432951996696165,863.416237454869,165.8632937746442,1109.0110767166727,48.68984764880538
Ahmedabad,21.222335104265,37.04012664259015,23.35819545938378,69.30322839131358,42.03836298931713,508.2985281113051,89.3158552519917,923.0380868995388,82.2046765949982
Ahmedabad,0.0,12.739358308904041,22.335279296771347,53.8062888948685,15.057784144131606,757.232831042798,167.94391616196995,945.0668038380377,48.596166033680376
Ahmedabad,19.84846416506364,27.3886906534812,23.04891827684124,45.112728346761095,17.01030386853564,608.8502495039075,107.35567646727401,989.2042595547298,62.19498350623391
Ahmedabad,24.15486013743812,3.3244181469964538,8.990209607092268,66.38915525326429,47.551712030065374,579.143223746543,89.74555205506081,1156.1867210398611,66.12900184341379
Ahmedabad,24.345786402899016,5.943472325454106,24.815943422249205,59.12636828250555,18.347821449108018,653.2484181269576,101.15092322494988,1132.4093431150839,66.41975610819901
Ahmedabad,0.0,18.336586142342497,18.865641673333467,48.4495942283164,45.02754749081075,667.5548287650983,132.53738488372127,1000.7136071498569,61.349335392338894
Ahmedabad,6.769025834139164,18.759825580408418,1.0649582714760584,56.26551734576341,43.95561229706249,658.8119383236174,146.70335176692967,898.5588427112489,61.657666865938516
Ahmedabad,16.588819724533494,12.537667409184456,1.6880301580240786,68.82719719732158,27.07060859630325,728.2112912899936,122.79025573837131,1013.3738524590194,49.608447329628575
Ahmedabad,12.66590156604732,4.102506841566399,2.328955617646846,56.43017482174211,41.21937675887696,706.4823777152932,119.32491736860915,1146.0614603882923,58.13932593879046
Ahmedabad,17.787424625048562,16.214341001528634,21.534127512239788,47.83911303284714,26.954594944478075,658.5467060850722,112.76288631144911,1043.5635695030423,65.34145674396598
Ahmedabad,0.0,8.500865820166627,30.465385857784327,84.26639681250572,11.669404581855769,794.5384265664517,171.594848946639,1111.005676771446,50.77065337219344
Ahmedabad,18.898853916247994,18.58543668130467,11.92820388479149,74.69670233588599,13.475211520570234,672.2851544049023,134.32812539397983,1049.4745890964268,60.33489440333482
Ahmedabad,12.657908406088396,9.305660695548486,30.418831474842484,72.54000216174165,18.930758545940964,710.6059364022352,115.93065390368213,1079.7100359046908,61.08222552939819
Ahmedabad,0.0,14.34805261335734,31.0775311713549,69.78269318788362,34.91917680261675,721.0189073205128,131.91925527709233,1053.4333790858161,58.260053106336926
Ahmedabad,0.0,10.972412120145673,0.0,76.39884484167177,31.579787946692445,777.1735181693243,166.9066579862414,1047.2474552333013,47.47169112583399
Ahmedabad,4.998524555193583,30.244047296264682,0.4059812898332069,72.9386178669669,28.414007185359516,704.0719275553902,161.33226537656537,921.8669923827268,62.208965218707206
Ahmedabad,1.6336787079466113,31.026170097817996,0.935035477429139,63.658669445797244,38.48805566435211,653.0997043333427,167.19459983540474,874.2877623813137,58.07423693948882
Ahmedabad,18.68836575418018,9.169188976020536,2.4420094182302634,79.67133497959773,41.14141032552217,657.8784576810999,97.96586123786908,1147.0896711955613,64.18902593746073
Ahmedabad,0.0,6.581263146139104,26.186105754370253,50.34739225781559,43.42181775212376,686.9200545144429,110.3740982785782,1116.1481116707685,60.91913147904249
Ahmedabad,0.0,14.81918847800885,3.4608139419833286,72.73892347624395,33.20987003172678,709.6207650618381,165.28363877360408,957.7694987428847,56.14648882001444
Ahmedabad,3.3446133670881153,26.87980088557306,0.0,65.17382200928702,21.813084680533912,722.2991017978666,175.31612976694475,869.2961162170508,54.758824373151946
Ahmedabad,7.091971145599551,8.534218872183615,2.8434302142782855,51.3174053771304,21.262919058115926,784.6487265483157,165.57543584264337,1128.3905317094823,43.25044180978728
Ahmedabad,11.925964568309343,17.706008416121627,27.010387565624242,76.72239785290618,28.897609137967496,655.1589213969348,134.36821974268307,997.8645695185223,77.340481949609
Ahmedabad,21.41013738781153,13.116849581702553,0.0,65.08685784646616,39.62769832832661,641.1968006706633,124.12479297952639,1035.0727510170234,69.88543175568164
Ahmedabad,0.0,37.92040475456611,23.438500576768128,45.10679488153551,36.04246861567485,638.1234115554606,128.53051712845175,830.2055643383418,65.59854005373614
Ahmedabad,7.254103709979113,0.0,0.956619334725195,78.27020974686542,45.65276620976362,740.4676814640086,126.12309191556966,1118.1464798725526,55.51632037367685
Ahmedabad,0.0,14.036866924438073,13.231525592218762,71.84354208756329,38.41983336659851,703.8662458699479,136.64860039019644,1026.8435985629867,56.967737321280936
Ahmedabad,19.511543198683917,17.07019312696945,10.936516967510101,72.49080513771258,11.394645552287976,716.8593125849302,132.2423022927542,1083.7143122676416,54.464887425296865
Ahmedabad,19.55585663969248,16.03743266698175,0.0,62.45665833873163,32.13226615985917,673.3294923100806,145.13045400793217,1035.2984662079682,58.4835727559589
Ahmedabad,9.303848935859758,20.739201485023706,6.238879530886754,50.938855736391744,22.579330442444387,721.955934101323,137.18212115268187,981.899347428988,62.16961894955243
Ahmedabad,20.098608156558967,12.152919905654295,15.743384963545473,70.54843166938869,36.214597441561416,624.2793210769036,95.86322770018919,989.5148659229098,73.29491204541213
Ahmedabad,0.422018192560774,29.745379257697927,0.0,59.77147232887112,19.73221140806735,754.3962226698771,164.14737400846047,935.3629814922213,56.700165095530465
Ahmedabad,0.0,33.10205502370284,0.0,81.89345406833701,40.89227431798362,670.6285395954145,150.4465157682251,873.1353566297528,68.09696196035412
Ahmedabad,26.48141272864435,2.056057964586479,0.0,45.80244445946046,24.84496542860104,715.405241471564,113.25138355102838,1154.0560737682779,49.88022633762849
Ahmedabad,25.349070644641024,7.660810341621726,2.5102685225499464,56.453582248614495,13.838162114920468,706.3304095035343,114.05698097636747,1118.4839340773456,50.25193173895004
Ahmedabad,23.142554028607996,0.0,10.385139980448045,64.55026828597362,19.821745324690543,719.644873789602,118.99521147702974,1178.7076983089505,63.8741965470448
Ahmedabad,6.674154474905038,27.81561731820559,20.92677313081538,79.69416617270208,13.336766232630481,734.6055748437647,175.00507753477945,971.6000183319455,57.99244382725096
Ahmedabad,11.391170892620803,9.130280933838614,24.076791404834246,46.07139764330947,21.33715482747446,697.1926878414993,148.06133310359513,1076.0575533686354,54.390410228317464
Ahmedabad,0.0,25.36043407554291,0.0,64.61964270600168,22.829381435054582,757.9902221067223,156.50978907291358,1007.0399686910345,56.79667245128371
Ahmedabad,8.805863794918551,25.021398145999633,27.02351567025397,66.01187134140756,37.765885184356065,582.6098487660457,113.37157258124283,930.0577184987077,74.17080263905531
Ahmedabad,3.826193348292353,0.04644621572351326,0.0,83.68371147542368,31.05274572594587,774.5261634528986,159.86989277698396,1149.6352944141124,53.71528776395068
Ahmedabad,0.0,8.177847077642838,0.0,66.02061192070025,39.49856287371896,758.9968306839315,147.93234867746264,1045.68665864131,56.06004825594083
Ahmedabad,19.060725995084553,21.86988100336186,8.134813436382075,68.24836062937091,33.316096445051144,644.4186527807108,117.2970678619786,1014.4681659858485,69.7415878538821
Ahmedabad,0.0,21.072923818960675,16.82828639668199,79.96073184096603,20.88035161807027,746.4868283045582,179.60593255693405,925.041975157809,54.97840935253228
Ahmedabad,2.3748279897449827,30.778742411720586,10.271345806884632,75.28809037944627,20.42779796465922,734.5708666333534,153.63507982278506,832.826142295627,60.949209511693994
Ahmedabad,0.0,31.537154884002533,16.787113319108965,66.63124371622817,15.536325741973446,752.1484456234748,164.64305437100433,842.5338998412362,57.52731048985299
Ahmedabad,20.402660515781427,0.0,0.0,47.89213225270103,49.417554636360414,623.7630051616217,114.96242296622407,1205.6339148952422,60.616805838067485
Ahmedabad,0.0,8.602874674367634,16.471980667195467,83.75456142578241,21.954413030031287,799.8584561069919,171.79156570209295,1056.8508708698032,57.547133448229715
Ahmedabad,0.0,37.353267944139326,7.115108698216645,66.66405693621637,26.071925628476208,670.7979280892042,162.73884061027871,863.4596893070313,58.0574684182297
Ahmedabad,16.78355627680523,28.11447668954364,0.0,61.82871140388394,24.69807377212824,693.3994218576695,140.32822877343085,955.9054874262356,60.602269723901905
Ahmedabad,19.716562810158564,13.02303329964922,23.423268136719013,55.096122665203055,43.29351027034007,578.8477757621661,99.0173682408543,1067.516431972197,70.2250937515095
Ahmedabad,24.8309250807527,15.882508897992352,0.0,66.48051310810402,18.92230665619001,682.1491573941856,143.44369468012306,1092.0162717343105,68.05285580150115
Ahmedabad,12.796827035627988,29.818615456759414,24.544890302213325,79.92861046180565,48.940384442450814,582.1049774045495,82.4242310924974,912.2303264624302,83.03496760869986
Ahmedabad,5.982758451610167,21.679237928796738,0.0,51.70749067910859,12.978379360360655,820.6374896193886,186.9773285954851,1001.8036729279677,43.100364120392655
Ahmedabad,0.0,34.413361434889005,12.527565051149836,80.98413032073401,21.7821228949744,699.8685632838898,157.10489156827816,858.3137268608367,69.21407330044073
Ahmedabad,0.0,23.09303686726222,14.224983905304413,81.89744754387466,23.266893631804205,749.3929117464468,175.9946099667404,931.7575195323077,52.08548407554945
Ahmedabad,0.0,29.71059605171338,13.785589360939593,74.42623463119794,48.14804163060701,620.674750650331,119.90589141662507,911.6775105198041,71.17155700521711
Ahmedabad,0.0,5.145787405318291,26.222752984841065,77.89909508067512,17.542782010506844,781.19894333076,148.85703491764102,1121.2173186941109,46.43531831826586
Ahmedabad,0.0,18.69633409575301,10.498447995969485,56.87403571675035,45.48835573826189,684.3950232958662,130.48364202129474,948.884677115786,61.98130016709878
Ahmedabad,11.681043367987744,34.51326999186217,0.0,79.17167070317387,20.710175749680314,699.765903873446,149.4605587543114,907.0747812981572,63.34396492845284
Ahmedabad,4.134053389689509,26.48382992150234,1.5359131909022672,74.32949354999565,28.471751556162083,710.2847936618326,160.66825348092968,925.3312126777998,55.79003738564865
Ahmedabad,10.577160276240829,9.921728715100791,0.0,61.602596041238826,27.248870705031468,760.2487546684187,155.65769076410848,1113.2892676248564,47.40636396927593
Ahmedabad,0.0,0.0,5.468217642645378,57.68892839916637,41.60278600790808,792.2194551063913,143.10662352431902,1105.1252148643312,52.25370914918857
Ahmedabad,26.809965335488407,33.2377111659171,3.008292749235739,77.8366157356821,30.083383293642562,554.0021260720208,100.2611765430143,928.6685219242642,62.96991627220259
Ahmedabad,2.786997537188787,20.77394941724193,1.8022018889497957,50.16453818889534,32.95419124095424,732.9062072653562,157.22021181753325,971.7639431697623,54.08570990301723
Ahmedabad,12.685237006455289,2.233362518656719,16.41101069042563,80.44057497986591,17.011431555120357,771.6577755537147,130.15397703353753,1106.536279405414,58.57085261256553
Ahmedabad,19.15064349191337,35.78549366652425,0.0,49.881060143194375,28.702722690531125,609.6483829228494,129.4909604993737,892.1765560331803,73.44122335959119
Ahmedabad,0.0,8.162716398772766,29.63073115539317,70.03224097882793,35.84043573912435,693.112981781468,124.1186486890146,1055.9090897014285,57.95718815981197
Ahmedabad,8.164552817198583,21.642424079718207,8.74708522571353,74.4596052757904,49.04123009133583,611.5253756571158,123.21601492206405,1017.7241112917371,74.58762079097798
Ahmedabad,26.644287404665604,29.446378757665418,13.595054391743844,46.433535931507066,44.63531974059175,533.3840898636273,84.21963671505553,919.4499571866403,74.65463344971131
Ahmedabad,13.74690820992787,31.076173210808186,26.232094862032362,66.53954364046527,46.604742619322266,538.8848195606603,86.99549293848233,926.9501162737984,78.90917141947332
Ahmedabad,1.9796593952876798,32.45097504667362,9.024921458063268,76.77942206984781,18.108171748805454,713.0920472445277,175.0419072446149,862.3292123975881,59.64206716248638
Ahmedabad,22.74315235996132,7.59164634524341,9.467395340127268,50.41345763879271,34.69572303025399,670.6397498331364,114.12953358182344,1090.7763484312584,69.09486280319922
Ahmedabad,9.28989014805802,26.334279306104982,0.0,72.34187346527301,28.87584851053142,681.5959241564458,162.9254929829893,943.4831101422677,51.595624005715095
Ahmedabad,1.0741554515372957,21.645480548266754,0.0,55.21424128258431,28.14543785635431,739.6107250232002,139.10659032064237,939.4580722495182,45.413619245866194
Ahmedabad,2.620452502197896,24.078001044726953,10.81407812232095,69.85974835216743,38.879442318076336,686.4881693454873,134.21414977004892,925.5836878560355,61.702876329453794
Ahmedabad,10.746349381016735,18.32939133391194,12.413696293778749,65.71215225196147,43.43216653387819,610.4123854153546,125.14320582828613,967.6513909139627,62.39869183315329
Ahmedabad,8.565239099453901,5.590250965975525,6.887506533272987,70.06962421667808,35.32288673013207,724.326992787838,128.30813339643055,1104.0654746984628,61.66903432242242
Ahmedabad,0.0,2.262576171009318,19.957735991595715,82.74397932231952,48.686377141068526,658.3322663639622,104.46796335099307,1094.986558195068,58.48658754501619
Ahmedabad,0.0,20.099480359997244,0.0,56.08531096821561,41.01625525723104,718.5947136864708,153.85781571889584,1000.7953822628707,50.6962255062212
Ahmedabad,4.317609132563497,4.896243676583943,18.38959058660539,55.44500094080121,33.24822547381001,717.691450310985,151.7119447630117,1095.0620169665326,46.60491196315422
Ahmedabad,0.0,10.09765352554748,0.0,78.84297585859979,37.968590312401346,766.368352119513,142.0537831551414,1048.4458674277846,55.52560472725295
Ahmedabad,21.851438617230215,15.023602477023331,10.022897203326998,57.57439881862699,33.455386412140655,621.1442549340402,120.00296167463775,1028.5882987177401,66.46046012915569
Ahmedabad,14.394978972993119,24.19697857540208,12.678862652124707,49.352579499476164,36.29157182571164,609.4427868762115,133.74311799789288,996.1880181159223,55.2325002910536
Ahmedabad,0.0,30.747658029818773,31.103145809098173,48.44790231705611,49.367873898554755,576.1546626334558,103.62314386372796,896.1278907628631,69.99857068732642
Ahmedabad,0.0,0.0,18.210511953237706,73.10780499007154,31.54538365859983,771.7339282004687,146.19248116039307,1071.191296481752,54.77000226709756
Ahmedabad,11.301261013988519,0.0,3.220615657494573,48.799903121891354,15.214198254336528,760.6383552925151,153.3296365183959,1174.3970428063526,39.10252470331122
Ahmedabad,25.55103810467216,1.2710397185834772,2.4652987301940286,65.11280277166009,49.54198348456884,621.6327510240116,67.41303874336865,1246.4390421924452,65.00169191284262
Ahmedabad,14.465439870341228,22.6185540186778,26.156452872263557,79.13516354154629,39.50214643631192,572.8988196240468,97.49018065967917,934.7336476949181,79.9220130396817
Ahmedabad,0.0,21.76189532959163,8.388443091844945,73.77666415166158,42.115039418465436,692.0603800290265,142.80109083655745,954.6597311463547,57.680852580569095
Ahmedabad,0.0,12.335537502565483,6.105697866832443,64.41961510420333,36.94413911658575,702.9901524753939,140.3481121018478,990.9281731413721,54.95323759410761
Ahmedabad,10.299454787901801,25.346343662186882,24.716252599487802,68.59612822431343,25.45982076954344,656.8005917685138,145.9848620098814,954.634235492818,62.79052404094944
Ahmedabad,26.60717102586257,11.069988542723113,0.0,47.47048003378289,47.30568249268324,551.5699884025571,86.19078608351612,1133.1950984893351,71.59012547772227
Ahmedabad,24.140809906854436,20.164798759936275,14.554625641192601,58.09713778092258,36.15630142252161,574.5256652469183,98.32989286813392,1023.3388938911088,79.0203630969374
Ahmedabad,0.0,0.0,4.0059686978451445,77.55266691738753,24.98369730781771,853.3749851842101,153.22294766365923,1120.6170965045771,56.983343766228955
Ahmedabad,0.0,1.2630610143583638,30.77042473516913,76.60719048175656,26.09219130053195,790.2486921721093,148.5969519264578,1127.8508347090321,48.92058495329446
Ahmedabad,26.81146073251896,0.0,23.94214264340725,75.87622629461168,49.33839288807811,544.4429787640478,84.87666726188775,1228.9173737952192,76.64675410416369
Ahmedabad,0.0,37.35449068185146,0.0,51.82287531215918,49.20236472022487,638.257531220954,139.86757792195357,830.9056583869822,63.007305390883715
Ahmedabad,0.0,5.374079144722149,0.0,71.96030366692992,14.845989340699646,819.1067052460116,185.94904354231963,1095.4608078477409,40.073140439728235
Ahmedabad,0.0,0.09524644950210259,26.92907093781163,65.95949322879993,11.68765609738584,854.5335765472128,172.42116815795697,1170.350063537602,42.17422876687081
Ahmedabad,13.580518938809298,24.336270147998025,0.0,51.38477237795062,22.88189764423575,716.1293785035745,157.4214444512809,985.7973846993262,52.642090373332785
Ahmedabad,25.380276108833783,0.6191255369380748,30.430053001825385,82.34387882669735,23.41175605328212,647.3964256929382,95.97669069161533,1185.3682607984167,70.60179845799398
Ahmedabad,0.0,36.896059286260375,21.811258573843453,46.153229430856484,28.771752440576456,654.4770087630591,160.7904703391694,809.421273963927,62.25384395302987
Ahmedabad,0.0,36.41257186055142,4.4543871783408875,55.51535536999254,25.35079051201995,728.6027390330948,164.72796423411995,869.9272497768754,57.66911463502008
Ahmedabad,0.0,32.85793365810742,30.290868709872626,80.85347329828386,40.87884327079929,630.1286429999589,132.84121003338078,877.5430754914291,87.03281338813257
Ahmedabad,13.670992174979947,14.365918635985807,21.55432875850107,78.15860355301051,10.490548561304646,794.8431900086339,148.75489598217519,1034.2638130705666,58.54596637355598
Ahmedabad,12.59807188187007,34.353118328861775,9.549801224133638,68.28605839950745,19.43299381131834,681.0933856659498,139.33016379975095,864.7655853985721,79.32712986120481
Ahmedabad,8.81415109603109,33.48316091304581,9.18563459414522,62.035115624308666,38.93915857381689,609.8657391807888,119.40508147087567,898.2017069370621,72.05605556685248
Ahmedabad,0.0,21.789353789653465,1.0550446405822775,73.40886877087311,12.206967197638203,806.3203673399727,197.4460862089809,913.9202570837514,42.18111056772801
Ahmedabad,0.0,24.4787766919703,20.30909938432016,68.93803647667032,18.428061023922666,731.6388081095624,177.09463619087367,938.5798258399715,59.32481834070772
Ahmedabad,0.0,21.802764983453393,10.653017092226339,79.13401364650629,26.64575516971562,750.7504057533766,155.5432222172997,987.8801484824174,62.40077104953969
Ahmedabad,0.0,12.637471185266794,19.91691615445034,52.81605197244675,19.945018266656042,776.0232776471958,170.92805050441808,1031.21978982378,50.2957117984834
Ahmedabad,24.020455633161802,29.50741211051325,0.6490302834471393,46.24913077476656,20.083337121686718,655.3284657241518,114.80477090843613,929.5496883855101,57.3360858965776
Ahmedabad,19.228063595508544,5.895912529009852,15.830579200937041,58.18680739542707,45.747243383352945,588.1500176765406,71.42030834104911,1110.51679284936,67.89537770975157
Ahmedabad,7.494696169538443,15.151925142923954,11.3815875455293,63.74268739217904,19.164244442584597,731.8858171011543,153.66603083021394,1053.0210478186293,45.42907792969099
Ahmedabad,13.14668394430391,20.244458307115305,23.064076007697906,77.00027587416758,42.031184552670375,573.1903624124502,92.5829673585294,1001.1252440554556,74.59992848470816
Ahmedabad,25.896892523745294,13.73534888288421,29.75058856436626,74.20914772428915,41.5581095603694,527.8585485604726,55.83094163212103,1098.8697008533923,82.66479152368663
Ahmedabad,18.95901475940362,12.231508650125768,9.00942856423109,49.228793405840534,19.883235551634428,737.6286287211416,123.80120016227144,1099.0711858322177,56.28520084150152
Ahmedabad,5.600585928720346,31.905526603276698,17.074285577130894,50.51621494218014,46.2191442431227,584.6136172039472,120.56732603148436,889.9397207615687,71.34650706874537
Ahmedabad,0.0,26.385777889000234,0.0,61.0698451452825,48.07087979604156,679.4912487749158,142.25830695299487,911.3179908148998,63.29968523778309
Ahmedabad,0.0,12.313960459901299,0.026149849599178765,45.357278241946,18.673806896184033,837.6249086543902,176.3236208092509,984.9420893182458,31.137179013657224
Ahmedabad,0.5793824170525248,9.075225464132327,16.852039615410234,62.32560412505902,45.22915735398806,696.4172658611539,120.82487306512162,1069.7684490789238,59.13980826307439
Ahmedabad,0.0,21.301373546954842,16.70907144153874,65.87978187456403,11.363524105878291,786.4907268304711,183.5319158956842,968.5517910061235,51.83062386566751
Ahmedabad,12.916861092333239,31.328977689016654,18.154650814045507,56.91326478218719,25.942138122291002,628.3284667475874,135.0393620066933,865.0916307972224,73.16628869779694
Ahmedabad,19.340146036486473,34.31495618711306,17.987546236423874,48.383188540508655,17.96803661592143,578.8070013913607,124.65639842791335,849.6602117229825,66.75243139355469
Ahmedabad,0.0,27.452470761809582,5.587648181822566,58.809843436467695,28.86295985982247,733.059805545132,153.98866997211638,933.0968347346985,52.87489251030875
Ahmedabad,0.0,37.82370954576694,25.010526304057798,69.13057709481338,10.4583833111623,724.0804317087401,191.79878073488703,839.2698511181816,66.92518368418718
Ahmedabad,0.0,27.112583485274904,30.50896040866825,68.40453464202514,10.95878157755839,719.5989713921391,160.39772244736696,932.6121967348923,61.85765346786613
Ahmedabad,0.0,29.604866909816952,0.0,54.40702962866837,29.721262160087893,745.7556179809941,157.53548969692295,883.6296275995576,49.248109455191624
Ahmedabad,7.42207443290506,13.636853602208319,27.259868739485036,59.54644529407999,17.029001134946306,727.471464180894,154.16020864010076,1005.0896190646693,57.72965499720715
Ahmedabad,0.0,1.1708878060385182,17.455749650488734,67.65231689360908,29.205143479386685,775.6231873578031,161.29807239502085,1093.4530160478755,41.63786761708295
Ahmedabad,24.882058965028243,31.546228528999023,29.943012682248252,52.70754100541297,35.187789000509746,481.22382480893975,87.87803011458317,879.5317831650572,83.1796900596989
Ahmedabad,9.990830731582061,33.647600158919474,22.27600010562856,82.08458152353069,44.58344740994613,541.4839191720238,124.77663828642045,897.0688200424272,74.88321299475072
Ahmedabad,15.466331681132914,10.480799299939328,19.16011915297638,48.28495666573919,18.882345697380998,711.0812187693665,156.8644872304481,1080.0293356600075,58.13988202243799
Ahmedabad,1.849820021453164,21.31847166592091,26.218103009497227,60.01671640702659,21.368810141454603,683.398289420004,148.4389942213377,966.2295590641171,59.014604334096674
Ahmedabad,0.0,2.9465485347431084,31.50191536608287,46.12235680322567,26.382717528124886,751.8846192899191,156.0728754842283,1111.0270266205046,54.0372173895001
Ahmedabad,0.0,13.448501662859337,9.131976061101344,55.5916227818169,35.138270387987724,755.9245576714504,165.5265843803574,1020.1732128484124,49.01101111997953
Ahmedabad,26.69734109827953,7.096008619771192,28.75477883587623,81.86291325202333,33.8764885267991,592.4071385468228,91.23623041220092,1117.8099842827658,79.52624595026994
Ahmedabad,13.83332310167616,12.933996676584528,4.773957656620876,59.93628562056976,25.542220870268082,716.451022604969,123.52856639101218,1019.3861273514357,54.032416123013405
Ahmedabad,16.345097521959197,17.173510731498578,0.0,74.23719100553984,46.60447340139925,630.4647348719333,107.5922710169663,989.972130720169,70.4174863403716
Ahmedabad,19.935401747194604,0.0,0.0,54.944434779591404,36.94078595353308,671.386086046679,99.7912931564266,1182.7362920715193,50.14088473513536
Ahmedabad,0.0,9.033102144604134,0.0,50.7675317902003,14.572916382345973,837.68769685321,187.2326507858527,1057.3829199158706,38.03094499764486
Ahmedabad,0.0,5.415449982324969,25.966296436109232,72.49507126291917,14.136243661202638,830.8430749779529,161.11420963442094,1094.6088012915452,51.50563482350742
Ahmedabad,0.0,32.5111236628834,24.191692406988032,72.45204674283234,20.88545195105313,693.6453002844255,168.5583643162158,931.3220718453276,73.39146525088302
Ahmedabad,21.865012983318643,9.538800107807162,31.067945045495946,58.66708023784365,39.45036553512279,574.7777244566614,78.8306987298734,1085.8139514958232,76.3223538758464
Ahmedabad,0.0,17.749766807034614,21.32189806742606,55.51101720852363,30.311534582004217,718.2460200953801,155.94915127620638,1008.8786778719272,56.196648083419774
Ahmedabad,21.824087537624095,22.43678960512818,12.432378604442803,61.406455309571164,41.96342039411087,574.6095972567642,102.36643588228667,1019.6841497633367,73.9681709245456
Ahmedabad,0.0,35.01466487943178,2.830366084726803,68.92816276661503,31.103552944435865,672.929039071359,157.45454722422224,824.2610513512709,63.284436282219545
Ahmedabad,2.4964864504796154,27.10038761885414,0.6374789460307095,62.712030969162484,18.58504140891402,759.9669035752136,179.6759311965961,960.5246516214975,49.39293896887403
Ahmedabad,14.244776916257226,22.50315526460836,0.0,70.54984164244168,13.112835835146093,721.7241940615744,172.51073408827673,963.709121447872,65.17418064235093
Ahmedabad,22.98628864587375,22.67788433635484,18.63208122487801,78.33290813524188,14.602904613972644,685.0253546903635,125.82858810049153,973.7046221163341,67.91908461439401
Ahmedabad,0.0,25.734628511026834,3.9358985793981915,67.85826974511869,27.741869877227007,736.110770118032,158.06197217573487,974.9767926568275,57.74204294637
Ahmedabad,2.593991275854391,11.908563341826303,27.234859272493267,56.12254139091469,18.97276816801405,761.5100419081058,168.65381600064453,1010.0492548188549,54.92111164353644
Ahmedabad,8.157618669973651,23.895272965931998,0.0,48.710730038529135,43.44361795323958,685.0617855181317,146.4457582503691,998.9743596142283,65.16532222777685
Ahmedabad,1.877134832445659,13.897632537667153,31.429114815645903,63.99098651174994,22.174497322673403,712.011864617016,120.96078273879712,979.9138368773341,59.64368244162332
Ahmedabad,16.91805066392224,29.35089046540908,31.468314954938165,66.57620793223822,14.41490170658616,634.5989896376794,119.00936547936018,897.8377512289962,68.9568524645734
Ahmedabad,24.36895926537575,18.768413803703403,25.888415632581918,73.36895653080742,29.573508315022035,612.310934886108,96.40389340856342,1080.6704095263567,74.2909263952257
Ahmedabad,22.57372824671038,6.519474964322878,21.147208488583168,76.50704216824053,47.06840205553294,587.274732389147,65.12121274165379,1109.4625459972879,81.5641553481627
Ahmedabad,20.566449308547803,15.193541654224354,12.156933735992844,46.95846702407397,47.58781449897478,577.9071593897957,83.05897733213783,1057.7481757073153,74.25012118187206
Ahmedabad,19.10340317079445,34.07407330943833,3.367521301089095,78.30649771024468,30.359013868404,614.485345250546,155.2700593907411,926.6943216203908,61.233945225491155
Ahmedabad,0.0,18.878421677355703,10.013008727014654,64.08172974385636,35.889604465218305,699.3309820978993,145.0522023769658,1006.8893474313834,56.3623491408215
Ahmedabad,0.0,24.74808945437576,0.0,56.49316993715083,32.28444259159144,704.709924786304,153.18452612759575,901.919644314416,44.45177582285409
Ahmedabad,0.0,21.965088068149853,0.0,76.35887910669341,33.34222258585157,727.561540221639,161.7298085141965,924.8239158372361,65.9576145643135
Ahmedabad,19.419794802218995,29.619927289471462,17.51965625089886,55.17878969151262,20.68869608584279,642.4025823341206,117.1465701471353,937.9723482982364,64.63309420422189
Ahmedabad,0.0,36.683298924305845,0.0,79.58727043453098,38.0106867003025,649.389270193224,142.8158991053311,843.1385153289646,52.33337263735603
Ahmedabad,15.40438984946136,32.98809679222961,0.0,81.3268719086004,29.051755244455325,684.3354376004029,118.3513192773583,950.6279530542015,67.32969252355701
Ahmedabad,8.67382708554107,6.076166631076202,0.9491364372160138,56.363059900737596,46.90880831545647,692.6449674430701,116.81787391672039,1112.8038573266385,54.89429563454273
Ahmedabad,26.367444084306925,17.326366085330072,3.6302714138416103,59.66591290104857,12.377419747263588,681.6943920069828,136.29898691690124,1035.8701135173192,60.54936557163394
Ahmedabad,18.44220117236482,19.321333541408507,0.0,72.40319765114283,44.1683637615382,617.3298100858194,107.8882238249922,1011.4884741106334,67.38736815552502
Ahmedabad,0.0,1.8784066607506382,3.157436135409352,81.08821924109454,19.731229958423214,882.1399699878323,195.13554974353139,1158.2429299296314,56.89172029662856
Ahmedabad,4.0568622529547795,17.91827422247895,4.634062814099288,70.23058535318728,44.38536365304937,663.7229769732696,134.9687588591145,972.0591200475567,60.288590793985
Ahmedabad,15.688813799134806,0.0,30.740395845994286,70.98665304490515,43.46647667869063,622.2449033219369,62.52805719498835,1144.5011204697794,75.84793732905611
Ahmedabad,16.18743179617957,1.8872970818787742,4.079648540654222,77.54942006385315,41.550088663484345,708.4107246316061,115.63658259703216,1139.650443922273,50.81929261007333
Ahmedabad,0.0,14.306545234689537,26.665839197604527,81.35277480250491,29.85205447292469,704.8922541383399,130.4104282963968,948.6625074177226,59.46565437166654
Ahmedabad,12.691865171705892,27.430898939376398,16.350199933284554,74.92304129776444,19.364032985438694,658.4963944166938,147.96465890486087,923.0078940331028,57.049553618227065
Ahmedabad,19.463430641709223,13.87565968371958,0.0,69.89309105791467,18.53318725107792,732.5686117077076,136.67668607094706,1051.8760606826702,53.88192851275192
Ahmedabad,0.01803133225078213,35.33456173405629,7.608386640465422,59.77224808578623,26.24266599998306,695.5296257537755,176.39668771075628,805.0200390558684,59.170307199433985
Ahmedabad,0.0,4.064982101399629,25.54547687898105,51.583179107161115,41.76753514656506,686.3300985196236,122.25734139973035,1110.3248623359602,60.70368117088171
Ahmedabad,0.0,22.718619198728263,10.353486800646206,45.74786921903588,40.277726494164796,697.3385308259611,149.43581498502394,988.4166767905742,55.59733851541346
Ahmedabad,22.73166636520598,14.73744081817608,22.732030521702985,82.69183508950675,44.19991781249578,564.2183120203671,74.39634559947639,1042.0556515774379,86.0620333438416
Ahmedabad,0.0,21.81868459898486,20.606708523991763,78.2578926284301,35.436821995485914,661.1085190803338,120.3301459403409,976.1781597844722,66.28803996506154
Ahmedabad,21.41171298128441,11.008913330626456,7.272456952555029,61.93932198259338,23.895754090372854,699.9312616710357,128.95715471001458,1104.1421289262894,56.76197025096755
Ahmedabad,0.0,22.385719962036795,8.792889213529413,66.88690943109117,40.54350359077885,689.6150255735712,135.3799104918442,1014.7956177401488,63.75241479747206
Ahmedabad,14.742179583359615,3.541870576086003,7.341526680963405,78.0927148667196,26.75634856997793,705.1509819802067,127.3653083713487,1090.8092346140263,66.20589225169188
Ahmedabad,0.0,37.201044872335494,27.56977167652633,65.12405895953698,31.30366906187376,649.9588677646244,145.28966324944182,858.0889890046542,71.67588310665742
Ahmedabad,3.1270927485897566,18.272269987939108,10.284125107899989,77.38729983368744,32.18847442413993,698.539595229924,142.58790713518434,960.3635556773401,51.52971762585106
Ahmedabad,14.991745492648555,23.48977058287094,31.67294436138129,45.59593387706032,39.37661424851356,565.526481504013,86.8940977943249,1023.752900513371,67.7866772155603
Ahmedabad,3.8528036764736164,13.168493845153606,0.0,65.85908030768401,17.300925897038965,851.5306590599073,178.6694797216862,1034.2450728167958,52.99740006173542
Ahmedabad,7.84519047699122,16.515207959030768,31.270797477182974,69.24941465894292,37.62848111850404,614.3994115112299,115.8392253551803,986.1525662947195,69.77403227017365
Ahmedabad,0.0,36.700765725036106,21.31596214951818,61.98707865099493,46.37667200883968,584.8279941992535,104.47381075682485,860.0552436391356,76.61606579003198
Ahmedabad,2.3345140825357173,34.70539813917302,12.469053005427646,50.26092386203122,41.828975421991096,623.7256371979458,120.8129061881526,885.9264903582409,59.767747501825994
Ahmedabad,24.869777886695914,11.74349643933738,0.0,47.34207944416315,30.741997518664594,641.521286023835,104.63144972759832,1115.0885048105692,61.26871204687647
Ahmedabad,1.4244514635067098,37.47718388257593,4.230117122944549,69.56702455778591,47.17077976191106,571.0797987919258,126.3633550072627,828.9034740337859,76.93914329145788
Ahmedabad,0.0,0.0,0.0,57.42060515532803,34.52645015339029,810.6230142957179,149.14860664914062,1100.345598628193,43.71107577375093
Ahmedabad,6.171948165783228,25.32828810699683,5.945176936750016,60.537064553316455,47.51982740503217,622.9461258046402,125.84183949019018,966.929269836367,67.03322099711164
Ahmedabad,1.1963517531775594,3.2141635526361885,0.0,81.69851146862224,31.21116542275216,752.3954317756763,155.31740413712498,1104.6478022249275,53.831149884016156
Ahmedabad,21.543281072338857,25.823269268982873,14.330172292718437,52.3877312250476,22.65811334827869,641.012266002758,109.79784715833559,995.9753810506575,58.57599122656066
Ahmedabad,8.417041064559438,14.756141695028226,5.363855423582811,71.50715344434877,43.163357998941905,620.304373105819,113.11234431888384,1033.1919880206724,70.4755091989506
Ahmedabad,25.35803976073867,1.9030222237316927,18.41893872968242,55.55926050479181,17.102368920372353,707.7100002030764,109.96918231427995,1170.4663674560682,55.28463196475752
Ahmedabad,14.105950761590641,32.38163780499785,6.006836208375269,51.70673177833736,39.749019454861646,579.0154151821245,114.63705054745999,895.3221071238538,71.12284070491116
Ahmedabad,4.046420932515378,0.6741548944301599,26.414679072743617,73.5406031636129,31.086212786398953,728.9716970595416,122.62091812349475,1151.9991538838178,54.84641415648988
Ahmedabad,14.44584798751514,22.4212679008214,0.599369566816609,63.73070813604584,32.50504029155365,679.5029897447167,133.97175695004373,998.9237920177906,74.6875481475814
Ahmedabad,6.248753893510511,35.07587576175279,16.22642838684966,79.60054643824338,30.923329396370832,592.9027188777287,140.12379165878838,860.1043854679573,64.02706757692447
Ahmedabad,8.568231726444122,6.293069277107449,27.50592788776727,60.691414336947595,30.528297620990607,678.0507912166888,125.00726109814276,1072.7906757096353,63.39085886094294
Ahmedabad,9.754926443079391,4.523256900907013,8.917064054853068,63.557914501744726,27.756379997032447,745.8213964052612,135.64561565046,1176.9891997825698,58.88385459243322
Ahmedabad,0.0,22.04527277390349,0.0,68.36581955382746,45.651147580617945,712.1535011966974,132.37972855428396,936.8547961463725,67.28923601610913
Ahmedabad,4.097771667517581,6.896039457460937,30.798564369311855,46.7583662108932,18.898705452514864,730.2080261116897,134.28698316045384,1067.328567597796,51.3620624823848
Ahmedabad,10.326153925819874,7.102444609108682,6.481954451812534,78.07732850614758,29.08373174116616,757.9247077482936,140.45290162261162,1114.5282320102037,56.513288491089824
Ahmedabad,0.0,20.027293749360478,19.67970084108082,50.70524334682118,21.244599587053795,730.5273942970766,170.0191984600063,963.6575098155811,52.133310718531554
Ahmedabad,18.9835143109519,35.866914654792616,27.815598035874125,54.227582452927706,11.268175415703698,617.0514345050218,131.6463526215949,912.5325593623772,75.41018446568516
Ahmedabad,1.8680580257693116,8.105270368470073,12.718609298071584,79.46543713004169,13.523987029834327,815.0021300320547,184.02746505403877,1111.758924285757,46.10990388526709
Ahmedabad,0.0,24.29903026994424,27.688244199048498,55.64016386171736,41.81398870219746,640.0515744982575,129.2306802092195,970.6182128146947,57.813831770685624
Ahmedabad,0.0,33.553333183359804,0.0,49.18310733700385,38.2050711645048,700.1544953904162,155.96686593123383,878.1809533232624,55.64747078487272
Ahmedabad,0.0,29.32293287134282,19.212366442292748,70.67999017893004,18.7899555718788,724.8661684586021,172.7378942500834,935.09071085384,63.976233278386765
Ahmedabad,15.724836757605772,15.409224153064176,0.0,49.110362629377136,38.61933824597013,661.3258562794234,121.8832408830725,1070.3966052854303,60.98183731773494
Ahmedabad,0.0,14.602162766511427,13.549386365227658,77.37928834027164,44.550477718273235,672.0688257261455,124.13110282114698,1032.0780667969027,67.16727144715675
Ahmedabad,8.538545475857099,29.115748564865513,8.540153745778504,72.89026863028553,19.08455915182957,709.0874896284366,145.30531516269966,945.5396347984424,62.48017410365039
Ahmedabad,12.04910820351131,22.16414308215813,0.0,47.96891703936491,20.80691406744255,711.6992352252065,159.88481169247822,949.2525803766969,49.61541981572637
Ahmedabad,22.340434464548373,1.5887375473443441,29.305479853532532,61.91250704389103,32.50070344312621,591.6208354079138,109.03585621956488,1151.9009087113795,83.87696434896586
Ahmedabad,8.608127070696746,23.03673784132789,31.710348204754283,57.88230805188559,35.23229055350945,620.1599666183099,95.67322661330893,1023.3087504152703,62.6057579539754
Ahmedabad,6.37118250058046,10.132141152099791,9.817970843001351,69.12200118690305,34.87829470901057,700.4563544345698,121.13070096478864,1025.8216129514428,63.25309023785566
Ahmedabad,2.4550447328496396,29.196425299993187,7.623126948391587,80.02708480804216,48.57452330649306,597.1344013977505,135.85893537402944,859.5319796052546,76.90260419931266
Ahmedabad,0.0,31.848563911059983,10.24097155993427,78.50171844727163,16.622386737794443,739.5538543500442,173.72855848703253,884.4952176841109,58.16144598265055
Ahmedabad,16.77473263275236,19.02808212477556,7.389046108304225,75.6967762851782,11.56093443953084,726.9637435440101,153.56318730448086,1017.5926550153215,61.42583071108424
Ahmedabad,0.0,34.35323387511824,12.99356492178406,84.60491582047428,45.43468895865564,611.859538457837,137.50280384881714,848.3530203682674,68.88200766483527
Ahmedabad,17.976305072013965,25.324378429401058,0.0,53.78174374603952,44.46487378753317,564.2807723339705,110.04033780928754,946.0116983322723,66.99272729260036
Ahmedabad,11.996754340497574,36.396745816152944,0.0,65.73297196674417,36.66842777673689,599.9832518845266,153.16122718484328,867.4348936190287,67.087168258073
Ahmedabad,1.6870509854866924,0.0,21.288106721909248,56.82213801793432,48.065291537461064,676.879686910595,121.64847093893823,1186.182754971428,49.936875159205194
Ahmedabad,6.399823558770901,11.956274925914185,9.140557390245355,50.005386669750536,18.968341212346278,785.0019225893625,171.60981615972977,1110.1748978646467,42.63155305482635
Ahmedabad,0.0,30.73033945311355,19.23171095532476,81.78433171899167,32.20754831532797,659.1835271066095,146.03902280066717,855.4069109642437,74.04767815862806
Ahmedabad,9.250046184801427,33.14786099306566,4.845798215716787,81.8597187626289,28.34640228816637,663.2141967693126,156.15344071222472,885.2391216416102,73.37328875079176
Ahmedabad,6.636093875600956,1.634931876549917,6.7642961885626605,53.87677778100194,12.59880901381215,829.8919460527819,175.1246353711646,1159.911960536699,41.57239410047862
Ahmedabad,26.810205744694102,8.085622263639106,5.403528732726066,45.51978389420229,38.91377509661069,628.8032673857841,90.16664920561695,1139.9449499880466,63.0301276035599
Ahmedabad,0.0,36.66617001045644,28.8422498844932,66.28670619187847,40.10531607104001,601.905733953029,120.399011322499,847.501868683978,78.79573292372602
Ahmedabad,22.903702897125555,16.30173703538086,25.687950473347136,76.89820120442889,40.62765065585721,573.1061000377388,63.61227685994695,1031.7891052673076,73.11828531116338
Ahmedabad,0.0,20.34269311342446,3.664586299452681,70.16599521080798,15.83449420734965,822.3992081863064,194.62948092824715,916.8530514240442,42.687663555821246
Ahmedabad,16.53282665359098,36.177507470504736,1.0506854418350677,66.85255951660264,39.83370925899176,572.39667557645,105.77830461393374,875.9321370428505,83.75740462735695
Ahmedabad,0.0,6.198239470564591,0.0,65.83392632342358,41.18994344521089,732.2146300509962,135.9312278591355,1027.2623172636704,57.6983140699162
Ahmedabad,0.0,15.686707569740044,30.93726954114485,65.29829594817414,26.468919884287466,714.1065136401669,133.7062829350402,1017.7505921514081,65.73202555837466
Ahmedabad,16.38047291862794,37.39626747643015,0.0,68.41645311391514,18.525962980502374,633.5552874933261,161.37377093729935,889.4549356566705,63.64021530442447
Ahmedabad,21.300781464220037,17.639255545961113,22.87898371279509,49.58553714848833,10.139631112205436,684.3614632433435,132.97115775861295,1037.7640002248538,62.176523326073806
Ahmedabad,1.3481579445749396,20.159892816148556,16.91636848998342,50.46047078180827,24.60110560148255,739.0969080798978,154.63035003712392,968.888131680592,51.548794862056106
Ahmedabad,24.627357962582167,12.547334491287272,29.952949918136348,62.51789415241798,15.544575142463298,671.4850613197366,112.43698056924775,1023.7630950233731,69.92930870899869
Ahmedabad,20.102581765358977,15.003726088194853,17.126204651789536,81.67306523565959,27.41785318128033,640.8047325949224,97.94421971085319,1058.4209417072718,69.6467479089938
Ahmedabad,16.678562890536764,24.12100550802104,26.28880910284795,61.633111004886175,43.45069803698448,560.1958979693986,92.9091265052688,939.3023809498193,73.0370155435851
Ahmedabad,0.0,33.25803988394149,23.199617721962547,63.21118139417243,28.081511874328044,666.4582017386215,148.33523719453012,842.0838971759387,70.00372103488476
Ahmedabad,13.887740459556134,12.561241076194197,24.562739206396188,50.999704471524566,33.481274844801725,647.1492041920037,118.32144262339725,1071.0560428736605,71.72672509554775
Ahmedabad,26.377193363670827,36.93903758105295,27.17786391061646,61.42521482388531,12.889274752083338,623.3522453850976,122.58316056835386,888.179810516057,64.97105740843946
Ahmedabad,0.6898928780258302,2.451674431814702,29.84559917635243,67.27637515895545,23.106119421647637,795.9562844673122,164.95305085759077,1094.012973146037,54.7107444462198
Ahmedabad,0.0,24.649572058018165,28.799390431224694,68.0558824131144,47.22085935794801,591.5500274181692,113.72890861699088,946.6967206776001,70.63307102400927
Ahmedabad,24.57152482771574,32.60166532161148,17.84376786353155,71.86927928140898,42.3946793743803,509.819592069611,85.59005184519043,907.1920334106559,81.13630264871253
Ahmedabad,6.820671465601485,32.092522700654385,0.0,68.32645156095023,21.50558456288749,718.3778574426743,171.98780513906254,846.7066850974858,70.1596022829824
Ahmedabad,18.060405776755417,29.65570771988968,0.0,60.43496461923699,31.989854811398068,612.5586521578855,132.66332521388878,944.8788849807764,70.66776089553011
Ahmedabad,0.0,3.526633369655837,0.0,84.06977821199818,19.378326881526327,867.9317644263341,185.70901513684862,1105.062937701628,45.39173307091037
Ahmedabad,2.4564084964331006,22.310702834465747,19.572220306655097,79.14780737280759,33.35779201985679,667.4782871734677,138.352641317596,958.6076084311877,67.65222402536459
Ahmedabad,12.653240855207095,37.45183895165883,0.7802576094405467,68.4812763409897,14.383153649133513,685.2438365622418,163.44773619404327,867.5271090073406,60.3078504036861
Ahmedabad,0.0,19.286315264358663,0.06374999792962299,54.53270134400688,21.50969395729004,824.7349869587733,174.69528716526287,960.1090052360444,42.654322026009
Ahmedabad,16.14770878655302,31.02031554576635,1.7206845008785976,82.37912417224476,30.096056466217583,627.3048549216708,128.06407401483642,963.0486706168075,68.95329871160548
Ahmedabad,0.0,29.75277129409828,4.077213850965883,80.68387825575203,48.379235810299456,644.2378778444051,120.84564266546002,872.3586062350117,75.05643018102067
Ahmedabad,4.440429706292406,21.713760592970733,20.151389247690616,71.40736169050031,31.714631435398324,700.5054943236488,135.48042294260145,988.4436403208712,71.61421119306692
Ahmedabad,0.0,4.81715753288001,16.39556750871252,70.25521286098872,31.600129306950326,734.3407530270831,148.54105937737265,1112.4999122061822,61.73586306557879
Ahmedabad,0.0,0.0,0.0,49.37350619373372,46.58350370325004,745.8684740208768,141.04945271429844,1147.6417476981628,41.91184685353366
Ahmedabad,10.648492049576546,9.015152945879159,5.248816039046096,62.26729670258419,20.171244910485985,766.2265952333895,149.93894935605294,1071.2807941132473,61.68293632072884
Ahmedabad,5.024843652707215,3.1520223938424756,0.0,69.45208375550723,33.03467416856614,782.637185743045,123.89072962105752,1089.5625628738203,62.427701127763726
Ahmedabad,12.557665196060096,15.328297353872479,1.2582199164658334,46.642577799532916,16.607356055354177,734.1543405669695,158.79995149646481,1078.8418688936686,44.5185505901616
Ahmedabad,0.0,22.98581996149848,17.161368524183615,77.16335117463305,46.59852060258714,634.9840139118787,108.43336240710383,970.2542592119933,60.04522359048939
Ahmedabad,26.17630998762202,24.111813053276425,13.568512578231765,83.96607895747988,38.830128289092485,521.4366084916663,92.2954357101825,973.6594406036089,84.32555875841433
Ahmedabad,0.0,0.0,5.475540029615091,70.15751830370841,46.10244350695373,772.5368083456679,129.3028670057232,1124.8383892910701,48.84465720816134
Ahmedabad,0.8331071875973031,26.54945706823957,4.356759456672483,61.80752021395587,21.91724945007592,743.2034067528969,144.4502262595177,933.1797546297414,47.14022833057806
Ahmedabad,11.716535681621007,8.245554673631485,0.2867133821581689,70.42052997222885,34.70885556471278,667.2358406967709,143.36655798635928,1063.5677398749488,63.3390811292123
Ahmedabad,9.542509066716583,28.15559004522997,9.164404006523498,79.31524453704219,46.00881776817076,592.3399353106946,121.46255751758262,888.0702208102653,77.42988418289495
Ahmedabad,0.0,35.930145675039114,31.626982825465177,79.21187654751137,17.00607572609041,695.6350599815738,154.00144900990017,803.8571272577461,66.46692044543347
Ahmedabad,11.625855809410378,37.10006185635702,30.812395677280165,48.89151735931352,41.06149265281864,575.8678451569007,85.2970696604526,812.0245438825405,86.89797828097656
Ahmedabad,0.0,11.348706343598913,0.0,65.78397334292224,23.92569983733587,813.4320891949781,166.25812215863434,1038.355601451868,42.61248979281174
Ahmedabad,4.08719319860397,0.03958722363581302,9.704654212143392,66.23299957485716,29.744802905048022,767.4103483510648,139.8648010028968,1176.1908082481705,59.00817808051705
Ahmedabad,8.169513300484695,20.765645309901164,32.49146281250962,70.53252208470158,27.920071226439806,641.593553768141,130.98202475073307,912.022972955923,64.22407663004695
Ahmedabad,26.516845360178806,29.469259456283396,4.299091279396002,58.05545941864062,18.066230274122734,645.5760271834156,120.41424744218367,942.0386147229325,65.7173457972465
Ahmedabad,13.124370191122388,0.6278270871331202,0.0,59.947045623989055,46.744940114916204,688.3922006853625,120.97038898988609,1167.7683442219627,59.78567610869396
Ahmedabad,18.78002944855551,31.183096617686594,3.978317843093496,79.64430196409052,25.12654489462505,628.2193836463865,144.2525539455465,959.8523644909835,70.39148056654373
Ahmedabad,10.18050870808814,9.83046819780634,21.07833467151066,82.02235522796228,16.086756390133253,745.5680566554923,157.6576181714405,1070.6260666386759,69.84484834718182
Ahmedabad,14.764284047491724,11.409846436076588,21.986828382156784,84.35055633688853,18.408053597499894,705.4618046661138,120.97166117695448,1092.952719161661,59.745196380723904
Ahmedabad,0.0,34.748382047962366,31.23691287499041,61.16470336576909,21.584070897810584,730.2306510182761,144.83223111481504,879.6548516751776,67.4505661617116
Ahmedabad,0.0,29.509259587058768,28.28718541179567,51.23324186137547,11.047041882441576,777.7413073303163,169.79446466926203,881.4476498773759,51.64337678255372
Ahmedabad,9.736941900167878,12.742708274180071,27.004152228192865,73.38728413528465,30.868505885926755,649.720333606565,134.94886245181587,1051.4204489700894,69.5604232981535
Ahmedabad,18.35941659491759,0.0,18.008124034887537,47.627297044276894,41.18252425849454,598.7421759900133,97.68631928722476,1155.1626497702387,63.09262304283249
Ahmedabad,0.0,26.646458382408024,22.467888159103865,80.60096481305297,44.50038722195265,664.0171200234188,127.84426873728907,902.6922662014001,71.56401748003576
Ahmedabad,18.541167653560088,18.890523658956624,8.951868279955182,75.361510509859,31.785631356684497,666.6224690737404,106.47845602337243,1028.655682234416,68.15379245186212
Ahmedabad,23.22341895781109,20.12836035776201,28.158801525520694,72.31616118143783,15.848549593138358,636.7076022030068,103.03721423737356,1032.7335789203646,66.59860188584251
Ahmedabad,0.0,33.91872959063393,2.7307915779965377,46.90241419176647,41.63873176934774,643.7649659531274,145.0689815256694,852.9432088500847,59.55963112943237
Ahmedabad,19.961355760005326,32.138679691831626,11.252712638947088,55.75387211129022,48.6042155369789,523.4598949867552,88.6948954546333,940.5956270168135,79.96270821300234
Ahmedabad,8.1334660102108,10.688773843410054,5.889094610515508,82.02092173868522,19.389537840961246,793.193927561363,149.5511497639548,1029.114099311431,54.8390109980507
Ahmedabad,0.0,21.179461623226164,0.0,80.64087390104976,32.27909754724338,732.3411818246227,160.57355114764343,998.0931906297718,53.184981822278196
Ahmedabad,0.0,31.819921606935893,0.0,47.01463171356578,42.90792305035324,695.9322252427613,166.84790278895346,880.0889387796757,64.1915718511585
Ahmedabad,0.0,19.74028430643126,28.47964443777738,77.70704886781986,17.744416941277095,710.5253318554556,158.21383070499425,967.9013491759505,56.51616427707221
Ahmedabad,25.246620773774495,20.9585784772258,10.6866910263544,61.84740678148554,31.21596408395073,623.5727076095841,118.23726056389675,1007.4916346731668,63.31275917756969
Ahmedabad,25.967851572365582,7.173655152461393,14.42872458058783,80.78048877428509,35.53933268562142,609.6379292881722,99.26724834361784,1121.4871216373792,75.51351335743789
Ahmedabad,13.82958298788968,22.504629401049698,0.0,50.06774726005477,11.402744616617543,750.0419877763879,164.5177922726617,1025.2358706714951,58.71367806293277
Ahmedabad,0.0,25.629395607886813,16.219100281017646,46.656313717955946,31.698298982853977,671.9277631199602,141.96279997981216,937.6123107158089,53.500809588578505
Ahmedabad,9.504250827823501,6.540345423496518,2.447992799755454,58.1880992753473,21.281734037160895,765.3156669940482,152.65268036018222,1064.1821186369862,44.482249693690214
Ahmedabad,17.765616484690163,28.357482202947406,2.7202537204053456,51.35744666206098,33.5669420520489,616.9638979468458,114.22906314780887,953.3572515581877,68.93864310049082
Ahmedabad,20.398661579983518,0.0,8.417320367735774,68.34216598494201,47.23504930651423,588.8972775333222,103.52336514891282,1172.1500972510569,65.2092818181051
Ahmedabad,0.0,22.008391114599835,0.0,59.597498824905244,30.167615417182283,736.4868750366331,142.0551887732492,995.5801808863508,55.67752096504338
Ahmedabad,0.4899456067753576,8.199446620233301,13.190439992115127,84.98266802331084,31.84923462007678,701.1148337052854,146.8632100668946,1085.7981541076715,60.74874764188106
Ahmedabad,4.901219464606566,6.144194490115201,0.517307602073025,73.38725909846241,32.39563481657197,765.011293356615,153.00539358396588,1119.0668407872765,50.421923286218814
Ahmedabad,2.451242357483469,8.861988479652345,5.884654389483433,55.0928533277202,34.858678286113815,777.8901394864163,146.45143242876148,1090.9622455709105,50.79299625845018
Ahmedabad,0.0,31.38398736824046,10.51994338163157,70.39710248842601,39.11567736403847,668.8737305532125,137.05690129769093,896.6335465759242,58.09675277479812
Ahmedabad,0.0,27.72208284360471,18.004930773783205,49.9533096886824,25.984031682962765,695.920267838442,153.14250314657912,916.5875595090043,67.87548849932202
Ahmedabad,3.4230294915309543,6.9313868271175565,0.0,80.17641501276063,35.641645596666926,738.9652193452894,152.08855680810518,1104.0874505395066,57.437136663966506
Ahmedabad,19.845880258998726,2.383406351686965,0.11226940423035714,54.970587751911935,17.62672059977338,744.0506712780515,150.26593760440684,1133.8856748040596,40.86800770643018
Ahmedabad,0.11007144595663831,2.665146814810859,22.88709609136646,60.51520592287095,40.92799305989007,695.7998387224375,143.76869069382514,1090.183027606701,50.52610444485065
Ahmedabad,18.695842830489735,13.312107510807099,26.38863498838537,52.667744325509545,34.32659386225055,562.7633493095076,93.34977949535777,1038.1111569209322,69.94798195697173
Ahmedabad,0.0,32.2390021788525,19.217069119004478,81.85214541730316,12.121193094313295,731.9713978985639,162.94016591961184,887.8503976862044,53.02686311234122
Ahmedabad,20.592383510972034,6.898585562833645,5.4699211074433265,51.92078982892267,14.373638495713553,751.0126101107986,154.65998973809496,1137.1794931132933,56.34834617779287
Ahmedabad,18.14335570926919,18.44312951438326,9.071117212217302,55.80541718771214,49.25702235869263,559.9622231643111,78.42249007237815,1056.539625479457,70.2256594145145
Ahmedabad,0.0,10.35826878626062,11.452905877721062,77.68753169551024,21.439344062857973,767.6897145516125,162.97976632965506,1060.802451647725,53.267687829149885
Ahmedabad,10.507428107890984,27.827206738459523,30.814188746800426,57.02791554826197,40.93695135980934,534.7321242600673,112.79765254526674,932.2562959377798,69.63685110082251
Ahmedabad,16.65387613800511,11.249381924263952,19.521982064573887,74.32890501767574,38.75532564349717,640.942731874977,104.75485347537446,1058.9780072922488,68.22056124056523
Ahmedabad,19.768200194238034,23.17465868802782,31.07747430688803,80.75755251086966,23.817527707304798,629.1085155979442,86.18379183241436,976.9043146192565,75.23404229144158
Ahmedabad,0.0,34.696946272540515,15.206483923238451,57.876396351965894,30.340006684488053,665.2803833912197,149.279128958021,865.9758335939111,59.92102196706195
Ahmedabad,22.876690876202908,31.037848782680605,14.721892482596278,81.9676485122078,17.089907702567572,625.5632695578578,126.30478666428883,908.9780257568817,71.72262829854928
Ahmedabad,20.6911207011119,33.92625333996819,8.99277976638654,57.432070998236725,39.641612305859944,544.3438813166536,98.73871523314027,924.5387358232501,74.35108436289332
Ahmedabad,17.469801923981002,28.51205642111881,22.239997990958575,62.979718765516736,24.76729245270285,620.56118348743,135.03167978832897,942.5758899582013,65.92732263153606
Ahmedabad,0.0,16.687154647492825,6.712076491871496,51.47429950977864,40.38000816916441,700.9714387161332,176.98620989171712,967.1394908369605,54.67786567509315
Ahmedabad,9.824647403977842,1.3597926403911593,17.40676829115635,79.50424775038053,30.03424990521768,730.5247222447401,115.54200973860793,1130.6473574509596,56.534052321989655
Ahmedabad,26.189789287405546,10.203743829266536,2.5149063596302312,70.93623680962958,23.21137171106303,688.8374280945563,119.48759746589205,1061.5097798900622,70.63081628925943
Ahmedabad,0.778791502110689,24.79199671694553,5.655578060711539,67.67965311192576,21.140104447615187,749.2197431299377,169.28599732709284,992.7513595753587,58.39376898258044
Ahmedabad,23.91412887820232,25.189343940339604,16.192787015984827,74.22450438559575,18.957517269787854,656.5321205857447,109.33592291690636,1023.1613194356134,68.39669556153218
Ahmedabad,1.174972722296296,37.47463334612537,0.0,53.59434569284759,43.527701283527655,620.7151558869035,148.49445942339148,827.984845761485,72.76539396168862
Ahmedabad,24.905945069175402,15.171594574998444,14.916894333893353,80.75491672856201,32.77294464171875,619.400223525112,115.94177150934306,1043.6346101689116,80.55046650065057
Ahmedabad,0.8856989890053484,28.716571896609608,21.968089531474458,51.44553491917491,15.791913849566344,754.6470580760223,167.76588716727392,934.091992616799,62.609128935809125
Ahmedabad,20.48000241928134,7.99533563730623,0.0,48.78933686472608,23.263177092733308,733.5923384891753,137.74087633604074,1092.9668789468703,54.07114814619368
Ahmedabad,17.907771157369204,7.497422978409556,0.0,56.51519727128185,10.066332375904473,761.7560523173022,155.95853745968643,1088.3409529981566,46.01961756875544
Ahmedabad,0.0,1.1344412025830657,22.090115210285703,57.43547276488819,39.25381735009796,763.1189099356792,127.7226007530556,1047.7376539507718,43.382180996473295
Ahmedabad,15.035488331067299,19.113065989091435,21.08901699309607,57.62507911476345,23.71168250410455,687.4786355733047,122.28097538639405,949.9991674333245,67.4659565946863
Ahmedabad,10.845335888244161,7.112112975888994,17.115185433402715,76.41613835211142,47.352095199811096,612.663575988307,101.21932572429476,1103.8756771625729,69.3061716427155
Ahmedabad,0.0,16.968180684108237,0.0,52.991825348217176,22.633408433721257,754.6096521943132,183.56745595745824,977.7222485469396,51.332204471978216
Ahmedabad,0.0,17.84367444920089,0.0,47.94097983289885,12.754745062215484,825.0462924400915,180.6033175322078,952.8878332034612,32.38199701914241
Ahmedabad,0.0,34.34486903691104,28.208885888106586,51.388251840782104,42.22644632342043,620.3594394619411,126.92917391352469,872.7275846032027,69.03020129215082
Ahmedabad,0.0,22.04874326061037,0.0,67.70405510317616,43.96781817786589,677.4054188364362,157.6046592918737,948.1442660873573,52.21787830863313
Ahmedabad,11.349095925617025,11.171755616840963,9.775907262851625,60.88086464524591,44.83638914779998,663.3448416464084,98.42401618179366,1098.822021037485,66.2947748349328
Ahmedabad,16.032054031365625,9.231172367747018,0.0,46.98461216352204,47.715506220792534,629.4776762610653,106.32545470428659,1074.424161860611,62.192566911080725
Ahmedabad,1.7204076823151873,29.25119969678382,7.4806844308618246,57.8120710131511,32.22470511546589,693.6204625879681,164.47741056702822,881.356266015072,68.10838613570141
Ahmedabad,12.610581814128107,14.839533028605793,0.0,54.330676845712915,27.55112821220587,737.1022916606298,126.83417184644787,1072.7296873068046,61.370268001567275
Ahmedabad,0.0,3.3819640397385093,28.59467037127989,66.56318909640517,26.909444417617454,744.8081319110483,133.17247885627265,1045.9547890892325,52.946016719328306
Ahmedabad,17.10970336044583,13.537280724245264,28.45461266697673,71.06713399831243,23.459657351226525,613.0856995998238,116.52209096898471,1063.3561260030374,63.49832928372507
Ahmedabad,11.504249720579992,14.43645510089398,0.0,78.49423326510927,47.73530265619271,635.4320726356488,133.4542990069409,1052.909399343316,60.065786785375764
Ahmedabad,25.6466332349312,0.0,0.0,83.45022078980553,19.155109062968624,755.7302078252336,140.13314356505333,1158.189268071664,54.86131820972705
Ahmedabad,25.84660186811478,33.94991677328909,26.181457204924726,83.85476859763146,43.670160555802724,478.1393831629559,59.10029928945665,878.646224308876,96.21206441550306
Ahmedabad,3.278123316463361,8.485811536852694,19.179486385760182,84.14110929522283,18.6209444600119,784.3951770984928,148.09085596262082,1089.3918084544584,56.08565621584151
Ahmedabad,16.256219589360043,10.780183578227247,10.116280789644364,81.52165824981772,19.86901666960144,715.5278446416069,150.87545781662158,1079.317169031147,48.06987089509341
Ahmedabad,23.737073724412,27.523892744174205,16.92133982187364,50.33918910725734,37.54304599550611,580.6322160153389,77.04454649995621,954.5269133327043,66.35219738490088
Ahmedabad,12.447762047632985,34.35419947265604,0.0,72.53892866249073,14.961282415982895,670.9960417960797,152.69199340040424,911.1494092132924,61.81663227664902
Ahmedabad,0.0,19.568270399119026,6.762477599226404,62.88436184395372,27.116912523240938,775.7174100747706,184.8209702645555,991.5077451714026,59.11918185492912
Ahmedabad,23.881101283081918,24.182252744516003,5.119191814761406,72.18238606333884,26.132081228872245,607.5091168405479,116.36269257378721,1032.04331675338,65.17312642497436
Ahmedabad,18.909579761302588,26.724080872186065,1.2079693637050113,75.49665067755438,18.965057839343125,683.5018815984291,147.7847358874192,933.5721302799808,61.444204451862625
Ahmedabad,14.119365503606176,24.096513190059788,12.72110663765817,62.28174956218517,48.60731357684031,561.3021713837152,92.87233980913133,947.3935075177383,71.84472647185771
Ahmedabad,0.0,33.23428756059285,0.0,53.91150586706757,49.75003673413688,659.3333864826367,129.85807904519845,829.632752659016,63.18382082133639
Ahmedabad,19.746784514599945,9.201701660934308,29.603644054784525,53.55269310269427,29.65978635788315,658.0439616426827,105.1777996207256,1092.1277003829366,63.41976073066144
Ahmedabad,20.073714574777647,12.200271984467406,0.0,67.94627252700823,25.79466722806699,676.8223268475891,137.23244339254612,1085.0770767354768,66.84994084178412
Ahmedabad,24.991050707569023,0.0,27.10419029630713,79.6318483432119,49.35060106902005,560.6182447471446,50.0,1140.6791048987184,82.4489011552985
Ahmedabad,24.38297832540779,26.011659316641136,21.65759150246483,59.631570165390734,45.12802421441705,537.4450813767594,79.75161665510358,1008.9679357922571,83.53824327656365
Ahmedabad,1.7123424273412873,10.315333871129223,20.156630145053633,56.13506356060162,37.85178413729332,704.621821671678,116.85934166953169,1036.3262065464944,53.56656461053342
Ahmedabad,3.140120763266914,22.433984827676213,3.9030306674389017,56.739484934789914,30.839864468162478,734.8073913562386,132.3750760122763,1005.5541989983265,52.033907983303195
Ahmedabad,19.026395402499148,28.961475524817793,23.65968634521442,76.01857719772077,47.66712555422227,497.26401776230534,95.30019694060559,973.2967872550286,82.56708156736043
Ahmedabad,0.0,1.945864094465918,9.858873526769308,46.19547930408471,10.002679968717025,898.0596260832641,184.7314605604322,1119.5523512164125,34.92648871408208
Ahmedabad,5.153999402529628,2.937338209917751,19.701382529776417,72.33730299431724,46.01572741756581,674.46940669029,115.61421081809623,1149.9515930839373,62.64963429090836
Ahmedabad,9.145233902255036,14.42948743226805,5.552497893598765,70.77568338776099,40.10312583255627,653.2817870498168,141.99448663641823,1025.9250589132953,58.53311581281768
Ahmedabad,14.122343458269423,14.752307520936952,10.408785671443251,76.24698164695002,19.45310099858299,721.0547534892489,149.93988898314007,969.4414071731466,68.03729130772099
Ahmedabad,2.675800058145617,23.428514265036583,0.0,70.28035031200565,29.517830153764756,744.2298832154071,143.90577594219394,972.6966884117022,70.1137836475578
Ahmedabad,4.823735651278973,36.13288989619549,4.974665009612767,49.28890225326217,14.483714824271964,700.8552580296077,157.80008983469733,880.6399948228839,55.94247290176596
Ahmedabad,0.0,0.0,9.811980747768246,84.17131932368895,48.71098023910422,736.1794476515544,112.4208378296797,1136.569337557134,63.628687352645464
Ahmedabad,23.70158521673507,13.109640492317112,17.187875482074464,75.38991800397152,36.61844750208762,596.5421369946089,95.01529462189873,1079.9313437755277,69.21736792424232
Ahmedabad,0.0,1.371880984599045,11.649918084731887,66.31056321126242,45.26643321062844,713.8909921792385,129.61820804898161,1115.3051454141446,53.98054808926278
Ahmedabad,9.22585744211511,7.970478006897455,31.27070853496523,50.85227090259289,44.34696570499139,632.8889986056606,73.72147109557959,1077.7491963252553,62.38062052549526
Ahmedabad,4.5342273576151655,1.7483371953518194,0.6829294599757461,68.20405548841558,18.369398288014025,850.3792104782626,172.85919650469464,1196.1000793728465,42.87343655596346
Ahmedabad,10.793729411865634,2.741433317995023,0.0,72.31332796206411,46.67598636256698,659.5874912430266,106.18537409290147,1104.7730453750592,62.27693319041989
Ahmedabad,1.113355967685738,31.628321056818038,13.740275538426957,83.60896999436608,18.560641930859344,727.4218460259503,162.13521915084806,872.6192975157005,64.68359961994958
Ahmedabad,17.009947581308314,27.123296791063666,27.350117880239118,63.899773781890396,25.60903047436955,630.0203758044919,114.34629262446825,914.1078983721919,71.85041291074415
Ahmedabad,0.0,10.537688806251527,14.676665389448576,55.773424597906896,23.705411859928113,762.1804266791332,167.06412279961432,1062.4638677533767,44.61013611815609
Ahmedabad,21.668799269706064,12.166861049396253,11.552450579834968,56.25332051068298,16.91768804306338,669.510265480567,124.80031776908726,1062.8369710356285,59.362858720191625
Ahmedabad,0.0,36.19314387788575,19.62615797082392,54.8475570704576,16.03607434279499,719.2043131349161,174.91557697691817,824.6832125423159,56.22097828684162
Ahmedabad,0.0,0.0,0.0,71.26424513234363,48.92618963903464,761.5700049673062,146.10330241397693,1123.7913735431146,56.5801792023744
Ahmedabad,8.828058255681725,23.26417836477046,2.5047449051989226,65.78554348192702,21.924890279642764,702.7098600176511,146.38295849768136,989.9265776694283,55.418654805113704
Ahmedabad,1.0794013865058574,13.599617324192948,16.69647204857101,57.0307164347888,45.41693803938913,661.4607284105851,110.49610970919944,1042.1741549880305,59.764947467322976
Ahmedabad,23.058984943387088,1.1381915000527307,9.030777952235226,45.141203891084274,34.64461697264994,642.8427516348306,93.50317076832431,1163.775324940706,65.3951042773307
Ahmedabad,4.515998532699534,28.26358002234509,16.31033316112889,77.38289123708577,48.79037610802253,590.385299270646,119.36878983335683,950.3092291523661,75.05776347846538
Ahmedabad,0.0,2.938832446203193,2.8053702811786465,72.70283397115506,48.13198721188699,720.7305170855154,133.40530040135556,1067.6902219952203,57.953335391760525
Ahmedabad,0.0,22.041170619404838,0.0,58.133502239804876,44.80490987423869,649.6343460992648,143.56327686042513,939.1612185815032,53.837124256044795
Ahmedabad,26.69236679440928,5.13938844338414,10.274968164275545,84.01371097434117,14.451995712150811,699.9977880918933,132.4718665461322,1110.1663378336907,68.39291876525382
Ahmedabad,0.0,13.597868161800763,17.003977769704882,80.86381524859284,48.47884119796434,625.3677362070144,131.56092975713142,1048.5490656692202,62.76653159196848
Ahmedabad,12.466291660676635,1.7221318109183663,15.114375185091372,58.81185207797246,46.983422743400375,611.5064607308027,91.48518237382977,1083.1803023348748,65.85615638683049
Ahmedabad,26.556164127323626,13.141089606767713,16.83893755359515,69.75157574123439,17.550084129084766,642.6416245314686,127.98738422161904,1050.9953257408083,70.09117016000937
Ahmedabad,20.262726542964927,8.225401260218288,16.578578791156353,56.00644788540952,27.005448612249197,676.2442394850308,117.8538306305779,1101.6086179897945,52.11924844226558
Ahmedabad,0.0,7.5917524042388145,0.0,74.87810633754897,20.155884147073063,849.7425363044949,163.50811028856657,1042.5460472474006,48.40692651391856
Ahmedabad,0.0,7.192897150932119,15.28193178161887,59.53012981274888,29.338607457033916,777.8628980986489,144.96116994635526,1038.9098485045677,51.87638416152369
Ahmedabad,20.611347776234275,31.845248789442415,5.042447767534943,57.74491205298496,40.56190171891198,536.4499666197245,105.10066213573998,942.2547313383665,68.41660651673922
Ahmedabad,19.57529756663336,13.500782927805506,5.056839332645344,60.662720987543295,44.61334396840823,591.1266132794335,88.60052191224297,1078.2090170581157,71.03563627303946
Ahmedabad,20.888365203784076,18.174331095578204,6.0042116644429555,49.67479254341026,22.849311177083425,652.4991017496271,130.57809963469592,1029.8968720666887,60.29841158048549
Ahmedabad,21.965499603982067,25.92765328908866,29.914191452460038,77.99965354029226,17.762101424103438,598.4958788095756,111.59145630523597,973.4438562453614,75.27379074423985
Ahmedabad,8.139062908155989,11.379472309399048,20.056716246637727,48.45405994653792,46.96320666440252,609.7133062891531,94.71951565311707,1127.1903343556514,57.094660590499494
Ahmedabad,24.377267499092227,17.5814107834737,22.567610022349392,78.3314398579931,44.989536550705736,538.3973347829456,79.64201757652745,1056.0150194557098,79.0516148772683
Ahmedabad,16.797799885699604,3.236090245529015,20.355714097332264,82.84062520311093,24.67768488555905,705.357340610449,124.75361240593442,1071.7309041120157,63.42946456516856
Ahmedabad,9.812234053837365,37.44047760383082,0.0,60.347627642404326,27.268824797430625,659.3592355054615,130.82014452206136,832.649399279465,67.48435195215656
Ahmedabad,0.0,26.35400227596307,23.950952723217714,54.519620167552816,32.978346377826064,679.0848545420398,137.3060948282589,932.7450743249988,59.956879311430654
Ahmedabad,10.473510695163341,33.27061122462025,20.36145948828912,71.9554000363423,42.94183726342476,537.9990307117313,82.69213183888262,851.9731341110815,68.7003772255384
Ahmedabad,13.859387564708292,31.773712880144487,15.533684322618178,45.365953620577294,19.079805001738915,663.0552827351405,150.36133897827284,939.936274958763,57.88930985859068
Ahmedabad,23.25664252045349,34.475582675724645,27.315526300999686,50.06929225232182,19.00735631062398,571.2491236184928,111.41602292136807,876.5389834691306,72.71208952273696
Ahmedabad,0.0,32.249043882754854,29.324594398146672,45.79906633236274,36.74810683684373,594.5724405892552,118.15520077107868,930.2082803806454,63.77084291458964
Ahmedabad,0.0,36.90748463848149,26.41848181510855,60.41040219341525,12.893273858929348,715.0725866157248,160.43270503124492,793.3556750953103,57.474771269191514
Ahmedabad,4.393103747118616,35.88223260813248,21.773795690028575,70.80664820875754,16.219921956249696,689.025562033454,146.7230031288586,856.9015374183498,64.20789978780762
Ahmedabad,0.0,4.874182062371613,1.2491896250731536,78.19574723711997,17.018748886756768,807.1622612722853,188.97321484057053,1109.477015247974,47.29714912759673
Ahmedabad,0.0,36.71791634366558,32.125005469675315,76.8786913634209,14.071875264198335,740.4299499853851,155.89450268237368,808.6025059878043,64.15527564201122
Ahmedabad,3.733444106899455,33.190785209544934,15.512124070827234,69.7963318961414,46.336498693010256,598.773208352011,135.62456678940958,882.7301620198261,63.45842903112337
Ahmedabad,11.072719839690006,1.563734231238879,26.88366772108781,67.37111655168346,42.46209288746721,634.9138072700141,104.1295216216823,1090.9077236431506,65.84866922896438
Ahmedabad,12.502076093863252,34.91892683656065,5.664909386793976,64.70596648654748,42.99756532700488,632.0572883323019,120.9350443721999,838.7422233513288,66.85317872055566
Ahmedabad,7.445174482220494,10.16310932509652,20.219561304288952,66.67068855369125,18.921336148782387,766.0186754227077,162.27144086986522,1057.2360681340901,50.283135045792676
Ahmedabad,5.0778655750520265,16.412762129003,5.464549217180057,50.42941970166787,45.48413990179075,676.9776992857721,118.6339828002125,975.4539660342627,53.24392781379895
Ahmedabad,0.0,3.911511671960646,10.710349735830373,50.08383390404314,48.79451582124266,704.3371644160457,132.59176029752555,1092.291678364424,64.1353865803387
Ahmedabad,0.0,13.849942642528095,1.4250149785562183,49.977822253957335,11.518423212491236,835.1321497170546,186.5720763701439,1073.5987971075228,32.1563590942912
Ahmedabad,0.41041592364118884,22.218433729437898,24.927066088737334,48.82414209938261,28.34032559369287,705.1268055166548,159.74678803238905,935.0434424918336,64.1275460986765
Ahmedabad,24.43011786991932,7.016929341732611,18.455070584442545,82.49483004146052,11.757238156243545,721.4374449970977,125.03784571351393,1144.5104116801965,61.9802198199444
Ahmedabad,24.097019931988818,4.548434669678738,30.922131127265914,74.44117597244404,14.42996518971453,678.6394805498161,117.0117866066385,1162.9575773017682,65.26694289663648
Ahmedabad,3.208583112538278,2.091677134811725,0.0,68.78287760463851,32.88781540622227,752.6131994694628,148.22725283269457,1109.0489664468043,44.264135093264926
Ahmedabad,24.3646783815977,9.545839424582645,12.655735936096406,79.61837106156058,34.034455940052645,645.5420647785057,102.94315278063323,1103.057154646261,65.67738464869917
Ahmedabad,25.089470551290447,31.862013573669714,3.3724623637172257,84.85587932019234,23.671377968785126,634.0441823497642,121.10104399220684,882.8343853042011,71.86122873435293
Ahmedabad,0.0,30.70084770094818,5.409844242206114,56.48753285969014,25.327747440470517,716.3200774870487,167.51702452017932,911.6653762163277,64.08838212352742
Ahmedabad,22.537224717579498,18.841988824176497,22.80398356732412,62.03209972697208,39.53637902493072,576.8910724731458,86.38155703268161,1010.7933224112725,75.29563234677963
Ahmedabad,3.9267195295625363,26.27632889349772,10.305285405683648,77.67633695992075,27.26575128734837,710.089559118505,156.92702481221812,861.846636628398,64.36730069058547
Ahmedabad,17.56478820163281,21.895464612539207,0.0,48.3221041487198,36.25168710028527,623.5756793909287,113.192807823058,1027.1946516689932,66.80711842463265
Ahmedabad,10.216400896977348,28.517972637713076,22.15603512354636,48.28725320363425,25.694137375760313,676.2768153558249,126.12088137378356,931.4040633194138,70.11725904984978
Ahmedabad,25.79843566489425,18.785169915741708,13.932783173430007,83.57972758866892,22.458602015808395,672.0086868168746,113.36162688528299,1031.719437974969,67.28399173182407
Ahmedabad,15.610559606431622,1.7486171112133206,13.748432439244922,70.41986637072654,45.122464425196384,642.8546657888343,100.75549977503071,1150.5728473420845,76.9168510898889
Ahmedabad,0.07113874590765334,35.801507728644566,25.926596561001467,63.9942240668819,27.62055698211329,623.3661774331466,165.36467616283903,829.6144527900452,58.11655327064908
Ahmedabad,0.0,1.659077976848888,1.5774289304243805,84.41593704146376,38.652315706127766,809.3311120730717,152.625229734196,1062.5172819159195,48.80570340674374
Ahmedabad,23.623803977200176,26.08053288341999,19.41910068314414,76.0253512898492,11.753030064261807,650.1579357713812,125.47120833525338,967.9535078723762,69.55000061102807
Ahmedabad,5.758659427277667,15.89791810932353,8.254001182424169,57.91825091294669,13.115240334910592,778.7439077732865,161.22179597740958,978.95982199598,59.09115582280259
Ahmedabad,0.0,5.397279984099384,2.8567070647538007,51.390384522732816,16.687785922067782,839.7624404475748,170.71921218425894,1113.432700181068,42.578737577381276
Ahmedabad,0.0,14.62544552092342,4.141920951604451,46.18561242961194,42.80869218073322,711.9861756213454,156.48398906308358,1054.7238056986087,53.58710243052741
Ahmedabad,15.24756856283198,8.95113302416757,0.0,74.5882247321685,46.728031052801484,655.2649707664938,128.0466607647915,1061.275181875285,60.92273965721771
Ahmedabad,14.55990045685611,17.375996772623484,23.276578488552275,71.41438809364531,19.129417304239354,680.0494320691413,119.26873149961673,1065.5776636458243,65.1543469877903
Ahmedabad,12.915066254663003,28.32211057846533,10.203966789047499,59.53815090578111,18.43281251619496,693.2723914621595,160.48552247903103,953.7679858839205,58.77250021197393
Ahmedabad,0.0,16.813483978811863,6.879718802685254,73.43132112597644,14.031605039734409,815.7308659992789,191.05829932152457,928.9729863150234,50.38021811542478
Ahmedabad,0.0,6.9693361442011454,20.3927661116356,72.60482210072848,27.455273436423884,756.7874159083901,148.02829503081702,1058.5939746923607,56.53704983194347
Ahmedabad,0.0,17.74073602437226,7.252706107470036,68.74463722113681,15.173836736986765,811.262805307376,172.57358555572344,968.9822096318919,42.356936741450454
Ahmedabad,0.0,17.300879290899374,3.0768336120756032,69.08325277980032,47.70285563073931,683.8597399526475,148.0513243275157,974.972672754711,62.462810093889566
Ahmedabad,17.628639906862677,36.573100990949584,8.439188633427307,50.873227750790974,11.134026255496153,651.9235538481025,140.98404617017883,912.8531833776069,65.0253850551888
Ahmedabad,16.037344486836858,35.29923047615029,19.824914675626136,63.02902763908446,15.432712767196026,642.7727732053869,152.9765049692404,884.4541811093046,62.654121087871516
Ahmedabad,0.0,2.2540775000001307,28.68857568800098,80.96129740941996,29.20380966154933,790.6904128346566,157.83222111454927,1047.1472456756512,67.03487323285995
Ahmedabad,0.0,21.006544029405397,28.867372125547625,63.99817864005665,26.136704860406695,707.0736128048352,143.90827058584918,967.4015863115924,65.16912664463648
Ahmedabad,21.264372779651666,12.886146417758663,13.808769649574074,73.54394813452834,44.90834492177834,596.5099503670599,111.20869534183007,1038.4345927182492,69.74446600250789
Ahmedabad,0.0,0.0,0.0,60.54604913599249,10.585402828770686,852.0085046989136,191.46886898976805,1129.6220324256944,29.699492115521185
Ahmedabad,24.004813116906618,7.354570864370251,4.248038349980266,56.554017964612,30.5760455577675,629.4920153538163,101.57549213492089,1151.9911917620595,63.31239907195906
Ahmedabad,0.0,9.012047285533576,12.188224081448318,71.9190472353019,49.200900287495394,689.6946371169461,120.51418479104296,1032.1428677705746,68.78896253325208
Ahmedabad,21.52979148218425,8.68530616380992,9.245645418331296,45.17853913220901,19.12349306427554,709.7400447512447,118.64642833392028,1123.7318269168907,53.72750230661668
Ahmedabad,12.16680957186017,11.073249259622092,13.657796173305012,67.76729036905203,43.08646903818157,649.5515416796316,100.21275571588849,1064.066741683793,60.8521727049485
Ahmedabad,18.894231718608367,3.3163122526788165,0.6273772619173421,56.36245749865261,16.299349720959885,760.1969213416421,137.68469415160465,1159.9218511203876,48.103573945617605
Ahmedabad,0.2316068642012432,1.3946399578170237,0.0,60.761910524447515,23.74220170540424,846.1022253961021,165.9528383915292,1130.5450630768971,51.83483762303058
Ahmedabad,0.0,22.57867255348592,26.794454350597853,82.6410274997958,20.90293012003493,711.2338858335261,163.04585230251726,972.857156034643,64.89287143843006
Ahmedabad,12.497852646920556,13.849577309508813,4.474287828322389,83.45459791055389,25.41846518214925,713.9572805390195,139.46404468445596,1094.8050834761912,62.734454182753744
Ahmedabad,0.0,12.31049199701739,26.415190290032527,69.11307362043877,34.90390617140322,693.3465037463,118.90075364646731,1019.1808063827134,56.49615524535946
Ahmedabad,0.0,20.241751445058885,24.070830945816954,77.22763778928982,46.18072590627812,622.2140937687097,109.49320100934607,905.2530704983067,79.5898476377433
Ahmedabad,3.226734250611777,37.973439993986666,9.552215759853553,58.21417152109227,22.671675548268976,685.8809779259998,150.6273535908717,797.5393752187601,62.47594618730937
Ahmedabad,0.0,10.563954810142928,0.0,77.14241710356907,38.79842115165149,737.239617937124,156.38406942111934,1029.310374820575,59.94029192216936
Ahmedabad,26.73619384166905,9.595313503275474,29.77967501223916,74.97386845916633,14.105117522142848,671.6749374181903,112.55161164703128,1099.8750295386906,60.59332380269919
Ahmedabad,0.0,0.8910210096935316,18.092031039119604,51.04576800288436,12.911052769306721,864.7015003114669,175.17278547983756,1134.1748500795898,38.120143465261094
Ahmedabad,15.780802881591136,12.36491917707773,24.715875427899114,81.17545065784886,14.304538194908512,691.9757041874587,134.1617183568561,1074.0352143168636,64.12451112029645
Ahmedabad,8.513499871946024,10.580941477799614,17.015606727159813,75.58664918643106,43.67020867873695,654.3397034050414,142.69140314650681,1052.8322648398728,68.05027427748398
Ahmedabad,22.28868887578045,23.67630669486938,15.258324344139243,67.04545323408351,14.159818093348422,712.8321074903257,147.40244627788454,1012.4169245628707,74.81444805536393
Ahmedabad,0.0,11.8442017997234,23.84797659506924,50.67427186728709,44.396633996180036,658.9438696113212,104.63821087020453,1016.9480285129454,59.52415859007966
Ahmedabad,13.89460137357559,2.587425110247324,30.208788043556616,78.00653566405208,22.992753747994676,685.396327853922,123.12440024417857,1145.5614259141007,64.04906463910416
Ahmedabad,10.877699403506647,37.6437235880594,9.578201058537047,47.015543940144745,36.29913181663965,634.2648052741581,139.46160106228768,852.6801799050966,75.71995120943006
Ahmedabad,0.0,8.279532324567736,15.735181103588172,55.72703334576643,42.5392087111927,671.5583663295274,117.43976437580807,1066.0873826938398,52.71125968453262
Ahmedabad,0.20081269110593425,19.500924773023762,0.0,69.09867854192562,42.00219836072735,729.8741938919725,139.52700545283926,929.355056617979,63.479966194404426
Ahmedabad,12.685650089701841,14.433560006346898,2.5846660865234092,75.58768569296676,34.75330351562803,666.5043659425181,139.0863284331189,1013.3836386300881,55.7034862802342
Ahmedabad,10.657808417226768,22.497769688097346,8.186506415033747,78.2538674579076,15.228501626823444,752.7897913117383,162.5095156655792,933.4547098308789,58.18182931040519
Ahmedabad,15.298254818055955,20.72341225923541,29.818288018309403,65.5974190179561,45.90293730215705,558.4885284748377,64.1595952977367,1018.504231931412,69.88591208437965
Ahmedabad,4.345212579358346,1.1855653759755356,4.697042704108156,50.574396459783046,46.600875381977744,743.9271714454803,127.9727909788175,1165.2705369566384,37.70031723793836
Ahmedabad,5.116024810878724,18.400611304995255,8.533811123570835,47.464221209963135,24.776409357374966,737.0697880644801,143.82347064894503,993.7534984598373,53.012575626883255
Ahmedabad,0.0,35.16306188557091,31.635683507306986,81.12246403700851,15.446086595496865,675.3188414210534,161.31922190963024,783.7532689962302,67.70475753670642
Ahmedabad,19.616254365856953,5.790349849989866,0.0,47.621122225915464,14.518109507081345,768.318030604174,154.68007308908705,1085.9397369856033,50.59946534115856
Ahmedabad,4.051694352290006,22.123297790129826,13.842130005530699,69.27332689299081,38.14187479223531,675.8376355012821,145.16441194545723,933.1011218932017,66.97446613853582
Ahmedabad,0.0,3.5400349239674327,0.0,62.9162551734445,23.589229333149476,839.6881370913163,147.6793349157905,1100.0134680205083,38.13296368386949
Ahmedabad,7.369479759151208,31.66302570228507,5.121644862874861,75.09036605667711,32.26338668423816,665.1979593458956,164.3997110233447,922.1773887565579,70.46266770692257
Ahmedabad,12.691168755936232,1.5740878148495305,12.060189089743933,63.8461866897565,27.323911902679416,707.0982683115867,151.5379818894298,1200.4758699903603,50.58784403346122
Ahmedabad,12.162226636010136,20.142818425032047,1.9619842951347835,61.2425993253718,33.68260855417252,696.5274133441029,132.65213820725197,987.8373342621442,64.53183264509387
Ahmedabad,0.0,36.73232533911006,0.0,63.414484280533856,29.982662396399355,714.4385057904009,161.0040527312159,844.6441676978769,56.037528057187764
Ahmedabad,0.0,22.964041039664533,8.56024411983563,46.15056461598047,14.306495271723811,805.6891563677342,174.0126779455975,931.7597732060209,49.225716112437894
Ahmedabad,16.370270877385728,13.225692869662414,11.97186760483936,46.3823364019681,46.74078388970721,569.4443391254724,86.95993630498273,1069.6194499493085,59.01531998832723
Ahmedabad,14.24342717142833,37.618835083126385,22.652165395845316,51.43269456105838,15.945308630576797,607.881521713545,142.02883583544303,893.0528822029067,62.43004572271636
Ahmedabad,6.048398535259082,15.424832455537768,0.8663286339216292,61.88082027626471,45.32347053814013,665.2922331459645,144.570555205666,981.6437407847404,61.51829250539943
Ahmedabad,0.0,18.002680982931018,1.7201571466919106,80.09494625391119,18.033429361021884,802.1938059573359,177.40511416384527,1002.3179103597367,55.16669779009974
Ahmedabad,7.832331983196632,26.783260654181184,2.472422500528948,62.92286177484928,13.155135480942974,740.9877875894384,164.91425967701946,891.3200212738152,56.63029505844806
Ahmedabad,18.12004122927733,7.11440725077326,0.0,83.84054301263595,31.26708750661777,669.1501178492153,120.6149887485475,1120.5010143961883,64.51225498166141
Ahmedabad,0.0,11.758899607085695,0.0,70.02490317443603,27.149706038630747,811.303131954853,162.36446439869286,1096.0512164716797,52.26457020251517
Ahmedabad,0.0,4.94702281966487,0.0,70.89440126170615,36.878804643156,767.433264801962,146.1951583808076,1088.6787999021624,62.002960633327056
Ahmedabad,0.0,17.221283178716963,2.3966052638713364,55.32501177081062,10.645462639045217,818.542920775375,173.80063301874918,973.9497535499446,43.38004620452243
Ahmedabad,0.0,35.25740830588484,31.79318429639396,60.182636921128555,29.65771707602869,649.3162455181832,145.5315196162771,870.7355955489403,63.77080178176466
Ahmedabad,10.095236520899181,25.3802554098592,7.86270199133682,67.45339477617085,45.398798837380966,600.072717203222,119.1221341052193,986.6631070620897,75.09465389702028
Ahmedabad,15.688428710783658,19.32489077445015,0.9565581540735035,55.92778567198497,48.064504456812564,619.5826543606192,106.12507659265053,1010.962446722582,71.9937090244536
Ahmedabad,0.0,12.912211274379388,0.0,70.72286075151042,20.20810765676879,816.2392626616584,168.0760639776027,994.8018053646388,54.09294529091042
Ahmedabad,1.3713205979324101,34.46739407842502,21.588241678916376,74.84588262108414,31.62247146211707,630.1898907631514,156.77221931520012,859.3129321229609,68.92102280837945
Ahmedabad,2.270165973285806,30.351817999343034,32.32660387771804,75.48168763458028,35.4991494105369,621.6001435325256,120.87741169644956,894.8845864801193,71.58686377566823
Ahmedabad,0.0,5.106487596549705,2.6945660392624085,47.05382754235472,17.010136795039685,871.9559475625682,176.14033218318554,1078.995408159198,41.662922189986915
Ahmedabad,16.39394110101413,3.6163430304317927,23.567225989182994,81.10157991139504,42.40208066913826,601.994431606177,94.43525391158656,1160.099090336508,69.04090434541297
Ahmedabad,0.0,30.68141880030192,30.056348748665478,82.69300847095556,30.484230555893802,639.4826241639305,163.56618533011903,891.6997284948288,65.80384803199594
Ahmedabad,7.4288451874622545,15.83225515655969,28.714380213443093,79.26833743308526,14.882062659202703,729.4193112249512,130.91670000004632,1021.2593445636928,59.476167625989255
Ahmedabad,10.681395642993973,21.877247137093796,29.999266216149778,75.1496729846074,35.10247848284767,604.6765661796312,91.39378831910747,1021.7827517418432,80.96088291324172
Ahmedabad,3.9996392542340793,2.7182425179698306,0.0,84.03323973882398,37.7970018313882,738.7032057292388,162.5548398556882,1105.5046747950503,49.34241113033247
Ahmedabad,3.713218184221354,22.900548553782947,15.868847781477267,58.68419989344156,47.78857912262978,606.7085413254326,123.61358863031819,932.2724682555273,65.40496849843824
Ahmedabad,0.0,32.13980795994377,0.0,47.289043277993756,18.97848844115277,749.3804515665448,180.7182529299629,852.323102196196,46.85086720670602
Ahmedabad,15.164173830866034,19.44890094047507,30.887872258252344,80.17961186064862,32.45692471515958,570.0596070255543,105.30067317268154,1016.5248739834277,76.03488549050473
Ahmedabad,26.454566927986505,19.2227713261345,10.222364865653098,49.44050108706084,40.97616902303426,548.6615911932822,96.20253094712726,1036.0991313478437,67.89102311558943
Ahmedabad,25.611163374467864,21.15015813374349,1.4032867055386955,65.76124248366274,39.05549739100434,569.2726677360705,114.72965812531748,1022.0495173864831,69.8461901862239
Ahmedabad,12.547548692884874,13.557862348784894,19.05424730376358,81.89485680527142,31.741273683117512,647.8410221223879,134.37540494872727,1032.668797552049,69.70686757183718
Ahmedabad,4.821821113754986,14.138132786928999,7.579553753102006,54.18578865954451,39.487851237723575,678.8331104009262,144.68356062244425,987.3020049236,54.20402706881944
Ahmedabad,0.0,25.683589771137257,0.0,70.89575302082808,32.327881488241175,747.0278119875494,156.16870027180477,920.6178780789421,50.58019448472872
Ahmedabad,0.0,25.206998324978123,0.0,67.21119364023092,21.29324138596639,766.2637090412422,170.00812445723798,925.3915668326161,48.745617206544765
Ahmedabad,17.52600878427608,20.596877383499795,0.0,73.81248239336628,32.62028583652208,662.1067034812179,140.5012965783276,979.5299594068296,74.93312228342337
Ahmedabad,5.578169700960817,33.370072917162545,0.0,69.84181467449474,40.99122088800243,634.4793281622373,136.8902907857818,879.4001437086032,63.686981564612786
Ahmedabad,26.714488392437566,13.59466870483953,28.14235441431115,58.839432562827724,47.22450203384823,505.3891944904292,60.81100899027907,1071.8441407171917,80.33546243426035
Ahmedabad,15.41871146336252,14.262330243169465,9.785360238843435,49.81186070010421,22.846931174729775,674.9662494365648,140.78673339314352,1016.4879709200684,62.93478675519505
Ahmedabad,0.0,15.056523240269414,27.747895414601977,63.740990127934765,12.377525810781634,802.114850985021,179.22567346447727,1037.6770421723636,45.195090358895634
Ahmedabad,6.53128483121386,20.412155296863673,18.05750660300902,60.05531809159715,23.837340971288988,723.690090507178,123.54969902948925,963.0228974596367,56.12401330464848
Ahmedabad,0.0,8.866705306336751,0.4410453955501392,84.75527264097836,18.80232468845215,826.5881540134709,186.83207001162395,1095.5435211513236,48.76479557630464
Ahmedabad,24.289618651105606,28.681985492429497,0.0,76.13562779829653,42.95030646599929,542.048167345304,95.599367938752,932.1846200049308,64.07052232876109
Ahmedabad,9.637244204851967,36.69288828963069,23.184957985704244,84.10088028884088,10.129664308891776,716.3457357191573,149.3506182904074,795.8118835614507,81.30845230342545
Ahmedabad,0.0,22.77996678327085,12.544040831336648,76.07535666035497,39.40433905087666,703.7895105110525,115.86546645103381,980.1127808288571,60.96233201468717
Ahmedabad,0.0,16.090517759235336,13.346796124843046,74.99703195912488,12.705431543402561,850.3568208808798,163.85500325981292,980.1545304843769,50.077442920279914
Ahmedabad,7.62209870710425,34.4688475790095,7.8277707972175,64.09806079321555,13.867886839462024,721.8205419048104,153.24078876329915,861.9110069999957,47.46436710006863
Ahmedabad,9.316377659766541,28.95008165641889,6.508412229409686,51.65080148612393,30.973589364306946,664.4959096944638,140.497917194945,886.5983822630485,55.590344442528355
Ahmedabad,0.9510377774719707,25.695227318510796,19.490435924242846,81.20297219520106,49.83672224451788,590.0385719914607,118.68781132315544,952.8610455979159,71.64249930779104
Ahmedabad,4.180281833540569,32.34041465165518,0.0,70.83189739326579,41.076159743537005,665.8055260412506,126.20332340288661,887.2625221832055,73.71177565187799
Ahmedabad,7.513962899413869,0.0,16.86399238931805,53.310760761580525,44.260802248532876,686.663890697206,99.18919317680695,1207.9923749296713,55.4178346687867
Ahmedabad,0.6949258121869377,25.317562122039412,7.360856915383582,72.6424042826796,48.17664025645256,659.4940177335277,132.44559506204502,922.1721076373763,80.09749299288721
Ahmedabad,0.0,10.11849774256307,11.283818754809118,65.35993947234084,47.347756191656444,671.7008032229629,125.12112646949109,1111.9189115415347,52.33962856728382
Ahmedabad,0.0,18.846494551649272,21.442461383649064,76.1423249449482,24.648493280836018,768.3485770921723,168.86971274969744,964.1868644640346,59.91356854761044
Ahmedabad,0.0,24.13552320834912,6.929875335437231,58.90410764515298,43.16176855033984,653.7214216777666,141.25403502887332,938.8830298295634,60.17489797861136
Ahmedabad,14.883415179901249,1.6318656377202565,1.6479242029265748,58.83627154605777,37.37189851123721,697.9308035655955,119.48461272924082,1137.827950981633,57.87808544897211
Ahmedabad,0.0,19.039681264242766,22.007158807026993,73.73702772116933,37.37950722823946,699.8371399780107,153.52864933593852,909.6620544374463,67.3015275482673
Ahmedabad,6.40409736253558,30.967069347977542,5.264098575536607,57.64928719792865,44.339849091590715,617.4148978123044,127.89119308550717,864.2253613459603,70.66696522312523
Ahmedabad,3.811934413107469,4.1348668839645715,8.575732235984116,78.33536800879511,40.94677437299422,700.1563272473874,150.10381525350053,1121.6115939217675,56.654050462084946
Ahmedabad,16.71404203514238,9.09866203438964,18.631945010523978,74.6631081418229,33.98780450205429,630.4763429225471,100.09054033885762,1117.660813014494,73.43745679915773
Ahmedabad,2.6110458698820906,12.291158732673743,0.0,74.003362958213,36.63040348099879,727.8132209363719,148.00181895928054,995.5075563482511,55.511754144771125
Ahmedabad,6.0088747013191295,22.575945789590136,4.480883735781331,61.17147808298096,24.980748162265506,735.6291255106262,167.8421114498444,943.1795604431716,49.51908075113505
Ahmedabad,14.243417898954778,16.357297085493656,16.663945034667947,76.77826246456378,47.97777918504656,646.3103306232002,93.66291722320614,1034.1030140782464,66.737712456776
Ahmedabad,13.988138292516414,29.18519940366747,0.0,55.792562116564625,49.70217037410769,566.3779501128283,109.62802907029516,952.815076425035,60.253971837353276
Ahmedabad,17.278594084814085,5.296827828736006,0.0,61.91244202642871,18.550086927908268,764.4713659241089,145.46424230736056,1177.2253957149096,50.89193888336023
Ahmedabad,0.0,22.59799534852825,27.38330286148178,70.40592113963278,12.350809256061726,750.5442110861884,159.60810829184248,974.6017242803686,64.66760200280203
Ahmedabad,1.254951293332688,29.08646617771558,14.540140637915343,74.07818693729233,40.105051294466975,630.528694636033,125.99758582180822,909.1187744716585,71.27526595597662
Ahmedabad,0.0,27.18409420816095,24.410438358020077,74.89388753418945,38.69644843794691,641.6566930721016,115.82345140600866,937.9909878127745,69.48923169015033
Ahmedabad,6.734110969506148,29.9127951257762,0.0,75.16661390406705,24.01328080831999,689.992787276752,161.1544122897203,876.0638649212411,60.95003819916189
Ahmedabad,21.08197915604667,23.831903277775467,29.078513366130977,72.84825023819546,28.990910208211584,593.9348410824706,99.54552334860556,990.2566971242189,73.8521626553079
Ahmedabad,4.168176044345355,13.08503943152295,20.739141966170337,48.88978415884766,12.988934816409639,792.0708281223757,159.53517494055683,1016.7489142314733,49.07196834837885
Ahmedabad,0.0,8.896602739756492,9.100771444458559,78.16111847548189,10.909207179682056,842.8996158074103,180.90208741308615,1004.8895136867853,53.99669421710401
Ahmedabad,8.528878747024514,0.0,26.73716542607859,45.90016660797249,20.606725696730102,774.6893709136788,138.52466179067653,1159.922367754147,59.53223735913589
Ahmedabad,5.329032568054828,17.610506010919,14.789065075075879,63.8300113252953,10.306928412219577,785.7926035425709,172.61444915610394,995.8990959373749,57.66129414216646
Ahmedabad,0.0,14.025851106397425,28.90955564806348,58.77773824756652,18.91001782198737,778.4056186316649,161.53238266943356,1011.0637304064154,54.98122989997134
Ahmedabad,20.360584855203015,24.250664965232723,0.0,58.55578750450067,48.43392052044368,552.4306913814452,89.27998655703207,969.160074010854,74.19670605673362
Ahmedabad,0.0,28.685454385780506,32.21699991907956,73.35772120832544,49.481670963918006,590.8355856656752,117.30019603006511,948.821086976583,78.88539403157239
Ahmedabad,2.8710211943064508,30.643962485486078,11.070985911147705,49.93800533255002,44.64723495216537,606.7987930930267,117.9868894466197,937.6217463970393,63.27120445156148
Ahmedabad,0.0,25.517210749203947,0.0,69.44397598968398,14.519568432755388,789.3169389292245,173.3123443610472,951.5803063800874,53.30842634419608
Ahmedabad,22.472459193903,7.476434113062719,0.0,50.65041306383724,37.27757079633043,652.7874759880472,118.00138362883106,1121.9787078295813,64.18683550017508
Ahmedabad,12.903275796775588,25.42716756422712,29.05615980191544,47.81827808753755,49.16480705921862,540.3213230868855,84.61778255943801,935.4995183429693,68.95992279205123
Ahmedabad,10.187289680549704,24.097882188273868,6.498330160793682,82.2684603743279,23.429868041231245,713.5439413536549,142.3336321214795,1022.0256807134801,52.3209094569975
Ahmedabad,4.3675891506373326,18.93281095041927,8.290966769916817,48.652778597818276,46.989047316874384,622.5811582666013,111.33430253204943,999.9955639080307,69.4488199617842
Ahmedabad,11.645204965840097,11.850126465595203,21.259317352036792,70.25135119748981,22.527459522600672,708.5943353883132,115.09324320637094,1028.9228728533226,53.40370247822599
Ahmedabad,6.975059491821202,16.811689482613126,0.0,53.45956953473902,35.541516889568896,717.3602502383937,151.6314946867428,1002.5282585717016,59.69037010508188
Ahmedabad,5.78013997216685,4.917397608358877,10.315015953014019,70.78503334970759,20.392605392856034,809.2957269392216,159.4210271123921,1087.1375436617886,61.56025308212686
Ahmedabad,23.452336447713265,28.908461903143287,9.909193565957185,76.96808323710398,12.847188372435959,638.1966474358048,133.2705026331603,931.8465006224368,63.11425128579503
Ahmedabad,15.60162160086933,14.803387611314026,6.268271481994198,60.18074808047816,26.54435367368615,659.2750277189824,139.0899590026971,1043.5107462900487,64.08858334582102
Ahmedabad,0.0,30.778354617744967,12.976095681151463,73.2490672368358,46.89002990869077,639.0747329467192,127.86701920428257,921.4549572261916,68.59715346816253
Ahmedabad,0.0,22.895198746376728,21.360736871891493,46.09960094013242,14.964402712436486,761.2195480567872,178.8554852664726,928.1471040365464,47.1779784363295
Ahmedabad,2.6966436868695425,15.586585085713079,0.0,57.86686654931562,16.825297615131213,830.46929207636,181.66086623878147,1021.1877218328711,54.293010191569955
Ahmedabad,13.369559390261553,20.09514414787293,30.520562593724215,47.413334489896286,39.234612752816375,570.5140444204474,104.53188541889233,995.0268225153602,65.03691427708608
Ahmedabad,23.980423809615232,34.000371740844884,0.0,57.98552042720465,28.451692499679588,572.2413523514537,127.25709677052238,903.2318823967922,73.86457355944391
Ahmedabad,0.0,14.342212149187716,14.953660608926157,47.673115690103955,42.83944518825764,682.6773879964271,136.29322271128126,972.7881890008699,55.163367968330306
Ahmedabad,0.0,8.480582039099136,14.141651951511967,68.51736280969332,48.69155752335439,670.1917197246364,122.33402238825055,1114.9275761887673,59.247711327431844
Ahmedabad,12.556154512477622,4.296024454513285,0.0,56.74392230149771,27.231779307119602,754.3432703956848,154.62856754396998,1108.6653267778727,52.36625659330465
Ahmedabad,6.427438733810408,32.90060600816897,20.512387051825186,70.00895979966933,42.65039409527788,612.9057993934584,123.38079630428876,921.515889861291,77.89680898964136
Ahmedabad,18.350639470794803,32.720548197642664,24.055602996500017,45.21266611429862,17.007741183379437,619.2091654404409,125.5451218381787,931.1494288337005,74.13261693513337
Ahmedabad,0.0,30.417100842671346,18.931882693685743,72.14162835311339,39.50584215763692,649.3274140053073,149.06503151738565,880.645203457481,77.07170764982831
Ahmedabad,23.657314795239657,17.834322792471095,10.287145789687493,72.12171704144093,11.493356759023037,732.2156699819409,152.79447524719112,1107.9642263747014,60.257300410033466
Ahmedabad,21.844629424090435,13.69868486799978,24.389306347454077,51.93005109833716,38.11525351362283,604.9735592987658,84.2434429350216,1064.3958917875834,71.90395731259123
Ahmedabad,16.72034465690802,3.7927857938964635,0.0,46.3992534006009,45.356131039675994,632.636038872211,122.81270281984972,1135.6694837664177,61.49593298181257
Ahmedabad,0.0,26.027846631924124,31.805070114056115,65.47877655692182,15.63937783801325,723.6170774168996,154.29098206153773,958.5478163332515,68.73447163945914
Ahmedabad,0.0,6.061978060725972,0.0,79.97881803619046,42.378439385799254,756.5530260095876,139.52771263528615,1111.2226085557595,52.30554875753603
Ahmedabad,0.0,25.921455418638516,14.722172159902346,47.39108283621874,24.233434381440325,730.3366131029578,164.74593067612076,896.1966330124006,50.49731236686883
Ahmedabad,17.373983876398817,11.919215827375794,0.0,75.54141641956369,13.213924475616725,765.8472342960146,151.36218450520627,1055.6538102660231,54.988491985513534
Ahmedabad,15.150202060254781,10.618149807511125,22.820557395516957,77.75589209542429,16.2757835878644,703.506242249697,119.02290448217866,1051.7101649449476,55.3700996719425
Ahmedabad,0.2818415720418681,29.540420407931812,23.459196657815614,79.40363204523592,20.3658045230221,692.5516385963152,177.4605934418333,969.7269719242231,69.66996163313016
Ahmedabad,1.8188937170571489,5.059222678616472,1.7619894561918912,48.608245816637265,21.93284889304866,823.9449853897609,188.9658991931856,1080.7421406965866,43.489320921771515
Ahmedabad,10.033190084918417,24.469149506830867,0.0,46.311119343562154,42.316536686874805,613.0861153131374,127.16636642858411,948.3190138260654,62.03323000686115
Ahmedabad,23.25300911782675,16.359475693699597,30.93291567541209,46.3858013158369,35.35187176400576,559.1691909968133,95.25391590907434,1017.7090728102424,69.6112067311921
Ahmedabad,4.309432045388849,26.88850530183111,7.62361573224679,77.54874504696872,45.91147843455754,674.1049976545555,125.09506353064043,919.60018424675,66.79663238146424
Ahmedabad,0.0,29.648804014656648,11.591647486220179,78.48075702309515,42.51805281370072,650.1639515491578,127.21039676216641,909.9760414544365,71.434980777288
Ahmedabad,26.39368697452968,34.82097080525472,19.763905135559643,82.79590617145024,46.29799983951637,470.76955235576816,63.429434159851716,875.3148848481777,86.64954990367104
Ahmedabad,0.0,23.96644950448056,10.69536772904447,68.00857331603969,42.93391159495027,682.3470643206159,133.28578187719685,946.2904797369462,68.87969582806322
Ahmedabad,19.16395001996589,9.17688248571472,6.228999929786285,53.10862300255285,25.20634554145679,707.7790619635257,113.88842782157062,1089.8332977973635,51.914395810214835
Ahmedabad,12.334481149575204,21.003738567944204,12.244654608880413,72.11320523862662,45.75626514068193,615.1516987603989,100.54600459531719,1012.3617430071654,62.48524690859883
Ahmedabad,17.2099537567437,12.437124875951955,2.4603258252772555,54.20439582976833,16.803117447317383,736.63839217139,144.98594112751306,1007.9367215871213,51.108753618991166
Ahmedabad,16.836764231658574,25.4989977269642,0.0,51.447606484179815,23.202088582346406,652.287446411185,141.74238477405672,982.8555363652639,62.40739221952708
Ahmedabad,25.541658381510793,34.19981485015064,22.898883360593754,67.40340735845837,40.832443948802975,528.9761412304058,55.44399805794787,911.2899467978332,78.76128530585596
Ahmedabad,0.0,28.88160930513217,22.28219680490519,57.18541700389943,43.34580176434638,647.3624798707414,123.53607709008007,879.4506806960753,64.91628400816742
Ahmedabad,6.076259303872902,13.1139018399883,2.0252433494733335,65.57811647616322,31.88386028762985,728.4704072485471,139.79270807608688,1079.829357106317,57.450513061037014
Ahmedabad,19.366033207365874,24.19606851185562,27.683004374855884,45.135234844950034,43.22873838818178,578.6993298655733,89.30030781629938,1016.9475551202072,78.85792738098775
Ahmedabad,6.670538614717664,28.13223487808823,29.60763156941269,57.46503914231447,26.960493966419925,643.1216850190398,130.75640482468611,918.4197102722235,67.99078778626732
Ahmedabad,7.107477656942947,32.22093322365494,28.09769180593416,46.579941926945054,26.15997984679591,644.2334103116552,129.86633859928938,879.6176399410672,76.17656297441536
Ahmedabad,20.233901763182722,24.198257870961775,0.0,83.04311064037768,27.96442682432494,647.3176853129946,132.15884895761093,995.1201728064877,65.97456479878493
Ahmedabad,0.0,1.5364314782234203,11.888801640973263,47.16611213940029,30.37903792207564,776.2579371706878,140.44655516106548,1112.3914122407757,42.72089674104029
Ahmedabad,3.4967323930922447,2.091337061901017,1.2385570178957739,78.36334946261596,24.67432397857852,796.9065998415203,192.33033231968926,1113.0437461761865,51.242139662923535
Ahmedabad,12.443926465633908,29.41977615876922,13.908245534255187,69.08839022566366,38.635154741794445,629.4477907123284,106.03174975902382,953.1926651614929,68.52197993917049
Ahmedabad,12.255532791057853,7.9888100414109005,2.2600890068147894,83.78054431138499,21.251822450891645,763.3160164070363,153.8178454542602,1135.7833321767048,55.17577470235678
Ahmedabad,0.0,0.8973997051540898,12.73257308991241,58.53646452738162,39.63755032713214,753.2433999746175,149.66319887135936,1150.6758710354893,59.44050063616372
Ahmedabad,0.0,27.60678960127308,24.680675568708203,77.47910630939487,22.76770590567856,689.7554167172909,157.77943710876144,930.6883637711455,67.65465262171426
Ahmedabad,15.439158942400887,7.101822280662525,20.300757513130772,71.41116247367361,18.342188550182442,682.4981912794694,127.57366527240526,1120.9835825165783,53.734616120066725
Ahmedabad,11.848079505173,21.897059381189298,30.685806247618466,47.40833535406232,31.298901909560843,606.2622302485333,125.85820798863332,1025.9893151111373,70.58205603132835
Ahmedabad,7.0337437585777245,5.0663758880772995,20.69077187914533,54.81615251566929,49.9626505235236,637.1848616811687,111.36185510106408,1110.4330362079882,59.91196320578283
Ahmedabad,24.571260428813538,24.164344773203517,21.939948358956507,81.67277174876168,48.1203015660829,520.5533506880513,62.37427070392725,951.6279098878554,76.24527160301739
Ahmedabad,17.017220958771457,26.515703575197023,19.067388074953513,53.519891563578135,12.473223173570666,691.8042814210983,141.76167343143712,924.7263755060314,64.81902402683659
Ahmedabad,0.0,22.574734771250498,6.186428832229094,84.15682756469735,27.863749256992662,735.2683081797871,157.16728669270134,981.9790591866416,66.38901719918857
Ahmedabad,1.7199838959194196,0.0,17.66919223089353,46.23727669011976,37.120341668096515,691.2432033668774,153.42454781450223,1082.9633634161942,46.635989655064684
Ahmedabad,13.848976312845942,0.0,5.452284693350297,73.20333042549113,48.21286384037841,653.9310060150943,124.5632845607683,1133.8825898646917,62.50713477275391
Ahmedabad,20.603913344311742,18.77762788760916,8.067441338055449,65.2479194201946,36.995932714739084,572.3437402663982,114.83615353314613,989.2744625027715,68.32454707413547
Ahmedabad,3.0549930376470584,13.957111510182841,30.4132026129287,59.82361252401258,22.78533892200583,700.088867465465,156.411294293452,1047.8049459280755,55.71611692030547
Ahmedabad,0.0,17.62653135993147,29.009939493844897,81.90111387155117,28.28285183809944,714.2356758189435,130.3458108166508,920.3365375746953,65.5108724673513
Ahmedabad,14.03197078513464,2.3564822702326644,14.74943426945497,66.98936238953473,17.933707473553653,743.2625467721773,151.38196340047045,1150.6116550798235,49.77825247228821
Surat,0.19031677114028867,31.135370022245347,2.1933561405008817,84.95188294452777,41.289370354501514,473.11058508590526,99.77253529155163,725.0997734465229,89.769218110292
Surat,2.6256623777104195,26.3247663847316,12.95604162487453,75.11601089292034,17.63272563434056,513.2514401278693,126.69192880572803,771.2611183573537,64.63848701583434
Surat,11.578657390245269,35.091225519513074,0.1377993389621892,46.9384863921929,34.57065227465112,401.644043556223,95.72552441665887,650.9233352492085,82.98584636565563
Surat,0.0,12.92849201032729,22.275620596935468,56.05627713429341,46.154797269123726,409.1678014810997,74.3393008895407,895.6164760400059,72.93519880414644
Surat,0.0,17.030791306797916,0.0,78.95028002647624,43.49515471775483,484.8328579984651,99.50164162059592,826.9145670196027,73.93732628722569
Surat,23.907480773524476,21.842893580812763,0.0,46.96459135009049,22.13758013970606,438.67020876160944,91.48974220721207,787.1139109926102,70.16843155399592
Surat,1.90154983980797,20.079548033890198,8.534789320321888,73.536090854649,37.36069132130425,496.2302001397091,103.90941567291976,779.2604471364895,70.18986409749795
Surat,25.599823856375316,5.56686403671446,0.0,70.8520013864109,26.493610939996334,470.3499519278431,82.004765751146,1005.9274240831568,71.05426752462544
Surat,10.073367845432955,15.92147539905892,0.0,52.32141841510003,14.386497997825643,537.5289665786107,129.91338880360186,818.4329764739035,57.304106440531726
Surat,11.999601641210191,17.162983990262152,0.0,75.51484971607746,21.17533164835547,524.7777636465191,128.88907610711001,833.4726908332595,67.8334361980837
Surat,0.0,25.1555320998479,1.1721830135760634,57.028984820411246,24.132083154316078,579.3351028069601,111.13066819804672,747.7290428222944,59.221611224091355
Surat,8.781774396860794,40.36616084605712,0.0,76.57515484645243,30.4613531524108,409.4793934614053,118.76436391891542,635.9285237783319,72.05683595672787
Surat,2.96935708353589,27.911653330153595,9.392981623946635,80.50291403190052,40.48914118065866,446.6112144774923,85.43722247039159,710.926437034708,71.78741116448313
Surat,6.680115739021311,17.356595303481775,18.402808002604274,65.966605172882,24.317038346268408,512.1147186843743,109.71166819712609,846.6187000654637,74.6701758087519
Surat,21.031114130698242,10.280479739084367,0.0,48.30706459508171,19.799106296986693,498.0949357040136,99.78053827155706,922.6545291180121,61.28639839103623
Surat,19.264572326769894,21.07627591637009,3.589956539352073,53.41790212732782,47.160244001503834,386.7509791125782,50.0,843.6249924427885,72.24815797462914
Surat,9.349308735868032,40.737735883506666,0.0,58.84268649576335,27.030298012988162,429.9656584982487,109.03310086172493,635.6875745347405,78.4679130573286
Surat,4.176512109367447,6.991883253282396,0.0,80.51536676942334,25.877015709625432,558.7231211204045,116.4439183599168,905.6981187749377,60.27660371172543
Surat,0.0,2.3191767311682625,8.259202387102683,64.77393850893884,45.89442481306858,500.2658451145064,103.06989184047092,930.2033835763109,58.73378816704489
Surat,16.32107388609728,32.67396187583724,3.2880818654763857,60.71719098500732,17.063716456148157,450.03974256129703,106.29322526845753,724.9022227428786,80.28965198775016
Surat,0.0,31.149421666275977,0.0,84.74953774564557,17.72866396696189,557.8475264821299,154.46319642009223,701.1813344492352,64.78565965792905
Surat,0.0,34.48533914373736,0.0,47.51715252784574,35.44564485854292,443.8113052790905,105.9431635871075,705.2378994653027,69.00860689480693
Surat,0.0,5.675516860066654,14.13853578847689,59.02411919797406,17.99814354725762,594.8047348557513,119.28153757068976,921.9418945633267,53.81041168128082
Surat,7.834283897060391,11.096682488853576,0.0,70.47128004491282,8.786041563196868,636.9463755113441,131.71409282090846,897.6747941932005,52.46862000973123
Surat,3.7526165119969157,16.492973554811325,10.37561561506483,66.90180105160988,13.70478069999167,569.5669073968128,138.2140366753021,789.1737474097491,67.89711446852681
Surat,21.243069689677633,10.717075533600106,0.36723801503503495,81.38877857958877,21.854080295680827,504.658858273998,108.42985363357947,890.0634944480767,72.47873428977255
Surat,23.033916646174312,33.55813067868612,0.0,61.855653855596266,8.989131004765234,465.7837625372198,99.95801892860202,697.7329595569488,68.46571192947549
Surat,8.459306340408212,7.927117263072347,0.0,79.81335357470522,36.63184426932348,494.93617203695106,81.6606813911061,902.1796868355332,66.80677639558238
Surat,19.91666177259183,29.402710233913762,20.11784579861108,70.5958607380083,35.772024129390346,371.5914333124457,52.47882628208792,758.6725352805558,89.13977353587036
Surat,0.0,30.530795671345224,0.0,67.54550847605121,18.62824880673524,566.1633637788932,147.28810818334833,737.454810024403,67.61308957851205
Surat,0.0,10.174031573342475,20.33149203079045,54.62237713369599,29.179306961625585,560.1440697995446,104.1670624061667,862.9714844171484,57.11137523407244
Surat,3.9526525047030994,37.19779972955986,0.0,46.290563219424676,11.41406480798803,518.1996411481972,143.44558193387687,670.2412748588669,70.71029418341809
Surat,0.0,39.06148780875054,0.0,66.65421078672608,28.47785568692334,474.98682677459294,106.74789461377345,649.866197357351,68.9812994285234
Surat,22.81783921353373,15.363348099752432,6.010335675501441,73.5545910584667,27.595136348008563,409.96153219753273,67.32965703475942,881.5276911339838,70.72527203558826
Surat,0.0,4.872216584629477,9.640574261469897,54.737121862097524,20.53666799835181,579.4242625715901,119.01461006307085,914.3343149265994,64.07846880015703
Surat,0.0,35.99719199378774,0.0,63.98120692630512,33.005383107569294,474.21276742896083,106.2250534982126,678.5014377500435,68.95271313934902
Surat,0.0,2.5096542720499926,0.0,73.47973884387628,41.7145067011248,540.5372374246997,86.35160752873551,899.7515750159776,71.7083666769503
Surat,15.23994756072803,27.216501707974018,18.57499442475354,80.0245469367645,17.45707836051827,440.729944517907,95.26562582103617,755.8215829715842,88.35727106755296
Surat,24.148662359704232,8.66265377410086,0.0,64.58695053062436,18.619541654522333,504.414332161363,92.73331450012512,951.0533830288474,71.28063023622428
Surat,10.098126384999063,2.966250578810943,22.872438392199136,74.41350384674035,33.58017901233747,501.4350858680147,79.23020363040325,961.7670028631296,69.1041373104528
Surat,12.19267497357379,27.357535738886867,16.438608097080397,78.80399657608362,30.29714382657979,416.8345301284749,89.28882754189786,785.4422775812205,80.73746118602001
Surat,8.408273537463778,30.095663170282613,1.5904136562230065,49.28731692836838,9.753489827167108,512.498629430911,128.95845373928253,727.1925428681792,68.39646021107687
Surat,5.023451770803401,12.09271640987782,13.606818259436505,69.87512212578251,14.18467652019735,567.3049823744823,139.05268890911273,919.4089115320942,69.38491936481661
Surat,0.0,30.12468171696822,0.0,68.32749531152689,37.90242443155555,459.63735223260335,121.882090551748,661.1593531161711,72.45027204811237
Surat,10.221587552257237,27.372793026990905,4.056190010185574,62.033833237745,15.597014990218902,518.4759320426601,129.96995145800167,764.067666547155,68.5003687343769
Surat,0.0,36.654665221858664,0.0,82.92076417426829,17.931673667661087,564.1697809075924,126.46488845524357,663.814112240883,76.10133589659631
Surat,0.2767984129489136,12.630525604436354,0.0,63.4001253029766,27.16835970204246,553.1079157777817,117.64431713509062,878.7070580782259,53.561823095852645
Surat,15.551633497928439,22.765982116768946,0.0,79.94178110141934,8.230605175748359,511.84066574510376,119.31078840891952,768.8024307422393,65.71607044403791
Surat,5.8002472397534,28.492120736511303,0.0,70.46580340492878,18.116207092721435,519.623094372342,123.99773218787875,745.2486482293305,62.584419129121954
Surat,0.0,15.583133135516023,17.416949195582937,61.194846553439554,20.901341760019342,558.1785755353492,115.48342001995508,860.9187139374336,66.41195635920592
Surat,0.0,12.682513806905414,1.2304825074755605,67.5455459365482,17.26087079047725,558.8685164787038,133.78131999649722,836.4586943056902,52.161766448477564
Surat,0.0,19.021678581254868,3.2857726059350654,62.66798447133006,19.171726717424324,618.9804668179879,151.31228382393482,832.9180813916045,65.78433896091401
Surat,11.190002042599566,28.89750366889539,8.482919819809101,75.31880773681726,35.643339206984415,442.2841939005381,87.19556980560085,757.8995101950259,83.76799909159546
Surat,24.088855190752945,10.704699409441385,0.0,53.18267361457193,23.648002139418196,451.22279320930113,103.39582846835563,892.2591024353075,69.21938058889965
Surat,8.426606448473976,8.86110460230704,0.0,81.29981095416204,25.964709654101863,557.9599062700843,97.58209843516539,937.2589130044498,67.61044313559069
Surat,0.0,35.32863463694633,7.270313475078964,59.977409939536834,32.075011922221854,455.44395045168994,118.5853189711024,703.8715224253725,72.67240786895562
Surat,14.890388588652243,11.129948076468533,0.0,55.66142367464901,22.0060647695572,503.22767365285193,106.89000418332445,880.9482755850854,61.84729205875967
Surat,0.0,11.286891535262466,7.511212653165352,64.95565411058882,34.82478349685522,518.2802422834025,107.0122720563061,818.8712936404108,62.24912268872153
Surat,9.608149895518494,28.850676126320433,0.8747941815226312,74.98141042267795,47.110526531498095,400.4535980349554,72.63305578246579,732.9099367624677,95.93154360503729
Surat,16.96780711180292,3.6658908587797967,0.0,84.84978007149326,45.168643321298454,430.6203460175132,54.8054315260582,963.6801664766518,79.49416735212615
Surat,5.5710447929947975,8.792028376297989,0.0,67.45198078248777,41.28298893050012,487.0644274877588,104.37630590313735,983.9995484691568,74.56747056721055
Surat,6.840751559534997,31.468566038905074,0.0,69.62455575608084,27.973616240821066,448.7798846409566,124.30557480957505,735.3455904112484,70.40391391113354
Surat,0.0,2.780016359971434,12.071734626191109,58.617320545466754,29.272637908971404,559.6453724860855,133.18354660443345,934.7950220551842,63.29915324868875
Surat,24.566338471389322,37.66585156291965,6.403845179151979,83.2518231177186,18.839480988025066,355.6452162054772,103.74237868347575,660.0689777050193,89.41473304291121
Surat,0.0,18.361660765229118,9.901469562260097,76.70488868335713,34.744438944013524,496.5491781122509,91.12931739492359,786.6120373873615,74.60499333916822
Surat,12.716938488355183,32.83565627536747,0.0,56.2850058866765,20.59728362854173,474.12717460859966,112.81887528790288,731.7531283529751,70.28484299191231
Surat,24.070435783989367,5.0303266576115035,12.869343878147895,51.73493523794908,31.359732562788178,436.44606870543055,56.66716793848031,970.277531086519,68.18662641150965
Surat,0.0,19.99480987027284,0.0,50.65366978139565,36.63723123535308,474.1919900487026,110.47112182771511,829.5977337530489,65.81945233163947
Surat,3.0220061125495725,8.455091554064074,16.853271351717275,81.9938415440021,45.192824002212475,447.6286743889803,73.76871023764076,890.5792337802995,74.03243012209377
Surat,2.1341080933386074,14.391175300042082,9.621906393780336,69.9937138791403,12.274933180381275,585.1095852166738,148.03300087947645,868.8424335962759,62.74804010800918
Surat,2.0779236513708454,17.72761817327013,20.56047140384895,55.78083313583039,30.996405495096788,492.02223800692104,103.40809557963186,821.5531341274766,69.20408382124145
Surat,16.116850643381344,39.362827584717635,15.585320856633636,53.46667059301602,12.67947413827902,400.84485733542425,93.9759328396156,689.8785847777959,65.15938211329468
Surat,0.0,5.1049694707538436,0.0,60.015865911157206,47.48363626646908,535.8478887566832,97.22654667093116,897.1545545213517,65.62047870142459
Surat,14.820139635078622,28.713546167172282,17.47713368543836,80.18352873157713,8.385571943284791,474.05804590435406,92.60802926418765,791.7827780753298,81.78527522608434
Surat,7.5914965048347725,6.499356404297906,0.0,73.67494141352165,41.227825484928736,481.03505325190105,84.00944211903459,861.007441728384,68.49495704414967
Surat,0.0,9.526132249029738,21.448913857586156,74.20459798835105,29.983989912196687,535.6417643852745,107.98743196359581,899.7319437609575,64.35384605877087
Surat,0.8331126180932582,39.36495854095741,0.0,71.64286478727607,29.17717604729002,488.89672684789764,135.4445490091729,690.543934367966,73.19133543987188
Surat,21.75375898966584,10.288935235761187,14.688047827184057,56.87862781627008,20.8924382760366,441.6585506626091,65.86266052177909,948.6607197591451,72.3646483451382
Surat,21.727552815461273,11.034264342003947,1.8108418057821538,66.78549338318867,43.949227621010124,416.2553402211384,63.78338631607189,940.2175432925322,80.73451858869322
Surat,8.640305212341318,14.740613739760676,0.0,61.24514018863065,24.28513210779753,535.1193392403488,125.36894397797585,826.3367115143158,64.39002483105676
Surat,5.372633037680885,23.447855140260202,16.066880153743185,80.12780600050984,10.507823834507636,567.680038375775,125.871031997406,786.3118311331998,76.1748988384634
Surat,0.0,31.579156906596307,0.0,46.13079887492987,18.17241827396603,569.0877325313268,130.47914446035637,756.7088653944522,54.60534898919349
Surat,11.073755743514965,36.91202915781384,0.0,45.37660098418221,9.937386619442965,485.93631478649695,139.07777344115786,759.5667056595755,60.48851191794597
Surat,16.45315871017667,22.13167447206102,0.0,74.18152081907448,46.56479031058852,405.01883070144646,50.0,770.8117349063315,89.15607170208256
Surat,15.731406087541924,34.0273222917793,0.0,52.501660835104076,18.240914572989197,446.795822654007,133.40295888263446,706.1712844218113,71.02117064710804
Surat,18.353621403874932,9.835659497765697,0.0,46.028234327314166,22.92479126825867,488.02345497128175,94.18831817195054,872.8206927041651,63.75835565649683
Surat,17.445431460276332,36.52687208404737,0.0,64.39916578312938,35.20869978433187,407.8943109557264,78.95888845650734,728.6075407262427,88.57590328936863
Surat,3.427139690266383,20.348805189474533,0.0,64.49790505903414,23.022834822077485,553.2677457189599,149.71600316951725,802.1803736258681,62.04499039004975
Surat,0.0,40.149276402337904,4.022429904060047,64.79093217182071,32.454759379755934,453.6830166393769,128.37548948361683,634.8452853101248,74.58438365835056
Surat,12.359781178275803,33.47436527795607,0.6506464375920729,69.6719032302955,10.690107722916487,516.0666686988836,137.23306333513153,703.773103406419,81.4355540480286
Surat,15.868247437351634,6.637552437276508,0.0,84.0934224802938,37.70757597936402,452.8769101657544,88.7753673759486,972.5950483086518,69.61662014030631
Surat,10.855145367521644,23.03637651374243,16.034444220575907,57.08344429831887,35.636217749290694,421.6223218749416,74.42476595762912,751.5396279234234,72.53166364934624
Surat,3.968494806865948,21.814678647776812,0.0,49.6321607740783,18.19989473152539,567.8698534410302,121.62726790562328,789.0119923316252,63.61346930663887
Surat,13.250119648998297,37.922193671213506,16.049957742293614,48.87954767649198,32.834468118650975,380.06831271091147,73.78525334217206,622.4951598947242,88.78440901430895
Surat,25.909029250725496,36.07143305400966,23.35921361380872,55.85547409942509,22.6330410197675,336.8493219775892,69.25177399521775,756.439695141403,87.03974139060237
Surat,0.0,39.01609864051277,0.0,69.34312364068197,31.076809562620024,432.8113036432195,112.32119632753707,635.8819988237644,77.48007039954983
Surat,9.948621265035701,15.251578339375598,17.44799025136882,49.917724582625624,39.005597830002785,440.84743221384576,66.9714703649383,819.6278877978527,65.35854744431857
Surat,0.0,30.764627952284854,0.0,58.75211737795293,18.89487866131892,572.0068837933989,147.32287012868304,755.7306022890248,58.64217842515828
Surat,0.0,19.019132226927237,0.0,84.11515564810146,39.58735605789977,480.94110391215287,111.04995074375904,817.3328078049742,81.10740891291752
Surat,15.299605469686163,11.72949229944935,3.5085675595927412,68.04800573828598,28.504964445586715,475.92764250932765,88.92443954567759,914.2784799590055,66.54745779541999
Surat,24.575950613419067,26.56112151842609,12.351119435913578,55.776070017846266,22.382036199392118,425.0093884349138,66.84002427141604,818.8369589091909,80.8340421393797
Surat,0.0,40.770905720145024,7.603921484169838,65.52217841926621,8.63983676300196,555.4337970542359,125.68722784535304,636.9273178248701,62.43795845986731
Surat,0.0,17.321823726709418,0.0,80.4479614228133,14.858796599013282,588.4101390078948,121.72725022481674,833.957394884394,61.9192848066094
Surat,6.618406113998539,38.262737199603784,2.871192704313856,73.00748783578628,40.936911887131515,412.7875821270217,74.18982479272671,637.0171127200308,85.58015196024107
Surat,7.966939768387327,15.962362626247282,8.405246118597269,55.66928453055439,18.763685568027107,529.8574361525648,112.75677505919008,853.6518897437294,70.50700505890246
Surat,9.339726726246177,15.552774640761914,7.536838090038415,84.85826800879511,35.86277260306896,461.9475545858241,73.37783522633548,926.4665595677905,74.86091369291734
Surat,0.4450173375047264,38.46302883011377,0.0,65.48747945202786,19.81304680238822,491.1652642408497,136.72156499856825,622.5288170636373,65.07396439595574
Surat,0.08167962756931679,12.344454099445283,0.0,58.827063161627194,38.758202900308746,533.5388408410868,97.976954856768,818.1798042781624,58.08058776509838
Surat,0.0,35.11734153641389,0.0,48.58286601273276,12.601210481192739,574.587978555641,156.53409281826887,669.8828872149088,67.8134393022468
Surat,24.71021529398658,27.170981951548292,22.984583649443557,61.20764962759844,45.15535391807673,318.9088543836027,50.0,843.3823079593722,90.37085336774659
Surat,13.070204374721563,5.673979815118255,5.363489277164586,68.21471134969502,43.19868691142679,434.23632836906603,85.38370554056358,976.4614350918608,63.366796981364004
Surat,0.0,28.938189218768525,0.0,67.63645239015584,33.58159140348488,527.2629992355652,126.84429515417509,779.1369086491766,72.5537903704411
Surat,0.0,33.27767476444763,0.0,70.72862878455625,16.642948655897285,531.8573314578653,145.22917002325417,683.5181333481519,59.247931010754485
Surat,0.0,38.9751814494623,0.0,71.28746585406569,23.334014943403375,501.3469450770299,138.83484077602162,661.248690492969,78.31953225153997
Surat,21.722860985130737,8.05968184973953,0.0,64.00111245454767,26.462598378979852,442.110313993425,84.49116041370351,933.9484629815872,65.44709488986972
Surat,0.0,28.856768197855985,5.15805094671984,82.79158600604535,43.53829420001137,429.22082507189816,99.35992207433695,713.1774698490459,80.75637612222914
Surat,8.737677207406811,26.65325199556998,12.099076338311185,78.8610721195592,28.72608314781556,459.39541623046676,78.44993087248457,740.1911262791236,85.38119122271299
Surat,22.811282244005,33.448447732071635,2.4204613169854525,49.10647597374716,26.167545597538886,425.8811307568295,98.90683178769183,763.020680474303,75.58086692642993
Surat,22.472799821987564,4.582479777373056,16.378812372401,51.43262156006317,17.386059482759666,495.0058609108246,69.8894975148917,992.5589478233426,77.90817804746135
Surat,4.29589881058455,23.65567218423662,2.6164725979687304,49.17946430417807,28.600811742894358,517.7002256783943,104.48584307771246,795.6470123633038,71.26985027667887
Surat,21.86532449805304,7.6419063018778814,0.0,53.08094977464189,26.179956592475037,500.8924562213971,80.24479421909498,991.9024004194221,57.55308981792055
Surat,0.0,13.34216821014087,0.0,46.203934156678685,9.100503818858112,632.7287328113198,154.1806758882067,894.0348634238478,52.78348608360361
Surat,12.330348754605115,27.06467736071214,4.686764398638701,68.5838835520409,26.10810553890844,470.03798583008756,108.19457993769892,811.7563555440996,69.62712092524403
Surat,1.151040077595832,13.706266927324801,21.44392230958678,72.20281924375936,27.422120584559902,532.4720181250501,105.08107848487792,874.6810751144287,70.59247351930188
Surat,13.580944900948555,22.257055805105672,6.520716566569597,63.43327738270706,14.472896935929748,503.6441105059326,124.96563293248037,779.652953118194,64.19889598266207
Surat,0.0,9.368603986683858,0.0,50.44779485885948,40.098779500316006,544.6414738651534,93.7373752186527,841.3361724442367,60.73822676257367
Surat,11.51717751097328,5.823262534791034,12.831324573611777,57.61969414817721,36.844672269295785,468.19473126064554,72.0542871225576,969.9803873828037,64.68393438852229
Surat,0.90393551080356,4.375587773153136,4.721013512304278,63.318405164654564,10.549517320686391,672.9380806315004,150.4591516389571,918.7976909426488,55.92486656143238
Surat,11.336028267500094,39.70045799386955,0.0,54.60764991642543,12.906444389247483,463.485190456821,127.03024199603118,675.9499247067849,68.94039133184255
Surat,23.382436546909204,4.265416994364134,15.280586472962895,71.90707878659406,44.196077957123435,407.1309279739264,50.0,950.4610226117959,82.09410952320435
Surat,6.972857165476579,36.219842815373426,0.0,57.7363976360524,18.29458385122856,497.92274030343026,150.46089437471434,731.900472321297,72.89864829029162
Surat,24.04261964954911,19.527986576480345,12.214112426021973,67.87088616625566,11.178267008952908,492.13874786011866,87.54272382519018,875.369843710284,73.18608967989972
Surat,13.243189792545422,35.837365414327145,10.49366303898428,68.45188406604325,25.689870156175402,405.38561041942364,105.63141081027048,653.2480963838843,76.36203280975097
Surat,3.9412139359905787,18.849212892863626,5.105713584233904,62.63972006280717,30.727634760893743,504.19500038217194,111.86622138861352,825.9601380629854,74.79646921856441
Surat,23.15793777945646,15.912673110542748,0.0,69.71569069293173,10.536511835391167,522.0205855971993,120.98405318439127,812.0899586522173,61.34735105750292
Surat,0.0,38.97248491286718,12.089867096304037,69.28503495089562,30.70718227136564,456.21201394759976,108.47482358293693,672.1503317244064,75.08467593397741
Surat,2.336391211748051,11.312295537813458,21.373971279855212,74.18185182886323,30.52085015014009,480.8597563583544,89.39599071284177,836.9255945759404,68.57116661338614
Surat,0.0,30.660406482887804,5.199982446816858,64.71554533867695,35.27220083390252,492.6693613591453,104.46230494205123,711.6713331762487,77.54978082681343
Surat,2.624946370316568,40.68214285981462,21.317145721988048,58.22367862788416,21.819189239070027,455.1590675591866,92.82500247725301,605.2221428960654,72.94556325235995
Surat,21.828566241303143,4.031575269849132,8.761627901404424,71.82652975328655,12.75104822302287,552.1421616044146,94.80970211285583,996.1052796549353,63.51211731644839
Surat,0.0,11.187561489764878,0.0,56.35653580393601,34.478888763729564,524.8322453558454,117.7181300455151,880.7574837889534,62.06409170746131
Surat,0.0,40.579294680094655,0.0,69.21427976119415,17.01244295448165,537.4346026736922,141.16370022232957,615.2948704264427,63.67635579803569
Surat,18.572498277965877,19.12688889788845,11.4079231005814,55.78147249947312,33.180004931224914,401.5144524248617,82.86637600876696,858.6782978078829,71.56417497814014
Surat,0.0,32.1401731965631,0.0,74.93231406055929,31.677588432441684,486.7075363166522,126.36199091035058,749.6386372919825,67.90672685144312
Surat,0.0,4.031144166967444,17.245560942584625,69.19065298796355,40.499718748764735,483.830262864459,93.34485721006425,958.6991076991325,62.08932963537406
Surat,0.0,30.227716903717138,0.0,67.26530469455201,30.561051365705566,520.6882753750932,109.81117913860855,711.1984364962879,72.41388826136675
Surat,17.62855776458379,23.12265259245152,0.623514583721569,62.791420673364115,21.469326089035235,477.1014752837393,106.01406240844021,788.1635922898008,76.86737272501402
Surat,0.0,13.104774309105828,0.0,78.98055622879787,38.41134411950594,508.6339818985541,102.87342776075563,845.21254146418,64.35870881001452
Surat,8.536297739976249,16.325771117445704,0.0,58.167107101349096,46.562319594769086,467.217699299,79.82935685872104,831.0358026044405,74.51456495008092
Surat,0.0,3.2375903740430374,6.304409829563625,59.10988257133079,18.29482303751859,625.5037261405698,139.11518768660147,942.8259489247987,60.68721515235699
Surat,19.026266931551582,16.668174103018735,21.213994774593118,68.96600294372361,25.40466075556538,407.54593357283255,61.8486296238751,822.4068169094771,80.98688226349998
Surat,0.0,23.631253560020486,19.475432611251378,56.34977157051895,36.86447520511007,463.1887566567446,97.69872257895285,767.7309589052187,69.41710101927247
Surat,13.096929540506277,3.0120799855903613,22.224133032442296,47.92531329663972,47.518058002409276,404.54073507073906,50.0,983.5273742480483,80.68751203899973
Surat,8.968267738209846,8.859060518697602,0.0,53.28560188991475,45.79007520634873,482.98477103820164,80.61420061810918,984.1003229636879,67.44695795452627
Surat,0.0,7.606199514320984,21.06208674374782,55.45584181506696,45.14229882749062,479.9481887234421,102.98652749073477,847.4423642395823,64.93393475376955
Surat,0.0,35.02109515873941,0.0,74.32079601383046,18.93349233861756,552.525961549696,134.46433804499665,700.466198107032,72.01223628311277
Surat,0.0,32.70456499172247,4.656592915611824,78.42794988986859,31.235894939170272,484.54975368963085,127.21822714290747,640.2961134228531,72.73789495062128
Surat,21.543203215120627,25.782442691563944,22.48869637886954,76.4416429190343,8.19576662075281,426.27680299676024,90.3921146637533,853.043726878175,69.1606177057914
Surat,0.0,23.07915667654919,17.47423413895727,56.0472133003028,24.355907312787362,497.5107442252391,129.3923800486704,763.5948589932495,74.69926441479875
Surat,14.718291183496007,41.920576632390265,18.67922847788718,77.30201275253533,43.90567479017421,331.7301530896961,50.0,664.1948428369745,100.0
Surat,2.06080003279283,6.077337742192588,0.0,58.52011651450207,39.35399136592703,541.774819634972,107.61225478230583,959.1686194931287,55.8015860627984
Surat,23.245239675590433,30.174000466135546,0.0,57.869440946667936,21.613066510492754,420.8208834147194,88.73283075251362,768.2710204164889,73.61487053532954
Surat,0.0,34.857779358239945,15.271195965662706,81.24646183210848,38.985298280357554,417.3333286528457,101.78832511589367,680.2431817278772,86.79742653291026
Surat,4.861668693347603,17.07090476609558,11.893036316434884,69.80716174974529,35.26372151302443,491.19310996876743,90.98037703968517,820.3045215857547,73.53230403578463
Surat,24.050983120798712,28.87881353005016,0.0,55.86576828090736,35.328553200874595,383.1959959950677,68.64976707763746,753.0071981027628,77.5902877445481
Surat,4.752050469241858,37.207827921563684,13.709042075951864,83.99418623116892,29.4048450640129,406.93119789545494,87.96147106476992,659.7669300412485,82.22676535090196
Surat,8.013526429496807,30.508764739888317,21.715429896299362,69.47067705740436,45.73017745584424,360.33593181408713,87.49756156059826,696.1845194799065,96.74390328240378
Surat,0.0,29.039362677588098,0.0,48.09312174910661,40.01039862600864,495.97777262990707,116.73904595677341,693.1068144753816,57.10389088717485
Surat,15.184052408486735,3.8260776734298716,0.0,64.02030252816272,21.80950107465225,544.627594908707,119.09006069375555,944.6213967607245,69.78147715034193
Surat,1.8667561655694414,28.396406071577047,0.0,69.23244354765423,30.302937855669352,487.6374218369142,140.30959498206846,734.5573546657384,67.82245862364498
Surat,13.360212222139523,33.666864505985856,0.0,53.600830901758364,16.330900669811847,483.31464917581326,103.87694547482496,712.262391015153,74.63815722728205
Surat,24.947424545284065,28.267248982655246,0.0,51.21902046942813,37.121167937101376,391.5875586364655,58.34440942511189,800.6891512486825,81.52014932821902
Surat,7.978021127566336,8.638912085720765,13.075537431502202,63.659466696338114,37.738760555548964,464.25627231087583,91.40538593701709,890.5755881120499,72.9034619790294
Surat,0.0,35.688449724457655,0.0,56.970742191682845,37.659465055908726,459.63681758978026,124.3582469460971,651.3635410918449,78.30200557550346
Surat,22.497057167700753,18.531414517531534,4.99657320316879,82.33230856616511,47.56771837483227,335.6475401548849,50.0,812.5179174004853,97.99717547138349
Surat,0.0,3.444872587303408,0.3864771776155038,75.22895787010664,10.191952255071406,656.128032311813,164.04652951712788,947.7958504334658,54.20582437197233
Surat,0.0,41.30296792060344,0.0,77.31664273089159,33.11688735660162,486.974875477863,105.57109280498487,642.717729760574,76.69257052171446
Surat,2.272317919259187,32.68569252099914,1.2093761524775104,66.87925573611138,24.335438919845295,495.28314885823073,124.56904698470014,746.919187882687,71.83655197138373
Surat,24.53570763047655,26.124358175975562,0.0,71.81167334066707,25.59453205104862,398.15429725445864,80.16010127950348,743.0737629398718,82.71407429045468
Surat,11.451583463370717,19.15175966471115,0.0,73.76058132217486,20.355846156810337,506.5405590242351,111.75671884023461,822.3844057911934,65.77211533884696
Surat,9.068860664135574,35.56197197084626,0.8895347013418693,75.83091784314729,15.264501997965374,519.6708934023234,129.54031044665516,718.0269485050146,67.24440361292686
Surat,6.152510679625951,40.02721173796058,6.971827913922208,47.660697310885226,27.01040947918077,446.73244066815363,111.24149598128216,650.7590376651151,72.94150258963613
Surat,0.0,4.472956508064819,0.0,63.19052278966524,16.13333732660989,683.7923296564943,156.82339459463338,892.6400927286531,60.86129145610823
Surat,0.0,7.520251061950301,21.859002560357332,68.23857534764842,34.912449916997424,479.6769672452711,85.55183267240655,882.9573068627567,66.42674140673606
Surat,0.5293475386682847,32.994028227976365,0.0,80.65524206667497,23.913483799858792,511.46854294248595,124.1511683244237,694.2066114991735,78.77096317762825
Surat,4.234187827820524,24.17216327416083,13.363014481026223,46.111122819135275,14.996681599003821,519.017341958294,128.46440528783214,794.6792074200525,58.29540087599751
Surat,1.7941526486731476,10.610281046307025,11.571903415610038,57.01182476311464,40.12296796333173,471.55974874663684,93.08476099490896,868.6543581508873,65.802467666194
Surat,3.3310935477100756,8.85459043609531,6.729090155106096,45.72687565686013,34.708637117012465,512.6706928010913,100.64796532426527,896.5024430122611,63.82755616866522
Surat,13.26411272149889,27.58793702391748,19.937295532523102,64.29305082183822,15.850724825902201,467.73529931101484,105.85184758672646,771.2569152480594,83.30692234670546
Surat,5.109468641458648,20.719366979531856,0.0,69.37970863779795,14.99099713317164,566.9462378099346,137.88154529151774,817.151249509997,67.10190339394862
Surat,14.28406703084395,5.31946311565779,0.0,74.44668180273129,32.950787716948824,485.8709538372642,83.28072866514322,989.1633233626194,65.19900857790788
Surat,0.0,25.095678755979794,20.5616458616882,54.419427890434065,39.342567764033326,440.6915314980335,80.90899115240866,712.513389268078,84.80746931896714
Surat,0.0,11.102030913843482,23.49688581885279,46.630208807976075,42.623988514991076,460.99210693930934,92.41884445841589,801.5262688686961,65.18648607901993
Surat,0.0,13.37586398583311,7.077289192548932,74.35677868624386,10.557098553936132,623.1685016606879,136.4377546962449,862.8732927128733,64.77783882697152
Surat,4.298167959918267,17.813587784302428,0.0,73.87596652549468,46.96777482573301,454.5550527039292,100.74665926008367,855.3599337984466,76.25387125660704
Surat,18.09296039812361,29.900786162842582,4.090898240504185,81.88000025413636,24.710872489984766,444.86643611887445,90.41943374722491,791.1356038604013,85.95164426063815
Surat,0.0,27.818808905813384,0.0,48.05484534154247,12.790193374184204,549.8647097836896,126.50662401277012,732.6871038015735,69.47453015369148
Surat,0.0,12.740870301541147,0.0,81.06895496417118,13.705393302322609,602.060140136718,159.075338979124,820.617859283955,63.5655155162555
Surat,0.0,13.638956415508673,17.06192822913428,51.83764715549623,34.13283680224025,472.4910802542344,106.64861058467336,830.1934079786447,76.12202797127478
Surat,0.0,32.50540412955215,13.89620929862117,45.147576154069405,21.310674105754153,488.8327968342681,123.96482632333773,671.2034732703527,66.88831346499758
Surat,0.0,14.454037249301768,0.0,77.67274265275546,13.062689327520097,642.3688500559176,151.34179569243204,846.9132635213151,51.08395098988828
Surat,0.0,41.957387414341234,0.0,56.43544721988401,34.09045101237165,399.42025617172186,110.82279522221387,664.2887875312729,81.23556846149184
Surat,14.65492255024154,12.75126437434843,17.677758583573826,82.93209809954647,33.1169318290909,464.11897979700154,59.25565218340146,903.4113843750946,83.2062890294397
Surat,10.144600918196343,12.34809556528014,7.129964866107308,50.89115705657849,38.94616601617135,492.4745827523606,63.87999907833161,848.9193499005157,68.60181409501699
Surat,0.0,4.940595666028713,4.831469588647373,55.24281046573799,25.374066558781305,619.960690927275,128.9061762394813,871.9903194546151,61.64823747177506
Surat,17.474720138079245,28.818281986977844,14.623636470542998,57.27278282522941,47.49291963308271,335.4548828268467,50.0,777.9499589547146,88.25441675873503
Surat,0.0,17.15805425921892,0.0,49.17864822778802,35.61532947584916,514.7786993901981,123.11271405039902,805.3600645291804,63.666595870006034
Surat,0.0,17.593103595575105,14.922045484987194,63.804276507915965,14.44005481267763,566.8422646970209,111.0000438606932,794.6293638162923,70.08242474797615
Surat,22.954881427564075,12.063821215259502,0.0,67.55882760037386,40.71527167929555,415.1577401734542,56.79168685148159,884.2557108252686,71.4263022911159
Surat,0.0,9.40760418494045,7.974814078878399,73.24757706739447,18.587476383908722,646.2497159712559,140.85557195156528,867.0878083343225,62.45836062591075
Surat,0.0,41.896941414692996,10.472278078404194,55.64564975966013,20.90214197731837,471.05832999323667,138.288537278068,639.7339739434011,74.25574348299722
Surat,17.667035227233065,7.202009272406096,5.817003905034834,78.47898559307049,13.555311103778253,533.7679306961257,103.86150752443922,936.5330712873587,73.76214716707585
Surat,7.830245414723265,16.2918346839398,6.701191977975874,56.722417287306726,29.38594238186659,483.11687646447905,105.28421064987846,870.338891298154,63.02211333772992
Surat,0.0,35.42099471840526,0.0,65.08928732840644,39.84008120193822,452.5001372079185,106.62080139459165,657.8713540399172,73.44099770936766
Surat,0.0,41.8989117910797,15.4939967424826,63.33157620282633,34.33784853729364,460.10021296612075,97.68098719263051,620.4801878258559,78.18772154718006
Surat,20.54710231568793,9.922195877943112,0.0,52.06047714563643,16.393456362801793,514.6267146488673,94.0922948425488,879.9102740012509,63.599559741516664
Surat,14.696515462563958,37.00811786284189,1.4929057642258954,46.7336203238642,36.14122281713816,338.4063461631488,95.88525293161891,703.4904613488181,79.30151868384539
Surat,21.52030817399401,16.420348722383274,0.0,49.515293406335445,10.820473965112534,511.2577464346093,104.88444303666509,815.0257426466545,72.28683897961828
Surat,6.544167227486554,30.308156542205896,0.08638600676453123,54.57889188128425,34.525969648029324,448.786807806092,97.42037409700382,734.5623894909405,76.23318268892034
Surat,5.231392555499024,21.172873397035893,0.0,49.00837089236173,20.46361043159591,544.8516375979657,118.45171466885196,802.9706572281332,53.51898653075391
Surat,21.76479775435815,13.817420185894836,8.26747876759352,66.14016645115791,38.14532093100179,435.1176585913338,53.67160804189664,875.6598291345531,76.23803182667169
Surat,0.0,17.63819016876586,7.102061201764034,61.092471427120714,28.123322003670072,543.0675747924704,119.65182226538353,784.8915951521194,69.01869379681237
Surat,0.0,4.64598828685407,20.39966035177516,48.88886710944523,42.77798323083004,477.67123646316753,86.64749197191864,871.7742224867388,65.30248153697957
Surat,13.11592545709297,2.695942751469371,0.0,48.32987006015174,39.31923111823815,489.3991866782121,81.6862378398797,981.1099587629803,62.191015225541626
Surat,20.49806008063358,8.834074734290896,0.0,51.19852859300165,18.985190657837833,487.2606914527892,97.4330815767041,915.7323858754119,72.67607686488132
Surat,17.862732895818333,4.629638492741488,2.8204804203692504,48.33574187757628,20.451326034167455,487.2795131726157,123.66242149884434,966.6810973985126,59.09784896324411
Surat,11.170160058441013,24.638305873640153,6.638825973146552,63.47466103280557,26.06982857124639,466.2782354260818,102.56719674761591,786.8530927179228,73.3607616174802
Surat,24.477078028067467,27.75772278917968,0.0,63.2364781584716,8.408801418477985,483.94095976874314,100.3393723159577,777.5906812207602,72.6905978569662
Surat,18.61478689846207,2.0179306987945793,8.66175295215325,67.09651042969546,41.20924547808778,428.47773288341625,60.822429091217124,1001.2887190558179,66.81137697589979
Surat,15.373941550255868,12.190569036031789,0.0,75.68984733361707,24.686683622436377,517.498280073032,89.26086433528589,937.9646404647035,77.56292371293709
Surat,0.0,27.161184659518987,0.0,63.3649992090061,29.01342476691442,529.5668400258439,133.95675100598223,768.1151565002679,70.38668040535502
Surat,0.0,3.66787803723431,0.0,55.67801058542072,17.198879121124406,624.4724162766054,139.8452576353051,930.4447404251439,59.8728312497135
Surat,0.0,34.21913326517793,0.0,46.47968773556987,24.369416081769337,551.7408795267345,120.61977247121867,687.1454974858893,61.766624951864515
Surat,0.0,40.08123234573279,7.491833911623935,46.723873805098,37.534304370897075,410.0662247108417,111.05725102288567,559.8431596542073,65.62951432188449
Surat,11.728268495437835,24.437031268742484,8.863452107555993,62.72510822834268,47.789489382132196,423.1095874505006,58.72501442406458,847.8984782404823,82.84214266606617
Surat,11.193400373242397,20.518549881595362,23.197999379777414,70.8107451071042,10.018414847547973,489.90582577197483,97.58702740613084,760.8117330635828,70.79412189951695
Surat,17.15697586469986,34.17732711520709,11.818752955895384,79.60159996450632,20.990320162178982,424.58679958731426,89.22730636798714,702.588283943193,83.07491299702244
Surat,20.87635465665865,16.561566194869332,15.600560012878162,56.46352877855775,10.743671727994762,458.14780896994836,87.27899033640712,914.6953416242633,69.48945233290962
Surat,10.768536735774155,37.251615094830115,16.652652317566186,57.26991122655329,37.7044984130494,383.598550666776,78.63054037274216,694.6134163159543,86.9511880971698
Surat,19.982928244714373,6.555703914529099,20.833967719035506,54.308608468928576,18.721048025563785,507.8911152870003,72.16555085427028,1013.6350194123346,74.36942094883648
Surat,8.887166366239683,14.658456419821405,0.0,68.68509317253836,22.558681256972015,573.3120774124201,110.28583826224175,823.6524753671029,70.63009928190586
Surat,8.880270540027169,2.0984743042396055,10.778422086099589,70.45554691813068,18.903400721232313,577.1023545822198,109.94159218366876,981.1533472690325,58.904774482545534
Surat,0.0,29.40227224588726,6.6216023543002045,76.27701272710628,10.473828934880807,553.0564071260728,145.36507758633465,693.4686788268482,70.93550578550416
Surat,11.52712084543284,26.835312576844704,19.873452855897177,59.98158076836157,32.56043602706565,421.9990386085713,65.80046658756791,762.1070538300321,80.53105461845577
Surat,0.0,21.886723116378427,21.30894406119647,49.972913307436905,23.217411233598707,516.0851710899303,112.7017518482385,776.906549266141,65.8864406763254
Surat,11.565301306989436,38.91248009719476,9.356380977005006,76.3466158636776,26.416918239765433,409.9981471756136,105.41567810577595,683.4388391535318,86.8571646655724
Surat,12.007107171182604,22.80303794672706,0.0,49.80652943595936,33.69335089841125,426.4876616300319,99.06841669315489,794.9619280953723,76.17768483992579
Surat,10.957834276274543,41.60005758676467,15.263548656312846,48.58739802634965,15.320412155822748,437.54972588725917,104.28635015215878,682.8424445038518,81.04859003108793
Surat,0.29482573847225524,20.93899863274551,0.0,53.918594715914914,34.78840884954932,503.60677677905176,120.48358604113831,791.3502563227257,64.68867615688892
Surat,0.0,15.042811828818852,0.0,54.46549975437131,36.817728883524296,502.7057692675746,117.66225804886157,863.7421037025093,65.74382399995571
Surat,8.62971228932603,20.17091271815482,15.379572069892149,63.486757260513116,20.78365709747905,525.1599106011531,81.98212571425172,800.3865431144854,62.206830101602925
Surat,25.11141970530595,29.677950123368845,19.113828460002658,45.300594424063476,29.82197855575001,295.9168315052842,50.0,822.7498713522203,81.19187091701414
Surat,0.0,20.947921737169267,0.0,51.59454514247751,43.14432582750972,484.7981647626888,123.64318275057263,773.8573667903993,70.26624115647692
Surat,11.203753027732276,33.98507969337592,8.771569114004045,48.58835303103446,10.85276388218374,498.69203718756603,129.04986424953768,696.2937268731207,66.6783914318359
Surat,0.0,14.604665654703616,0.0,63.01451585002506,37.83107856214277,542.6512883551218,125.34918765360817,766.2442584514071,67.55784128735607
Surat,13.925110111651428,41.540352481912386,0.0,62.050888004271144,46.998976255020025,328.7230379188995,63.996317044464924,623.8549492215749,88.61034536988372
Surat,14.897601862073437,35.50451614637299,19.843429215242686,51.65852015565242,25.101464264095757,419.69041813590474,92.90119463906201,692.3722761419783,75.65268675024353
Surat,20.83296713440737,34.95254022132691,0.0,75.05018936771066,43.9361171944621,345.4079953283076,51.71845190620561,780.0255786876387,90.26583224389447
Surat,0.0,41.25240621699946,0.0,81.3030944169281,31.61641256917586,460.27988945630244,122.41293035479774,664.3348279485286,74.67132034175077
Surat,8.706494427022946,16.029606668018793,6.9938243673012295,61.12799582431131,8.938774791491703,572.0325244837594,137.82167584115217,834.3582779864872,57.838141219499406
Surat,24.486708183814955,17.733835572434334,0.0,51.865632445011315,11.239425359220043,488.9951919674593,95.82619328073528,859.7912244398595,68.39861586958395
Surat,0.0,2.7195871220762484,0.0,51.27995024306003,27.227730056855428,595.742169951704,131.73300391937963,908.9822327419628,59.205625135560275
Surat,0.0,39.08734924940457,8.547843357916577,75.95939153587662,31.770105906128677,429.5060373713776,114.34153466274968,620.597053726335,76.89673512529717
Surat,15.220537144449104,13.140293966982409,16.64364954045935,50.851265923299096,20.08246011323937,492.9589051321835,86.50625354088385,891.5172779374363,64.60321862001877
Surat,0.0,3.0672940637776946,22.756921436369353,75.03350395326652,35.90933693127981,503.77225350331435,100.42575774579335,937.6110485225037,72.2632458385787
Surat,6.895748252086797,16.46595279191758,7.77442739483071,46.67496186538197,22.915822696773965,547.8202415467846,129.46838622536657,851.5016269503515,69.22329398839597
Surat,0.0,3.2276180599522917,0.0,76.16292625616971,44.98688574755524,537.0896021710656,100.34512106079201,936.0393160439156,75.1007386284854
Surat,0.0,40.57057397075473,22.352694851320194,82.59342996530111,22.780164802950694,484.61794668732006,118.5741040551306,639.6267216208365,77.67815137490302
Surat,0.0,30.884372409765376,8.892745483194641,49.779838865653865,21.377525151784255,493.37997598117323,140.981393729307,676.2216132541386,71.97026544246495
Surat,13.945523932510664,31.41814987789376,8.342678336637682,73.13377489002974,19.37812239868218,496.692130350434,113.55822759499779,748.3056539769829,81.65991052183722
Surat,21.450127825306254,7.167652489923654,0.0,63.03868790596079,43.383863822051296,418.9391564859469,50.9610801450346,944.7436500261505,71.57325067959644
Surat,0.01894323606875936,8.75045019019295,0.0,73.88724949215676,13.137273767481743,633.1564650267426,140.6987385711242,895.2896985721668,54.410221807698036
Surat,6.533396257956827,38.76504186966601,23.16967749450727,77.29974194676095,31.565739194670844,424.55546649851726,100.75408537904752,625.936163351862,83.65239934732398
Surat,8.14547533257879,14.5615252540635,15.402394133974404,70.772360538471,13.060011784889756,560.9919753357327,117.35150648529742,836.3319059946645,71.24369371592879
Surat,10.415911001133836,40.84876261344648,0.0,45.765215818652905,10.77330211339137,488.7469108862817,147.63511374052072,726.54734400239,68.42375758030548
Surat,7.012781914248514,12.049391942889564,0.0,70.18282132016344,16.582245145176856,563.2950579761296,138.14231239929845,867.8817583971024,55.69696648441837
Surat,0.0,3.268975673916991,0.0,68.54287735357025,25.03296677641866,595.7861023989133,115.2763975689581,930.9057007482002,46.892140627435005
Surat,20.586709815752272,12.821418391589997,0.0,80.28187249988959,41.27645621332507,427.52891656779246,60.53963205727224,872.3927217154609,84.7015615092065
Surat,6.988632107035375,3.248459971557338,0.0,62.521288248436306,17.8130117250481,599.2398875955731,118.60095993393834,927.4837477652402,57.40814391134583
Surat,1.403518670772268,39.05283325913058,19.877182170936443,69.11186745143365,21.0071505393027,436.0847565455827,118.9795078022668,678.7378924312329,76.49255632474797
Surat,17.693965532150994,22.440754667079013,9.140232092629201,84.19102361538289,45.11492668938501,331.80991900613634,60.376626634723976,846.8928900392139,85.29060995963053
Surat,0.0,4.985562169835788,0.0,60.28370841541784,12.161566869202712,641.8603547375993,155.21954882650854,912.9106933633987,47.892788873886886
Surat,5.5491079926638065,19.76122009768705,14.807256780221614,45.58243338296577,8.120278328261673,578.37702189012,118.89225821046159,856.3354281938156,60.76528845102399
Surat,0.0,2.101648845338225,19.314294369397167,60.828465654619876,39.12848862700183,556.7354677210654,97.80932197775657,988.8522164329995,65.62119700922315
Surat,0.0,29.772675164416807,0.0,77.75954488817354,32.39018546739305,478.2779672465104,109.87597284043173,705.136894621838,70.21176412108504
Surat,21.048620282401522,10.634885289911715,0.0,57.310324548238896,9.499413715299799,550.9485598496306,122.20514881491908,913.4291416016247,70.7405367865114
Surat,24.75569794494036,8.015441705174682,21.599139571492643,81.9548265394379,39.34123432449806,370.9874162531022,50.0,950.9188109409306,74.71067881506897
Surat,8.05429529806657,9.450205945434373,20.548924947304613,77.76362616658277,21.074804998346153,489.5925956818262,94.11128041694064,931.4629121581991,72.46590542885143
Surat,0.0,37.08419286235229,0.0,81.61550670846324,32.39759901929703,459.4312532902903,118.79686216967414,690.2041768991385,78.05883859601693
Surat,4.69719004345847,26.26084709202888,7.240176413157421,53.861045768936755,32.521946367598204,438.5187914225139,107.47607648220082,793.007464440774,66.98871670641176
Surat,11.094749382596667,33.14463705302555,19.021425054815793,51.53512483982796,37.41758627091035,366.2172647184697,74.34470212673665,680.3105462794338,74.33208242252752
Surat,0.0,5.090531241015505,0.0,82.89817069092834,11.477619621277391,676.5236464656837,142.46127455920623,900.5455540102499,68.6010594894283
Surat,0.0,6.6761488250224446,0.0,50.26902754037242,27.56419978160055,591.8943804183925,136.82807553629067,925.4880496196014,53.82815290043041
Surat,16.106384503106028,33.00211029992286,11.328970417861946,70.4744070580112,31.556192332504438,389.1718891404803,81.2025225199231,671.4540123970286,82.53464964631068
Surat,22.380421692816796,5.581157443338093,22.835452423757253,49.29981896806584,38.983267659557626,433.30032626466453,51.18169214006372,974.9031474211769,78.63864743971034
Surat,0.0,31.567623778608805,23.46168715959076,83.34937775904692,26.84761109887638,469.1124117776826,92.03473422423224,728.7973371140962,90.08008293075724
Surat,25.60877914240178,26.128070256386735,8.952567247723088,68.38054688499415,43.47236258024655,297.97570915830215,50.0,734.36419043218,86.22979230477185
Surat,25.302690457312195,41.75864373766438,12.731553700541777,77.92278305092802,35.206392437257136,318.39436376970093,50.67123560066145,676.7099760191147,94.91140655972198
Surat,7.89710650828161,24.326575809605202,14.829764344119962,57.292574233418314,28.29900798573192,450.404595884787,93.1252394813959,785.6785611305434,72.03270913632623
Surat,20.312852343700428,35.87264291880364,18.088646176755034,52.472395707796935,45.91230658497241,271.7072509681677,50.0,711.2699721355295,90.97880057909998
Surat,3.7084369466729186,23.93831838064623,20.558527607131218,74.8903561300323,39.385546598792494,426.57619408660105,67.83138009332224,785.6425022400092,74.82519923485332
Surat,0.0,23.6842045325558,3.907037065096702,48.077295765838315,35.179588798390434,501.3983849786973,107.68793171453017,765.7916006132078,56.76374845083738
Surat,0.0,18.710829962897634,0.0,45.02995684568377,36.16816934078409,502.63764514452976,132.29994379855296,836.0598982032502,70.35366918481942
Surat,18.21427583152331,6.36737572044057,0.0,57.80724531810665,24.465126181040837,492.3798363229793,96.7163868771244,908.949067330706,69.65676026790456
Surat,0.7473353522915485,12.003844654625663,3.2661706710549794,56.498894907974325,43.7737004046517,493.9140004744963,93.80979634585084,830.2691958064238,74.53182996020104
Surat,10.463555339746662,24.357437191155135,10.812610665890858,54.89184440310519,30.630130030097977,443.57933379288926,96.48417979703447,812.3074177600406,74.22903005593416
Surat,19.13898556087802,9.222649911098596,0.0,60.327313824247184,17.46953644123643,515.8188271562107,112.86733440613664,965.095215875429,71.07687458378946
Surat,14.5464942649023,12.44192372993351,4.8704337799356345,74.34149667876872,22.637279390428755,472.2105360756188,98.37125814556154,866.4683931368311,73.84830018040978
Surat,5.376075650746635,15.407640609285254,9.36020337763751,80.6819760025297,47.806468574114994,433.64047338192967,71.38508539877478,829.9206811408076,83.31799976336
Surat,0.0,15.392098658316547,13.050192779386737,67.22028443775767,17.11437195752105,572.0970447108973,119.08332802723248,830.3445393680693,63.505275017331364
Surat,17.13935931093661,35.17483626776363,0.0,61.86776154780799,21.764553450443575,435.0298479677836,81.89928109980845,682.3132399293786,71.08367869333574
Surat,5.419853596822044,23.74201992793989,0.0,69.58576808795453,41.305421379349255,450.57599147216314,101.13138559451771,755.6304623904109,76.16021905271245
Surat,0.8480401405788562,33.19555446540199,0.0,46.37762440641836,35.58418963987896,488.53980795115467,111.19341328521591,730.7308270052313,74.05620490058321
Surat,0.0,30.694083381349724,0.0,48.46435592360353,32.79781245165145,516.0001348260116,116.79514901640397,656.1597559624333,70.89681850764957
Surat,3.410263288970146,32.74960083167424,0.0,59.25282178283018,34.22962863509335,468.557795750789,119.37263378315623,748.4853096413549,72.56664419217822
Surat,0.0,39.88499038705163,12.93172986521693,56.107651724212516,19.293302498750233,459.12096261291816,136.20436621584054,640.7064549017107,66.20370455882205
Surat,0.0,26.272838783453818,0.6757127987383527,70.56184773543984,12.31171190325227,612.3678593677862,146.94554807889608,745.6243335756972,62.326677789362236
Surat,13.667453083932038,28.866786807010104,0.0,84.52981512243076,25.92194031898443,462.8921469908593,108.01107601410655,771.2352035603977,78.42533790022193
Surat,13.759039297397358,22.773375837772996,22.768393381407492,51.15793539418945,35.23758112501582,437.4353983427022,62.401876698951654,799.5436439480524,83.2429082595241
Surat,0.0,36.49377577960376,8.70544973536483,56.5196136356881,21.182633722571477,470.5450590645048,129.5056611938684,612.1298777056588,63.04242768264665
Surat,16.78145338621217,15.775897799483676,22.478537384169123,60.357786349958715,41.00704993741236,379.59394577372973,50.0,884.2785637866746,78.99489003513418
Surat,2.7785771695479795,7.251889667420308,15.725106444277692,74.6387467906964,35.04761008367451,523.18269880941,84.73744973073107,906.8185015583846,68.67080930029375
Surat,0.0,2.892910292762352,6.15840519183169,49.150867290739654,15.052236226066157,609.6942373235648,125.68976221873311,966.2620688686641,49.141336817303134
Surat,25.13848004507173,16.271829117636095,0.0,56.268828836667524,21.076340865234293,439.8565950131162,90.61236032624544,822.0066326455313,66.28303060596105
Surat,18.797183694238086,28.82787817203397,17.171405771284903,64.89592516764802,42.92557290902091,314.36965379457394,50.0,821.6783234726911,92.18499039886639
Surat,10.324851774530266,29.744799578875732,20.571819369129713,57.41112358671903,34.68347818871815,413.60340896819173,76.99876799277926,795.5644311506621,79.66665360316763
Surat,0.0,27.932507510254098,0.0,66.95624132523919,26.264701305928362,535.5805467988876,115.5133863459194,725.1555549414685,71.37797278326184
Surat,0.0,6.425940769633714,0.0,83.50205624529899,47.88634490335202,494.8825146541673,94.6597729650597,931.4314874209609,63.307586969810714
Surat,17.52342125397194,32.74923198029217,0.0,62.64175861465901,21.721118192931463,440.2423698001394,95.2113448500415,701.9650939466782,68.37043423793804
Surat,24.157639843098742,37.2060651352105,21.70034096847774,67.98801461748948,26.649969438450103,334.74507013961755,53.757560030336,715.5690975234899,90.38741830137874
Surat,4.50533581178324,24.38276451278464,21.629771287699555,62.28820505836771,46.72345476918481,403.78873422229003,75.17510873272224,775.5362250684694,81.59764984181508
Surat,0.0,5.2839102877354165,5.097143264590645,56.669501318125974,9.125945265813314,634.3639245397209,156.85574037923678,969.4073470939968,51.08163326540139
Surat,0.0,34.98144661412326,0.0,45.582701702152,41.038915182146525,441.68487569643275,116.39761151021125,671.338377822293,70.2047782708578
Surat,20.047625064131296,39.73546375988383,0.0,78.4163099586714,20.007337147707673,422.880270731623,105.78668510514517,661.2830068895332,83.86885505887
Surat,7.690780139788316,5.258072550987407,0.0,78.51082555698099,45.33015661844389,464.50325711178635,85.21248297162258,931.4271941351763,78.11578468626878
Surat,0.0,29.604790973124956,4.82738900942946,70.65657524147822,22.97596913046933,529.7785782667747,140.15005460785,716.9149767832831,65.83243233457046
Surat,14.931592968154835,14.609245000001268,6.93161120301734,80.46102059052485,36.84034981412458,422.06326769053624,82.29573943106685,891.9096647616519,64.55027417944163
Surat,2.9836793712038343,16.514002603598996,12.871007504173605,77.2175423894069,15.432617408559565,594.9175115299993,126.91626355686559,850.9583873002946,72.2423462234503
Surat,0.0,38.83191383115472,16.856614020469998,76.92970629533136,39.76830080211051,423.1704203597416,94.64552209144564,653.2952450372325,81.75587076696293
Surat,22.404424199664476,4.452182715395747,0.0,76.43811027407764,33.14014852617647,435.3517995132344,88.17194345084252,972.8083491523079,72.2845692133993
Surat,0.0,20.8539026619433,0.0,55.6282771350395,40.75184583438713,497.76020730410033,113.03504697271951,811.5997516510553,68.63072038394144
Surat,20.378824530911167,22.0453795523585,12.748962925899313,75.04958853496898,29.964089866037916,441.6192408094644,61.92352698895699,835.6997989055004,88.71099346692813
Surat,0.0,36.155152103257976,0.0,60.74437881636766,27.478440727368973,486.03739743506094,108.45120159833552,659.6266391467929,65.2690516773269
Surat,0.0,2.783193686899164,23.07001537907172,53.84648779259857,24.987607467238934,529.2609897729751,124.8564434387423,946.9854581749513,55.04778095533597
Surat,1.8810889876670114,41.54987940817895,0.0,67.51319241604497,32.8896928369971,463.0916272772936,116.09230667394884,645.7440287683871,72.31637040765914
Surat,0.0,9.55038757064765,4.250567593960689,51.02495756669066,14.152330317845784,601.5971622267477,137.94926188033574,902.5627290591513,63.67531453711877
Surat,0.0,4.822437726210254,0.0,74.01554094322468,40.06760092907875,550.421939684593,94.53014601021997,915.2790539130114,64.11433700849895
Surat,21.92338366880987,23.373275497268057,0.0,75.76778915343115,42.42314823417598,403.3846282467013,59.54957529839291,804.0014204410829,80.95875646547888
Surat,5.382509044776711,26.74099898548628,0.0,72.50638648077499,36.25708212052467,463.0082297399995,102.41805225776112,766.0825234208947,76.50506159730223
Surat,1.1080327135341275,17.020862350611036,19.73955335904222,74.96534013680451,45.891197814046365,453.31200508666416,73.99114970364268,869.8553137126148,79.96825036204527
Surat,21.395188821681757,16.94366841502582,14.772582523566289,63.08907878671933,8.228670519414944,507.3030652920589,124.78667133645197,787.3038492877188,80.1886677330222
Surat,19.754066186566497,13.464172710740538,0.0,69.61007931127234,26.795931885073855,484.66355086033593,89.26648933795234,930.0521921137296,79.63897442047097
Surat,16.476540820258666,23.77256628201606,6.195209524669419,46.518714512876016,23.699761501511095,476.9263325972336,96.2727857653602,777.1397307663404,70.19740753034509
Surat,0.3718136205216176,34.80906975012671,6.153103479962439,76.15110060894592,34.73615226706372,441.76996443697556,105.0065094122615,729.1173152520693,73.76213667753086
Surat,0.0,37.74532055736404,15.288053588638626,75.13435262940197,22.801344072812558,494.14413804393934,119.50342732499712,651.6315197527019,85.54851488347614
Surat,0.0,21.032255680452973,7.866569201229826,80.94983035273127,28.68631976290877,535.6844083922531,108.01257251593088,782.4789572204236,80.30907102043224
Surat,0.3635035457484239,38.93580844526858,0.0,52.356098774181746,38.21694405034658,462.6691082573342,118.79104743010221,707.9399989508713,67.21912621043172
Surat,3.4011472371719833,14.189868429845472,0.0,84.724809562693,9.43834597648032,647.062952943701,135.60963167346577,831.1153940890082,68.25851793764053
Surat,0.0,19.458478084802827,7.266364952936222,52.153642957852185,10.826141375902822,627.3958315441876,141.72495821087298,784.7845062825305,49.13057813518145
Surat,0.0,40.3020033964487,19.681111338742745,63.157733214189975,23.392543124631608,473.02739152422896,126.54534837239525,616.0686091194294,75.10085491316258
Surat,0.0,19.08488599685957,11.731187589220461,59.79990447958194,42.47118898229053,452.06565675801846,87.91592719422732,797.9207500618234,64.93714355033003
Surat,10.581609075201992,25.644245745355725,0.0,67.20141505961216,14.039983303017875,554.618324870689,137.09878369994064,770.4068078750827,77.4080436664312
Surat,17.807642942794526,22.779155824112394,6.610689032523972,59.6767403158564,16.88643078345648,468.6800182831857,107.22367267758126,831.6267546920635,65.71789305844635
Surat,13.448050586598761,18.591846922314947,18.656666375040025,53.54745715325299,27.518298303982718,437.8285872542717,93.28540074756756,835.5925705863507,81.40824974058289
Surat,14.106219470115235,14.830477102707029,2.152192276800424,70.21533612196336,31.588580594685542,438.68775707138036,98.81120236498452,899.0734182155524,74.96898613872386
Surat,20.49334095802839,23.532099028953212,10.036825700767604,73.73909401462635,39.1356815857073,420.52838147824417,50.0,794.6552728574806,75.70990765364762
Surat,0.0,23.67077732369991,5.176145768228022,65.9913288735417,44.15004080271482,473.5119945728747,94.06011460377856,769.3589486384845,76.0968490382335
Surat,4.617095405835784,18.02402837711562,0.0,69.89566378276416,17.339977730220316,600.590350557142,137.17258493425038,832.5620073834863,53.281246071036804
Surat,0.0,17.045953525196904,0.0,78.61225186015102,42.4849798428649,497.2689863424177,104.64430993998592,837.0113780178791,67.6688245715287
Surat,0.0,41.97046060579092,5.714175434211327,59.705289526884116,36.258579883451496,424.0775284071103,107.9987314270306,641.232772640687,83.750269521915
Surat,12.556935025446794,21.70642763379679,20.448252490456916,48.140238955750036,15.574307790721075,487.380925456024,102.68623645457643,796.6573624539027,71.74555003024557
Surat,1.6399749201431693,31.17659459519406,0.0,58.36888557750673,15.802924397192053,542.6465311991823,140.61489193379748,705.374669450531,62.83648337584911
Surat,14.522997128557556,10.27627057495597,1.1766189117301913,53.06600203601204,42.40181127450322,461.2392683825173,86.26624454907159,976.507362729038,69.95427288071903
Surat,18.265142212526747,30.07400216543407,0.0,64.48256105206941,40.68066553305002,381.1644671440422,57.077276069513125,788.9494459990111,78.00574595946463
Surat,0.0,16.241017690577053,16.37820556156187,74.70107902443361,40.70024962395437,461.0130399499321,95.42313063915145,859.7452160528471,72.40564983705941
Surat,21.097292490463815,14.311458734694988,0.0,48.230087803915396,13.964553453784864,520.4774200867472,100.08992761542736,868.9822111181486,58.04002226293296
Surat,23.296034698919513,27.193839070770633,0.0,82.27157301675695,35.560898287253025,342.00664620704663,64.57800779633664,716.1450057898894,83.40024416197254
Surat,0.0,7.090546707747432,0.0,70.39031741238924,28.82126595205427,570.4707722765658,119.08165792137859,930.0886756466833,64.90582125257284
Surat,14.567138624428043,18.164205659337053,0.0,78.9915559768719,33.773693206848506,466.84311069280164,97.77705504677706,857.1820998691644,76.39887133896319
Surat,6.974114994811849,32.310111348626776,16.368119901026475,45.52647183429153,35.82207942358026,408.6614041722944,101.00738651120496,723.6703614588753,76.6022701798425
Surat,1.2694528777519878,7.523478705423578,0.0,74.34920193421975,21.95426007691903,637.8516162888611,121.62517057128508,866.4003175070538,58.06764251164373
Surat,13.498190978990834,24.178292460828274,0.0,71.29708785667415,18.332188990647623,524.4081318244126,113.29908176349963,832.4659415549239,72.725629729431
Surat,3.863225000627857,10.647759814058178,0.0,67.7520606414866,25.613383426761505,544.0072075449187,111.74652952428147,889.1242617796688,72.4994987688788
Surat,0.0,41.86391872178318,6.406762617690752,64.1216742937709,17.323917615373958,517.9829935139144,133.06072392764654,643.6024893133391,74.86473822694398
Surat,25.385237220277965,18.15631605525149,0.0,54.526680715367824,18.98395578152925,469.12866425868543,84.79757963374388,868.2764917652938,64.37495761061216
Surat,6.858897985636233,35.779761831030285,0.0,71.98493000314066,45.26528595635514,395.0386717519187,71.94894314641951,646.1743230777972,80.25328547261465
Surat,2.016937220241786,10.33195692717268,0.0,47.04316199103382,39.434630965296826,534.7049638009998,116.68150274324346,875.0343218678559,61.85633159118798
Surat,0.0,17.355027070466562,0.0,72.55746320544908,34.177160416482536,509.16515502664646,105.8214477837375,833.5049189964227,73.75064493659397
Surat,20.072221818723058,40.90947483062468,0.0,58.96665950627832,34.58819888842615,349.4981856969524,89.00966237958416,666.1667160265162,93.20028113717892
Surat,12.257383663139858,23.567900328931906,11.893371054242028,83.28072568129325,19.157021048740067,467.6432013707216,102.28516964358872,791.4715460710033,75.57582599666773
Surat,11.891909385064544,13.106096867502519,4.255857202420774,75.84779343930501,22.6858485380908,513.6741961810604,94.30210703901611,855.6121141612442,71.99532529056755
Surat,0.0,7.029395961793304,0.0,48.13087339150562,35.93722054391253,573.013380763247,121.50115637822485,837.9742230478911,62.15171836192518
Surat,9.422641420062686,19.972025447213888,2.6602134341654065,71.6877748373473,21.73843036782371,518.4738534827104,116.70898954435529,848.163958005975,66.86368473747386
Surat,0.0,19.120261018533427,0.0,65.05275975875136,33.687925660746174,516.9573439906216,113.43016475566793,816.4054240608433,71.6510019985144
Surat,1.9776309690558591,6.021135195451247,11.46426498400879,75.72670726799238,24.154140525123296,551.8676449376029,113.72853918139597,884.4683367926096,63.660661913516215
Surat,15.81219758170652,12.769850815386182,14.102758815686755,56.6287093086891,11.161059924164121,538.181231240169,121.92960563324213,937.8985127633891,71.05875531933604
Surat,19.482478826552644,15.649806921200058,0.7693878562237195,59.43016345153024,35.76161486244476,432.9694148041868,72.28481908604,856.497904565417,76.31495053322405
Surat,0.0,21.73657859542233,0.0,56.39482719622376,13.623918726541408,579.38634124857,158.18192714409685,767.6605804274344,51.77295758269078
Surat,0.0,18.405557134399253,0.0,56.67680614690517,9.297936425425533,635.0702211690466,158.6336485796052,771.2924069713124,50.732799322222334
Surat,22.28795279021849,38.80493575103091,23.434315802304482,84.59839308583093,12.149547510394784,397.08134034721144,85.30108307813383,691.362809132317,95.22423807067256
Surat,8.305706803241176,33.714643219983216,23.814844675746492,75.64955714939899,30.616462897844343,405.36100615033035,84.36750537657835,704.3631543904048,86.20069623604202
Surat,0.7017316819141151,14.08962859239306,0.0,50.22471410354217,12.782252872624095,605.8576152665742,142.5958039571352,817.7412561750251,54.0617487724038
Surat,17.34874859345306,31.84372636995029,0.0,72.31450699725896,12.1224575339528,521.5327490960083,122.92147939473445,761.2708581296205,74.470449145048
Surat,7.127117163165529,27.014175345471415,6.886131202517479,84.59298870126,43.413256048700596,412.3314282981721,91.10680154977588,736.4235065195417,91.07047854008309
Surat,19.598809719177886,7.478856535904617,7.780286953544724,84.22725099372556,29.09659342258241,473.15272734300225,90.0603281596381,946.249931659629,71.34216879785475
Surat,0.0,13.873648676990758,0.0,74.49442845175763,14.047746156034965,597.549002234497,140.91511097158534,894.552729001886,57.001346174030445
Surat,2.654344097542829,19.867473678846288,10.601429097889703,63.84401483752528,32.68866631066615,481.48257629365355,100.33278396366808,797.7669211590614,67.85730210601658
Surat,0.0,19.44754729033783,2.656667879277581,78.18992898989794,39.381097739207775,480.6776106389018,105.07083852653352,801.0935520164818,69.72035796561335
Surat,20.412908149709622,39.19367976873377,0.0,77.79449856340293,38.331342993989146,337.9521241072905,79.86267216135172,670.7695609369014,94.41815767239594
Surat,10.2411986424232,18.861109162170585,0.0,46.93694012116274,29.458255127241742,484.2129466386804,103.564686413537,829.5479789284952,70.05108089873846
Surat,0.0,37.06385167271644,0.0,71.47743826927936,35.08767376360478,442.7637992060565,112.4580621488184,683.2254791757636,76.84402051914397
Surat,0.0,22.564378742109977,11.746564427005616,52.04515058076659,20.438866254109485,552.1352703728314,126.85217251185159,790.960455266899,59.07690253907633
Surat,0.0,27.271318007958584,0.0,52.80184064039538,46.936246919855,432.18327463221397,108.46793318793074,792.4709404665371,80.95384803264305
Surat,24.245943591623003,17.43400874654988,10.789225411772616,54.16288433637556,12.161375591747976,465.58456541174684,90.02845048239169,865.8236387555597,73.54359343567226
Surat,0.0,36.04430482709882,13.93270641162266,75.50708463069917,27.4106240412697,494.8382175793447,108.67051270492813,720.6999808395867,80.0289336141999
Surat,0.0,38.34713779635325,0.0,75.03281681372347,37.80485331296333,430.1698851026915,109.81778169479604,634.9829151501526,75.6134980703878
Surat,9.193384697317736,32.63220149592999,0.0,82.83273246132255,39.32949013671174,389.48687933332207,83.42767876459105,733.6509457807892,86.45874544776407
Surat,0.0,41.368041968532296,13.547759572160665,60.213907262035605,36.707055227920826,398.54837317132393,111.39185384763783,648.4374104136514,78.27628149536797
Surat,0.0,7.180629625942505,0.0,48.108846013743964,22.332350358549174,623.9955905877134,151.31323073625296,894.5070039564663,46.89454929167745
Surat,13.35179309916554,23.34297212831401,0.0,52.728813540076864,41.00135893560943,433.4520626553838,75.77627235349013,785.7140692577648,67.43739646962234
Surat,0.0,21.17041424663552,16.344573125931838,54.541598605992476,26.86556466230086,529.1378117147092,111.15040105514565,826.8263790648986,70.7788500054218
Surat,10.905626401469945,15.758491264571923,21.07757036839441,71.2143911906777,42.151817016595075,388.25537158260914,65.24438623882072,830.6262787131087,77.53386421429427
Surat,24.625903211105687,2.6960202126628516,3.410732051750852,76.31659487118435,42.027412226780484,423.9249565719178,50.0,1006.2963445461596,77.6785629841454
Surat,0.0953220730792772,41.46013071474435,7.84182795902008,52.39516774116961,44.60021732552951,375.6925168547665,90.49546196024453,591.372621781033,80.83776315581245
Surat,18.110915792559005,10.570867189598758,8.778442548122399,69.35126544506005,12.247948915193604,554.2101959746125,102.21927929173964,903.1274993321977,61.04252685339763
Surat,16.005337679331078,6.767798886709723,15.526381596151836,59.56435240400974,40.96253033003814,435.040377870361,70.6909927819604,920.3000519194735,69.09076616715362
Surat,10.082281370084214,23.43513285916018,0.0,47.66650075640346,41.06328958892984,447.9280843060991,89.74178813084413,837.8231712739755,74.37252232414792
Surat,0.4329728458989237,3.3811776707641386,0.0,56.16402935607368,31.359856816722026,583.0072972621277,128.58090566083072,932.8878736056907,55.02019403602419
Surat,0.0,13.27247120728153,23.985749929722388,80.12800017275507,22.814855217107045,535.2752069541016,112.95200775904067,934.2959193405603,71.00543525246303
Surat,3.883563352959939,7.87110367939292,0.0,73.24726899254526,44.789541735222,463.13743820547245,100.73031392408235,908.2992557951519,62.045075980652115
Surat,17.31361231162812,39.62462338299466,0.0,45.23371958685698,27.319990287072674,428.1291520358972,91.75658131739665,700.6947219213624,69.84966083829408
Surat,0.0,18.553247096910944,21.999114723613204,74.88732016837031,38.95038354392725,442.1973527290847,97.02524492763501,816.0595022215621,84.04375742106882
Surat,0.0,16.457366140787368,0.0,60.704520418444204,14.454359602831836,584.912497614434,153.72498691771074,824.8183610269141,61.489590123334764
Surat,17.27218464952464,37.53523407842303,9.000019949127665,58.13914048141461,25.643531032958677,397.3859843011446,81.62522356651866,687.5274335780626,89.2161188185609
Surat,2.2769813779931596,37.70584041686904,3.2227532206199534,50.54099389967611,32.776720107893624,461.6797586155304,83.99314790253749,628.5445534628243,74.81809980704239
Surat,0.0,35.59620042105164,0.0,58.067601572230885,22.09594929235415,517.8869396471719,139.33437070369195,639.203468633701,62.63530562242177
Surat,0.0,19.461969845738817,0.0,45.31178509399437,36.32972189729336,482.70406018905925,118.91335906881376,804.1047794862649,64.3286899251345
Surat,0.0,28.095665285748954,3.9202811979572942,45.91136169857353,20.83947009112886,517.0435764452083,157.49099867561665,778.3064474823119,71.40348725058584
Surat,4.309226288994495,5.169042555087259,11.00802529433355,62.98482419509896,27.93587037131092,551.2699712001387,115.23151014731091,923.4986405133584,65.62737449042366
Surat,0.0,38.83865073471879,21.846022214523067,45.8577410050471,42.8911331754615,379.14400916251435,85.96357187382226,645.3699606066684,69.3804653375515
Surat,0.0,10.842883970104722,14.432893970687015,46.26788179475575,25.98419377054525,526.046557339899,131.15681559337312,867.5396429454711,61.23240653265037
Surat,4.922107091908856,36.79622706877363,0.0,69.96041722103168,20.95459191305973,495.03181955901437,107.82850323028377,699.7999515893404,72.15388467817989
Surat,0.0,7.606229924797038,5.331023524535642,72.8454437882322,15.817108159543702,599.439576592049,128.04170447078764,917.5911856347163,54.87265176987757
Surat,24.89470237771465,29.786568908568377,17.91281011261767,50.70912171254798,29.911385914625733,372.90102797386095,50.0,759.4317763053328,82.62049734429138
Surat,0.0,34.72520968992003,0.0,82.77981275207135,47.18782069461893,433.77562780167307,102.42943178367966,682.4518462834603,74.03780518062253
Surat,0.0,28.911633670773266,0.0,63.465019086469596,17.687758677497456,499.92058963235837,143.44266674255897,724.9742032376937,62.72194815162658
Surat,0.0,31.224978736018016,0.0,71.55420274924444,11.803647811591887,551.4200146908292,156.94932914009416,727.0535431031564,72.85264320908871
Surat,10.583747625195564,27.44475388218299,0.0,45.830329754784216,33.081200856056356,425.4675804106259,92.52798426885464,758.2213162654648,71.28205868502039
Surat,1.207148680863547,20.74298212272275,10.122419748855922,81.73369844166109,15.287468145790182,617.3405522768414,122.19798648917916,818.3527281776933,69.8305505013102
Surat,14.846917492701163,18.38026492556883,20.8302055533114,61.89695666013889,20.06511330143325,439.853761264894,90.68691727497341,850.8247877131902,74.97089284590163
Surat,0.0,25.73101936519932,11.404704001849083,55.422743428252375,10.670763191001914,563.1137242526469,145.8026190809781,769.3316960044931,65.83620398330505
Surat,17.252031903160137,8.206989791282949,2.317252102916484,77.77561623343084,15.441724343647262,548.5021142670654,102.89663753466621,1015.8679128321899,68.43474144381335
Surat,0.0,22.942840590141362,0.0,84.95933636274236,45.18209808399554,460.8610761754106,90.71293779770629,783.2087453332557,79.59564347952282
Surat,23.063557569135064,8.670849083849312,7.119910566692006,54.64263050643467,45.05621611154083,395.1901782037714,50.0,919.0686139137481,80.9942134632605
Surat,22.994020743128303,27.00376835553118,5.686333461514778,65.63491648902195,22.01654915798231,421.49938590794204,82.19324881503155,780.2088599838877,71.5166795815257
Surat,12.421656217742594,28.828636079440543,0.0,55.921284370309785,39.30806706319126,406.8308130854239,84.17073657998722,776.4870367158171,81.83126463536107
Surat,14.403078372450004,7.457687905149919,3.06543600681988,71.04772832047334,46.175779052715335,418.95293663271985,58.24981424286539,984.5385281581869,69.2473140073807
Surat,0.0,20.26155225543375,21.774576961528687,78.22969770318606,27.714148709683027,485.10150800752393,114.72588145557917,786.049272613198,72.63338017689566
Surat,0.0,31.312995986885092,11.544231249164266,53.69268620152933,26.035689006960368,468.2854436754222,114.45731596458076,664.4125243929345,70.5147894238572
Surat,17.613233618183617,25.76064570516633,20.01480977712255,55.152468144409184,43.81802451342673,319.8300898948998,50.0,734.2393680384682,79.35161862512061
Surat,0.0,7.08124919649017,3.19562807815014,59.819375789621176,23.3055737844319,575.5700081865115,121.5829658536057,906.1065862564824,53.9560879396379
Surat,0.0,13.760002619804354,0.0,65.73707764035208,25.610847885779528,591.2486357237021,121.07881402434829,888.7137889152998,62.34992627823252
Surat,0.0,13.032796356641143,0.0,72.36814544132187,40.73860755831834,494.49883287264686,121.11216014087415,882.4730548072416,69.6999280016584
Surat,1.640403435177621,28.19009115238533,0.0,51.7311876341665,22.022619224464638,540.6732980549439,125.94437113507053,709.0964108607033,61.25365884209501
Surat,10.737682426013706,35.61050202334716,22.585197780758023,49.484116452438656,19.091940907599493,432.4862130932693,106.06225605239176,706.4489579816943,70.21541894965553
Surat,7.30496664356075,22.467736842190305,0.0,53.25212566902788,23.732202083988405,497.97252375921215,123.33188550558654,776.729195733776,68.4259730218366
Surat,8.074575197166205,28.890169948673876,9.424679187660352,71.76285323054444,40.40973382767076,446.0941748444862,74.85442149909994,743.0595303662581,76.79952782068023
Surat,0.0,6.35495995467873,0.0,53.36554764572232,43.64781104152892,528.4912473358457,103.23521221036772,912.0990982716321,63.4509926562407
Surat,0.0,30.923494184302108,3.875260973426574,64.18760921611143,41.837755623676216,465.9535863430211,79.56095789224467,699.8270371325607,69.76829001995978
Surat,0.0,40.941083821271,0.0,66.26455850272016,45.071108674299886,460.0947921200782,102.29927242159661,655.7981131965997,82.73236098771667
Surat,15.42945904407636,22.40976245409474,0.9719159954069312,83.61465487049709,19.391918539480717,521.111519235623,115.98875263690044,776.6579631853364,63.16739790579463
Surat,0.0,14.340143275757809,0.0,70.23826437478512,26.917392472203222,598.7755442071666,126.36690847227266,899.7304307479718,66.79997386422612
Surat,0.0,27.448143958169098,0.0,55.137764559270686,44.007988105637466,447.4392971345603,105.21101141219023,774.3037879520915,73.55677094976774
Surat,18.628800772075053,25.827235828752045,15.990399090447635,48.75938913793071,30.88835442239932,379.1716509797428,66.78746575679168,861.0860675249625,76.60303008693634
Surat,0.0,38.38210119441845,0.0,55.71365820877814,9.023606891398416,572.8197358070262,147.3340205006537,682.0319983045335,59.37488360298534
Surat,16.00024973517194,37.91355592985968,0.0,50.841178313321535,21.679594752777888,428.59816994516336,103.54619184272232,688.2391170818225,77.95054948936505
Surat,16.33819308166063,25.71477432060128,10.418143610628846,62.88501371536803,26.54556105708115,456.6252159160933,97.7871343160084,786.8302083196667,80.14280730463312
Surat,5.327475620065382,31.393378053494207,0.0,52.85706290667131,31.2129209975562,443.88969201903956,111.54192677469207,748.0778230513497,66.47038749712239
Surat,19.110961970743034,23.37194347927697,0.0,71.77103810037423,40.94968803603969,378.53588072902863,66.63407920759623,790.2603120813133,78.84111870981798
Surat,0.23041628235862888,17.993604657954048,16.223456907384517,63.03509374910536,40.64371069286519,480.1696538070751,86.36021256728134,860.2239176842955,69.94162043254805
Surat,12.515646181530911,41.266236493870665,18.138371531718924,82.16416718835453,43.047141485481575,315.67470756979986,70.30706146978706,654.2572252150205,92.31051108871029
Surat,20.889694747722245,9.685930592272525,0.0,71.61396332736933,41.04228643037256,420.0889817964654,67.5622199504554,1001.0988704730183,81.99303993460501
Surat,4.92981800083038,3.506324289659986,10.888066155210133,82.39041446257949,13.803365387681483,623.0262491739688,107.7631758691406,930.9358732562233,60.734412909579696
Surat,7.256786085671514,26.958581777532395,16.164733737301688,77.3586293415884,39.77355445004741,413.8126243913377,65.9830976454025,709.6213426277868,85.14001101180025
Surat,18.25751860171512,27.572777955990176,0.0,76.07216499558105,22.27804589551805,449.8044013138559,91.5557581239089,764.3774585309014,75.92954140761097
Surat,22.217918074001105,37.45512689259664,19.614185492794796,75.26418947887282,26.277501353777083,360.3044533297965,64.53897035018348,677.7243341251384,88.84718662441074
Surat,21.287750799311375,33.69740463113132,13.41442417695606,54.1128545081897,19.701349385695327,427.13858760003905,74.6869397733077,739.6834219455129,82.28406925993119
Surat,0.0,20.993484657494292,14.662438759359919,68.9965738121439,43.13607002969788,449.755759388102,87.53768570924888,757.1863394463703,68.74631145581355
Surat,0.0,23.622200050662933,1.325890575107195,50.28013465984173,40.152659545462306,485.16067023202794,117.2651293504769,832.6110573162886,67.41234752279962
Surat,0.0,37.79833053844192,8.469338902799048,76.98540579016492,8.852267739292056,532.5194537946086,155.12836734838763,710.3913113009412,72.55506867801992
Surat,0.0,11.260433277737455,16.813918904731842,55.49675243743193,10.15670437868016,613.9892619424647,125.80812151696979,834.7952056078633,60.381716277409964
Surat,19.374640468557082,33.28689710982444,0.0,75.39636339825165,27.800670272722858,399.5835441546682,74.23236482723598,724.7122085481112,81.13301778760406
Surat,5.034343032552293,28.680202750540673,17.267713503948407,60.66759173592601,10.254431702437799,504.84710133300376,131.6619551395797,731.6885699297916,69.0033462255751
Surat,3.0074120866270135,37.38688503118448,0.0,70.9042907263307,35.1904261023537,446.0243394285418,92.19296761349439,700.8307760386912,78.40138136168788
Surat,0.0,3.2237790581641086,0.0,65.47049378746664,37.49241662178537,573.9351479579466,111.15707122600523,902.1093982816951,61.33517509801457
Surat,0.0,7.950002293851542,14.694246012322207,48.012940275303535,46.44943489211058,481.6812535946447,98.89344286871876,859.1218704512002,73.24142789055887
Surat,17.4338923218509,5.553707369301073,7.916708561689056,82.79095943315701,8.477120354783679,590.6167669221842,126.87879329780282,957.3428035524805,65.68109146354988
Surat,21.986672813498537,29.47178747097597,0.0,82.85028005267128,35.30049230997396,391.7215489976982,83.31330625856727,719.2753931836995,84.55126062536499
Surat,0.0,21.76360837684599,1.8612314843620332,50.60630819236198,13.195543343377992,643.0842511618857,141.94280839869748,790.3300445684251,57.514289240496076
Surat,1.8950144635856017,35.43592599377241,0.0,61.759422469668,23.003646253190375,524.158679865462,130.22799519642206,703.8624400818729,74.41272116179115
Surat,21.926241191202088,17.218390328412195,0.0,61.222920059182556,37.498279520493526,404.8836229080083,61.91085972644055,850.9843413961615,75.27108360316348
Surat,0.0,33.2016381396904,15.621464535263918,50.744601229327785,21.313208701716462,478.0289267780543,115.96535424722381,709.7257334637214,62.36658904893736
Surat,25.247894485395264,16.153944031925484,23.9244859622584,72.30608502940984,15.594956898508944,443.0727590896015,83.96346038423854,915.011249998924,87.2834556107992
Surat,18.57154980993876,4.9806586568573366,0.0,57.90043457932869,45.94437439089175,422.5770850048039,80.10806820762512,919.3396470295656,76.61036519943057
Surat,9.971466506260501,25.22311335006866,14.159675064187084,57.76486185039592,19.57555155712717,486.82930809885903,96.34746529263322,801.8166575520066,70.1448238709737
Surat,21.896000311731775,38.387682368934676,4.471867771327219,54.97350229449608,31.747674762080813,401.8995048916226,58.085870463649684,704.2461862995033,84.83048867867207
Surat,0.0,22.633265674327372,14.615258103064328,68.2476658242388,43.92183280980504,398.1661025293812,77.10687712465221,739.5965991468771,80.69046833299105
Surat,13.390335299286626,33.409477270901235,17.829373342115538,79.24410328517158,23.659081300928204,432.3278646351989,76.99115044972463,703.8111313295374,83.65014122337683
Surat,25.4572731079966,31.108370786808962,0.0,78.26872915750592,45.67300563453987,321.39604416072837,50.0,752.2881979624506,87.89073173054094
Surat,0.0,39.91686718678727,1.3966656765320948,73.98673569677439,15.247193918227083,529.2606741509198,148.30850617862586,615.5611794092873,67.71591120453029
Surat,9.041057628775526,37.379742474605344,0.0,49.13263658848469,11.467047494966234,446.51050780610376,143.6046226438127,685.7160838101184,68.8586957733669
Surat,0.0,20.794969502654816,0.0,47.16822224496261,39.93173074357349,496.1325867336973,134.85188629218078,799.8950655697115,65.8405984184309
Surat,1.7952710579113678,20.013748887878783,0.0,71.3432215651914,41.04243263173705,471.2492909207079,80.91516461989934,762.5547627120543,66.13097034545012
Surat,6.680795564263491,10.018964640998366,0.0,75.76043096676597,37.08784274326156,507.79707591312956,93.7584831230721,911.6014316258751,71.51200815940403
Surat,4.424123986953404,34.22930105950287,0.0,79.05966143137925,14.724144007248798,523.5536349518719,138.62696830522341,643.2949680954553,76.2920692922595
Surat,0.0,34.14109908113234,0.0,59.07775308132221,25.43773184389619,488.64666024474866,125.0186436119496,709.101745026434,71.71308018929139
Surat,0.0,40.475447847106324,5.09760305568993,81.89539164429667,36.415132254717065,454.43802881842265,109.3442813511857,639.0351908961101,89.91305015687374
Surat,0.0,39.79265853239367,0.0,50.14555513995161,17.53939521587271,526.5052571411004,129.64752634338902,678.2924778760262,64.93627078751807
Surat,22.25795344849101,20.19518080943929,0.0,52.139798977642315,12.266834556406893,474.85088906097485,109.51491570950282,871.1940471155198,70.13003131836636
Surat,4.225834257169382,34.875606084690276,0.0,69.57327042052995,36.50524263842564,480.2416877172378,102.85126924529709,672.6683231316193,84.61719369909949
Surat,0.0,17.495386398324,11.45205257739357,67.34512796753998,47.60492720461925,461.45797910517,88.53237220412767,855.0893263749189,76.54399409048499
Surat,0.0,24.44790816878092,16.238349981682894,45.93323261181297,15.292593689607605,536.1689600396003,127.01278451820835,759.7455915659998,67.67690988865161
Surat,20.545037720637303,22.953891844259775,0.0,70.02623420879998,47.71414232973081,359.0414869663361,54.64973585755655,823.1902351996339,77.55941512176037
Surat,0.0,5.099317336537798,0.0,63.282932909685854,11.96642748689073,678.4380010751477,143.94432715066802,972.7362543769657,50.23634422493209
Surat,8.088349393892756,14.080109434213364,18.15635226296167,71.84166083146226,27.577298684717913,475.23138277571024,94.75993507733907,858.1939999093123,73.4818593372037
Surat,9.481459102453105,3.877292939018936,0.0,71.89375731748461,30.127729237129877,567.3241762375667,111.69310627522079,1063.3366794087879,61.20217226371657
Surat,0.0,9.330031769587904,2.3837119646085725,49.63538366911237,16.200776308191525,603.9633923305477,149.24480923387645,871.0201379734691,52.85129697073988
Surat,7.64235574209064,21.256272815095148,0.0,46.83843880480585,43.969156947386224,408.18508911897425,97.94969354994146,807.5703911625078,56.583446918665274
Surat,11.395261823509578,9.669921340971086,6.560691996555779,54.75082467681467,46.15248955438815,414.5299787394129,75.03854537064177,836.3123961374024,77.8923770547678
Surat,19.309032965333373,33.6509644220954,7.936491714054853,80.02944574566325,20.144251831707095,390.3598579775315,76.5235039107399,757.5628907702385,77.26723447645485
Surat,0.0,4.495480244257866,0.0,51.10984542166144,46.595022247933684,512.5350886760838,114.62633363565631,923.8364449636208,70.63816758559976
Surat,0.0,25.61245403848357,0.0,82.5335084293105,39.646787113651,479.94417824511197,103.66369745924135,772.2673107516747,73.51245110019353
Surat,8.655079302373323,41.1666818988849,17.64351795089378,68.80897148766255,20.576273774413714,407.64024623968726,93.20125234575603,646.9161431780195,79.61090893413788
Surat,1.790394924109954,9.624320855607305,12.15310624391607,47.404567253389864,33.84099877428367,514.3413271323274,107.24144421532618,908.2601368136075,61.254516610969105
Surat,0.0,19.667001439254083,5.014314668992462,55.93267162555494,9.75366135799883,644.6158925869097,152.26876772407624,799.2740725652467,55.29943519489935
Surat,25.456187778764686,13.023635617641627,0.0,76.89751748560656,15.912442468054746,479.01916164053574,85.80511521460318,897.7532890916577,67.13628230488324
Surat,5.031282982752824,38.88495320646806,19.974849850040343,73.4542933618565,31.04179328267392,372.50893076535414,90.250018110476,642.8057370420248,76.91055121266142
Surat,3.524040502489825,11.066480070666785,0.8446931277879308,46.0373996460158,25.69923175022904,549.966159085802,114.26356011210866,861.2979141164024,52.945428810270144
Surat,1.0466699408061544,41.46941292851345,0.0,67.44981093641121,33.65683350706058,478.53223439701287,108.70203338727003,613.4587276412631,83.8181036939359
Surat,3.988258496443269,39.96591289653425,3.440085206431874,59.462113557047175,40.4742234130518,418.97144684676124,95.38124930327022,628.1036568127637,78.26813781280687
Surat,21.926274592704722,3.6935064927143557,2.9563605104652666,66.42880230711148,17.579434160688216,523.6905821668506,92.84524974765021,994.2593502327777,72.44724656243378
Surat,18.700620638755495,9.311640389224054,4.419361194657412,65.82881256853865,14.87653339754248,536.2234687501095,100.79711385013069,922.1124831994659,70.3566720607098
Surat,24.428723401334196,28.22910361710618,19.246825743138352,61.672265787384205,44.16192540164353,308.2959674387112,50.0,751.0999311437178,80.3721816676195
Surat,18.56283944331507,29.159378109535197,17.52810395543949,57.62940480334024,28.504275295976186,380.87377837606965,58.0549336898681,710.6050681125204,80.79866766844015
Surat,9.55164073738456,5.8711367230402445,0.0,67.14747960655458,40.75719482068757,505.8462569332146,101.28098714352681,925.944560749215,77.22539396360078
Surat,25.500792281130046,23.212831132994413,0.0,80.65717172372676,29.634515454870407,386.4974087242662,71.09912337119033,845.1869163540122,82.37784663932558
Surat,9.377133379956327,13.687606875170186,0.0,84.5163189030589,16.120162116208945,554.2003872968143,127.0912086627137,850.3839350590856,70.70141367355319
Surat,0.0,38.96057530392077,10.332683683038958,59.92252269482918,18.426422243988522,523.2387853120067,109.22141387941717,681.9459519514616,57.313925197295525
Surat,0.0,35.458019301916934,10.49081472299617,70.50142713642006,23.292275564383292,491.5859926116225,115.00869071741968,663.508671118942,80.38746923586115
Surat,5.743435427660565,29.963428613685878,9.650612231044828,72.91606259286092,44.293914811389925,400.5857797903745,66.34048703833587,701.6954599005858,74.93321320744424
Surat,4.022755874575967,29.154364466599684,22.058040445441378,77.49243628850745,21.369028475995304,457.1874351663781,103.73565645158547,729.1778746236092,80.42856779033168
Surat,20.300898376587632,28.21097975553485,21.951007384763948,74.55440365334655,9.077248803916177,467.93438440775594,84.58340197954216,737.3502054981137,84.0849016831187
Surat,8.489264400710049,11.817725422940985,10.619620455489521,45.48551058601995,43.11694954146609,455.66563517345185,85.45951499394637,914.3802459290439,69.85954221887403
Surat,0.0,16.08120436856401,22.553089930200493,70.28157798903881,39.0392119276043,442.6042863765175,95.38358331565883,875.2497703810811,77.42446583371924
Surat,0.0,14.27583689746345,0.0,76.60021674135017,18.31219013662486,575.5752316405104,155.33589444763766,849.3786688969697,55.976861850557256
Surat,0.0,40.00341214774654,0.0,80.7801467212793,22.058121817955744,497.01304301074094,127.2845435675877,654.093300659309,78.02440533279761
Surat,0.0,8.237405898608571,16.176250672717856,69.85346847653437,27.666633544207684,536.2466845691584,103.39181935963816,927.5278989461693,67.17872475251735
Surat,3.0438414459038583,11.528326273436827,10.51472205148924,80.57128287080636,23.27373308770813,550.2966978920541,128.85408704391025,833.656994681487,70.65096183651943
Surat,0.0,10.093533074660657,0.0,62.20501276221141,12.28360387628719,627.7506577681445,132.97154450281863,906.7548628206303,58.66482837525908
Surat,0.0,39.351489615517316,15.291358291738053,48.970196233693756,46.55549103288357,406.9560075163348,83.14019553443859,622.5345038353639,88.3119641234172
Surat,11.172224250179468,15.307080328312226,2.859081100229254,56.91654996089445,40.70131193374576,422.9573746058355,74.98672833421037,856.2956900974395,72.31969504269688
Surat,0.0,8.301751688899891,13.480387952996448,45.010401190768654,25.752427952879835,546.9494292602265,115.51357470760263,912.7059514707909,73.9305154156409
Surat,7.1687863704035095,23.689609108550073,21.022605534725564,57.29352186764145,24.420511483762986,446.84448963508305,90.22819023317322,822.884138650755,67.66123651741053
Surat,24.922863921152086,10.8245073150321,0.0,75.6070799426753,43.864663067140874,365.0423334088105,50.0,913.2798541936886,80.63950217545457
Surat,0.0,41.38027573359266,20.34330587662653,56.11123845313068,10.27767923173408,511.0641187292095,124.40137778065846,658.2045048080425,65.89394522410183
Surat,0.0,38.298320770847404,0.0,71.43936332719056,17.07001253975837,525.9863950350785,144.77104103682836,630.1232513265204,68.42778182434334
Surat,0.0,40.045432432698966,2.9898879967876546,60.833803065627414,9.304084095810136,554.5740907982647,152.97693214938442,676.5766384510698,69.56828101537111
Surat,0.0,28.27023539112858,0.0,58.012965493237544,33.41979437429507,504.82242616320866,116.67135393150241,732.6541345090129,68.58114684093395
Surat,0.0,31.651303443290672,0.0,65.72671670046094,24.92201801660994,542.9339514989084,138.57742113718282,706.9408282277287,72.70548450125139
Surat,0.0,21.887662222769514,0.0,66.05515034625044,14.71834208533947,602.9144359077712,160.4313457141758,823.0137395266865,68.01201219369179
Surat,14.692361100466428,24.720819673354672,0.0,66.09681755449245,36.02006949377001,409.3259330084654,86.04595534422202,783.7626143515836,79.65825732298786
Surat,12.931227798081814,6.519432849699845,0.0,84.67186696269218,8.018539932581799,628.0544508388197,127.21962730393847,943.9034302914914,65.40214983520336
Surat,24.943260668174865,35.61591929029738,15.910265894349855,72.32833171119233,23.836737010071552,343.6376573839835,60.936143667919616,742.4078085697065,87.06827976687012
Surat,0.0,12.101840714758277,0.0,66.35053827055418,8.226950807747244,616.9724172505317,147.86221214835885,875.9972069373342,46.03966445371523
Surat,0.0,4.571671235923283,0.0,77.5440216720396,18.880587864980434,620.8514568888912,129.586473244543,943.4013966924814,55.45993024521148
Surat,0.0,3.970762855839567,10.957170496072855,56.99791540190418,14.257650027475723,606.8825231309781,132.48145814626528,946.3548919885526,59.69140958002739
Surat,8.400302174592284,31.42523224977,0.0,57.26670223078301,9.711268914504753,550.2977734106609,140.7848080439022,784.8096234657851,56.90291121877893
Surat,0.0,25.55028211854263,8.95473019655908,65.56296357633065,24.932722183317924,532.0926303534427,117.32035294260363,728.295152630814,63.34099950962721
Surat,25.010298925721514,26.212125429604964,0.0,62.43324293622105,15.382873274315918,446.0555305025481,88.57888986462076,791.7441333444976,75.14957800592673
Surat,1.6079657401975034,27.585557431782146,0.0,45.949465401595035,28.252637819928403,530.2444682554694,120.62162448071082,786.4237736780148,69.2079233931974
Surat,16.41186001257828,34.283468406907,0.0,67.43365853639175,8.33873439047333,488.0778199902386,114.42102368653008,707.5583792512089,66.47605940055489
Surat,19.723921222784107,18.418099257378273,0.0,45.802713871318076,21.794983342311554,468.0875673046002,88.98631679943296,871.8640152914296,72.28214907249517
Surat,1.6149015415836168,35.085365232226835,0.0,79.67157133674732,39.118331298545435,460.54026088236634,83.88391794419876,713.127439564791,76.94420632108707
Surat,0.0,25.37336089140583,0.0,59.60451509369008,29.199003936372357,505.7429452052381,128.12075656796785,750.3766978575212,72.65775758826281
Surat,12.222905263117923,24.831771158550993,0.9793883818157454,49.25203703171084,47.021009138852136,383.3480271396249,74.92289956386622,748.8091334502052,80.34422706394896
Surat,13.604907840474759,5.62809411963805,7.371156566682586,77.8836412232164,15.976773525342571,576.6321053104875,104.86727403695579,922.5698729364549,61.587154107634
Surat,21.987672058933498,21.795876547353487,0.0,83.44738833697144,42.21471647859946,319.9257984482158,80.75858218375237,802.8463382192654,87.24902170633618
Surat,8.063373949108186,34.32150429128463,3.183725407475766,73.5120098220163,16.330378831498425,524.4180627755673,113.22084946404064,693.6082150944161,64.06938812809419
Surat,18.056864722638345,37.76013472592835,23.601721957777194,65.98381422087469,38.958731666476766,293.4666334564888,65.30817718883876,701.9951176399916,88.62055022018023
Surat,25.885130156578008,27.628675933876774,3.5734817501553096,53.25834317208725,38.96751409244818,303.6867938086567,50.0,799.3409379635954,83.3766844385566
Surat,10.761942922608661,28.20915767026606,16.817243483811502,71.19373602594283,32.64130958536698,436.88823093353705,81.91761716228606,778.7114951858323,76.7593129446755
Surat,0.0,8.891697883280013,13.191885915686111,81.62844987400817,38.31624275686551,494.25176963199306,95.4353302585082,912.1128075014341,74.73612343865912
Surat,22.702172249961407,15.994503444124927,15.638881565890312,75.86267551347865,47.947757824303466,339.40330423911433,50.0,895.7691281818925,93.46369111071371
Surat,0.0,26.62312651839723,8.270116637571618,60.806624048022655,29.499257604174893,504.0367999335762,106.15957668225654,775.1146719986104,58.79416762868735
Surat,16.39819552484478,8.084017922797171,21.470666349993998,78.438581506551,31.97360688564789,426.2455360383077,50.0,934.9377071198863,76.20505194150276
Surat,13.644471465710772,20.19738925743237,9.803163872419532,81.86238314329015,21.00620464408938,492.1684653908685,104.93240662449358,830.9185444699634,70.04968183864892
Surat,0.0,32.92645760412109,6.15542763742981,73.77667080769535,10.936172637922386,562.9497937278373,151.08005047681863,681.475661655166,66.80019715668381
Surat,0.0,22.167995204177483,11.820698005500585,52.090425143586096,33.80524366502098,486.10663994280713,104.42602648159645,810.9348058156537,70.45641102431794
Surat,0.8880798725868644,39.33107050790902,13.413956131791451,84.32186765917524,11.19695421446539,514.3951340844915,145.40794887601245,645.3352193243645,73.51998949310884
Surat,0.0,36.71858950424899,21.97243639049426,84.38744973235755,45.86222148847452,372.92201540862015,66.72048539274411,713.5389971723774,88.75124536584565
Surat,11.515691669187856,41.963575132822385,15.544865753055387,61.21657153294401,24.580501135612586,371.94560735433106,92.8590623666289,572.7445153609008,80.08667209023312
Surat,0.0,39.83543022085513,23.98317739754105,45.83340566334251,26.975321449177386,455.8665425458634,94.88282157129811,641.7413573386908,87.24246884919242
Surat,25.199536052669586,21.426296117329308,21.277870665733573,60.72175783486422,45.25819727303626,300.33449428931704,50.0,844.6310905913936,95.08588623500837
Surat,14.928935517289535,25.252695365432846,0.0,81.39812021968241,39.47210357382121,388.4956568735721,94.8947466203036,744.8118172613446,77.09746051163171
Surat,17.429979788336396,4.876075780613508,0.0,51.12204693336995,30.906089943138184,471.8006361432695,76.06561416808123,943.1885421867299,62.36172515244841
Surat,10.215409828741056,19.073955611571343,0.0,76.74258404183095,32.719914366775356,448.98448614586147,112.97504491273148,796.687226073068,72.09673645753962
Surat,18.015084698437647,23.87958349028813,18.417775469425884,78.34354229696538,13.036426244870672,456.78891625746695,97.49398402988002,781.3915039592267,72.90101340565673
Surat,5.108115722159489,9.001994786918049,10.254279732503182,77.81376074015057,40.40565653185611,472.40555541065726,74.55188330021184,871.2489954205741,82.18810879041334
Surat,17.60915510787245,16.06012714446906,0.0,72.88969914542449,17.88941497765213,529.7124857732578,100.80544946293602,892.3541527782795,76.05114661877285
Surat,6.853662518477897,9.718036794790887,21.516699610102506,54.89591793226429,39.53191670057369,430.598710373677,65.28765036356197,900.2978975776482,63.30950154819624
Surat,0.0,2.455967371625391,0.0,53.88390518629524,35.91921727727155,566.3410256490931,104.54706421529683,918.258513888698,60.22069666535592
Surat,25.692216542185527,23.352659769688117,0.0,76.24660881996397,29.711168561089004,371.17956585457387,60.090826657763294,828.7527569260761,74.08224995503974
Surat,19.633263056955343,36.23200930577285,0.0,75.24922052474,25.43954477745968,353.01993768837366,87.70670752120262,699.4014902123151,81.2770491838555
Surat,16.81344661265127,27.506293806855616,22.519210764878203,68.80783902728419,45.881414799734245,332.1985727439677,50.0,728.1299506513143,87.79735277828637
Surat,0.0,39.49136371441584,0.0,70.13925965227257,31.920060395937533,459.2571449318568,129.52011884170815,617.8050894951291,74.00695132338858
Surat,0.0,38.02439271363601,14.385801208197051,63.84136946806102,29.461502538672015,462.2691148898497,110.60970398901134,668.9705393878662,68.69327457273666
Surat,0.0,3.0956067886545107,16.898153818747517,45.906392188122354,24.810801845916853,566.9563557069515,128.1898787080066,984.8719059098314,56.62869675436983
Surat,14.601815405830983,10.675502638932983,1.706532420201711,64.79542842324143,47.40916727012039,421.5948139424136,70.42760324441929,890.8839102836632,71.58292299226592
Surat,0.5039641359102731,22.303593216863938,4.10167664628792,67.90262975564268,37.76417699958208,466.86879802131165,91.79481049614274,841.0445169377012,73.51795370625747
Surat,20.262423347292597,23.33759443032239,5.621343770811659,68.60093375146721,21.925645904275548,480.79763074164117,98.00038630617874,839.9725104198646,78.33291600721832
Surat,13.174559718325884,38.746823717880865,0.0,50.19310585298397,38.03310938991687,368.8002945646197,80.76071632137662,691.9211018886984,71.62136036343153
Surat,0.0,13.128726104154847,0.0,73.51220583570401,37.62645675157338,584.7069750798689,106.0326823024715,879.3395544408038,72.46991920187241
Surat,10.915654675712226,19.986309664297103,0.0,74.5615592804531,42.42589094107879,407.9474051200701,72.0366469723135,854.2126295865428,74.59610452000481
Surat,14.373863483238935,38.90849813296905,0.0,49.57659963452595,45.3182085987106,332.29832153874486,77.47404665684468,657.0052182738542,87.4793400781165
Surat,0.0,15.034895872526224,0.0,62.67125206387679,34.12201834504946,523.476315882522,120.30948610886725,866.2494165626273,73.96673489834873
Surat,0.0,23.126453369741913,0.0,57.353508890874345,35.02201125710342,531.442614560449,110.4257379880953,802.9042569076654,53.05381496855802
Surat,0.44910421185449323,18.77619025646569,10.848429279555354,46.46112636196648,42.00373515499031,466.0227561368187,92.39311994275235,839.1618386759197,76.58875073664309
Surat,0.0,15.04956101497995,0.0,72.1328868142945,38.172090096333655,513.8692135781955,123.50298088033004,849.7596240475526,63.169890863727005
Surat,25.718548643115895,2.1774686468498565,8.846260063558763,69.03206781697634,25.768204682009774,455.65636758898347,57.01898701503476,961.8928595718278,74.17305980892972
Surat,13.752512624266068,24.59906331396583,0.0,78.4255121991052,40.826955735344356,402.5652484041279,80.74729485939336,836.6131509410524,83.55180164000907
Surat,19.821886716666405,3.591721848346907,0.0,77.81312900466519,17.116492044802463,520.0202699095444,99.70357288540852,943.3415063973049,65.50365487717431
Surat,14.778647293536281,39.43565628446093,5.068228016583301,64.12774910619763,37.865869702885476,374.71707385574143,82.37714548908016,680.5059633764605,75.7358458847565
Surat,2.9482840343114596,12.253520602439309,17.3796113766873,70.32176079257226,36.3970078835809,495.88924218640705,108.52097476592976,875.3909707990432,69.4036076529609
Surat,6.5210768794208285,2.5875039912573783,21.316457646151136,63.65402166827005,27.70077953612901,522.2759449048788,91.65923607672958,952.68684005142,69.19047886582423
Surat,22.12625911527789,28.244353144531445,4.355185319071765,58.533920891913674,39.59049326454019,364.30249502177185,82.76453726059147,809.9918957352588,78.1696348662613
Surat,13.129577107555988,38.55823898983694,4.653876694605195,62.5317566989721,13.75744211312815,466.1113324625521,106.38220985532742,631.7428292385952,69.37629644852092
Surat,4.518330340250323,32.92064995184039,0.0,61.43171594560553,19.558308730924566,505.84068847728525,136.95576790321195,747.2189411025756,66.8858917678429
Surat,22.78924783314607,3.767560345925162,0.0,57.73667530521536,47.70571743066834,374.9691609827175,56.59600408050768,1028.0498790322501,75.70388953129662
Surat,0.0,24.38319056881156,14.296450248053361,54.357797039750686,45.25303626277038,428.1861124159111,92.12535406977422,744.6420281674714,69.99733789563635
Surat,25.098109178022476,34.31749525465916,23.695309797798906,68.79124323001147,18.025742638210463,379.68804782588717,57.491748916433544,746.7826225437424,87.72613406497545
Surat,0.0,18.171518585093455,0.0,72.74585637892505,27.331806025399217,553.7655425038888,123.11982136013357,777.6104054216559,68.78027471848307
Surat,15.966324736713243,23.550126850152758,0.0,46.61790009806371,20.666921013975816,487.16397041045974,107.34103443939317,826.3457955491061,68.82141294174615
Surat,0.0,8.63163387322884,21.685044433771246,56.58793053655046,31.277760838612128,520.3072190327659,87.06505175060877,852.8011613158648,75.13974952087462
Surat,4.2593487816460645,18.546137153797925,9.914217494294363,79.33172279156206,27.682192271232214,489.6764420331729,108.33511115961569,821.786747236081,76.02726483034895
Surat,7.226099659437416,20.6751258419196,2.0248193271145922,46.75072982850217,17.982499373121495,524.2104570761389,117.1396956903973,837.6854752329605,55.53284614284696
Surat,22.906308477759737,23.97515026056827,13.829979564839697,71.05369791626488,45.14780691521271,343.23798392134205,51.67234789363512,844.4580268890898,92.0505741904069
Surat,11.775910606845724,3.158016255645137,0.0,83.08924877737971,28.326588618546776,507.8711534562641,102.11197727485848,972.4536422101218,71.42724346183613
Surat,1.9134668944723146,13.457175580638822,0.0,72.82728608838448,44.11069980224728,491.59232215208425,102.78033348711367,852.5879683945703,76.40307749798048
Surat,24.099649600662325,3.3449374509178753,2.5390509615039143,66.92370293465709,46.387291386135175,371.4902980639357,52.26601297427299,960.378815054085,75.9890880582602
Surat,18.960030403758132,16.18641196335212,14.924093474602476,74.95605939688566,37.684288156548995,398.6525626648859,87.22146794545039,887.0792198888579,81.46309882787895
Surat,9.401649363305008,39.41903472633655,0.0,47.04447377218983,24.56911397648443,488.21147263239516,110.84420958692284,661.252290260239,70.85466580176066
Surat,15.165112584934022,6.684103632122397,17.026549630103503,47.932417929643236,9.969501242809809,574.0778257752781,100.33392175007218,899.7278098993071,63.957931216601615
Surat,16.573354678443106,35.45541052359447,0.0,81.78278928858401,18.95001449316357,429.28575874123067,96.63665020160258,681.280898776326,86.44082625337552
Surat,2.8941092396821446,28.7536734384797,7.777285378880393,69.99838219770251,25.43888669825648,492.3090746403674,93.72752377662297,740.3873359496004,79.93524877629028
Surat,23.677942367988678,32.17428360573923,3.614322802785132,68.55868853318904,39.56825590172538,341.8755709099655,61.38939823066434,793.115692210349,90.7765144567661
Surat,23.341139566410305,28.74203320166141,17.96722662586052,84.21725408664543,8.72565068280479,412.4811743267519,81.00376935336641,816.0293473639113,84.54029760807727
Surat,4.3847009241302395,41.554947569350325,0.0,53.664636640706185,17.31592529054479,496.9303127302883,140.6088117329808,649.0324153746081,68.39767753938499
Surat,0.0,15.537500929019215,8.965724279166807,62.05161920636384,18.3707604078055,559.724605295816,129.2846822790577,864.9271782301294,69.24535135184207
Surat,6.010264273108401,16.64994009863855,1.763923033060646,76.98858457071012,25.340644057122866,532.6938763953591,113.92422324997912,886.208951083596,66.2911015332389
Surat,1.3688414374887152,25.896609895683273,11.683342065208869,53.50747156377323,18.164240258167435,510.22579909128774,133.0551479991335,783.5495652272031,71.79935319135068
Surat,2.9752967785685307,30.54532257238712,20.85990216676634,77.30987800232568,44.0417832366791,385.05883619445586,81.14544913267643,700.2255227767428,83.2989481255131
Surat,19.699826951261393,30.586555682965496,5.40174528807372,48.07416573218315,39.12961826078833,339.90315029665203,64.86820828235983,761.129266842271,80.58552362821419
Surat,0.0,14.368571610097243,4.707444573479243,77.27924066747545,10.303094290557475,599.0091250985278,150.3006249171092,859.9689673971,58.01085023740314
Surat,3.2750197372489076,18.506812459264726,3.4170978443511864,59.38894318449504,47.53528653381092,429.6244297287825,89.35357321313072,843.2207093491378,68.2096706665696
Surat,17.674555002501453,6.735947178287914,13.8591519327795,84.38127994501068,42.01805238535526,393.22288803729106,64.82368398293059,910.9321127915013,79.86253054738434
Surat,1.7363602941875413,39.480129544167674,18.074794873676936,46.33239052029541,9.496931396931451,484.83609504786705,132.49660896311414,660.5195923151441,64.52995999496146
Surat,18.96871560682733,2.4205131856815427,0.0,59.27770654182352,11.606524151309983,567.935357037767,111.3026661744554,990.2135478951333,60.30471205213675
Surat,23.390561636440438,26.054680553322388,0.0,49.2030560359928,41.58598538303007,345.5488966223164,59.973794867675565,788.6192031273031,84.08738624202283
Surat,2.4338628535138085,20.839182512449575,0.0,80.57453932846,26.45879311205383,538.6340119290708,121.16248645487447,805.6880497240434,69.7204073553565
Surat,19.875389695349128,13.717854041435842,0.0,79.6816393790679,28.413913332117186,471.1333826858235,82.16513561959975,949.333045421625,73.98901274603224
Surat,0.0,25.738657920292138,0.0,70.91731881824418,44.402499886458806,458.05301885048823,99.49043944866573,774.8312896076318,81.35784976421552
Surat,5.55172707675856,38.62050136942004,2.234018650548421,78.22468286096469,13.440901660852933,507.59340558416324,112.926872349678,681.4288619693962,70.98837320871249
Surat,14.905272462594557,16.10148802416368,0.0,76.41404174360312,31.694495311543257,473.55612437482444,85.77116835195281,915.2601868189072,67.736909035321
Surat,1.476294150011963,11.430635712568623,0.0,45.930649254914655,45.30819632879517,531.094750611529,104.59019422877184,903.3876833910048,73.59782032245658
Surat,15.379609988622786,2.366947788520516,18.42424437361771,79.31716583236276,14.01645876454091,541.5419896286559,119.31467872177097,950.7990054209394,75.33660479748377
Surat,0.0,15.152971810301676,14.692521934821567,80.24600067961639,39.97742837913267,507.0806268741479,92.7128072899873,788.1028079410069,77.8645685449736
Surat,12.758139373481917,27.46848373917542,20.005852029964636,52.11140369647546,23.136791609018204,439.5534530172634,79.23189440235011,771.5367468511349,79.71631175692822
Surat,6.781362646665627,28.12302593329911,0.638960618634254,54.40842587768828,25.594252963640578,496.00312309723563,118.76882465744808,684.1978409552418,78.99894686846831
Surat,0.0,11.602143426573617,0.0,76.13064272109136,17.633542207194985,616.3768187419593,120.38149465953643,912.9693512544607,54.457603043839846
Surat,8.396109165447644,29.430512106835874,19.216927172701176,58.27168914880754,40.938840243377435,385.67205661972196,76.74562056913227,713.9871143668421,79.15089895862873
Surat,12.060392528063705,27.283262989248897,16.495443015398877,48.44467132031702,46.557995215502395,342.8323641751175,72.9008080268356,830.5523146662383,89.58884034848124
Surat,0.0,35.78277641110677,0.5128436191520862,68.75900753854614,44.70482040903791,442.0663121585051,99.71122041633815,669.3944496778983,81.84107224286794
Surat,0.0,23.199796173505575,0.0,75.81220358972675,24.959148486937785,524.4235701677305,122.53755354398645,788.4266061614479,79.85591393592652
Surat,0.0,21.51406970652153,4.572333718009652,54.07425082856713,39.93849899031098,461.7722043698045,98.55178548930988,808.2143077721963,76.3094273828436
Surat,20.49725485504264,8.24705668201937,21.0889509559632,69.13289973903372,34.4809885285792,375.7006879140455,55.91863405989511,968.4586853334453,81.22996140877717
Surat,0.0,22.93169702835093,13.835469913716764,55.07374555287015,31.95323648350893,496.9722123833651,97.3470796451782,750.5722593282984,67.37438391615453
Surat,22.088992203453984,39.29667181745016,0.0,54.90495335281453,14.125029923775966,447.7653600603872,108.36482835505896,719.1161237843015,74.29800373866512
Surat,15.787729475432997,26.336708730637827,2.8593913296168054,77.56647173766851,12.398422212244895,485.5529767999826,115.9031761195547,792.5148562107782,71.03568805527094
Surat,0.0,40.52634390225505,22.96681758895093,68.68904888822354,34.602865129787844,434.31072520159415,93.83185399111136,656.5742085512629,85.20690189245667
Surat,0.0,7.657128376183467,5.1436188233566185,75.17119970374645,9.598705257229934,642.6158376503897,160.26495606642305,885.8779720240974,57.519220547518046
Surat,0.0,9.662745112839836,8.048577136020622,72.61468434127544,37.2025200334003,508.02762604934446,105.05970252261609,878.2272877269713,77.14014148992125
Surat,6.602900459668831,8.398254387094035,0.0,51.52623922478442,36.273115049128236,540.4347274682237,85.75774249397854,887.0242456579705,70.37117308576637
Surat,19.17896289454564,36.73473452643708,0.0,72.67251909867625,12.708835951985435,463.6103393949877,118.55944063065391,724.4050703732767,72.87822814142314
Surat,3.9621823220464876,35.99769501449408,0.1986709001603586,77.86340649806326,25.655573190317675,485.78892490347096,138.55079644030076,665.4260595027779,70.00167092219749
Surat,18.538009946769748,18.212316283928395,0.0,45.6816747568147,34.835048791424406,404.96077441448136,60.560043253340964,838.1218110046306,76.33213187665098
Surat,3.7936860552143052,41.10364850992718,0.0,51.492027502775514,28.379621921806912,481.0001990462671,113.41440890191056,652.0056318919345,71.39275849239975
Surat,21.367557517061762,30.194894553833898,0.0,73.38852747871505,38.2103014088821,342.1933771223883,65.71352050322754,807.0632943583009,85.77473151898361
Surat,11.40781260998175,12.78003699406533,0.0,55.33050849998008,38.28730375073177,452.82389234850655,78.0605714625351,914.3525015873165,69.49421515127491
Surat,3.510106505016239,33.97341757745345,7.160784121065522,60.177434022587406,32.279882168634316,471.53799062982006,102.22531916289711,717.5001113801391,81.3208186372106
Surat,19.858223768657034,10.969402017638334,6.126710751968652,77.45534180588643,31.584986648854283,442.52043816843076,75.54870617043353,902.2155234832309,83.34937702583326
Surat,11.472897425299578,17.614624978282556,20.51573169286059,75.91935039247765,32.52322086513537,413.8478701008283,80.22515086412123,854.4727954991173,81.37077073813856
Surat,7.888016189576387,24.7053705397106,2.2389792080452366,66.6823096535929,16.20005732987813,501.27399360962323,124.24338447043638,844.1232932905979,65.51423479991752
Surat,19.75744438930439,16.026908607536154,0.0,76.92520969497377,27.308841997159742,432.23120010991084,97.58026510676217,921.232076827911,77.45794569321734
Surat,0.0,26.32034912120273,1.1900381562165272,49.53521154623713,37.40422321185774,470.7318188946902,110.86404774589832,756.8678963250068,68.221221647815
Surat,10.080591719112668,14.778614393900934,9.99304324726591,73.58663880168598,12.631935238436506,545.0995613567528,116.71329468477903,883.5412771602004,55.317995695203855
Surat,0.0,39.837746795061435,0.0,55.233093688969745,22.846540266721235,516.2129076261281,132.90520082176351,652.5511792713938,65.7683190076885
Surat,0.0,3.043093771646795,11.767567035498317,46.966084113843465,24.408553189988687,555.9921535491354,126.22031313325004,916.6807077175625,54.65420747689445
Surat,23.45098232477165,30.83911880058362,8.742710291019726,48.288991932561515,19.56417057489984,424.86846588690327,76.98032811030137,704.4293131474204,81.19251024482918
Surat,5.8868528414726455,36.30262057379578,16.37733578544305,78.08284656981088,22.524197956081856,464.67984837353686,122.81539099786491,704.5652582449624,80.52802952113848
Surat,22.06608647120948,30.0526665368737,15.470967412058478,71.47663143751456,10.898427082347968,444.9078934019559,94.15073800332158,732.149099119996,71.97159115456293
Surat,0.0,15.148982020415584,13.542386403083224,56.78939480200373,34.263880375300886,521.0727744524114,96.10897252338583,837.0221949074161,71.24254378717052
Surat,0.0,11.951149898431314,6.2139796540449055,70.70760888285963,15.428598487256446,618.6805248181581,108.50882315181187,888.1217868469528,57.20045362520642
Surat,0.0,19.527691792328028,0.0,83.22805867899825,47.58585392161291,475.77204676264796,90.15934908099969,788.2704675410452,77.2528393150673
Surat,0.0,9.831217995674894,14.591448560795563,80.67202840794968,43.437786368525735,471.4711623990017,91.05203612488675,858.111959572589,69.08486749346868
Surat,0.0,32.83543725841801,18.470124910128312,55.60820000435236,10.526100503846468,550.6142375395282,133.93267036428452,783.7218192174649,59.73597474519101
Surat,0.0,14.097127246909407,21.73871958365202,74.72529715147141,34.25595426983803,503.27038865961714,86.3491664013656,867.130859436495,81.18444051468832
Surat,23.980345146389936,19.124801175203032,19.04938933448011,57.79262154251517,26.281499808332534,391.42611164357277,51.2157669373083,885.5710757193665,79.16847186330857
Surat,11.285222272881839,34.77233241669264,7.395863816480258,75.99171759116898,38.58007577247569,340.0538608177821,81.31911588890051,660.3860885773911,81.69951240551092
Surat,17.87772893614179,33.52390624390329,0.0,45.33966527677463,35.56073097580642,398.55993678424534,82.7485765285564,706.2778507587716,85.16762459853607
Surat,24.829639846208607,29.66976070384286,5.118750400550702,82.08702907947313,18.213946283144068,435.15759488097814,77.54650373717024,809.651840878908,84.90711290281405
Surat,14.157162227409074,7.702895619659225,0.0,77.22544941220924,20.75782616121044,510.10519133499776,115.96047852904994,939.9448012597069,64.87675848792924
Surat,21.004109382946602,12.505981190229928,0.12799461945261825,80.01241500474265,18.143783508122908,483.6274690579655,94.11759279562743,913.5086625966948,69.54377643179944
Surat,14.113155421066832,38.923597873926106,12.554938844798663,57.63751782151633,33.8429387474561,385.55597109956824,67.90798164318302,682.319431228956,80.39008540377586
Surat,6.0891635345319415,12.616983249274679,0.0,77.78699033708645,24.910347436476506,544.4616253977382,102.79903553671359,832.6196752573163,70.82263113151215
Surat,1.456355900512353,20.31143558089765,12.39774896420204,47.93134995686951,14.476075246057018,572.9764932592502,129.13852618445418,839.6323350097435,64.55927416830646
Surat,0.0,29.83644463909345,13.98365463911453,82.14186375818306,13.58425087984582,525.9720094289345,133.0606853108302,711.7257862043355,62.97347532209324
Surat,8.652799733011385,31.969612817270388,0.0,74.87797085547243,19.692126409999144,474.8259052345896,118.16560546139915,722.9539384125017,69.83526048816626
Surat,25.787925216046403,37.672645681103056,0.0,63.666647359618665,14.453981507654865,428.04566940001524,104.30793562911133,675.4437544948521,90.09705071981202
Surat,14.650452960399534,13.539997242747567,8.21159717483446,65.0892637355312,44.12786344397565,413.5472575280841,60.87814032592341,861.8885873837297,67.51979899050657
Surat,0.0,9.74364438593568,5.66464770109172,84.37151242023603,31.462532689007176,555.8646295562509,107.29657749816086,875.9712471129654,63.74237213044655
Surat,17.174083183071986,5.591889113102475,12.060658760752787,60.58708287880074,29.43603224584318,479.9520581165314,80.54674964341527,984.2091884791478,68.6218434158683
Surat,0.0,27.279858483299407,0.0,52.225453749312365,46.159179235819614,467.54897590199187,77.0984382358222,744.0609982547863,64.99814018369078
Surat,0.0,33.53445748571208,0.0,54.61013844415488,27.976681058813753,521.4877280991053,127.646617010758,715.6120048071333,71.88591295565539
Surat,0.0,38.05719159630488,0.0,53.168828588959514,11.794980693734558,590.0424167492927,142.84709666291943,689.5113732001454,60.46043027728236
Surat,9.97552802246128,18.797564186665753,0.0,82.91969689332436,19.549043854025275,548.7308240588064,132.25069109272042,797.2779954882147,65.45919192346513
Surat,14.133013094607708,10.719136112165664,0.0,49.39825204540795,27.42302914314486,510.93281558023045,112.5509421712128,892.6012446247099,68.39250040951144
Surat,12.539860652505283,18.724402263524087,1.3770603137661475,71.97607184574315,23.585804453017694,527.9211336905782,111.44049454892904,831.187388561427,78.5855737555848
Surat,0.0,28.792263551448787,0.0,46.04283293657677,34.530528528763384,501.3456193684365,122.23312569608234,731.0651979415762,67.91394615185578
Surat,0.0,22.372661419172935,23.01620694702855,78.2269335383611,35.15133589381732,434.3505630571359,92.63283925822573,775.4375707638724,82.00059351664524
Surat,0.0,37.05581166619649,0.0,50.9565573162952,11.175030564827658,571.9758990732395,149.67852385487336,656.531037783511,63.30792419262156
Surat,0.0,7.538085188275591,17.641630494696017,72.59627970757242,15.860997723572861,575.958796778978,125.40374675419187,855.2464609729035,65.10991494745554
Surat,0.0,16.322867042785795,0.0,48.14534166420452,12.29968152846361,578.7304428498556,137.54105062665317,819.2624756472499,50.85918712175245
Surat,23.784082271138004,20.128110418558304,7.948888444162563,50.24638914255152,45.780356219884005,366.4465944149568,50.0,867.1321469805509,79.6008738226365
Surat,20.456792017542455,18.046287256800124,1.4589679579952701,71.1810788500589,33.14254527291469,420.3426119453692,71.83852278984304,857.6792886152906,82.32094974977934
Surat,0.0,40.14274173899008,13.515650990762424,81.6470611741189,19.514506768777363,508.34323327965336,123.63454956803356,666.7571822237593,66.85745193410108
Surat,17.62788722616181,40.394822711996525,16.681555746538052,67.56884484865358,20.776755151267487,396.16019492133006,104.68221240812368,645.1663638141208,79.52923410024573
Surat,0.0,22.96515159488865,1.294098251550004,61.27005315505432,46.48163533127017,454.9834716775186,93.07000005571555,784.9388760699283,78.34818477590336
Surat,4.913062139319582,35.19158792892438,17.101911175745975,60.15269162107876,9.331547474113574,503.70799106011566,131.85813283880748,714.7244458137521,64.44858349450232
Surat,0.0,14.448164482308188,0.0,75.31798244878169,44.14589511378983,492.36901495733355,106.01267773191108,846.9873329493057,75.4363084249162
Surat,5.084819616944767,24.202993097414176,8.018843884032442,79.98098457064322,44.918155571124366,384.10966789514396,73.67664296912261,819.3607304161549,76.06896017236089
Surat,14.810839597306952,20.79668076936387,8.24256485386644,71.48148822128442,14.650726182026819,477.9590987463995,90.84010762197968,807.5475710177926,66.89903565631856
Surat,16.75506765497577,16.68505172326074,0.0,83.15494568010416,33.867069889517765,468.5007581496001,87.41151276640264,848.5040658620094,82.73598773314706
Surat,0.0,34.38391096873506,0.0,72.66871532190373,10.95057154245113,543.6065285899352,142.3501995088017,661.471204551339,60.27395204813448
Surat,0.0,10.12136493576225,19.19170159608023,59.25835774900025,27.54792191470616,526.0587565178055,112.64884994992337,867.6358651494778,57.468694754435475
Surat,24.281886530690613,18.312176006237436,17.13394150441443,63.802019089741776,27.49241358078446,409.3781801134009,74.84695960965101,851.2343757466485,81.87863789941933
Surat,0.020780681540649937,18.54319036619862,0.0,66.56757937096795,41.0327135729281,494.98048503440054,104.93570163797405,859.081764605818,73.9187273417338
Surat,0.0,19.95486066001753,10.398846944840088,73.4071277772305,41.86165696465703,461.90394925334687,79.79648798541419,777.5516231664099,81.43439569803077
Surat,20.265567976606604,17.073309934132308,3.7436114895646817,77.39600153180561,20.966248306469566,505.7552335153223,71.89100565066641,830.4861386680475,72.97304912829254
Surat,24.987009140369892,20.684592788523023,0.0,57.41016409576618,33.04696912429728,405.2932089016928,58.66237208392656,910.2477075513706,88.56641245280534
Surat,4.724898980444603,34.575329021945585,19.125896376797073,74.22653379314119,36.72497852364573,374.4752239843867,88.08005024762639,744.6706440840782,85.66452261093667
Surat,18.489393595282216,7.226774215054446,2.905289129147846,47.648210104219615,39.41962560468697,434.0647227640789,61.2600732764685,937.989079141246,65.14562360383219
Surat,0.0,23.44675579749002,0.0,65.49515396798762,17.731814253663565,546.9082785645038,146.36937803830128,784.5448563241328,67.28723037836697
Surat,5.776650054516441,9.793831819892691,0.0,45.91706895428514,28.40843057026599,528.3374463185155,117.77036132263451,909.77163637468,47.678314070799665
Surat,0.0,15.848900973658687,16.01633209175317,56.87965506386197,11.507425498465505,592.2049179471385,145.33478149466106,856.8378035512203,61.01140335196091
Surat,9.774523360352436,22.872953308478998,16.107969213435545,78.37840064196726,43.86680549495723,387.49655817645964,89.93765217196669,814.9783399328253,76.2821719250999
Surat,0.03596422089618656,24.093233713759428,7.588809103468197,54.03336481778074,42.064452808113984,434.74434842757523,108.09583988313483,793.985073712095,68.53535326955718
Surat,5.739005584010485,16.404879424257224,13.988000913969628,51.37538121259149,31.193549170421257,483.56645969950046,88.59459679475088,870.011333246254,60.781673352735666
Surat,0.0,38.011709317924684,0.0,76.46243031610376,45.102498079451905,459.07970501202436,88.95320626465053,664.8477809447859,91.17773955052735
Surat,0.0,8.925556808928985,6.334505096992071,80.01652963903703,45.0250895858442,493.2263287125773,78.0174785877565,841.0222539938327,71.78454537887075
Surat,23.73737635460673,5.085505074676959,11.817071350662005,59.34189449237284,25.72971978295039,442.59753533934264,73.2122874182567,965.4989763784298,78.33799529301041
Surat,16.649113923347684,25.023939280471197,0.0,55.60549986543265,40.97948301591446,358.4084075825274,66.36956963574232,753.0376396265274,81.44523411181666
Surat,0.0,20.270215828522403,0.0,55.148985884390534,16.56421557560845,595.9353581621725,149.91747051443275,848.8128990806113,60.3960618609536
Surat,10.883119092130737,40.323893184718855,10.705854181520124,76.05856598187955,44.257406822628994,357.1095890570099,60.34527746253244,636.9521293824241,88.82377436262796
Surat,0.0,39.833685624114494,0.0,70.92938047627683,24.972205419858973,519.3967251231812,137.91810059782566,634.8357929968159,68.7441778901417
Surat,0.0,3.3425484457719215,16.603150136024823,62.84897088982226,21.96795107123912,587.4408854043045,100.18992793189801,917.8616028471332,63.16550909787272
Surat,0.0,10.99344336477268,3.6882450328528016,52.839292315875,28.476027427257097,569.4791631075527,125.64466139036094,846.4607696504418,58.41998475941781
Surat,12.36680651926931,34.56238128882365,0.0,65.1965904596367,9.623820722100561,503.0568753748091,118.86801503264509,678.9087672084004,62.73691591824172
Surat,21.73017661616185,3.2518358596568113,0.0,73.50968297590036,9.772127237282682,555.3985968805193,108.64065751143093,1002.8901033224694,64.80933178422336
Surat,0.6137677917943609,21.733134994322945,0.0,78.80821306141647,16.463988437669443,554.2528960523796,136.40910975018392,792.6408851915618,64.93328472923953
Surat,0.0,31.88864034315133,22.29137034524114,67.97411993416961,18.746953336042345,492.57738568501594,100.74536182130329,681.9936305147968,73.70283245100994
Surat,12.161474752844747,38.335367475938305,0.0,58.76133949099246,46.30412406874903,364.8786581672679,75.05228806361085,667.9840669124303,90.94607039478305
Surat,7.593448349727712,26.3644662838837,10.070528281743375,50.2573023670888,47.5699782570697,407.4050899665588,74.00020576899688,795.5209449920069,71.37226635586978
Surat,21.689401216110042,27.137760078393548,18.731396626799153,46.47493488719792,26.712410269114393,374.83621114029773,69.90202462601214,753.7061019933798,81.31788633941963
Surat,13.079945582090858,6.102296822909427,5.918684630718008,61.697709110338835,23.141548825252684,511.94231323889284,113.07588027446175,1002.5190122979856,68.11030416651137
Surat,25.427062467431,7.729040256260479,10.023060827704917,55.01712704578349,33.28687930484999,411.0560367750207,63.090842076360545,904.3278331222374,77.75596921621923
Surat,25.483157806421872,20.30851344171172,15.076687417128074,50.26918446903642,19.49348242523578,409.0343977178464,81.32565860234313,858.5208889442509,76.1701146514872
Surat,8.5269892768771,15.213592020859144,8.29876054893585,65.3394509405389,47.833833508093235,417.27525581504636,70.37383451236181,858.9896481144491,74.6103720495996
Surat,19.90708187090138,27.965311312289675,22.796960239640022,72.94621469360293,40.78663133257063,304.7948048402988,50.0,745.5192572931427,92.44844251545865
Surat,20.85244940206134,5.795090508808766,0.0,77.70106570866758,9.103175393521617,542.0394654434277,113.3072045836425,930.6217890600437,67.47629310545852
Surat,0.0,27.211983398854777,3.1433455958918053,65.26308568030252,23.34572600039606,556.7733082864158,123.63540193445286,721.6992158388471,65.86035876833617
Surat,3.1347909687042517,34.58399332255085,13.42973104139351,82.98161041789102,47.353267975131956,369.3115083330146,68.52712306789606,676.2813768714425,84.25399576012171
Surat,12.7618552212328,30.056826139637636,16.616856365162498,56.77681739403778,43.21166732962958,343.7618435064886,60.22055520999256,780.6813490630298,80.00584717712091
Surat,0.0,30.365702585749837,19.369401790465204,57.59087915648209,41.37884651268162,415.2860969382695,85.07384124844515,711.3005817982495,75.93313743566793
Surat,19.60474332293728,12.175373827018532,10.655839799750495,52.78946968820653,10.92500687920353,535.9010494266772,99.42244882955701,920.1277195086153,58.40239485371501
Surat,0.0,11.255696645097329,0.0,80.1010732047423,39.055327531837705,535.3580859980889,122.041431614654,869.1035184277729,72.58928325994462
Surat,4.898137066190127,16.281531676342013,0.0,79.44983919493365,12.000699917826145,592.3839574137317,134.65463719261385,838.6581203244402,64.5533316426057
Surat,0.0,13.430439093098084,9.265750999946604,70.55275999297317,11.160880681272268,622.168139105578,146.86823728817714,884.1320392278974,61.22571998467046
Surat,16.23027995016318,4.129687608068565,0.0,53.296638860230004,26.69629815079704,528.0550538108237,102.62530636620303,1016.5163879260118,66.42894428032288
Surat,0.0,23.72990546169519,20.597042617485272,78.06641672665964,8.161272724567677,576.0676906769447,139.16573561947774,819.8759263316055,59.137749182335654
Surat,1.1058556220605311,19.664524226895605,0.0,83.99069774334167,15.244228371981842,619.0625662403871,146.94226423295305,835.4420130649578,56.61527480961071
Surat,0.0,16.3833560881821,17.324319924316967,72.4336339293258,36.90733989562861,487.3009402100983,87.1144599923294,820.8889799080821,71.29142591926048
Surat,11.154687481623696,32.961261447776295,0.0,60.93610596411487,27.766379241093517,445.5380941767215,99.78717076338816,706.0273023596937,63.03293764958077
Surat,17.226309638227292,35.52805075006233,0.0,67.3405829782148,41.970011143419406,358.40148875148054,72.77695516447268,710.8782218957131,97.40687657670632
Surat,0.0,11.167216628022917,9.015190097140831,79.97752728262847,47.472297150229345,464.7380628457558,100.9806010812191,847.4679314969536,77.01748240012618
Surat,0.0,2.739707238181321,4.04940228385205,73.3901628575974,45.82075660885413,497.3430751621077,92.01513670082973,945.9763292458376,63.03334103938822
Surat,10.082660672614281,16.158197058324443,0.0,50.230910963380474,36.50536423107974,472.26791393124006,89.16224202043323,856.293632114332,72.53194174665158
Surat,20.102638116424195,18.377344891029416,0.0,72.35754416347898,36.1789324567208,402.5081351572513,59.18825308528119,858.5828693540119,71.97412754439831
Surat,0.0,20.774127589708666,10.295413067931925,51.125087939102194,31.6853258595329,551.098512646229,114.9896092599754,766.929839918157,67.18790527461877
Surat,0.0,19.48985364624865,0.0,78.19438127331622,33.86857306449299,511.20665943564785,118.65922436972333,792.2079587455896,78.57386494196517
Surat,22.09625790399911,32.79356049160186,13.719310643174875,56.394858110578944,44.93885227403156,281.7464899481837,50.0,782.5251961440908,86.52198062565303
Surat,7.046949541318625,12.802657428927782,20.11577168282102,58.97639145998121,46.06529737753054,422.98684908474416,76.11466024975124,856.6349889071666,84.00495276363479
Surat,0.0,19.895750119838713,0.0,67.30894861558804,14.998270273362689,588.5034402414552,149.30398886718274,815.9864967484564,65.74043077675405
Surat,0.0,32.13855481042043,18.76039209820047,51.75461377343714,24.884976802960423,507.62086964150626,126.33833851688405,700.3232180962087,76.22367660060296
Surat,11.040427828338672,2.3497891848612475,11.676284081398936,48.204686012457884,15.307819709916515,538.6717236485705,111.07928778382757,956.7945541729628,54.59772795878525
Surat,24.08065621804139,6.011344738938716,15.396906572386001,66.19255716257655,39.58469541968836,377.3987184135434,50.0,977.5045894305607,83.5978416594671
Surat,13.9720268925856,22.476701421971786,4.743640196790267,80.68527785822849,46.28615057468363,367.629896904222,62.543664706741815,809.8492595940968,83.25582665029641
Surat,0.0,37.88585915769218,20.985738861680375,57.05962214975402,30.686141457193493,416.41961523561594,94.84267910204139,672.0111293117666,86.08474210995038
Surat,0.0,3.734791518269674,0.0,56.84552744063038,42.745974360046304,539.8761026178524,112.91887823811761,972.8461211688303,72.35671135048767
Surat,6.859458951862678,14.388357146800422,20.972094009288057,50.36032685408506,15.341641711900104,545.0251913406596,105.50022189409671,869.9770215445299,65.22093397880678
Surat,0.0,37.20240751824476,0.0,48.060504327411806,22.534191445499438,482.237033143022,143.6832927895061,596.628077097496,64.02527793273222
Surat,23.924073804916006,39.749777382282296,12.64478440363444,59.04565602810976,37.653424625510766,279.1155574448715,52.9119668540374,717.3113233882497,91.74316768752779
Surat,10.02086406812029,37.53571274635938,0.0,79.61111145834573,25.584437161986024,440.3457148918592,120.54265576577006,660.6077150658657,80.32262234406316
Surat,24.471794206961114,21.14869599298896,22.187327681716276,74.68773310246391,13.066346533529856,414.2465570317854,69.82481277818282,822.2816056813731,75.62617224754047
Surat,0.0,32.147509604651646,0.0,69.26804575138476,42.34640588447231,440.8149066926582,82.90412492260879,705.6586596505327,77.01062930319405
Surat,3.168123039897832,40.58398481512466,22.140096560845137,55.60919202730982,16.02157519666688,465.8265629489069,106.4520959712101,638.6194331745346,72.55903126620227
Surat,2.8630643735255035,28.51811426235391,1.7074601990621474,51.000862688169676,13.214286542277886,549.3130555849923,137.00464401344064,756.2742929437397,58.20405493373639
Surat,18.83233683373294,39.29119484033543,0.0,62.130699174026816,43.0772714005373,330.48562020497735,50.0,692.3196368196153,85.83932269273095
Surat,20.943772136003687,38.14730547092554,17.77510920778556,64.62985357202633,8.965936646739127,439.60059531205786,83.06787707235871,702.5307445149565,76.88869726610999
Surat,5.373114995274683,20.967748264125678,11.006568725656365,63.84161776219413,28.221607987676087,489.7012294564817,102.26645413951168,820.0736552554386,73.93435996612332
Surat,9.850155787705134,32.37781625260764,4.133161995293172,54.013926015077494,10.17553357419002,505.9314132112494,138.0152196430138,762.6519634028281,71.17756396794891
Surat,7.363973670840775,15.38762405496675,3.1396794671587536,82.75976996207007,16.11179945203079,570.7613109130584,98.04974025060302,833.674274641086,72.94125423368894
Surat,1.3084659399115175,27.160278037715432,21.134194635656854,53.342849029811184,33.73903071156025,443.5113620214942,80.76677475993613,748.6390617663765,81.2548068309207
Surat,21.2517840050901,12.378517749555641,18.966566368880493,58.426601765914356,17.789019133495145,458.72689389039334,76.85677609333024,880.5385254734506,74.2503303746385
Surat,1.9588979337008716,4.1655410773708255,0.0,56.56505695718866,27.986685065957154,613.3049871008394,120.14218892120044,926.222750793374,56.05702793889387
Surat,23.611302502169075,41.557721031575255,0.0,53.722679758963395,47.9230243253078,260.231928639726,50.0,654.9639943203356,87.55410641335607
Surat,6.834871822143821,6.580767086008585,0.0,59.967723952216325,23.84616699657196,569.1129636808274,120.39072305868663,927.942282435384,61.24302062562755
Surat,23.257838785791293,15.408180060279076,0.0,49.07144596794552,8.13325311043576,531.5089997604183,110.3924797136195,920.9752790867648,57.587551689955255
Surat,8.026271843377693,26.46635841682231,11.034869451904342,84.64232469502224,17.602964854955424,512.1051201025984,114.6469740128904,717.3093298399797,71.92457974382158
Surat,6.754962426213446,41.507404845359304,8.018596188070617,76.72141120949789,9.541694652485894,524.7863901165435,135.70926367220036,619.5726107771017,70.54907975524242
Surat,19.9045758570088,29.68468351902037,12.048045469191933,57.7696581119798,45.069777638255765,313.788990281366,50.0,745.6397376177866,89.4638451392679
Surat,21.66295624579662,25.076128867340323,0.0,74.50785341791362,12.823223001617203,490.1742752657716,98.44268980686192,786.2215501900732,79.128438173944
Surat,24.872220761924503,20.808062526211135,11.786687259421225,53.81834532816558,10.446864608535488,468.55998413282475,87.98028209524573,888.2796504065861,72.98372148281031
Surat,2.24187421496017,36.680021509909935,9.276462222070034,54.34688063134105,35.66367363751861,470.79457222195407,89.52442090454844,639.6336864145765,71.53023303337126
Surat,0.9883689914564489,28.76274832606755,0.0,62.53293690789556,27.60478284731717,522.7631744283826,126.55500579836084,741.471900050307,69.42202744674604
Surat,2.049647219279123,22.40175061755223,22.501923148435104,62.54838825372504,33.30627156658645,457.32444180529683,94.76614251856887,746.6752947876516,68.37232238832344
Surat,0.0,23.823632537189116,17.28695229880877,69.66799063587156,22.58819148750992,496.5958855324257,103.77020927410669,766.3957302248657,68.78281513966722
Surat,15.224804062301565,7.6485347857158,2.8976742593390696,50.99639943493003,21.613948702066473,539.5035622364181,98.91158249497879,959.4975219945788,61.68780361938402
Surat,25.952062020214846,3.6864919873761117,12.606319768649318,80.05350939209356,35.64432764744018,389.11545900859244,71.33807721617899,1007.105224040926,84.42658006955199
Surat,23.457354440307384,17.478755092228923,2.9285383211070233,69.43976084015455,17.521848022094787,498.7155641181458,96.20987517095878,887.2171851791609,71.28447226897262
Surat,8.347224850141153,19.666950756314094,0.0,76.94082329071529,22.332311533890785,514.5666444113751,98.6483620188189,829.3428657184038,71.51525000256461
Surat,17.67534817458555,35.82531828267187,23.853049748328388,74.86217419170518,43.4959584807941,315.65236998460625,54.93868726118686,651.9247209604873,97.05378729726378
Surat,15.896842127730707,37.861412017423426,8.698982638507662,62.006388270778146,35.18664278013301,364.9947089480304,90.13510693488374,691.7370530659981,88.10649522171052
Surat,0.0,26.42877646070783,0.0,62.81105953941143,20.855557732018834,534.1732397653253,126.72222744798633,802.6688962810199,60.370780079753544
Surat,0.0,31.83700405504245,9.007455759594173,81.47991859184245,32.2575374396436,465.56100815895627,114.00427271258691,721.2232677232861,79.81702458872684
Surat,0.0,30.537669677359144,22.15472578223178,61.38559082626362,31.490641034388787,420.8229742416996,106.67127572002127,699.0068688416817,77.35909235479319
Surat,24.996442281904038,30.799754244110986,15.642052453870559,79.00519277248239,24.981901088711968,371.74859382226214,69.51273717281029,720.7953892157761,84.95123590264865
Surat,0.0,24.00988649212478,23.080043198542178,50.72871973601295,32.66293625199723,444.50940444700046,92.92891482331693,795.5649273654703,66.83710399442793
Surat,0.0,39.844004318325084,23.226314002312776,72.90200892365087,17.935203268331513,464.03114891392215,126.92820909820095,631.8330559057218,76.60687374835716
Surat,9.685364457598777,20.029299602795245,13.316166185985168,62.687465369610734,40.59683249880926,443.3679141177005,89.46275403165792,857.9338183075901,69.75083044422612
Surat,0.0,7.01037584413786,0.0,45.09010080264673,42.829972020546485,512.2021704649333,113.31086593239746,899.9226933053092,64.39835064334478
Surat,0.0,33.7850954194256,19.749547773631832,47.63830667879228,19.306615710804593,487.9477250203019,117.72406310001283,707.4197342862865,68.2974748233085
Surat,20.329667694450762,6.585583770340783,0.0,54.421183476175614,13.864309175442335,517.4244620724753,124.85263339165448,902.6355177341142,61.71820825233563
Surat,16.118548554195016,2.3118094554385173,18.490327509070717,84.43461327978976,33.85718033111627,474.93043374583635,50.0,967.5795532741759,74.46599011931858
Surat,12.728155727771984,39.212802761557896,0.0,73.93450071889367,42.64368951048844,363.930867684673,71.55097753143022,692.9192684926828,79.25999318427948
Surat,19.176929864612575,23.95013052289805,7.496949361893385,46.40906429067553,10.04942795739354,481.19026193038786,108.2309521818973,777.0898832333437,60.586221082193816
Surat,0.0,11.447889612173036,9.252044365400103,60.7216629284494,19.882812793210213,606.9048699151234,125.71740133055482,917.749050170427,64.81903486326446
Surat,17.34798969961141,37.77664818512605,5.07531498136283,81.49044780820877,42.77738926246441,337.55199010059124,73.77347021427343,703.692567088386,99.77449384686408
Surat,0.0,12.10797540605152,0.0,79.92170063813842,32.733022686386576,597.7087321639249,128.8449765077966,911.1643559704531,64.03652179028238
Surat,0.8160449243622594,5.580031371371618,0.0,50.251790386383924,25.59547907607848,565.8951653127325,135.36368896205798,925.3772109180488,55.71240608560466
Surat,8.08943965486118,38.306610950484206,0.0,78.10994272124903,38.3054415601452,386.7032533792498,104.8274220216633,620.2797298370825,79.88029169305739
Surat,25.963950507133873,33.988866500349324,22.53996599877648,47.6670602314767,18.794542370739684,364.70300445248336,73.07545018553024,733.2498644266183,81.36916515876722
Surat,0.0,35.81904838209931,0.0,47.65569424252391,12.568844433935727,579.5460867128777,142.75654663819932,734.724039081579,66.4107289473785
Surat,0.26251096021133336,41.633641511145306,6.432800330480237,72.72169386446592,34.44851404690932,391.2509923442059,99.44663040306654,651.9550084066225,83.67051610416857
Surat,0.38634666390022687,22.36398536085472,22.772694852408634,51.932836669808935,26.17937486780834,455.6648807197066,113.73741286744804,761.1652902926849,68.69290012106147
Surat,0.0,22.43492913461742,22.636862814446204,72.70114447212485,30.53840703569697,512.4135468983628,105.86863224926807,797.5582634009755,80.43395172876974
Surat,19.796148655207,18.86760223719876,0.0,83.49573621322577,27.28119209413927,435.2378358070419,84.65375547575084,831.4808156960964,73.11128752688964
Surat,24.370477252609476,21.121543865392848,0.0,53.24144371264352,24.82958004037317,413.5075746336322,61.44977403266665,846.8720169224786,71.40929034103809
Surat,2.7820661781423084,29.29194352281219,0.0,74.28362525706484,12.075729785968036,530.1405942884963,134.44613335817306,695.511855371414,66.41339274624643
Surat,0.0,29.53762964743817,20.732803086300308,59.36998250156904,10.368750082618352,529.8963730434979,142.95615407194327,740.9636871057403,66.21375288215292
Surat,13.44082048695747,41.62112562114879,0.0,61.983129641528166,40.22017154780917,316.53861328310654,84.45025429718419,700.429642800977,80.21976087129724
Surat,0.0,34.390923647531324,13.853434666742366,77.29200872329722,22.449254000758923,517.4595932827971,105.18057811668066,741.9257132127269,76.98619511222333
Surat,0.0,4.949851267968594,0.0,72.77948819769084,47.646803285797496,513.7009999845529,88.5234376141324,941.8871833812642,72.96024546452637
Surat,4.4809735065387315,39.53732692978787,0.0,78.25835532329035,22.038944567640876,534.3970625633442,125.42258834578395,649.6962218768487,79.92553639811888
Surat,3.7951135809234806,9.666845018556545,0.835989003364638,82.83619527483967,20.395566138131677,567.9880643262964,118.73976034390935,870.270477701933,64.16324845374638
Surat,0.0,8.296851020950548,19.711081622504253,68.23074780430633,25.917249747277623,566.6052619762206,108.4627666098121,950.3111773663197,68.19500828574546
Surat,19.898775831941364,36.7671342276903,0.0,56.044431704220756,18.716927404051276,447.00255118420387,100.4687878778017,719.322017968361,77.07769357192483
Surat,17.370077904266765,32.92231936807711,19.10724691691182,46.577228304657396,42.762158243923054,321.096719055183,50.0,770.8094899380643,81.8911143173457
Surat,0.0,22.241052742085163,13.36045624066844,54.10681814437935,17.969878943811135,561.0957979646317,125.11613993181665,779.008513661657,72.89893647826105
Surat,11.515417656981938,22.25809360290898,0.0,82.80966408203066,8.183789479946658,566.4826343308412,118.40859620571567,804.0578114577664,71.1508555283759
Surat,1.527800745464205,31.042607805221845,4.18007105430328,78.4140254138965,35.017850350461714,501.61843581809853,113.07448232381084,702.540654041908,80.4877115434933
Surat,0.0,27.57376185943047,3.6273728251361206,53.6422679163328,33.41871198800287,498.61563589024706,109.33031671010342,786.4206107175338,78.48077446109383
Surat,3.6536380177627876,2.882371841339406,16.39836001299564,69.40667756737074,28.801452648051786,547.4651185268314,124.81594021793616,932.6862212661179,70.90529481079294
Surat,16.799313757258314,6.3751497755943305,8.902704917233667,60.535388826698,9.804608545115308,521.0673052520428,104.60614269105184,979.6864048038141,56.24450268959695
Surat,17.949347623626814,29.03920451731714,0.0,62.8710900092554,18.63678454801478,475.89697083590033,114.96489422726067,785.9832427671512,69.34408093947503
Surat,6.678138578124866,18.655355262699302,9.85358027863969,77.11051768783213,35.342050603424234,460.03778280115614,86.57685830285693,815.2290989477654,80.89929563280666
Surat,18.332933565623364,31.665328259701802,21.319521001542597,77.40599861468583,10.509326385739477,430.84674140786944,84.62331223564351,769.5297257079333,80.86106825797523
Surat,1.6431304174038743,13.300289285274747,17.14105552672453,61.541405415391026,35.616640327198056,509.3629727322908,91.98122543049297,849.1115343843188,76.02693201567986
Surat,15.859941466347578,27.868765411029372,0.0,55.750135841196496,33.20919859769805,404.89553762593937,95.30615048487049,770.5409380103769,77.5168369825762
Surat,1.201013089729436,28.616306529703316,8.896070732332753,60.25292300725499,11.789365322801117,554.9191273153702,136.59487778271586,703.7293397198431,65.86494597054313
Surat,11.99090070548985,31.79808271557493,0.0,55.79159176653643,14.80004424050689,530.6866060655291,127.47975526791178,679.6204966735671,66.5098753125478
Surat,0.6320685299613373,8.866060060057055,16.63269664754099,69.35209382156131,38.8236929352467,485.85473731716826,103.47315306442341,878.1487427865495,75.28262714790043
Surat,24.25140844517938,22.386608819711597,22.82200684008395,56.76532104315896,27.00168099448194,386.3158010184219,55.912206911211584,806.5481270946138,78.4437902275933
Surat,13.96344497170978,28.745625293323037,7.616416196190411,66.69491679858174,33.02766216445274,395.0080598577126,88.22459593452884,722.459648447754,81.36864038192238
Surat,0.0,14.778791573141284,16.02737787134985,80.15127265641169,35.12290302233106,484.30465577427935,93.72919888286793,822.0741375067346,79.36695118844952
Surat,21.551838545596397,21.006590560028634,7.5890614016101665,84.60510475524227,23.358992921315927,452.44430752185286,59.82764949400949,866.4104416612065,82.78015066373048
Surat,7.853551280552779,11.146899831429112,10.763753727981793,61.75202499387045,42.18615046518865,464.00942681982576,87.27083229925158,861.4502300840292,65.76902185035316
Surat,20.057648244474443,7.283700675201622,0.0,69.1732146633052,45.64932468347825,427.1275319069479,59.79327682708642,958.2542100262817,73.15556045301699
Surat,0.0,16.99127834751805,18.730673289205058,47.214028976579925,17.077079375836476,562.5883135370925,129.78786992673437,827.0653214535628,69.2296333335889
Surat,9.546163100563106,8.521752753364245,0.0,67.3802958199906,26.22630374298491,531.3149758575579,104.79003977424411,902.246055511484,60.46779925409057
Surat,0.0,6.618124167020863,20.265997430804696,46.21597036609437,10.93344487481345,590.4199264918972,126.38904978380197,922.2850984643057,52.931885056439796
Surat,0.0,39.340065121487015,22.33130197782311,66.54876956738914,19.91294898926387,471.70256773081024,109.15853571032646,658.0453801124104,69.56660903981675
Surat,0.0,35.98005442721575,5.173023264774873,80.78886924161816,24.300298597758804,493.3873249862764,130.5711054563526,658.0767115627401,83.87690288994276
Surat,3.311085922634515,33.93519277495217,1.4504088219667217,48.44511855838783,45.575410730787404,441.64413828777947,85.61841872996783,685.7120193803962,78.7285438100895
Surat,0.0,20.404492278048128,16.665087767795946,78.81466929727267,14.62154485186905,565.324920358388,119.73119987933005,801.3627130982834,58.63549830307933
Surat,7.913593978353418,18.650403609005853,3.766198326362545,66.85838220978552,44.38527094143655,466.48076385157674,83.19575969958875,860.2691443546393,74.06624874691191
Surat,5.660208688691405,16.777755393760984,1.7878317579991965,80.87319032010413,30.135310686870646,491.70521295725143,98.00741916531133,800.9958511581021,73.14616104806333
Surat,0.0,13.723823163705745,0.0,80.05728560290768,27.193680538929286,580.0786347522804,135.53339172655825,831.9649257456437,67.48792332770925
Surat,22.07379417013813,21.379443984066043,19.36870906833549,78.77900592560715,12.473417330426921,467.0315060686895,65.45163931880542,822.7318621074949,84.40808954297556
Surat,7.997125353417388,36.077281581445035,14.448227918347989,76.51151837406812,24.886333512172396,445.9869523860579,105.9589205681499,693.6383166358742,81.98554231256274
Surat,2.865027219479284,30.581041128203367,20.555701124205015,59.27088229417185,34.51222282730768,460.22094945689514,91.4736902127468,684.9400822851412,84.38574706932367
Surat,6.750401231528187,26.70000569025142,0.0,73.73353077427214,10.990942629028478,530.2150254382099,158.21608428650873,778.227027191509,62.864146626044935
Surat,16.77036397070255,16.963985739253204,6.62980127990231,52.21100012197669,24.4340635167392,458.93155808845,81.3518017690821,838.4881786033976,65.11388374746826
Surat,0.0,13.437779583742373,0.0,71.94102513919829,38.83403190615749,521.1179988987492,117.77608299044222,878.0949576008119,60.08669899001207
Surat,0.0,23.3193506310217,11.946841598624538,81.88085193187479,47.46122026558864,454.1488419012151,100.69730915362688,785.7298110560978,78.71493897506825
Surat,19.982133164098023,17.675465651772843,0.0,64.97871709820399,35.44416217631178,423.1709012101399,66.03923903059723,852.7835078710292,78.51606058632355
Surat,6.898408613684612,23.86846446363422,22.40978138442776,79.43934634876493,17.87883965644622,501.349556764242,115.00563457815919,765.3097039210182,72.44603025368652
Surat,0.0,12.632217312416632,13.986160720591254,51.91509837852422,33.64230897226576,510.71790155309344,101.3213194149264,875.0157161522623,67.36089979534218
Surat,5.347466443703922,22.120075663303965,0.0,79.04159234383125,26.678586200644645,522.1533710305673,109.23614033543609,748.8875610608444,72.76709520351208
Surat,6.160275392797185,17.380237609505286,0.0,47.43188815630639,47.75833556821472,438.09696261128795,82.56680315707996,869.8744845851544,72.78546915223495
Surat,8.87480802023373,22.953356206264694,11.592473863211104,78.95245966667683,19.84890459109073,514.643325599979,136.16793802275117,809.5930829396499,75.15942612299267
Surat,3.8121236716757636,9.356967899595652,16.536663159000874,71.93512873417042,27.502197875396675,541.3663714974545,101.67648597265497,894.2239676733235,67.11015009020443
Surat,0.19956168552681675,41.80689671638322,10.926933134640002,55.721373753546,17.699354216366444,511.007426351787,125.19890086499638,675.5378110259226,77.1191096129225
Surat,23.89136017050705,23.165195567374653,0.0,56.66521141704067,24.8806925959217,444.45925563794253,97.18559501493436,870.2468973569563,71.69836832755142
Surat,25.85956760167351,5.7489759488432775,20.958555275274932,47.17961096053607,18.249394243745286,464.8190652021792,70.91821481301783,958.8125461318549,74.55237478116847
Surat,1.8669687505926973,35.513565774032976,11.58498903860568,74.28331133625205,19.210858232784048,486.9996787166037,134.04340599499204,657.7507406136453,78.23917027901634
Surat,3.7638627029155103,8.884010399119997,7.765541163974838,59.83370507022126,39.719412857863794,533.1683430807026,101.17254198705045,919.8982648952732,78.82681865326622
Surat,8.137160945994406,40.50605280239798,0.0,84.68296543773162,26.53242368672744,453.4964556425606,98.94545731648411,701.3951380625202,77.71137256067706
Surat,2.663900764718779,6.0917709729024345,17.553661133369566,65.28916755301549,10.206150327503941,594.7562293043238,130.10510355565495,910.14644594447,60.235573041641665
Surat,5.849470186786164,15.209826233667572,11.416310301290064,70.62645964285169,17.253468341296376,554.3468202148116,111.01584834840217,910.2824098438308,70.62452617939927
Surat,14.188742976374602,7.669039248605451,8.830207476533882,65.66152661792623,24.013962360386987,497.0999081298405,95.71348509922994,934.7710458733109,77.13134330431345
Surat,3.909712879476764,6.892464272779126,0.21053283432212666,74.66512029279204,37.19844169408806,549.2671458284502,103.91581385580308,935.244647203626,64.43469333250084
Surat,3.091773534314072,23.14334654371607,9.86770256545772,59.79677471891296,34.50047826578459,484.5118449822302,120.79125763637896,790.1523001241999,78.30269122361851
Surat,20.082221035101412,17.793505394463644,9.614840131641522,49.49960677427882,43.65468337361294,362.63823750767995,78.60149667930679,877.4253744976304,74.40096155413873
Surat,2.078686809851071,36.79506969244167,19.32995676294751,62.49190441879678,11.113329611237866,551.5299938138063,141.17292547626613,681.1996180850538,81.55021891894862
Surat,5.041892494485243,13.218837410425992,21.55519583857071,62.21171918137694,28.71664579764786,500.1651627423843,107.68603476072016,854.468419409766,70.03010461527282
Surat,6.785846137531614,29.223820730543554,19.10965108698535,59.40832469836178,21.90113559256818,485.5064363570685,87.61702452457702,750.92261581881,68.5937876201836
Surat,9.065850325004877,21.041050497309282,0.0,55.70563070321876,33.567553213295355,441.25172555253414,105.89831701972376,821.1089792702975,73.3342054809653
Surat,0.0,2.9352337996901703,11.578935989403828,56.799350512829676,32.75481072223038,575.5130614782381,113.48908083325338,930.4761929264345,71.4913775492141
Surat,0.0,23.157573714030946,11.237502779178214,69.48620025466693,32.47346601600432,480.55426959117375,100.76733647465885,723.9661550881681,73.07628538793394
Surat,0.0,9.525764099359119,1.3820073344116892,72.89694478783875,38.61297623121321,513.9089593437341,107.9107029712095,852.4381885313967,66.47631364143265
Surat,7.4642774480380325,33.03495469805434,0.0,55.65267287951802,15.789620919110023,519.5016720870151,118.45331202564037,696.9671342592824,64.18466543105858
Surat,5.491597234857597,26.818138736817048,0.2991830380092928,45.492967471218705,43.10334043455481,376.67290570444277,79.73938747177206,762.4240183848918,76.30629977471807
Surat,13.75024869462814,24.348973941188657,10.255197626629094,56.232451134184785,12.255874198604165,481.1759436345427,110.04134158047738,792.2353658279866,68.82760904062053
Surat,18.353221868930127,40.70996738140556,0.0,67.13879630233583,41.088301193162295,312.7735119362788,77.77266186998604,669.3404929421422,84.97016693618878
Surat,0.0,36.65440344408436,0.0,84.3861079135217,33.17035293321429,463.38277702019263,107.6792154171198,653.5819366497823,71.56730646485404
Surat,0.0,15.409041558710255,0.0,53.754717298426634,13.214523343487816,651.6713135400491,153.78529439965808,809.2760681518092,59.59317588851222
Surat,21.683679212865187,29.890424713999987,0.0,83.56622158473897,13.673219963036313,430.96627702579656,123.99713534308023,726.2370822254982,80.38240456841395
Surat,0.0,9.941291021989167,7.705964865610127,55.976436743986824,47.532384892904446,492.06184220485557,76.9669348091013,873.4674864682199,65.99552474101118
Surat,0.0,20.58400124328128,0.0,76.18262372190549,27.996014488525653,544.5215708865699,101.29172153148338,738.9742962467272,63.89690366564214
Surat,23.845376070571646,29.143755748392245,0.0,51.94466703400417,24.23464019426349,400.8348699630106,73.28234394752748,768.467289955046,77.28258371597173
Surat,12.305000395912323,37.831907055680034,11.30725011106599,49.60057796878253,42.216411365461475,369.06287572401055,57.919813033694496,747.2986477667798,84.80249078073487
Surat,20.26346762224987,31.36607337746688,0.0,81.57903215038831,32.94652386140441,367.0413578230289,92.12686502651744,760.9426324177748,91.69875503781829
Surat,8.714828814097064,22.15321855591266,10.720998612100008,79.72745670844215,17.253709121267907,498.50390377189376,102.48303794088842,823.8627928198378,66.633850022537
Surat,0.0,31.633914998524894,0.0,55.4701748308061,46.72107176658508,463.22449690780513,94.56238241958246,693.572019523131,68.72218190987506
Surat,11.82443462259733,41.77097861823866,0.0,46.53949909072596,47.915736310709455,302.8891052650053,62.203883208181175,668.3332075185795,82.1342800359415
Surat,0.0,24.13897879973898,0.0,64.69533307793395,16.30082765514917,615.6349372651383,137.89069922885224,747.419330781861,59.706997010895435
Surat,12.50597639520953,11.823244634226032,0.0,71.9651485595336,17.603893756609388,528.3363591784415,133.39344985148662,942.5330380982139,63.21046875193709
Surat,13.836955028261702,39.45305314630176,23.596357400274165,52.43091157338149,17.994614897634087,423.15623117618765,85.55751771868135,646.5874692092306,80.55890616541961
Surat,0.0,34.88510932928887,0.0,62.130745063868616,8.192007288431427,574.2643867415936,149.89174245705192,714.2764226730881,58.56929909843601
Surat,0.5412338392205989,34.840822868121826,5.87413098004642,55.61015797942778,29.03226472088743,489.85886344420845,131.06095625004986,703.3993732377943,74.52244712858992
Surat,0.0,7.391989702814129,0.0,83.57096242069808,11.558462579485266,638.9598436364755,151.2351120134144,888.5682290187593,65.82675523781761
Surat,9.385961553508267,35.41518330642621,18.766558144526485,67.05641542525105,40.021684998603675,340.62758555092756,60.91180672200964,640.4358350721552,90.17215914855554
Surat,6.924568041863441,35.05465705682576,8.644755749033735,52.31069559539641,36.35980609059764,387.2136571940678,95.72525227386149,654.0371406729164,73.83882940903871
Surat,0.0,7.260659766286274,0.0,63.75620196257648,21.64749472318289,623.0048250325224,118.60211404117793,901.7050634760377,46.90045327125678
Surat,0.0,11.207228925165683,16.92251506856016,49.54038437860815,18.110339679466875,574.6473734036945,133.92540859111696,919.5286296469761,71.09811962563303
Surat,10.20181866585715,30.60679242600165,7.948646103943577,79.64372544969146,20.781942432736052,478.9703853105864,108.20345798585504,716.1493854994036,80.3712077173807
Surat,6.678199525265967,25.379271336739432,0.0,75.6717596155273,25.19043573947598,509.3462127620619,122.04637767202178,751.4164131391575,72.59432851052469
Surat,0.0,34.096491105055605,0.0,65.55766225783371,42.09637589237375,440.4084318781683,95.66290174299269,709.9617624280596,81.50807978076216
Surat,21.558995450485092,17.340088108227903,0.0,71.53858876210938,10.060589986266407,515.8242698958168,107.11800442043857,812.5819049199458,62.8875460869633
Surat,25.88577116420136,17.59230681989066,19.29368998518317,47.56983226591627,43.27286102668724,315.4045845806154,50.0,857.6089533175892,87.46188193086485
Surat,4.715214435999844,20.463698259013203,7.779676935347691,67.81264990809845,9.597107022055809,602.8596954579531,152.12160380842536,814.2930147562721,63.534213686785705
Surat,0.0,16.030302042568245,14.275466751300964,71.85689926460981,8.207175275151648,574.7619192300626,142.29458257282337,873.1054933293033,64.78241976788028
Surat,21.797537120048787,20.151240086265204,6.557393931576936,70.6842548563349,13.195867454311408,466.8085005758741,103.22360365715107,801.328953482622,75.0069784156007
Surat,0.0,19.1062895270746,15.808498219370797,57.73974135756994,42.265024513978425,481.1765026664929,101.80000483213016,826.5115479994835,73.85209022000271
Surat,0.0,7.269891703505426,23.72816277674775,63.73990697812822,44.71778996989914,466.8629205072516,72.55050074481245,871.512148978885,67.75329897754837
Surat,0.0,27.0627036362022,18.668988668390348,50.16974883479982,36.487988561994385,455.38836740040443,106.79966481898992,707.515779971175,73.82485193634459
Surat,0.0,16.807671176465796,6.688355428024664,82.93981701227037,21.0814611814015,563.2423515372883,126.20670385907124,836.957159523987,69.84367467163054
Surat,18.458711241445542,26.431161025477635,3.565358302063153,58.53143573689681,22.88246672895645,469.15582942045774,74.30277024171917,768.1418499234985,80.04568218056833
Surat,24.7286117673709,22.271779543781996,7.802290652591296,54.69504744506694,28.215213560819855,394.4540939566449,65.81704778853052,835.6316680280904,69.72811881753236
Surat,14.932386834487389,9.326574547076037,0.0,78.81855681936831,25.05381889267101,533.7817304201473,113.71940601715235,879.3052867708204,70.8774875676596
Surat,14.998108992733435,15.128411182742488,1.9798408624347417,76.45075359505633,32.404020975553856,482.72198798909346,99.0527142750688,877.3506212405525,73.30204180118743
Surat,7.5486444145953016,41.44085584276009,11.04671439992115,79.788227513244,45.9089507931225,332.2881178703415,67.42429511503995,669.0202696262069,92.64491601795574
Surat,0.0,28.57466404520234,0.0,73.0076565905793,45.85323678486873,486.77466871737096,87.35357886554223,745.0398047318465,81.82068229905515
Surat,18.16459997077102,5.286896164697318,0.5003898903028059,77.47804582673646,31.33778729024675,505.32265528735024,85.01352026338907,934.7970177562268,79.27570293889228
Surat,13.640388088110456,26.875127184803848,0.0,66.62581522177669,18.766280332312927,482.37768935514066,107.89036237643677,765.4232447526972,75.66740604266771
Surat,0.0,24.650533985101177,5.208150354335874,61.2844048840323,41.5379291945309,501.32918512334277,102.37828948350447,723.8644827715071,79.12341397256935
Surat,3.042635835301695,16.538290505864687,0.0,53.33216642733953,35.53832217326168,534.225021476575,94.11977348556482,840.9091639515648,67.9538653274426
Surat,1.9898914584763396,17.166153818956836,2.35806546451208,51.488149416645165,13.116202890600947,569.7244226351505,153.33742346618476,828.0025507536968,56.04384746042013
Surat,6.552957858586808,5.936318217459917,0.2116555282589374,46.392423052726286,28.3678403322278,534.9533900780754,121.90108595252349,967.6402521800403,59.77573516512248
Surat,21.477823123473897,9.270465163298283,0.0,67.52624061169621,41.396126308722344,440.86292893377765,73.73018039884725,938.1112202186519,76.06817374430965
