city,ev_adoption_pct,solar_adoption_pct,trees_planted_pct,plastic_recycling_pct,public_transport_usage_pct,co2_emissions,aqi,electricity_demand,green_score
Delhi,11.602836962083316,27.62450644579767,3.804620337350105,45.3410399534926,46.4831214690342,974.4837624713595,232.2028379258063,1286.137638738295,40.56794497789308
Delhi,14.872224413580064,4.443205959731273,8.849650991915883,51.83427839944677,59.86841064105366,961.0039854903864,219.7609922927847,1570.7717737871933,35.241146862847394
Delhi,15.835993224494981,1.3401096051036738,6.992258020227819,68.0099343303543,38.40335944527321,1041.1034306378842,245.4821535003637,1536.2894683384638,30.068715538914677
Delhi,5.506245247461921,0.9908057271425204,35.327632401132114,63.747594155726176,34.35879278938928,1060.2175648074333,237.06031353366865,1515.9050682070738,24.80151456047762
Delhi,13.734715891948902,0.0,17.34317662023991,50.264288665188666,35.71491660866659,1077.4329115319247,214.3587054702218,1528.0960798020303,24.381662199919425
Delhi,25.087853456743773,25.431457778312428,40.349124297084614,58.25659453208591,63.23575738458732,774.7238114336269,146.07448998937738,1396.1913749680873,70.50161835528753
Delhi,0.0,3.719900954299767,35.15632496206423,38.949533307267565,36.75708567883574,1081.3844130863886,237.73618608986487,1497.4497707778228,35.56467941740308
Delhi,27.068140715941155,9.414222335030402,17.193866561687962,46.973542789269565,61.27453620259115,865.7285032723526,180.57917545425164,1522.699445999342,55.169132403996414
Delhi,11.754751466858444,12.268904681864058,32.456915092336516,42.90804692368401,49.55294054043224,966.6480140589731,203.85097379263385,1467.3163715463093,40.92367710760691
Delhi,5.645722128709025,0.0,5.597895583623892,44.81338285256314,36.399071677659585,1130.090920620959,244.94737869463904,1574.4906413650344,24.01073507121506
Delhi,0.0,0.0,6.00030255458875,44.39638571180531,58.515451550179726,1040.8426070512967,239.50299922253097,1538.5213208089976,33.73172987048741
Delhi,15.800333260325317,10.798481183497007,5.504645498687665,51.90100679646251,59.861814563067895,935.5782997504904,183.46231110112274,1500.8725742092317,44.89495005077718
Delhi,15.982009016553391,0.0,16.754668967745904,61.12960535347133,44.12823105667049,1014.1372749512476,214.45134357872172,1581.3573685393044,35.549517167312466
Delhi,10.124322966182671,0.9679847733339173,10.205978540553195,63.28032537121095,28.749353826138556,1131.436328299458,264.57845246298024,1571.0214122743005,21.65364828150571
Delhi,6.099916596069333,0.0,36.81584788744688,35.889528748401816,34.46016388765911,1063.0082677263604,228.5983925560065,1544.6662467798046,37.664181367113926
Delhi,14.410706165581725,21.268919033887116,21.338189269203063,57.91146051701487,50.275479148306424,878.3567560557797,218.72465330196144,1391.1710174735435,56.18793708439604
Delhi,14.800321699809906,0.5900395337223792,10.126158307620148,62.01505788770929,62.08920859479826,966.1615756273789,192.70996354747115,1576.403046782784,46.370275327103464
Delhi,9.742429469825094,0.7787983666713032,17.431706974706117,66.7544263522545,41.51783753064663,1048.1486413735342,232.50825454627125,1516.5263307990447,32.35318804234243
Delhi,5.398599100321288,8.520835990666658,25.330781247639976,55.95372889142863,27.035212326069242,1113.0240995053468,256.5045119121418,1530.6883504774983,28.38020747211641
Delhi,28.010726649647857,0.0,19.503234818358003,63.46505662231274,36.716636702230204,995.4564927108104,207.97651487756542,1593.9191640953266,46.97685175824559
Delhi,14.929780380297679,0.0,24.437680799246227,39.42177624476082,54.820711858344694,986.7943517134491,194.16107279522686,1571.4229059368686,39.07161821518292
Delhi,22.167235553719788,20.910357086225716,25.857333723428404,46.6762992638665,56.085680140777846,824.6274081705545,196.5291931764936,1407.0141915739794,57.38777784854561
Delhi,11.339241741480887,15.545659359722965,12.762006923590114,41.07101987455759,38.51443985538255,1042.7722830823302,236.18607363631065,1467.305269714441,38.43152971737258
Delhi,28.158746366834592,0.0,26.843421542082126,69.17896675215579,54.435756757757524,921.9969878701614,175.6423980128625,1576.3581753740286,48.766301489299366
Delhi,0.0,7.096486149245003,34.0269432237388,48.69789307890416,38.436666656370114,1066.5279629748954,249.49668341407303,1443.5501590373826,33.007868424685505
Delhi,9.177799391199958,8.555396914158322,26.846500741730306,48.45905366139146,44.168270852031654,1003.9289073577121,229.789416172304,1462.2474591432526,37.40764890808791
Delhi,7.036150704673856,20.493503984297064,12.810389471569678,58.7342875689139,44.86133100091336,1032.4245495861753,220.77384872871704,1385.0277999652499,31.583770407505508
Delhi,17.047405329914763,4.00571425183853,35.77371097840633,37.95873835938689,35.97504933384735,1032.0756417104144,208.61780812616718,1539.0520356291609,35.09984686161996
Delhi,10.48096301601354,9.753085516318276,16.367085285698607,61.7489008773332,48.7692259090406,1019.8389716478405,229.8855351781017,1473.914912515959,44.04579611824278
Delhi,0.0,27.796322071526397,13.700229404455168,56.39897562493694,35.41767396931333,1032.8267458985272,258.79891802235795,1357.4819299418675,34.280040670924635
Delhi,28.461150367341098,26.251668863253236,24.269817166692533,46.75509093781564,38.119348778484536,919.4131008535696,188.5644828974925,1418.0415464479672,54.23154665031262
Delhi,21.761851122618662,0.0,25.690670458267096,44.718330636857914,28.462972749766244,1062.1524752654027,222.59916258739105,1604.4323410253367,39.01037738532459
Delhi,27.59773570258819,14.697310517366905,3.716849293515139,72.66170712735303,45.655846239983816,900.1994925023489,206.00360000898002,1465.3825855406865,59.00024250902305
Delhi,0.0,0.0,23.35402521920597,44.14725770181239,50.14974742832085,1036.0145460638967,237.41386119206072,1533.2669209187231,31.489675180846554
Delhi,30.83824655063959,23.06012194801326,23.012770049544336,73.26006662437092,26.560628892647586,947.9716538290271,208.5346549853421,1419.7491297076374,45.25307046333661
Delhi,4.132297628639005,22.451697343277765,7.415000983341555,70.34100467408732,62.99104844581348,923.6085927173635,228.0285186576629,1375.6708447511378,46.69071347720135
Delhi,23.308363375705802,11.660247216916083,41.3289135900335,39.39906983480981,43.777700265707246,905.9010466169716,163.71317883149848,1488.870122726858,41.10746405951478
Delhi,0.0,8.16464772910766,30.78425384920215,51.09093958745629,46.76238883705445,1019.4427200156395,239.30972950367857,1484.4602790731228,33.392385491779365
Delhi,11.155276280800106,0.0,25.918535693550357,36.6787107369419,39.49363875629011,1055.2290013880975,226.62431327715967,1592.5330467741835,32.960539359599146
Delhi,0.3529327514135776,0.8874606758903845,41.67492148961141,68.06901426343131,43.33173469902134,1064.5305881073284,229.6181345357513,1550.3000980009144,33.885623997534644
Delhi,0.0,0.0,39.68132686172808,72.39274995360483,39.878363093995006,1046.073991136345,229.57819147458235,1514.8389127564,39.31028205128915
Delhi,12.213976199540316,18.510072679154646,31.97868735291184,70.33256368229706,50.60101035042848,968.5051623036142,215.70713085905288,1447.9428124097735,50.225848202898796
Delhi,1.7859378253767204,0.0,21.72504385200697,51.07311786986289,25.567098871964372,1160.6672486885013,264.09643317461564,1604.439455260302,25.414035571681897
Delhi,5.248073680327813,1.9359408465612145,33.54368359106404,61.136663956830475,45.73638381651223,1030.5915666259498,212.67492774636364,1526.7771147480116,40.14185573449844
Delhi,0.0,0.0,40.33963856872268,42.18413415667225,62.2950125432501,1000.2007681071784,192.33360594591667,1534.5799610598713,45.08792124426743
Delhi,8.600165152884369,11.005044328723038,26.666447318113374,39.58666734083478,45.008772700217904,1009.7721916170213,236.33138584571302,1498.243044297822,36.9452549623508
Delhi,19.881939581953414,19.315567065709114,35.27843415329136,65.68443942689075,54.13881001090982,875.3380632082678,206.6156668327901,1430.8991259722645,51.16177592485318
Delhi,14.02503987882347,18.27091475420073,40.48124186907653,40.14135112259255,25.772029333604266,1020.664453042625,237.24084867168344,1396.805151122518,38.40070140292435
Delhi,8.18684862834293,5.0824813942480525,8.882932672650622,38.32346833371345,26.648716047820123,1076.401036863296,258.18761109193514,1495.7698377425659,29.756942653578175
Delhi,17.25619729181434,15.129770999296234,4.2578931647957035,69.27362035385687,52.21836841902322,941.8413121489604,226.1438977030632,1479.283558333253,40.44366360073102
Delhi,0.0,17.41510426990657,39.55685761637618,41.27330743318346,33.44948652746089,1042.0985077587331,259.0242362747755,1419.9470417622401,46.06201127096831
Delhi,20.806594263865442,0.0,18.502437321891996,39.71867303517454,47.91336624021419,966.1306327025385,200.11371505690798,1609.3266544500536,28.34621459634873
Delhi,28.638458949761812,21.207624213801907,18.973497369515883,57.749014382610014,53.998351297054796,851.1285436295151,174.17991303466903,1484.146032426224,60.598045215943955
Delhi,0.0,19.642972798911533,9.842515563942605,65.97098787139328,54.41663437223826,993.561086523356,261.06108859352383,1415.9930516920156,37.468320217179766
Delhi,13.501260975802072,0.0,42.46407643904354,58.166811153799,59.9355245464798,940.3855267825342,179.07125952727148,1592.9105238856298,51.22416402342576
Delhi,15.178469743644353,6.806558087256025,17.82395312115304,36.95413721398157,64.39611627263633,930.2657738374172,191.44955567421914,1542.7216673327846,44.44766138898997
Delhi,26.553469130278486,3.928570781332464,12.254724805357807,38.43575195144023,26.74411509944907,1052.4094852847363,218.91907074691304,1569.510288482354,34.35859983048856
Delhi,9.924852274463777,12.65097625946306,21.488806695523476,60.88934693100723,57.83861362448718,945.8942613663224,194.35807461677058,1499.9553856917566,57.71176499704085
Delhi,30.443866750239913,0.4696435202070699,3.139549495320935,43.25371333773168,38.22048232939593,975.16199065165,207.62793101721124,1623.6298136546377,34.59402124326704
Delhi,9.098148774522627,25.711709914461387,18.25483232996369,48.602890393193974,48.454583169946744,964.2465514468594,229.7837913448832,1336.0509188906935,42.59573733384564
Delhi,10.358760497762901,18.84123535001885,35.929922863396726,63.21258572706263,64.82342056460571,881.5226270813723,182.80811150540714,1396.6231635784861,64.50737342984657
Delhi,24.628573561380627,0.33909735770275873,41.40144221505143,61.080926148498975,59.40421529651645,847.6973834824132,140.2867299584762,1563.6732424147576,53.826605492496434
Delhi,9.406494488425686,27.479642107110358,38.96683824683868,50.93334295193388,47.78137034202762,896.2508190972195,210.07253874230594,1321.056110135118,47.424058905037235
Delhi,3.917021104814239,0.0,13.729038770627568,50.60025394613517,49.757005895618555,1070.8295163370137,220.9902252525226,1561.3543054845748,25.343383720049694
Delhi,25.997015103960436,0.0,25.489745793731387,74.29193026975409,58.55447793379744,863.1255813705013,175.2995374144841,1560.681261599849,52.88291082748624
Delhi,10.06244556716129,14.977365413602158,16.476642922181657,50.41619140462939,51.099325855784706,982.1295629053536,222.1754670769628,1446.2909588801042,35.57372591721972
Delhi,9.775588436516575,0.0,20.618715666418364,60.96074884206485,46.38796048938207,998.7027225484328,233.0063706346296,1576.0785180975445,31.349868957621062
Delhi,0.0,26.59014545918135,18.039819588358775,49.526334103751516,31.474852401034937,1053.5278303942612,279.5242372039134,1357.1619684871007,38.43817237781501
Delhi,30.979506331484345,0.0,34.34085160329623,35.17823817778175,26.870697074078794,978.2154085638722,183.59700521777694,1593.9276830192564,37.84982423435012
Delhi,27.850806845639553,25.718261808050983,19.440377909802592,38.89991024900446,51.677020539783925,885.1631151165768,169.6806408538164,1407.6493060130183,56.64464180889498
Delhi,22.386172032171302,15.265251015473897,19.938699323052155,41.91332470572599,28.17058460495129,1024.002874033658,223.52393934015976,1436.3785705050884,46.769795414132496
Delhi,21.09097046058389,24.93159119232125,11.903142041133947,37.28484896428691,37.158387132518484,942.8054316710508,232.5545956269135,1385.1299354559112,41.61028151205811
Delhi,0.0,25.5873043846036,30.02478897826289,74.07896086234653,59.86213702195734,939.9124259264551,215.782198294978,1343.6372317666728,67.24666801551645
Delhi,24.014035034484685,0.0,42.27468245142789,68.04421079830735,54.18460218922529,876.2842784557863,158.04298744362129,1597.7110594598596,60.13118325038
Delhi,8.03486831185965,19.106621190922287,39.87340957205781,70.16275801510807,59.82134886831566,875.4275358602354,180.22687283258827,1448.5083995982707,69.444934921075
Delhi,14.138922644342163,21.348623961384284,19.08838437445502,41.04680151220036,53.491136830493446,928.9464921016784,226.58676902836532,1401.131302958074,45.66501504261237
Delhi,11.900485956447497,0.0,36.609529942642126,43.504114670053184,28.354063557247542,1092.9942781784284,235.57895793283254,1510.6119161420697,42.80625511040853
Delhi,7.108010075509629,23.67745434616417,24.1005902751941,59.42396813534389,31.650897945031108,1070.0646792304117,240.51632488808906,1387.4156599726548,47.99478688383384
Delhi,21.684720066811092,5.416190309177658,40.36210559024929,68.64850042069199,43.87758943045377,930.0382317938962,171.17378345023204,1550.6893833318104,55.96640046582436
Delhi,11.244954085392084,0.0,12.622514479504911,65.72115503871609,41.934475004405684,1061.3446216627444,233.5190271375777,1582.4593317519743,31.319666752725723
Delhi,21.924976200241524,0.0,8.719906613818274,63.66504244842617,50.47204934055525,982.4929248234572,202.95876687967126,1579.3267024256447,42.620414566704994
Delhi,0.0,25.679143587988108,9.30786428038511,51.192262622386195,54.66037097685938,993.9575564929642,245.41001971828567,1348.478826388099,30.4605040982243
Delhi,0.0,0.0,24.493480330347914,65.10362007984381,40.24889828747499,1133.5813441168189,255.94864231800267,1536.1751300723106,30.019230742194466
Delhi,19.29256445144368,0.0,40.018224742918925,46.331500635219584,31.301547486495203,994.5008478378543,212.25717375186812,1555.059775693363,35.48152953510595
Delhi,20.912967130446255,19.31383361444874,40.34174665231715,73.64600454221002,41.58634178443003,877.6597700038034,182.0410630717534,1404.514699182708,57.451535341452974
Delhi,0.0,19.876954828387923,17.21810149562333,71.13358872979968,44.50998047086469,1015.0858051155849,243.25025136010896,1388.3078923921244,40.28510104262466
Delhi,26.104799423891045,0.0,41.14623266616675,70.11977489809854,31.70036769358464,988.9047287519454,173.749158352479,1599.4672778034023,56.45369328493114
Delhi,25.1336503675753,20.147467016335256,15.630433033666124,73.61197094271644,53.1840998491703,907.3206583556913,198.27960082739287,1394.4527387030969,49.56983396302164
Delhi,27.81068830571091,0.0,21.37340172773414,56.466723570217994,37.71134097311349,1000.859697307629,188.5460551115359,1609.444536512604,37.865635790068076
Delhi,0.0,4.1087921056846675,39.17670669779351,66.41784958621392,49.56278698305262,1058.8868552440981,224.70743387976034,1562.6439177601349,46.43103506938416
Delhi,27.493491009039516,8.379435093482627,17.070559923351283,54.817072461288504,49.100197255318676,915.2149521882191,196.59589675443505,1484.9790892696392,38.482990461577316
Delhi,7.556806723368194,22.299434812876804,26.73924826937921,42.988776527153654,64.69425655750928,895.266311085002,204.25428858810014,1349.6601341738306,44.37407345608041
Delhi,21.35666699180733,15.83510250346,7.9326693825189984,40.06442385434548,36.2208593862983,1009.6322953542201,228.8954126146068,1388.7065511380583,37.98216420759443
Delhi,26.59085775137504,9.675536326667114,42.29148399017346,44.5618367143474,59.77033894250487,850.2747508171193,141.3599009415846,1588.1095484311973,50.19724126189275
Delhi,9.202411352035412,16.569197051475253,27.662655459959332,55.850291043164376,49.89315240321208,934.9154166796096,222.36546074604237,1425.0364399094758,42.97209848540614
Delhi,18.99203180290032,9.40825592745351,42.1508609786355,43.34468980282689,33.48541112734344,984.1318464103828,208.76805364761196,1459.8600003600604,44.06447676017359
Delhi,0.0,23.3133834352345,40.53049168808005,63.41646453972462,62.94603419259153,912.1605919012244,214.02760820330425,1337.2179358843987,49.055273727794564
Delhi,28.19705342168165,23.56318211474258,18.981808132728407,51.160267143840976,46.10921694884713,895.8869248305583,180.71423613784955,1406.208898033535,42.28673734346472
Delhi,12.783134600156444,21.29915271173556,6.736504007914746,63.856871507957365,58.70091588465376,894.7335670091422,206.1276966954893,1400.8899179372127,51.88898706558024
Delhi,3.823586538440246,13.208842375137166,32.50620182382448,41.991667943977305,54.70019301078955,995.8176642431208,215.0712624235885,1463.9977426338812,44.05831922223735
Delhi,20.67988905226849,4.237598011681364,25.841976103605543,41.24550682824777,57.535706253950714,903.1673116019074,172.0804157116521,1558.3167203364674,46.904220781813216
Delhi,23.744924325160166,0.0,5.768877085422364,68.50798474711412,56.293676443364745,977.7273222736758,202.18907596475188,1586.7949963530614,45.430625533854965
Delhi,18.159874337218643,3.613839640868532,38.79676913613418,60.67995741499543,54.003991123739524,946.8723328856455,189.84437416058543,1505.9775572824415,47.958198177283926
Delhi,8.821494894751957,0.0,5.685463525610352,61.78225533894509,59.052853408994764,1038.3352149731165,214.50615925753556,1564.814120019349,36.37497151801492
Delhi,14.239439955296262,19.746045885488364,20.565068266750746,62.53607426232149,31.46601043272387,1002.4330848295041,239.31890098464766,1386.9382431232552,42.19991008140567
Delhi,27.959930421255073,27.743067277946786,18.10594955936575,46.72086524235212,55.58319212471757,861.2179791876194,189.3007564819241,1427.9481816996267,53.41703543247945
Delhi,0.39861483450926016,0.0,15.383828935361262,54.09093225736879,62.888966199221336,997.9601060976837,205.81829266216275,1608.0988592055712,38.52760572648761
Delhi,4.65110975068399,11.880205004862294,21.63941321288894,39.90032070090053,61.87791819149787,956.9400215263054,220.43020932815347,1430.858726498563,39.786280611374764
Delhi,0.0,25.64428262142816,13.065785489009574,56.59268022815381,59.13187486488276,971.3440822514182,226.90836773110664,1291.0375254840608,39.13268367933307
Delhi,12.508684662102535,23.339245962768302,22.643063659291926,57.52703238871287,64.71795175118723,890.2925277574907,186.26252926472552,1356.1459801421456,62.416756324115624
Delhi,16.62090597322275,0.0,16.376865631498195,44.39349752786008,34.45457712315779,1082.8237852399661,247.88769416156018,1635.8965594080369,25.478719098527193
Delhi,11.626488964109509,23.7270460216943,13.07383667953591,44.53940063733884,27.748461723289886,1082.4554209284931,262.7373876972206,1314.2454447287341,32.624586218051746
Delhi,24.794407544283374,23.98933550774199,20.213490753399814,55.143231300290275,41.989568054051674,878.1004366959382,188.4392870511609,1387.5755154599542,49.9710990188248
Delhi,10.92624725940809,23.962632032689477,10.723851906112955,35.019248013549344,56.45086614694337,941.9865922891979,211.82824956817183,1405.3248769302577,47.69038256714812
Delhi,6.427437663153881,6.418072291751294,42.26004216181973,66.31444071299565,63.87884225065625,905.1827711424113,167.97769311896624,1498.9386753694612,50.4985325393957
Delhi,11.215522207643549,22.179325535630454,31.3817702927289,59.26249185776844,36.55438634427575,1003.9012090808831,221.64245133594278,1398.4875294128722,44.381655714860216
Delhi,5.149742696159684,8.451845793068504,32.827228393656526,38.53724378003269,41.14550852522116,1024.4524332165183,219.3854101478676,1505.1561745829276,38.6306081474342
Delhi,3.036151091100832,7.982439191727558,10.121489203926128,39.81435168828174,35.48893217894663,1129.2583410243194,252.45181976296104,1461.5038127674184,14.051394572524327
Delhi,12.249498213075576,9.34190192632374,4.791221003678061,46.68499908890459,29.88366844851036,1083.189585564208,258.85517190387327,1492.1161268490198,19.408235634601418
Delhi,1.9119730713000997,0.0,8.557400492411428,64.77707248088677,63.615278599179035,1017.7362719456921,219.32247659962783,1551.7646670394042,37.71977213606148
Delhi,18.092349660405052,22.387518193054504,28.500725679898146,54.128007358595276,27.062139592205572,1005.4214204938437,233.8135426100833,1430.8807072971836,39.02810310602841
Delhi,24.15284712912674,25.82152102774556,33.37583540443372,57.07923177857083,38.27327089107353,877.9751444201363,202.61376413215783,1365.5858308882887,49.677295073024936
Delhi,0.0,12.178861266432055,35.32386873838739,42.70786831535307,53.36017633505955,982.4588568498526,213.25936811520066,1463.6689910400378,42.737919384259534
Delhi,0.0,16.26322101641064,40.473754288898824,54.46884735407344,37.61656133518092,1023.36126358802,234.98635974952,1434.7414891029282,41.049516071969244
Delhi,31.410696204517933,6.686992270312047,42.683394500704445,44.60742158447646,58.5843850102094,809.324255261647,143.72319701654897,1550.489930564258,62.81184881542261
Delhi,0.0,3.098562560041323,19.130906840121163,56.249586564283476,30.52114273502585,1132.3692926241708,258.20136484841356,1499.9119266401594,16.55915765833238
Delhi,8.02649721043285,23.437357675369597,28.11892035767417,74.62466044730797,26.773662111436973,1035.870740416914,240.82203882880796,1403.112327607884,35.30930802211191
Delhi,9.192383450185694,14.089444285498395,10.073764570613804,73.11457159490396,64.91479257235096,929.6830387501318,204.93921651318516,1423.5663990945177,50.8049538802659
Delhi,24.412862356207896,0.0,13.025291632850646,42.472145562187066,33.59225764064534,1038.6288762218774,216.7113116478318,1591.2283745605519,34.65956002310479
Delhi,24.200233031042814,11.145006530538996,21.653850612346613,70.46733050480493,64.48690387750332,842.5019962664453,178.80609479956283,1547.9737903294877,61.282865613993636
Delhi,29.179377504959625,7.693386244015336,9.037456474708227,61.72988978683975,50.95675119235074,912.2598085685393,205.07173851825536,1590.2374664581157,50.041844868232275
Delhi,0.0,0.0,32.43339964439502,73.60513214887723,44.22140207647432,1096.111380648546,235.04610038976028,1525.4380833027365,41.57255636983647
Delhi,27.638679246951995,2.365116485266043,27.067136069062794,45.19166687873977,25.88969144803595,996.954253366761,213.60207981719486,1588.9476606484914,42.55655329325232
Delhi,18.743046538194683,8.828217827120316,7.750981014597775,60.96892191707518,30.45067330347799,1056.0507610578818,245.88506048329063,1528.7576035163063,37.13162152692773
Delhi,8.160825910966324,27.04626843903653,39.74031228067419,44.52575022025574,44.29651439905547,933.4004588555882,202.86704762877483,1381.422020545285,43.10581466628495
Delhi,31.58542227227794,0.0,38.7469480181254,72.8280173861526,52.22479344954008,849.9296916555661,148.6187478981307,1574.6898887193609,66.21769539758
Delhi,21.578735021501245,7.038183473531088,31.510313381381373,49.17121465349321,49.568929631109164,908.5822200353987,181.595322820181,1559.994491286573,50.40018956792697
Delhi,31.24624858040741,2.20687958677072,42.53036646447582,58.08908087468853,36.730542064572475,939.1525830147336,197.2654429312919,1571.873440360134,43.11608227422404
Delhi,5.198881830851178,0.0,19.272698899532465,66.69306024771402,54.0631223343572,1031.1786018302998,218.00217721735112,1592.0247816598328,43.83080683596132
Delhi,15.021544955359666,0.0,34.65570972372323,37.51104132568202,64.19020782967755,888.1873626417823,162.79770196321263,1657.5335820213554,47.689253161127354
Delhi,31.9821424578354,15.431015925737263,26.120776146724197,36.33048362037891,63.13647850980121,825.8506347087423,171.66674561115738,1476.4462909675678,54.39839732488764
Delhi,0.0,0.0,16.33219257790859,54.151576228358664,58.224818507458885,1038.1699282555692,221.10903152794748,1554.5061302746415,38.80446721047813
Delhi,20.727277585146954,0.0,29.84511598591085,37.124501093726714,29.840036173797575,996.4220347301123,195.5398436800269,1535.4270170906361,29.37255114947691
Delhi,30.42972472078901,0.0,5.3760503431268205,56.43416677796691,29.42436074529349,1041.5684804233367,229.0262058441508,1572.3876265784836,42.86917164691779
Delhi,2.907683617634415,0.02221877397780503,12.209641102235274,68.82496715595951,56.6030996389065,1064.2807864818187,227.85528471541176,1524.091827203945,40.92128915228943
Delhi,0.0,3.5673084972667084,3.492107413878877,37.438059911083116,29.487014123163174,1183.7970139726458,303.37345418100006,1480.3390830099818,11.626198041058526
Delhi,15.751566184167583,0.0,40.31694688555052,52.00624372364115,42.902357869228396,933.3429440753109,196.1347222292284,1566.9031705377981,50.4301128014358
Delhi,2.211181181646648,0.0,31.056140800003725,64.17593403836955,33.863807870352375,1089.0645265243038,243.78639872750054,1544.7232742335616,31.342292895474177
Delhi,23.1458251060774,0.0,36.43334379199854,47.4004785851612,55.458451397244566,874.46266252499,182.8442268527059,1636.4532782363638,51.336873636667214
Delhi,22.25297135746321,0.0,28.279271022973994,44.23321183879723,62.146683894847044,899.5732517368208,160.32099877163964,1590.48643206014,45.738038905154184
Delhi,18.875910431588043,2.8232125967802197,23.52103869409529,60.98524801933449,35.068527218321236,1027.1090162435205,214.17415219152707,1575.1178686590483,37.93331968595462
Delhi,15.922955460170336,16.710127689622063,40.34435409423518,50.0407819804976,52.54384804310281,901.4617538265644,180.5834649640604,1458.1104330227197,56.68622703565655
Delhi,29.901173031617915,26.400570347731488,27.943195783939878,59.82648914898484,35.010092958128816,889.1937627682624,188.35770059787902,1324.6416441359609,56.98895915672484
Delhi,12.668161615085978,5.821208762926439,41.52724224612796,61.46082751888649,47.17966737875943,953.5664061031962,183.40364277021382,1502.0954051837825,50.5344519713236
Delhi,10.986933447048102,10.592153607327504,11.069867826027291,68.97195103683424,37.477439932567265,1019.3507193433373,251.7564315925225,1429.8673367819283,31.81757846526047
Delhi,31.28457592361091,23.48484077898288,7.077684933850847,55.856794222765835,30.23848755259373,995.2328417912219,209.43968420800275,1400.789229542522,53.431637854916715
Delhi,4.1696099772033826,18.55284556735273,39.942735853150985,51.82846114535161,61.456235011497235,922.5281726875554,190.79336460109036,1402.1377639959478,51.51334523005323
Delhi,4.618634266774759,8.17874341492496,10.560003691981372,63.11834446010067,31.695580444499612,1107.688160738571,270.2375280414111,1483.2324896486107,30.853592696276912
Delhi,24.950617377880718,11.119546810726959,40.1998329782057,67.6362581089525,29.728954674896432,942.9172132846289,196.2524813375945,1504.6403641807808,49.20828950098013
Delhi,16.738550874804744,0.0,9.342940911821078,56.964370148617085,50.72216083253391,1041.3929578630566,194.15111470437094,1584.0277481657936,44.154904149198565
Delhi,15.05150784529274,0.0,18.91037595307987,56.7624493768412,26.98277222684664,1084.009289081639,245.25194775923453,1536.8617900891177,34.84738627287766
Delhi,0.0,6.561246697259456,30.795022984064644,45.36953830380284,64.92429273230215,963.9003123799821,182.02908321046436,1500.5711461180945,43.43411837615526
Delhi,17.88122805694009,3.6639540846923353,13.249777673122882,65.88884363995533,45.79864634828887,1016.7980240693247,217.31062694548453,1532.3006448879391,32.30531617283232
Delhi,0.0,0.0,36.75487839086685,69.67281795755156,32.381825427926614,1143.2059393108877,250.41930536169306,1525.477410739465,28.374334940941587
Delhi,5.2553953541633,0.0,6.316902124378981,39.82321026161907,47.96036057388007,1086.5223799750847,252.22875361249726,1539.45853366161,29.512985384448022
Delhi,12.163863809735108,8.290241053258491,20.785045575248915,41.16115034989343,47.88836479174618,1001.5399740227567,219.44830408165404,1493.7600464936368,38.0573548585244
Delhi,25.496136607440093,0.0,9.042131614117956,52.79081452063815,61.879470462156206,924.6193099732496,175.06509113727282,1582.7797360605837,49.284994854718335
Delhi,24.99155073867324,21.38660593331366,39.810583130645355,47.82777556288758,40.451928018561304,855.2370585925975,179.3060174289876,1407.0811882674564,46.744320306196755
Delhi,22.41088959698289,15.567715415624875,26.818155613396787,53.83200800816692,34.702391367640416,960.1088832613505,215.41852236970558,1464.5403329464125,45.99427870644603
Delhi,9.061283574756409,0.0,33.33152229980111,68.61438701312301,26.425151770397054,1053.7320800145935,242.04037948015156,1542.0549046741614,36.718008911212344
Delhi,0.0,16.139610298241983,39.69035581449532,72.81501614921146,52.3288502465101,945.2567607819122,208.35073286696843,1384.6114715831488,42.10883347091291
Delhi,27.99945630652946,0.0,22.75962446968446,62.34136176899523,38.20714454917154,1020.0699186632477,189.30172944950272,1581.9538505140506,52.65327785204421
Delhi,26.92456988639718,11.635301490181881,29.602746356762275,58.59508854094095,62.73186425877634,842.5265638688657,126.96147735879242,1472.156666085426,55.17026704544546
Delhi,30.619081604453086,3.8578622555065287,3.080785833841869,72.99609747819528,35.11971391421113,999.5885991126901,227.60650259665627,1563.6072177384078,40.40546493035241
Delhi,14.12260903839222,25.946161853849574,30.92616353284781,61.964311417699925,36.69993641569237,949.1388695642694,222.8398486137353,1384.095086439154,52.494111128014076
Delhi,27.99593738430289,21.8817714436219,6.307599073740501,59.60399980758178,46.57203193400008,859.8852139697148,216.30782380822652,1414.037232616742,51.74613286903197
Delhi,26.08372905599939,0.4832694217504958,6.0438495324231205,45.981064031169126,60.6749189354496,922.8237315558789,200.00298803273319,1578.1391565714273,38.646216053006526
Delhi,0.0,0.0,41.2208873595066,65.50018738719413,40.74082935674486,1068.6900173051827,236.57269969038774,1537.2517269916077,38.30638621176757
Delhi,7.7572415715984135,26.90414927371218,14.058785978697362,39.356187869454715,47.85699507482208,950.6985615147015,229.8525814032063,1375.9591018382746,44.429658126263604
Delhi,9.504660010068406,22.42013441809425,21.22776393516818,41.15762574797847,59.21281970710133,951.0901260804213,200.14429456386463,1378.6980228624384,47.30401703360191
Delhi,5.754467729311791,0.5993893809209112,15.219421106595476,71.18973583983649,41.51205276365457,1064.0175559146294,243.23723464336067,1554.0385624001703,39.560057920901826
Delhi,17.259486963586937,0.0,17.717416558394497,58.958772421987234,39.188095987338016,1020.7856867947643,223.63505320726395,1611.3255237619708,35.90525299301086
Delhi,3.5977684498393074,8.125639494025247,11.037097597182324,62.53155243063859,33.59452553912291,1100.3349357898771,257.8100443471071,1463.2348226703514,33.26416065098714
Delhi,0.0,19.220704271064736,7.207099870551488,71.1087050684491,31.680767570166267,1108.6855103491696,278.37430497400896,1326.3314931132395,37.70780706751125
Delhi,0.0,15.722970712201228,17.60653718667473,70.68804313521261,56.969498726459435,978.3881264895824,217.07546723343128,1410.7611717053953,41.946655041577365
Delhi,1.390665460749407,0.0,8.158844234206317,62.08590160903242,46.57807882411116,1074.8082609921728,263.1499554048152,1565.0067996192483,32.65933383483712
Delhi,29.737821403029095,12.464343022486716,26.921275968991846,41.08865881246669,30.4424657599384,938.1181317811415,212.7390610167826,1496.0090747042802,46.30279320515717
Delhi,29.19123839776104,19.167916142778523,32.69462610344042,40.131205861529075,36.381298970305735,866.6556287221651,184.4890640523671,1535.6482746981844,47.330639029815956
Delhi,26.23850561657018,6.276585568688727,13.48720075468216,57.62302989462778,60.96028076463049,877.9468359710929,195.53728597334276,1538.9787844814043,58.33191085583783
Delhi,4.3691319986900705,26.691130995892422,33.80508763718949,43.976176921041244,36.36985205120711,976.0395554631418,236.78474175101232,1339.073394373202,39.11069133261646
Delhi,4.134884042311658,0.0,5.221863355397922,69.45879830742918,45.84315604417818,1117.0579157658863,243.65438650546847,1552.8114310156675,26.587172287489324
Delhi,6.549366020213688,0.0,42.48527441823633,57.456618665897764,47.77145080689205,1001.6116569731606,220.73420679813924,1552.629573620386,40.85682552564938
Delhi,21.406511084255072,0.0,41.364914826499096,60.554096248591875,60.77595666335897,894.1307232898955,162.90613215185087,1548.3797640363216,51.92656268822047
Delhi,0.0833404074278814,21.567535361027986,13.156470348580893,63.85329516823771,54.42210276254443,1018.1190585425668,227.57271664164696,1400.8289515855815,37.93057964709961
Delhi,15.705803238056781,21.216225198690196,26.518097638319524,45.99717116478275,38.53839965177296,965.4306791007638,234.95413212669743,1398.763744186229,48.73052102972227
Delhi,0.0,17.03948290219329,29.412477817444113,56.821335812404755,28.43308685609646,1106.270950036212,267.20025341742064,1398.9190412563885,31.149367182677743
Delhi,0.0,2.11970877690354,33.310764047152475,58.080034268409165,27.37897068266408,1139.8836165907553,252.3661349914362,1580.124302307003,29.74595030920014
Delhi,21.46316364568258,5.700798111607927,5.094851669595592,55.808650993912174,37.433250139281014,1024.330774926257,239.08670509658955,1536.871091314071,31.458625984911194
Delhi,5.0088615282343625,13.161217106511884,27.100950629995737,36.428770122619696,45.00804294626853,1033.58611017184,229.14757862928943,1459.2777331274262,41.36705324358081
Delhi,0.0,0.0,42.16214823217322,43.345315654226866,25.362918706096437,1131.633878385106,250.70028417953225,1570.334009930611,26.40995378246774
Delhi,2.2395561403294266,0.0,33.98602227792359,41.55601831603592,58.160107578977374,996.6374943459964,215.09962449466235,1503.3309851636716,43.77197913363864
Delhi,31.752198245876578,24.608131778770577,10.705834823644683,61.7216873004528,25.381161040057766,970.0849348106079,221.60862086378268,1440.8767044926874,41.792490303933434
Delhi,0.0,15.82802307345095,35.2480547923965,60.32660594034117,25.948759633137115,1096.368545654755,247.97279529532517,1422.1095863328765,37.76697748204658
Delhi,12.985151858657481,0.0,21.451720701364103,68.63219199392138,43.787288860673435,1009.4302168351585,240.15899880039927,1594.7362755307834,40.363541650279345
Delhi,28.669168237825872,0.0,6.749732854585584,44.43558503675642,44.67330120591637,995.2384269403051,207.46561565426038,1604.5742065487646,39.421178092395394
Delhi,9.5604585970129,1.5148140130126215,40.049982286844056,37.60493744394146,34.893324878880506,1059.6802541316595,245.45430617212804,1529.761908959399,30.67900179403529
Delhi,8.2050139000077,9.242783747942596,11.081864875814349,63.97978208611119,33.01794982092183,1116.2632147635,256.5709795243873,1485.7109556463142,33.276740487431674
Delhi,0.0,0.0,24.84826161000067,65.90501046037274,30.480607646087673,1155.4178778304315,257.3654192831601,1535.292432006397,24.196933394807058
Delhi,26.556439575440912,6.350650968038732,31.241475798594756,54.397943121092766,41.20985859333251,916.5429635501384,178.341958519836,1562.3546293924237,58.86185643914185
Delhi,11.284396973489145,2.958770794410068,42.8805958945073,74.7036952304793,45.46316986571101,976.3725486199255,205.01373131731035,1546.1435401236238,48.485268903450034
Delhi,25.47725189803534,27.411609305719388,22.521904411032995,57.49160721603111,32.095019576372145,927.8616541713088,216.78691245129593,1361.2503547879721,48.49203388952119
Delhi,16.024986847974933,17.63818875451089,9.687198449769408,62.53742063449586,33.9552527762902,1060.771089619161,247.2213293343032,1403.276210613144,39.619937639265615
Delhi,22.175295869734498,0.0,27.291653957739427,68.21642016131551,56.565236562481516,925.0495273720151,178.1034309010099,1592.0247546034905,57.60041520534443
Delhi,22.95705102546113,12.376475147552028,41.741290241061435,41.26159958852999,39.388991833746324,930.0937694506829,205.01621201615694,1481.2590559175642,36.16697366705267
Delhi,5.051596991369902,0.0,33.80895962830195,50.6133733822829,31.34318347246119,1072.079405172915,245.11444665692702,1545.240435764899,34.4534415914049
Delhi,0.0,0.0,34.53819012859413,69.79058223786664,33.431010121957854,1122.0749268184493,258.1696348068503,1524.4566994024376,33.188398043534555
Delhi,29.87279294028376,6.092426039338804,28.80482833454818,73.3191937318055,60.03846614589669,842.9183177376667,149.41981286562154,1543.7530462684053,63.95502215149812
Delhi,13.708616703698539,0.0,21.860740828202616,53.43032184588705,49.65911866971538,1005.8813764514388,223.7513126643782,1591.1198823980053,45.13818466358976
Delhi,24.445169395538954,23.23890749463539,24.167994801219336,35.48859292072254,38.454485714216844,880.597961678508,197.78924615709084,1378.7040581430026,44.43285467834259
Delhi,12.350847134095929,0.26954408221964776,3.527086584654363,39.36794983827018,26.309818390187296,1131.407161344924,256.90690507765527,1544.193142156746,12.748206860079184
Delhi,9.23778603392988,0.0,8.034035168778242,52.47079642239877,49.72499620665398,1033.980410795454,237.90163912818588,1577.0492452070052,31.13340464535122
Delhi,7.966220717534348,19.33177238774024,40.44178054033278,43.617748141373156,38.09863100325111,978.1699342908747,217.68083381838147,1421.4582187270048,40.57150489525263
Delhi,10.65594763767033,5.840916710552314,21.69469807906924,69.98373338898597,63.65355861003677,927.1810216532275,190.47591935634802,1505.4734789050333,50.53456884555405
Delhi,18.46121423610294,5.45515246925731,10.872264533753249,56.46946472643219,44.35023767276051,1016.9991555808054,209.58196006293988,1502.5874809580328,35.56282401897688
Delhi,1.733634453923571,6.901850972092113,18.41259423035403,69.60155572247737,51.01385772687184,1026.064691919358,240.70740040025882,1500.639198864101,28.80784344200558
Delhi,6.248459995501941,16.782611325744472,11.160244357031573,62.25441963207299,47.22406837686171,1020.3666380219864,244.38999448811458,1428.5074867076423,37.51045243960047
Delhi,21.527278171288774,0.0,34.26078251360436,44.28566389357114,58.06460111602039,898.4952617373247,177.80168175532626,1591.8938084053043,42.47536271732779
Delhi,24.803252766781227,7.4388235404763385,27.01975398783858,52.3200405577898,54.34689576451068,919.6020105822685,187.7991174739701,1589.3168012693804,56.52096208073024
Delhi,5.132209233160296,2.3272844336816583,29.452907763264207,39.78699885764766,42.83538180377333,1050.926610498274,221.53676422197273,1481.7165651308878,36.154269960794025
Delhi,13.54941693515083,0.0,25.27146858959196,58.878638793083205,39.87097169416536,975.2521206385392,225.50672235265728,1593.2516012857025,23.592052383847744
Delhi,18.579389097409564,0.7327757246213213,4.233925720204031,47.64226985454732,57.18575682603766,995.519880892425,224.76812024439667,1582.8680827973274,26.446131194924416
Delhi,30.640988140240772,18.886462199881795,42.54141450839041,70.18611422543667,35.42360177449031,872.8549390721126,163.443768481932,1500.160462636547,56.603801486549294
Delhi,22.82173670598726,0.0,36.30790755143731,69.66353965328166,47.980670735400444,923.7239671592384,176.98616372644753,1542.923065422554,51.534009520137204
Delhi,18.462141836195656,13.550025394987902,33.78031636585301,52.5232936869123,63.69310443954505,854.6213878737999,170.0227466753583,1467.2794038367124,53.53679974300566
Delhi,10.095670728587411,25.196620904673814,11.161447629962337,49.578333554467164,63.749883756005275,898.8566994790616,201.32096866642195,1365.8672529546654,47.9953414316208
Delhi,16.624422177106645,25.82553062186811,5.247621788131539,41.568263125089594,34.53615205747862,999.9790231710697,235.19708243277634,1355.23072208091,42.72268767247502
Delhi,28.786632065626918,17.778734167731642,27.60285435181159,54.155281977439515,34.41764041509476,921.2731973295529,194.17638032253595,1460.7936129535105,42.61244810153637
Delhi,3.102738401568942,22.90382899883442,20.99459336220461,63.7108414233451,58.371897904219,955.2048576640897,195.15468536057017,1421.7489755290674,45.862903778499884
Delhi,12.547614568275648,21.566113151847794,38.351273029758914,52.11576747869063,58.779441910865685,847.9909477819383,173.18493469062923,1359.5107785529347,44.61632821669704
Delhi,0.0,14.238747638679435,18.65006607041674,50.34526777782958,30.439598945760608,1069.8915647165447,288.11968184061834,1426.4963622596633,33.80534248096551
Delhi,8.44066734752219,26.10790025934429,12.298421240037396,52.39894464486814,32.77210548414004,1022.6197415058313,250.9462562608951,1311.873836115504,44.22105397671727
Delhi,15.052244669251166,4.3661667643063495,20.5414781014072,54.06940497614883,49.48886017044795,971.1222860690048,216.54196945851317,1566.4167693856193,45.58509117536466
Delhi,1.8934522100320024,1.7119563565726779,29.63263962524086,45.02509411490454,33.21300696689278,1115.5584490282597,242.66997154706212,1494.7096913423982,34.17040035187588
Delhi,23.895544272105756,0.0,3.4087314489389406,48.9580733040389,61.47110224231463,926.1737880706114,200.17494333617452,1619.5227230198027,39.63906098718602
Delhi,0.0,1.2782231579205359,8.42774270329351,35.242543017795356,34.02926608564712,1124.9471837358244,273.52884288461973,1500.1588051087413,16.478956159131915
Delhi,21.03396537528705,20.61285646302241,27.01089144043383,72.89599633178213,34.357277706340795,952.6578991512007,215.94960062474897,1437.8644677000473,47.01455591348297
Delhi,3.304262176312241,24.122536961137484,21.707371701099294,71.92857789568743,38.096457407820054,1023.5028624331742,266.0229907783875,1310.2540281943648,39.96523695242727
Delhi,9.883315146438925,7.634745329694738,3.7201316628147367,60.91964210142515,26.28264487137406,1141.5750681371237,266.82456484373523,1624.9727230545216,21.58831911753953
Delhi,24.134998549420146,0.0,42.279472504529814,74.23848104353985,31.569916682856007,936.4594156494551,180.90533214192308,1535.742699784168,41.52480749238385
Delhi,13.047094621890217,25.037774220664453,36.755263269046004,71.4384994316254,36.99014797143141,941.6294130415702,201.63262892239862,1379.568251714756,55.8947409520387
Delhi,19.431459624743788,9.88413322133471,7.803677467537341,68.67305260773142,47.70450673925891,948.3625241551177,224.59260567698496,1472.362311032816,41.037679063075835
Delhi,22.82940149921837,0.0,23.51681763204217,41.89451326747115,64.64233326878694,882.7007307573983,185.92647857955953,1627.0682736989486,43.539130074016164
Delhi,0.0,0.0,39.52626369241066,56.69693463306106,37.48897749666945,1047.5333692889512,241.26438914456338,1550.608556777335,29.157521411012986
Delhi,22.144297943343176,19.543291148328446,10.91029453014659,53.118037677565866,51.9983069107465,932.7491518736434,200.12970846379758,1423.5610910372798,53.695702705082674
Delhi,5.1840687521986375,24.152384774594672,41.31452190765723,36.813498814992705,40.6362943252355,964.9197190236407,230.454120487162,1394.4348655354133,46.80838080598208
Delhi,27.334024146260376,23.52711429147535,40.16564547953428,41.824260158695594,64.22437151183955,787.7304343529388,135.56384083807433,1378.3360742857585,50.35921143935508
Delhi,21.484614001670074,4.661131800199346,41.14614943069825,61.96677423991478,60.72280150425529,861.9094565735986,169.20665126483874,1539.649878686167,56.8438382540284
Delhi,3.290339042301426,0.0,32.579026188634494,35.48658160821064,48.630353854749885,1023.9361076861945,206.1592965422192,1514.9118467212293,42.55856336853836
Delhi,0.0,0.0,21.291520632473343,69.57332667237606,30.815203264461,1164.3297745941245,266.3816041766147,1516.7264487497919,25.91708367956532
Delhi,9.342271840290042,1.343779309952403,41.456862007380145,59.34095279710675,64.25552095347656,898.0202210658863,191.9580963674998,1550.883576106345,40.48059512321282
Delhi,31.168639137271747,0.0,35.057764086148,64.13570447211288,59.25053403676403,874.9431644757519,141.59665336596487,1623.5027671693583,56.94008519141462
Delhi,15.708046870650623,24.10853939545691,28.70950146246823,62.80454662547406,42.21587227141122,917.7353928982837,220.52929657980928,1407.916490459689,52.00089694923825
Delhi,27.149284393216476,15.226793977541508,4.8882049934126,42.47217659371033,50.55181821868812,929.9368708205141,198.57376895925776,1467.701031537999,43.94896245059968
Delhi,16.970801140610103,3.071672000765556,17.424739061553154,65.62275856294022,44.04427526529959,1021.1923434264833,212.62591145612072,1546.7357966793863,39.342077210149185
Delhi,26.25828062673007,0.0,11.045825617602418,62.18115995555664,31.489496262556322,1040.9424654012887,228.76207939482123,1597.848620951414,35.73530393516067
Delhi,15.607636088009933,9.788953562507324,32.232629539002374,73.71438859552958,59.338722442017364,893.2466310918933,177.07992389323837,1459.7538128243275,49.31742850173292
Delhi,17.064284276595878,0.0,13.437991859887461,40.022417286673715,47.12931140391099,983.0138251717865,209.86302145518349,1548.3477132615392,33.04361046942123
Delhi,0.0,0.0,19.7375807430048,70.01095663257229,42.04000810689604,1108.4546973822703,251.43293566887513,1543.4912697422528,30.548067813113178
Delhi,9.218650075633413,0.0,33.70675247648765,63.16190873781238,58.88414590096318,962.4164446585415,193.39258982028122,1568.6884451943913,43.0938500925086
Delhi,4.202405454946721,0.0,26.083911137342117,69.0847877139033,45.700055374592374,1047.479657987194,244.70735149134418,1584.8043278106845,37.91841490461798
Delhi,30.738003861181426,1.5192249718050093,40.22444193030866,59.520853966881404,48.41570008859026,911.0924088563506,155.89175791237605,1583.5747206439214,52.44647712971144
Delhi,23.30436963292918,0.0,7.510801864415569,46.75961396072375,50.869892339820865,986.5217778820138,215.50706820222962,1622.7828120083402,46.728140037322184
Delhi,18.2615043796327,0.0,39.903413178066515,36.157708425599694,31.319619943293798,1034.8732196008418,208.8323106151936,1592.7763600578837,39.14124378311184
Delhi,12.39488888291794,0.0,30.72516861400945,38.520668175609295,47.637541503101644,980.8071182192159,213.65258460799186,1552.8591854604417,38.3026848949403
Delhi,0.0,0.0,25.82831042916024,45.93703196600618,39.27916376239351,1090.0696075265835,253.54654946016288,1472.7271770865154,28.59920411252792
Delhi,1.2976576274480252,18.307726276614115,15.499635395242915,59.72291333149016,45.08954878627597,1017.870712518239,252.1587060478254,1473.3800939046057,33.17639705405107
Delhi,31.545656213052638,5.955223775585619,37.46762538590599,60.72071651736152,30.548203632539213,934.4783093227692,197.8136469471249,1529.289532634876,59.423590250232735
Delhi,12.815271271887568,26.183583441999687,41.39814293119631,47.567519616629895,48.134508580895165,892.1421736227937,195.81117541595313,1401.7358876293588,50.865967381890634
Delhi,31.411979505747,11.760181459462121,25.666853660374645,36.09347702729781,63.35934754274127,814.738716144747,145.0801039634935,1543.0750289362306,52.235620856815075
Delhi,20.58903439838746,5.243397565665923,19.345835809318462,57.445355653612424,38.751583764462794,1021.8990917806829,195.56273163730478,1517.1908890713746,36.29098173572728
Delhi,21.828819680987625,0.0,13.490889272185902,65.67865894029865,61.76981528450198,925.6335912766181,176.18645796326044,1551.307744789901,49.755959154964586
Delhi,28.695942879614357,8.486907002389362,39.06955957040797,39.868975884333246,34.74679822748272,918.7468110068459,181.72940469561198,1615.4119982131522,40.50160395343546
Delhi,22.09099773783158,7.966181111839045,34.0306592624191,49.44036749902047,57.49998751017274,880.8826525633642,166.6049172502844,1491.7895744406878,48.69182678808971
Delhi,0.0,0.0,28.051862477360224,72.65207144596556,25.219481665632646,1175.0675299866382,274.5388192575375,1542.3052903662303,23.485671578362254
Delhi,0.0,0.0,22.3771737635246,54.113272469111116,25.03470714044358,1164.6275693418154,279.6742614955184,1553.3133697809576,20.419745898240727
Delhi,11.555837198071103,0.0,34.7748773210786,44.66128727520795,52.64701682209075,992.9389543914557,182.1765930366153,1610.66991693226,41.21051487708516
Delhi,0.0,24.847217009328524,30.511445679896966,50.90814054857282,52.831427219775264,1004.235931712823,238.89296249012415,1316.4501166966916,44.70391474810913
Delhi,28.096253508661796,25.769258590956653,36.18403530550509,65.99727788974181,43.82144502955633,831.2768084511077,169.49095636182963,1424.288207032272,53.48933453667449
Delhi,16.549919271897682,17.165130254986128,29.002920248553707,68.66340750008845,61.944183045058665,840.3404309609718,168.73938672529343,1425.0002046966763,54.24122680845245
Delhi,15.426586758693155,0.0,6.435871632913191,70.67604982847462,64.48473675975585,955.977223289912,209.25012452182955,1509.8542447833274,44.08478196186861
Delhi,0.0,13.744895120346605,42.78110613124994,42.50960697629197,56.53396975781628,983.9150157904278,207.9158312117768,1414.7444441474493,44.2424265283236
Delhi,23.205963627068126,21.93400160373148,24.80286675781169,64.7598271743784,58.977934148779106,805.7095498257861,179.0137358573065,1406.7532352307935,55.29360225798672
Delhi,0.0,10.172977831805532,14.850338237466683,59.470912726381826,49.67056333620777,1023.6032668532295,264.2857543499328,1453.2333887671884,30.398381348222802
Delhi,0.0,12.565220977796436,31.340751854932698,56.98997268162525,50.754084703228216,968.0079874142557,208.45609078543092,1456.7397347756544,41.99196874178575
Delhi,28.829003348931174,26.325042157181166,22.2994740543068,57.74732496671194,32.1202885464995,893.851546083058,214.68970453319304,1351.4314086293796,52.48576863466281
Delhi,17.246469446490952,23.166336532757427,29.072635168088823,60.20688508983425,52.25861092217711,889.8932370284343,208.57353441264877,1349.223279596893,47.27637763907723
Delhi,3.855421993541233,0.0,33.09915874538413,56.01243934410057,34.313466632738034,1050.0046007935584,238.59459564113158,1531.3066157242115,38.66209894690108
Delhi,22.02152794802116,17.25437119708111,6.6846986238740875,68.06613951614699,50.267700933711,889.8444233327087,200.5713143171452,1474.478660495148,49.66785938447614
Delhi,9.497766979090748,0.0,19.55052234070931,72.79260256285977,30.03630724688508,1075.2601300875635,260.4742878522325,1540.6596424314082,27.417658769689126
Delhi,2.6915972020332894,15.811591986645261,7.113758511187434,39.41155245074491,45.7346274173354,1075.545265080351,253.14573617007034,1426.432008596141,28.980548269075733
Delhi,9.623586768784993,23.969144600230244,10.072512455918115,59.3357149742985,52.78615104464464,983.4222784192838,228.30255480106305,1399.3879250062193,42.96708952677741
Delhi,0.0,20.289005191016713,20.157835624838064,64.35734948547105,49.07242539874225,1027.371061952055,252.42455603146558,1411.3958050543163,43.35679628130406
Delhi,22.779925902872897,25.311067877100896,36.01438561185836,71.41377956656672,38.35786859911525,911.9347993506402,200.2156491243645,1358.5394721621897,60.64087065093601
Delhi,18.548942965403736,20.73062743379731,23.176445907328628,49.04505444572554,61.3357842338679,878.4055799497743,163.00130294020585,1429.301628826287,66.3590496124951
Delhi,0.0,0.0,36.72871849290703,49.77087837209338,50.16883363440028,1015.7639176301169,216.45351393616448,1558.9930093060443,34.21172249346634
Delhi,21.158822633310173,7.604515880086879,24.293603588486118,38.4350541717202,51.78555311357353,962.580624351253,191.16177662629823,1513.8470225610856,46.41833483139138
Delhi,0.0,24.08457920801507,8.300798843988325,60.48836238841261,51.84050322571809,1020.96047056808,243.19901364116203,1370.0588616953428,47.27936686920553
Delhi,25.525709912992717,6.09117270400818,35.302433397466324,60.37254348289183,35.60868176478323,975.6810324825015,197.277783209458,1560.3711748219926,49.919249724599055
Delhi,10.773474799932192,0.0,3.0231467886603873,37.477398616367836,42.018920437973634,1053.1301449344712,261.2210810284747,1610.3733323737733,27.541333373558977
Delhi,5.306956083995862,0.0,25.007754127796243,43.27910368079564,26.909547210490892,1143.5964339517595,256.22893557638065,1534.610408585113,21.89463112528453
Delhi,0.0,21.73905692570147,10.071556377461361,45.96144753151414,53.95774752921022,1014.9846766280821,253.85510680787337,1383.059310787499,26.105304230921757
Delhi,0.0,0.0,36.10713729644896,41.79108832818925,47.736168212876805,1038.8084328169666,235.46569949490615,1531.8964341006856,35.60468106318902
Delhi,6.228372687815796,0.0,6.08549573061299,59.42757651188704,58.43566890475521,1044.3806775266303,220.2268253206846,1537.4601702616058,40.343629938926334
Delhi,0.7297269931983212,0.0,16.659651552047947,35.0990978757283,40.23696768122777,1089.4776209243817,268.73043545559267,1556.9919770414774,21.57583362749619
Delhi,0.0,0.0,33.27612186946891,43.41323939579089,37.56912655786542,1075.2553141792712,249.14474325358847,1530.1307862143344,27.600442864612003
Delhi,23.977814789949907,11.31998402457097,42.09169485524528,70.44812079888212,44.67147292882522,915.3002532925503,174.87117703871948,1522.6381352109154,54.73812830494255
Delhi,22.349962381849686,14.593876391193668,22.204057434082856,35.62814563900489,45.92646444652411,924.3213822631811,211.79344895492434,1486.7741679741005,39.652370337599166
Delhi,17.49955302478605,17.310633238187837,16.19551181630519,39.4876268493438,29.921692500405968,996.3710423783377,243.5969658009967,1436.8294089564597,45.69806266649301
Delhi,4.411436173594037,12.193935268094751,41.50253543897956,42.604618213827266,31.55575284898584,1055.3958376501373,239.0389143825091,1431.8805638660197,40.76509262759267
Delhi,2.0904374225609494,14.05740562085293,25.089273264010224,70.33572129893386,37.32369417410091,1036.8879448203177,253.84936401014787,1441.923896579626,39.58861088155772
Delhi,6.759141338798173,16.652278514402493,12.77959950384497,39.33106999782403,42.32398244711955,1032.6433843870846,252.26986278730286,1390.9281812409029,30.61045424829839
Delhi,8.542558232651125,7.808725015130623,19.235780223464985,67.41446013889964,37.11789305618545,1074.579751387133,239.68190612421526,1439.7800810947288,41.50730100212649
Delhi,27.480530071768044,26.2939721951401,37.828439679182026,73.45305589190959,48.312832966224796,810.8931794417139,155.37829523201114,1418.051081702315,64.85435042781239
Delhi,2.7276129101519793,13.456466389545366,13.751504548301604,56.65256084741655,60.495018732212735,1025.7544042784598,228.53482238054224,1408.6326477030952,39.163329917691335
Delhi,18.85375824322277,2.9094563648138276,12.710471770646096,43.11178478495686,62.75286349255967,960.6378007930642,205.69359931098833,1545.6437605369642,50.65551897048137
Delhi,0.0,7.602470814908301,38.51290163722114,71.43048231249165,64.35044543285873,947.0891466453071,215.24493294165563,1520.0886560081576,58.194860687341055
Delhi,21.2261968926616,17.715113683266242,26.0684650105845,46.62861384748673,33.98379095212417,962.8491184992236,224.8975901276768,1408.0376845083372,38.51382187675264
Delhi,10.436421347306155,22.638025411619715,32.0467451904027,50.70270109464714,25.947984099273892,1002.243579983309,254.60822003789514,1409.9342496826707,40.48606283052665
Delhi,11.689922657485258,0.0,26.4523170417588,69.92521820765617,64.24904083075185,943.7997394441528,194.1104076392669,1566.2133977809606,43.037577568094974
Delhi,4.92835692594033,0.0,9.02166428619968,48.40446448815236,45.43914962566014,1087.8733337852193,245.1481959282316,1527.0994272490025,14.984843516630832
Delhi,28.898988814355164,27.517372860928084,29.901131466535702,62.41913088470524,33.81497665999032,868.2240545222802,199.06536903282472,1336.1406448719054,54.72984313376291
Delhi,0.0,3.5905431721339873,10.794703672199784,38.554027188280145,31.989515257782372,1119.5300475637705,286.98615637681723,1498.0839382618324,18.410706618261187
Delhi,0.22779853080540136,15.629215246033109,28.168437066848494,35.83110557994772,59.508638365376704,964.8193876509084,216.42409435975847,1366.841155538265,30.947290499743556
Delhi,11.783651432056004,0.0,33.112806202978604,69.24931355510637,28.456995079982836,1111.3592394852615,220.06627571646675,1554.7899235093853,36.150929857590285
Delhi,1.0587502495367378,23.6033558013945,7.905162053483938,52.95055782440189,59.822976747493925,987.1851016966224,239.94285221155397,1316.0199928197835,43.36512527942338
Delhi,10.156407290381477,16.205876132241265,29.1872609938468,50.63854415749914,46.85968289776231,947.3724698381839,213.70721192610534,1405.9082579887745,54.51020472550578
Delhi,0.0,16.2877802669941,8.617023205346436,71.23515612359822,38.44920987108817,1125.6411179550917,270.80055708191384,1405.8522591542992,37.59269477332572
Delhi,19.860027232891447,0.0,36.55653353067072,44.036333520978076,55.01364153367392,931.3002657906126,165.13004264709247,1586.6021791451176,53.42976907124309
Delhi,30.028814842175024,22.866502143385375,34.08226481395373,69.05822555222665,33.494046612407395,881.9894093492333,198.37226874208883,1446.336178159962,63.30777275370986
Delhi,17.04346665048582,0.0,34.38086917093928,48.814686647078695,39.89353573477413,989.5090072348738,191.9085844959274,1611.0123654263243,42.99547092674411
Delhi,0.0,0.0,10.154739779811937,48.17388022073126,45.68568504459653,1132.0818037138151,263.5531633660118,1558.652089852373,26.671363463170422
Delhi,12.455288388297816,22.096809761012942,22.66702008245467,49.14221314426406,51.96556449736907,952.8807842106452,202.816982947289,1375.45035534059,60.36957169038692
Delhi,7.453453606483048,18.086842353729978,23.986936576984768,37.535777926188096,41.873688913502534,1018.8275078643558,234.18407651128632,1438.5262525582966,32.72563641765506
Delhi,15.261981349042035,3.2134068961064806,12.060707032422703,50.04282566429469,57.50615590091125,950.6223202930786,215.4513733454884,1532.9107399742973,31.120937635906003
Delhi,5.551793770839211,0.0,32.74954427782788,57.978825736887,37.137260606340334,1072.22029966307,223.9576897200019,1558.953183503573,27.575926444787054
Delhi,30.547004026722796,0.0,38.9559969986012,45.30801059006806,37.18920999900017,899.1568174480751,189.82423297656516,1598.6186146715058,50.06043189634738
Delhi,0.0,27.350064407851406,3.8867761681405213,46.576291323951054,47.87221990741447,1016.84440870821,248.19082130142527,1295.4835706982549,41.675830664183444
Delhi,0.0,25.5173647530464,4.271703545178518,45.55437132052765,28.586381724189923,1123.648594287823,292.280215433567,1351.7980569148701,26.477355113919245
Delhi,17.679019494436922,10.656545362641932,13.5811019192741,49.068609308057276,49.11985904144413,953.6454660205717,218.31613256532043,1495.467680409583,50.24757102769568
Delhi,15.134911670565856,0.0,42.01022056880447,50.2226815991808,49.90673729749229,969.5696681378558,190.9195147582199,1541.39669738918,41.87304274958061
Delhi,0.0,9.237624880062832,39.68919960382281,69.43486056489863,63.459676212753436,1005.3820889461854,203.80084560643283,1466.523813692714,48.32482022752613
Delhi,12.642636890818274,11.563619072504913,22.31176576142388,55.42128867890699,27.614780024128617,1105.6687530124332,255.32760579149442,1492.369060368247,30.344542197480628
Delhi,1.870835721678457,0.0,11.99656355566895,57.14999274602034,41.239395782334896,1121.5594476996123,263.80111666369305,1499.0268767451994,28.97096425923978
Delhi,21.145601245032992,0.0,38.71681441750524,44.72010622425044,61.41815506569883,885.0155261930367,159.21418086138831,1583.825230737987,53.59425417315299
Delhi,26.035641771504764,0.2768150935492315,11.165788765367697,66.55799485880122,36.22034734894959,1034.2182990996378,220.04681577744668,1546.6761444993508,38.00520267327016
Delhi,10.652703549404684,3.875582102492679,40.85996305517803,74.87972555975318,34.181107223518325,998.1344775537613,223.40705597638905,1567.8839416624598,44.07064302191367
Delhi,1.048333816636669,17.126306160181315,20.064395952459897,48.158817062516306,32.45858996000234,1080.3425932938644,257.6189597173565,1403.589554661459,38.863098230667525
Delhi,0.0,0.0,9.255465579250705,39.045697044358036,33.99852645852695,1175.6778610262631,272.58280303754884,1478.0041429112837,17.014894316966476
Delhi,4.538280734444726,10.070744143310318,39.50322520543491,45.48800634900238,40.85448798074364,978.2189496701258,224.85224249958242,1422.9493755706999,35.56386817798299
Delhi,29.791449750189685,22.124825268772724,13.45316633714763,52.39081607274531,48.432714800339056,857.6204902240781,190.5412731096954,1422.8187104975136,56.528669119734374
Delhi,9.548694884608494,6.630878521477111,8.535939968265001,67.73352497638747,44.17184304814438,1036.369446564189,250.05008853290707,1506.2713621624646,43.496601241685944
Delhi,18.810124353609478,18.20699233191258,32.13997097739313,38.029858217222184,25.301229618303726,1019.7018612290348,223.4480940290151,1427.3026846852288,49.37247617729674
Delhi,18.478421525737105,20.702911918338266,16.19365278614932,58.96767447281938,54.1116674682417,883.0330442300301,219.54669686620258,1409.763878539674,54.9817160684398
Delhi,0.0,14.189667518567454,25.316724491198414,60.82488107198157,37.165424770032985,1084.2952398453945,256.22502820805425,1411.0015671264212,33.201931192137096
Delhi,28.03022021611484,0.0,32.56594969309799,55.25555397925979,43.61462377106767,918.9616373688243,177.22709047122555,1541.7317024447998,44.28080102390026
Delhi,5.7905435740364535,0.0,12.32588624154258,41.187466979858286,35.909605664906216,1089.0029507576696,263.03756582273456,1589.5607565150276,37.0753173987613
Delhi,6.48604760882894,0.0,40.16474297069551,59.70901100676137,57.19894664478343,942.9335877966683,179.80323851500938,1607.630959946386,49.377742540971425
Delhi,9.573915725426907,11.05730991036112,35.095052464984455,61.92363239701293,62.62074501238778,934.8931809803086,189.7492645902649,1439.816865854392,51.27028376059139
Delhi,27.20245648242691,0.0,12.867735651256018,67.20017752543194,32.14560047850203,1037.039112789435,228.3402070423844,1590.2478676791577,39.12764799744923
Delhi,21.07555188498059,19.4514362650904,11.278931938232752,67.97957454405159,29.412036170062926,1014.6022843276406,249.6062489654483,1405.6078715469964,43.87451006354123
Delhi,0.0,23.471047347122102,28.359954877921282,68.08268051787329,40.427984682722396,1046.635987914331,234.0581314611431,1368.3925405988089,47.22250169587
Delhi,2.756636399991617,0.0,26.352725490438402,38.80098425536673,39.35603423626942,1099.14534979707,233.51022288241367,1553.3663140159365,21.433334081410692
Delhi,16.58509223984754,0.0,8.085651321447248,38.732459898951035,45.58332848604074,999.7824107929707,237.45803352924975,1563.0515630667019,28.87186366949328
Delhi,4.054366203114304,26.425230210649147,33.26490193422113,57.28421444954589,47.00335302061833,944.230983687427,225.87866172469526,1316.3826645383992,47.76312877033376
Delhi,20.10880509130746,11.663815384651492,42.97011218251954,44.44739314242628,31.508963248428536,966.6067621711245,203.2197836111445,1498.8151017042076,37.93400375422905
Delhi,15.444569384016859,21.082480064763836,12.4303936293262,45.06662893254795,60.912265884962,901.8023591956097,203.49904957338,1382.2507313811898,51.623453193357406
Delhi,30.756281543175618,6.1871629856435355,33.85276976208267,61.4262958972219,36.01381144725514,944.3910917205128,189.752929700041,1514.0156939802212,54.263132048773855
Delhi,6.848037913248934,5.322313499132068,30.365240892682834,72.11916748727927,64.02359993690317,932.5591117577839,199.09476761680014,1514.0099734172998,58.21062008107406
Delhi,8.309238368814668,1.9555302893549715,40.6338698400764,68.57661709230123,55.04242167911273,982.1721854179061,202.53242577921918,1545.8674109858964,45.44758485047383
Delhi,6.017436111227521,0.0,37.28556696108057,43.76273136279072,61.650360960891035,922.3172097331221,189.97541526981715,1527.5230469715686,33.85426310289434
Delhi,30.12422135237997,16.671988577973867,41.27219326355043,37.295054120080415,26.023628777871775,888.3825152839531,189.0508319990602,1463.4052950313462,57.285508916790306
Delhi,21.511925961617127,17.56218770423878,28.10694224275103,52.844172921315995,48.924637532710314,919.5229566099244,193.73525145568604,1463.6828848718174,46.98560983908508
Delhi,2.8191414939075905,15.89784399071193,19.035132058855496,50.14070942179671,59.844863501855926,953.7590851184424,218.40271115450142,1433.7261867372372,38.26227940171908
Delhi,9.30852223299058,18.148971056631844,35.054775802884066,46.002547705041884,46.15604710501202,984.5283847160533,207.10899014710668,1334.701109455326,43.82544327068727
Delhi,3.0241197275186273,20.863727893555044,33.409122323648646,43.01830060729007,29.64284686506258,1070.3268371128845,260.5166505196107,1387.250956263503,30.366352439544407
Delhi,17.376723850136557,0.0,18.638436671635617,61.79115652080603,59.93853192381917,963.9712484538938,199.21319569246052,1558.6393610634088,45.718171877702005
Delhi,28.05145878649516,23.4028246404878,39.079540551505204,43.023530311811896,26.339738765702695,914.9006722260053,186.41228408628712,1427.9139043774887,45.363003235360395
Delhi,0.0,0.0,9.178926349601767,73.84891256603449,43.984830901605484,1096.6722098401249,249.16529858751483,1533.3564044572304,33.719683071865276
Delhi,26.49136984443942,16.10522583144442,29.627297776453194,74.6564097066667,50.9807589571641,892.306132193362,165.52416921200663,1470.070996075774,61.759418025926934
Delhi,16.97562217602151,8.919219957412238,8.094923773880392,69.44924017631858,41.328864247227614,1018.9600570013666,224.27193034701568,1490.7506328427341,41.55745087489985
Delhi,4.787510716991122,6.208898572581845,17.69721299849871,36.03989246875223,64.73681683105482,982.9962970047073,228.2881071010708,1462.4686293965658,34.614363533263635
Delhi,2.3043481646484114,0.0,28.725441525226884,51.62570928028718,36.06902901190032,1053.6674620637934,251.083920982968,1628.0514935274944,26.846625075566454
Delhi,17.988409357679277,0.0,12.830612210332493,51.93190497470431,28.958520083765155,1085.3280107983626,227.24715193110978,1652.6142290481494,24.14834275114029
Delhi,0.0,19.14935436853978,22.74297516416133,64.06080381151435,33.06046736410275,1090.4332263673407,270.8816693566805,1405.88106862253,32.413519909854536
Delhi,31.494531558658117,21.611632719250167,16.670689303128384,43.4799163092481,25.662013181390716,968.0006411205107,214.9009528353534,1413.8556969905758,44.203578797528706
Delhi,5.86662917044378,9.19982264018099,30.922672065016307,53.908864288602345,44.29563927879495,1018.1529028579333,242.40521479265362,1502.7155953230447,32.01179759732965
Delhi,0.0,14.318295372904164,22.173156959167905,38.98070551157282,41.73596543784855,1107.50575928299,250.75153264366503,1419.591663089504,26.601805898564525
Delhi,0.0,0.0,40.516121429415946,46.72216763804718,46.839415606003996,1038.186418745241,210.85217820636188,1548.7736683661537,35.99054297196821
Delhi,0.5081672181689871,0.0,30.484010693636293,43.33698044743384,48.893619131747236,1037.6092077156402,224.48486004964207,1470.326063452933,33.00845554578666
Delhi,0.0,26.315476303714824,10.869768967880312,68.88823887115217,33.07803309679016,1078.5235155067744,269.5566535795111,1298.589835290381,30.590444513233702
Delhi,9.61413486624128,16.100560601006784,42.88990511263037,68.7890274869697,59.92427166344038,877.590393390363,195.65980225799584,1421.5985207090257,45.56243596435186
Delhi,0.3062102445489039,1.8126895147522344,14.63691786353477,38.76058399567886,55.60645756835965,1081.7688089778942,201.96257777079003,1547.4373386415252,27.066516105276012
Delhi,0.0,0.04738659754904795,37.392828594625186,69.4078704901993,26.04621877577457,1121.5309080330762,277.68278042097205,1508.1509992068245,22.60391631635046
Delhi,9.914274354586382,0.0,6.3422464458586205,52.626129899658594,50.44000661818494,1033.4296657555378,227.31962552134144,1555.595019357171,44.08524238205699
Delhi,0.0,10.762348533731974,27.32112746978759,37.264452903824235,31.59271603723086,1104.486075803674,269.2356034032167,1435.7820530889373,33.659216175122886
Delhi,29.422087673536154,0.0,10.581623840926452,38.739609010468705,29.540027699801396,1043.9405725531803,224.67725960736604,1610.3660599695402,29.679412593242617
Delhi,0.0,0.0,25.88272290449196,42.20756446728356,54.13683314019146,1056.742679645568,231.96386665181723,1461.6980498289547,25.82019986343787
Delhi,0.6914034004141438,0.0,27.65348875175374,48.54685358107417,30.979803107137993,1158.4069089032077,270.91226664487584,1543.480502048216,26.67055260607756
Delhi,15.872964083975404,0.0,27.132719514863425,66.1476084865172,48.38243830761826,999.1821960352698,203.73848827228403,1546.2645483747249,47.25018711748742
Delhi,22.617103164185664,0.0,9.818635094654102,45.05942317119526,32.56362307814949,1062.6570278674424,247.75008670945078,1619.4307832178354,25.877063199672165
Delhi,17.419289164682294,15.357923267721706,33.97243284425169,48.201995372331076,62.162462167182035,842.2077918526755,156.18775329504166,1454.8920218542896,52.88951895312894
Delhi,17.574189999846702,16.496545026465828,9.124607130610492,66.67460041579822,58.87956217574735,952.1772308411729,199.96692131961046,1427.7973539699508,52.86213147561566
Delhi,11.799823370203868,0.0,18.49223118411797,57.52260971827931,26.633662848353033,1079.5606478587288,254.97954365147623,1517.3403146148637,30.487597647159227
Delhi,27.630664706588526,26.805793930414254,24.69581701133914,39.19410927401404,41.90225901979374,897.7750368494678,189.81333152584105,1389.478135372621,58.77499163103657
Delhi,10.139024806169495,13.075267543205626,21.799009957629224,37.60298252919196,53.09859272124014,980.3328179460224,191.70189212539782,1411.3490814807067,36.53783774412114
Delhi,12.48740997421659,24.770692534153035,36.18925015015995,62.04534672614224,58.44632665575616,891.913161326654,197.25296892365282,1358.1332477647293,56.564126871302946
Delhi,0.0,0.0,17.41748160607416,56.987527778964214,44.00635356825881,1088.912547987967,252.3549470895658,1563.504769276813,31.22808118712571
Delhi,5.902047862469127,2.0724636595324437,41.90053390482258,72.27169790951214,56.648233041980966,972.6347799784572,183.8459218222443,1531.62274805869,48.95859550946399
Delhi,18.004770822065506,19.126733630476032,37.32489522194556,42.804316172714145,42.13232188746103,906.8254644468833,212.91867188174788,1403.1558630840761,54.46844772566831
Delhi,0.0,12.88330739957209,7.949839227374181,51.11193937886269,34.599112863777144,1137.2756529935202,270.23279652467613,1454.5120355945307,29.570794017983992
Delhi,0.0,7.544120790432768,3.6443503913418915,48.215293566873456,56.768511899168644,1060.4148307987687,241.47509261675523,1429.8151275023347,37.492589023161756
Delhi,8.64824700031572,2.369526049818706,9.767367770984013,45.73255446403036,53.70662053781722,1059.6545146317433,225.1275193181146,1514.950144587459,28.305336135627037
Delhi,0.0,22.53100250085403,22.711926638948903,63.60705057307152,41.851398286740924,1041.3961124805085,244.89756605067095,1355.7701517841733,51.084931750935056
Delhi,19.943629952165136,23.00847153095294,7.495259402714616,58.65301716779628,31.72933427934277,1026.002675817572,228.06024703544537,1373.9356744752624,41.420356766499445
Delhi,22.529510923030443,11.277473104602574,32.55324413516125,53.2260407463033,41.98792251332641,937.2834913239918,193.18833545840428,1501.1403925994614,52.23408904789446
Delhi,13.293433774435613,0.0,28.182093981833876,65.48761296212311,25.853501478176977,1071.6879564488647,239.99814794469626,1583.9291494738654,39.68245721673127
Delhi,1.3979960159308806,18.6997691637835,13.06850847124194,53.3769450745733,62.34052639663683,961.1223691793657,234.03606425876896,1391.5774316302493,30.596280605502578
Delhi,19.454513346058064,15.564392969182009,26.167342870607776,50.511531800781185,38.063887137608106,954.9325641849082,209.84497564044312,1499.1816896982775,39.38590045083219
Delhi,19.573398040119073,0.0,8.954814310462261,50.68652363021567,38.45671432426617,1073.2014066453942,222.8916603879314,1585.6377946305568,33.32685729319276
Delhi,13.11690683031761,24.066831315250795,13.53954975352867,63.59227562420364,33.46616508135024,1027.6135564857796,235.59222059433026,1362.803705775744,42.75575977170228
Delhi,6.666378840469388,0.0,33.54683317305938,74.66934160695524,49.48865604013355,990.1459799745321,197.73518053185856,1496.9966915682087,44.94064095263911
Delhi,29.188613444881703,0.0,10.8933011107988,35.42574929445179,58.98621137908631,922.1693602232937,158.8799178071847,1558.9143131022538,47.03373447729454
Delhi,10.621109445280702,25.835424493738785,14.638994351827803,45.324901458734075,63.840866051161186,848.6995614562516,206.21725337588725,1374.065658895146,49.85213664601217
Delhi,16.664031037836818,27.007871248337295,34.94270594472174,72.57828335721135,32.798122711070974,929.0195570991559,210.19721978576197,1362.6068769963333,55.67430429017189
Delhi,17.262576699807244,20.30579367780922,19.710386706957433,64.00304270121958,34.51274819773045,988.2904948528757,232.5776078048456,1398.0617598169538,47.855080653361746
Delhi,16.171190411793994,0.0,20.39854460104535,37.77800828125527,64.07612041924787,962.5184906516597,200.5742358346739,1581.1250969509456,42.18758977607773
Delhi,31.612894192538548,9.113255345798084,26.78699891122787,49.631114070914435,58.601366658845066,827.6239380071266,158.0515138045215,1558.3818180236187,51.77128236082268
Delhi,20.805606594345953,0.0,11.008783415298776,64.43964382912029,39.31618289936603,1046.5751347427092,222.4527852144951,1556.6035409923488,37.14449217935117
Delhi,9.901357554500613,7.098111259830311,39.763018735501326,49.053009898983596,58.48741905937094,930.5660592337491,188.00523429882034,1514.036417931821,46.647964795287706
Delhi,5.601386915220992,0.0,18.79587353790962,45.21018547764402,30.65518964598966,1130.8946439733768,238.03202759901433,1563.572073312062,13.351866373150898
Delhi,4.215445191391234,4.421009524928415,29.902522461369884,48.96957414260027,61.99650738568763,964.5978213699171,196.79303273063402,1512.7945206694767,36.755272589743136
Delhi,8.94278717481194,13.659796527007202,25.81268529184544,46.76899856931402,62.639727623890316,907.7660037150949,201.46756299219751,1477.3265331060384,47.96169963430201
Delhi,0.0,0.0,25.9175784369701,38.73061639558124,40.222709163401845,1116.135347530926,252.05442865632335,1538.933783997424,27.76813659598642
Delhi,0.0,21.88525587596837,33.13633606783512,36.41070568800985,27.560792824041293,1046.5190239409342,258.0529295962021,1387.9526733017174,32.881901401575604
Delhi,8.399184536236064,6.462270346763766,21.672899778975783,58.20341721701654,38.653426681293624,1060.0473246299855,241.43634321739742,1569.9969882862606,35.40231412182885
Delhi,14.97361350936351,17.66410818690217,34.9159945120263,66.16076252836719,41.956297969217886,924.6240988429704,210.19213939962722,1388.910202530293,55.83360020340537
Delhi,0.0,11.279134716188729,10.023520431397792,37.85401526234787,64.15442024240292,984.3849871815148,226.68483648079382,1395.6285703851822,28.54654783902108
Delhi,0.0,0.0,21.431489737358085,40.83265717875569,50.31712304673883,1029.8307056554968,237.38623555336412,1557.9162122525954,24.998324582232023
Delhi,1.5684041453325541,23.54148126617922,17.884648746413408,60.68038477374845,58.40021942542796,957.8371152399428,226.2318090721154,1368.2174004484473,42.80718477206856
Delhi,0.7358649960889991,23.517439867980094,14.75111058525002,57.74269768068781,54.08066592635133,994.4652979625753,249.89220254649894,1324.564977287309,46.57565548778151
Delhi,12.33359016166905,25.470654627116524,16.716552888945092,46.57430299474231,42.18517936995885,960.7019400622364,239.51634491780825,1319.3982567308426,44.124682923641146
Delhi,11.46728131408332,23.26241004116053,15.631607694148173,53.78421901549235,29.039237820036313,1026.1035410594213,256.9310101989071,1358.6917273789074,29.17022624779497
Delhi,19.864400963711283,15.013430745861417,8.306576112928706,66.5080735489959,62.554138888783434,908.9249231994165,188.3815975093434,1440.7907360592724,54.93058780818247
Delhi,17.63434057954764,0.0,17.92310354342003,71.0014113009276,45.30213056025923,1043.149169748987,197.3955208972703,1606.3477507445168,45.71934174999454
Delhi,2.1451313797602474,26.742114246296623,7.686645086482738,48.940078149408635,38.87255510819669,1075.5611661487505,265.114389395185,1350.058594610593,30.57324656585989
Delhi,13.03082655696052,19.860725382354673,19.436718811562052,74.6493714339552,44.36452495761556,925.1525967269331,227.49128316907075,1427.8935294633604,50.15805681632078
Delhi,14.11877746360106,12.611785836986325,24.205836923204654,67.87965270734821,53.806867060682535,962.0830416045095,210.7913637095894,1529.5546776909664,48.21341763838601
Delhi,25.877427616208443,6.104981112638924,33.74295714882133,70.44692699171254,29.196099591616303,998.3654319717176,200.46344356964445,1542.645013156407,45.711866410944175
Delhi,25.570726744133083,0.0,16.338782930030987,56.00096074811611,54.983743950151464,936.8543378465681,177.23129060652576,1626.5891850706298,47.89084759141617
Delhi,11.220504425137364,9.728064885259826,10.540520689052972,64.58530124426787,64.90786750491421,936.5932807341084,188.24355635907506,1515.079267287822,40.11081862101347
Delhi,22.27547944329806,13.296200803036438,7.255985231351062,74.12560192019163,32.53845371334171,1050.8907066295378,231.1750290392348,1561.4815035876431,31.73453538034401
Delhi,0.0,4.222743411832528,3.0201264227606828,53.02200940588463,37.14221092761632,1165.7628699212082,271.5759135613303,1548.9027259177062,29.71062816244967
Delhi,18.70858738963027,19.368301677869617,9.417372727615351,48.90751782335203,64.97756235418153,888.5328763727192,187.85109187328302,1447.885171225982,60.71544441900548
Delhi,10.109688549078466,0.0,27.997070648893043,52.078182765205554,58.00061080354825,1011.2049302471007,203.94451193600247,1575.415663589422,46.47089911960974
Delhi,15.264062468890817,1.5667990820404007,36.84503510023091,70.9069667870782,42.95589510037491,991.2050138403724,191.38862545398126,1557.3153962228134,48.81681389324904
Delhi,2.1215997953544132,15.408341003031929,30.35971441321056,63.42207026791831,36.382588040416316,1011.0928407146386,267.8961999076183,1427.7818582526609,46.5792274686644
Delhi,12.506345800176831,19.617052155080366,17.20313742028972,55.174694932478324,61.79284987646757,899.1410062678198,186.23316777736602,1413.851654915514,47.553318909103
Delhi,6.0863389400614345,3.9491123775067756,7.568659069030385,60.80920211358094,29.44429943560701,1152.2419514593457,273.91329975288073,1497.5151562312217,19.510428166964573
Delhi,0.0,6.1244008353466555,8.04169408671261,62.07932391311985,42.29340627447967,1065.45817588378,257.0362896432968,1490.483184746827,29.5151937408868
Delhi,21.650462876146232,0.0,4.108758226529687,62.3192825585109,38.52675917444005,1042.1491968041971,216.90363348034725,1582.6482392251853,32.36809378199427
Delhi,21.099227931650717,10.507862280908604,40.236154139896136,37.95948235166928,49.58050119580584,924.9589869902328,170.8030416571453,1501.6352971696263,40.82295445217051
Delhi,0.0,25.425020303347182,5.5147981768474565,59.391598963394046,47.95913658456149,1061.149804055484,255.72557588849105,1407.4981955738133,39.43017420133477
Delhi,0.0,0.7349768165081745,12.747793889817608,65.63412930882811,48.650349202519806,1054.6664177231787,245.25160195024657,1509.4120781881377,31.869948819722516
Delhi,0.0,0.0,28.976418921730193,42.0635865209987,59.654187656694894,1041.5598289582135,215.71511438653582,1551.9526943498367,35.121965710099126
Delhi,0.0,4.662182451124426,40.30852405804342,64.67871149900175,53.43114919656796,990.0400201650957,219.36013228024046,1532.0079608807512,42.641918645207625
Delhi,0.0,7.497209251352231,17.68558693734209,73.34922736642284,62.52316605454049,1027.4715400165305,217.51924883115782,1526.0823813616357,41.74964920185812
Delhi,3.7538820738966407,0.8844434611972005,35.27513129529485,43.540613719339824,57.87882620318727,964.3383235150801,191.89437538530362,1507.344944131538,43.48767038317352
Delhi,21.93797694226283,13.951147481753264,28.09080666402213,56.9374682423053,51.949477688348885,885.5570229553011,209.06738691046,1489.3730617309714,48.96023125819472
Delhi,2.487485019885426,17.932832623336235,42.10016279628561,44.66231496348678,32.83411030942195,1036.1510268595987,241.43855221573892,1382.2527103648993,34.32633343252184
Delhi,14.195237587517006,15.22774826795196,9.649968082269723,53.12795475324633,59.475805391837625,928.7553367725108,205.050647255692,1484.4920334351725,42.40435726111086
Delhi,14.08020306139926,0.0,14.35211563958768,35.697824158072606,39.992581986137,1009.9816226218032,225.50445713568215,1596.3210896755547,39.91380071646546
Delhi,13.29626539077848,1.089507346749203,19.062780032890277,43.37421458578517,63.86864089843991,942.2225486560297,207.56602535705576,1559.5648210390677,40.5811224165323
Delhi,0.0,14.34659681475511,5.61556879423739,63.2811589329029,47.37321088488675,1096.8019075021157,254.93896947001042,1460.3527066418915,24.552427402741884
Delhi,9.928635347152145,21.983946925218255,30.036069489450018,44.37889067784916,60.0492060446397,910.5447506399943,204.5343921171597,1367.852511112483,43.20066094571728
Delhi,0.0,0.0,17.73478589791666,51.3959526539263,54.0939674251876,1037.8347409146006,237.68444751759102,1584.4135929035872,36.27322086181482
Delhi,16.395755065214967,9.33524549894144,42.88082094491324,51.545527045328015,48.22828252373249,939.0922994405977,199.79694368554192,1504.6997896054245,55.73024863159872
Delhi,8.3510526734167,25.661156954550684,11.880693721066898,53.851149926128784,30.659361947213476,1019.1766793245059,267.15356442266074,1363.6468705566638,31.905489595997413
Delhi,23.300927655798247,1.89213697335094,37.699711728810556,51.98337190094161,33.6954449862873,940.2934234135971,207.11820865372582,1573.8516619722564,40.98448159903581
Delhi,7.935960623269567,6.999977988293178,39.708996023752036,68.99604913118773,37.497888474730225,1031.8935006810677,235.03201989017114,1454.6022793407135,49.70006989612
Delhi,0.0,18.830711272342796,13.72632748814967,63.44404559763132,31.210391675711044,1108.000438694986,260.3151575874026,1386.100088422625,41.39301621172179
Delhi,15.147728585031345,21.41522323471218,21.60959468650583,45.561041188119304,36.69163110470307,956.362948919982,216.1029630450441,1350.5010789288028,44.35134819327945
Delhi,22.22766457161049,22.539040283018352,10.614373641358707,61.356741344504044,45.36083950797388,930.1658706261211,199.4968677525958,1401.859733249843,42.54519188273739
Delhi,2.5493306143894614,18.525942827270995,36.9783797190556,41.8114682552587,55.1427633906521,958.3176858292634,222.54782916133092,1369.532414090143,43.797117860955005
Delhi,26.280767008715856,12.903250821546813,40.25580597024865,39.17745929823352,44.89964232363298,867.8700142944705,183.18964482918037,1508.5397516081032,43.83739708300108
Delhi,11.723920002801208,25.837568291761315,30.229884811070892,36.394631577238954,46.58167369548174,929.2060436153962,207.04671736358486,1371.134095995399,51.63601952417596
Delhi,3.3045565485248645,0.0,31.808398693723326,64.76496514156734,29.582243181045577,1107.254277701325,242.69595012787013,1574.7898163374534,35.819616315286254
Delhi,6.660777026654607,9.43170621490798,40.73909895747403,62.90736072124973,61.31176115803228,907.6496822904514,190.06940200452885,1490.037129524142,49.25273186483318
Delhi,2.3832373078299476,5.465812365315507,6.4314676509924915,63.488687715236175,38.79984108183509,1087.2262790609816,268.89722529529206,1467.6787341632703,35.84772492390569
Delhi,0.0,12.189491159745451,30.591415672589182,52.78588179743359,48.703120520904534,1028.2090536648313,240.72752679220224,1431.7552663401077,44.21154349032278
Delhi,11.640693176585703,24.426466229931066,32.60001768706243,55.54652545045228,34.87764350167646,940.4184568870168,224.547066804107,1357.3614612949293,47.05291853219221
Delhi,0.0,27.26976004008209,15.898995809470101,44.363641176026704,64.53012992207144,912.3393827526313,225.67232964052684,1284.4234421657472,40.864265833425506
Delhi,0.03645515940864996,4.429344472456428,35.28328452734936,51.57884453640821,43.27145390419128,1062.9218953856193,245.98876138171096,1516.659641293606,34.84258455254989
Delhi,17.024523675765515,0.0,10.097128646862876,72.21050031768534,56.62612921576325,992.8537916277811,206.35182267561228,1588.0062526097838,37.29146827299345
Delhi,1.5905276303294684,11.930963190308482,29.960409847130045,62.934069518594654,39.99152017192915,1067.680740710222,236.54944245285458,1490.1465594918207,35.45503579822123
Delhi,10.934102001426005,13.966706085111845,11.974283336877411,56.90154419759669,53.3804685837544,969.321809883825,224.42844426365366,1479.3917739929052,36.57836933149866
Delhi,0.0,11.658649876600496,20.675160897256834,71.46062214462307,54.326400016681795,1008.8124604781864,243.16459132637493,1478.0481986446398,42.620667621439864
Delhi,0.0,26.167356002933076,27.76749732055065,49.680257125021015,28.226723299038703,1040.2055959181105,264.8016363581854,1321.3064177415124,30.462362434408266
Delhi,0.0,0.0,13.114356328078774,58.11877925825159,33.50265892672077,1142.868430566167,260.6310921803823,1592.5330656258827,24.987489314999305
Delhi,24.830755328080215,15.742944168398346,18.892752200878167,57.34295049727602,46.64339413948625,939.0226584494667,209.69744292596914,1427.0650850224554,44.95630293901125
Delhi,4.68022857040096,25.21663465996661,23.612701582980336,62.48313342191065,36.62518604630517,1058.7503163636559,242.9536530785645,1359.8720173090917,40.39920675283543
Delhi,26.438700106681367,4.8680091835635295,20.252128053348127,47.01110994217774,46.46899738424979,885.3934771802147,202.72370961640084,1579.3010437695673,54.3645555126109
Delhi,2.474205569195112,15.0644349472261,7.987849640590717,57.09447087580163,35.83416817366409,1125.429437576079,255.40722524503187,1433.5090033928168,28.905884511415508
Delhi,5.282835703518604,6.601514152097714,5.258875548850227,72.4468224842831,33.89065496997445,1110.5990261877146,269.52552158849517,1449.0759166729529,20.249473828131688
Delhi,24.22487792327655,22.022119060459183,23.71793505237171,68.54293600342001,46.39857117547869,887.7519136796772,177.77949638206545,1414.8198647777256,65.62110728558616
Delhi,24.578049743981516,5.3260841157268715,24.493097230200547,43.38376893337529,34.16733442959268,1023.6899128155945,205.69420821392526,1588.522657455262,38.38776022096287
Delhi,11.388990444405046,10.09041273085839,39.05067951584941,38.19490495809714,47.73942018432059,948.3429269040263,214.2523114990183,1489.1410345569477,38.88161815056008
Delhi,15.116018174262404,25.506385477844262,33.01007367118987,73.57629342286674,63.351664527034444,856.4349257498686,150.0234674117625,1390.4824097592273,61.43131315389716
Delhi,18.410152076087947,19.806339096467827,12.442203729633697,50.43785043802412,49.93452866356959,940.446434612264,204.0252047073937,1451.929413319189,42.567885984305725
Delhi,23.220945440671883,19.57448140233104,6.036751012566601,65.76954839550297,50.16410237918801,908.8064410658635,191.4275560265016,1411.7407586248032,54.64959817980521
Delhi,27.519750938742398,16.298136419414746,6.11782441899528,57.072319503221344,48.31615019146612,901.4421663263186,205.68693008773744,1394.2922863403169,47.882771846030714
Delhi,11.298083128196708,14.349095792894932,10.11180165518844,66.32244319448141,37.834968358603874,1075.600010701674,224.91040228791528,1443.235098643883,46.89479677122688
Delhi,2.9670583466569838,0.0,30.215278337025218,48.16046028164621,50.21236165306787,1038.0883505117217,231.61200630395294,1532.9701673274878,37.19721737706612
Delhi,0.0,0.0,26.592508175700885,74.8423938032524,48.1612939752074,1064.0923356998487,229.9875239460456,1552.0287970736983,42.80268385642121
Delhi,0.0,12.955289092028448,11.951359503638528,65.99408670736078,30.64360177180426,1115.2866567778553,266.9897648066531,1430.062650022788,23.284854866690985
Delhi,18.10275359754517,20.4520188524178,26.138193897957397,42.879612697001335,62.24333349170481,844.8704520399294,181.73969033916273,1380.240193100365,51.97370963625299
Delhi,13.360455600457332,7.654580777260691,21.307686671404973,40.19365261751927,53.57049672628749,972.3634940463427,192.80292360267148,1551.516228377359,46.10708109702546
Delhi,20.965031562991435,8.625206483552763,10.894836448887062,55.22887677772966,26.572780247187872,1053.938101340133,233.15245449581354,1523.928828174842,31.970624905881724
Delhi,22.353644747106593,0.0,5.392241280213145,70.09934624234931,58.43349377902113,978.4321465563935,207.68004233353923,1552.598364794194,49.31829671839902
Delhi,25.640851600953738,0.0,24.18715705104229,40.50546965387655,33.11841617899364,1016.7153702279093,199.7244589416084,1557.9177777441894,34.33154046090864
Delhi,0.0,1.8234055624428862,6.286832955200435,66.42876299992926,29.645209676066784,1183.0420992973054,291.46037840070227,1576.4417553435303,32.018945541386
Delhi,19.731963806662176,20.12152056327818,40.77040427067376,63.14727960436392,33.81847712845257,920.3934180917539,196.78517963507417,1402.6032704351794,45.633217072196
Delhi,0.0,0.0,16.737887739425826,37.23120314108693,58.1929731338106,1040.8623380557897,228.36174755299,1555.7079590292574,28.944804129603853
Delhi,3.8818739376249383,0.0,31.343147855220966,70.7078110278258,49.7106761723432,997.6715593530294,208.14451406816437,1539.7987010873633,34.707152062635025
Delhi,15.323823242519484,16.750957427910823,19.32911821741251,56.346748052942814,34.451736639509065,1004.0338101259179,214.48195602264929,1452.559679976847,37.65361454372661
Delhi,3.8000626107965125,1.7314267026591494,32.71416763810621,53.509194225752765,62.95857091358484,955.710221759447,216.39281905406278,1537.8565287903734,43.488214816611354
Delhi,21.302023243895704,15.7936753039852,13.397659523548338,52.054881381072065,27.48957941656333,1001.9859084399586,230.42907654248924,1482.6839275279012,40.28845444796148
Delhi,21.17490431026273,0.0,4.445807495481791,68.89566116875301,47.84728409902621,994.2914178061719,200.27970118109738,1610.835044761601,37.23301387266942
Delhi,0.0,3.497338835590311,31.83956352539565,64.69012215344696,27.79737230786955,1179.213978498991,273.24601406203294,1523.3013948064556,29.480088903201867
Delhi,13.596353562212286,0.0,15.510472204142534,67.61567870132049,33.280380724810406,1084.1603167861147,235.4764075954718,1611.8203859504226,32.303868510865655
Delhi,19.917334642256563,15.174704234279588,28.916046532554518,74.97767120955277,60.39646309698966,844.0139873633025,171.52917237497053,1430.7360899341732,55.411169418467445
Delhi,28.471677638426918,13.546983200191477,8.889313387613342,74.33848327853963,36.95002798144575,973.3460286205425,214.7218735079478,1462.48005608722,50.15876591056304
Delhi,12.751703011836735,6.303681265521089,12.372046951893886,44.326825159505226,49.179651248521026,1045.2184894321438,219.39419331676015,1493.8504493613266,38.09753623747685
Delhi,0.6511192311772867,0.0,11.338290881607758,69.0284569746618,45.675909832104,1090.0168186535332,266.20344623454025,1562.5851856720037,33.451763052975124
Delhi,12.433949087817528,0.0,38.10608983950188,48.9031063815311,44.77956595116626,998.7977616507326,208.40155813856344,1619.3860604699166,36.873411781974085
Delhi,0.0,0.0,42.64233055605988,58.84936708385194,45.09059127250154,1005.1872904340223,227.24542888238528,1507.4722140751162,37.27857259353059
Delhi,7.309142768631766,0.0,16.65568504167916,35.94790748848316,45.90896521703574,1071.0157127799068,225.93596450742888,1534.2116534137215,33.85560932681016
Delhi,27.810098515259725,24.49053095634566,35.211434556498524,61.938049995686356,63.032598199486294,755.1102610425676,158.31331997511478,1438.7541208364312,71.18068903155532
Delhi,0.0,1.1769140248210306,21.37829252639387,64.90699591451445,63.012082709591304,1007.4705860293911,207.46955182314835,1532.261408255734,42.8615350127869
Delhi,23.340416603632526,1.7328094788352217,19.364726831282866,51.96302260290625,57.3790228865548,860.0552516218942,161.4767061743775,1551.2371268998254,45.81120907609853
Delhi,16.195315786670044,0.31129934447035446,14.314188390625155,74.91456277369943,31.593746517832685,1046.9137975306,249.55689335687543,1542.3241948247696,42.265844172754704
Delhi,21.134997087827323,0.0,11.48456091836837,43.37658512238216,25.984831267957205,1099.8137983404572,228.97025364937443,1557.0093677610428,30.197644279836773
Delhi,11.427311283340106,24.977950118430797,15.698279108535043,54.8709387464694,43.53972483547635,999.7472554286911,242.0449142527123,1410.4518399162548,49.168994185557544
Delhi,31.962910029465206,19.977865558946085,4.971288917664403,65.6189824792492,47.8607145301318,886.7583014939903,198.02608184167778,1378.1439406701916,54.28465011707169
Delhi,8.441413285247961,27.190735053370524,22.778607976491422,39.91873699837676,35.99204195798762,981.9375559319553,244.27884888808453,1321.0342793228401,37.9960663157312
Delhi,26.963141304599354,7.669541964468618,27.371630102738116,65.5377499101757,26.04413037450098,1006.5313221483043,211.94326319532635,1476.2872525518271,46.19316993109902
Delhi,20.016215907430322,8.670011692080365,10.837506512876553,53.6121152319143,34.31929698412859,995.1815198309283,222.33600641527923,1547.8570048087124,37.527543443975205
Delhi,0.0,0.0,17.844510552448625,56.85706018349471,37.532498070920866,1121.782635770095,263.17560051672194,1556.1483486365405,21.12654270582359
Delhi,27.38592627245859,12.291359236700053,42.849184214744284,72.77980295933293,33.39337032415321,918.0971030429679,179.99817635202288,1494.921465724554,51.28672770687817
Delhi,0.0,0.0,33.85633833122219,56.92300186560682,40.709477068517984,1092.1331291453023,247.54770021952956,1523.4021420063398,40.693249706455276
Delhi,14.236364402600039,18.70568591910582,3.2169146999415332,37.14314232459035,25.738613921812217,1088.4862536253304,269.0790817318128,1399.8778646920143,23.97277576417602
Delhi,24.28301519110891,0.0,31.22916973826988,63.213650042147975,37.06127473800476,937.7115765753562,220.11421766205865,1631.2227584585487,46.95408004163175
Delhi,0.0,0.0,41.73817884874377,47.641097711860496,53.33067791798801,1020.1726829178097,231.25985989407997,1522.867845339292,30.41917120239966
Delhi,14.886172671793066,13.454087289053628,24.144233468778815,59.342382064744754,38.800271216529886,953.4687059473681,213.23358181416302,1443.0742981244641,47.618306030493116
Delhi,7.01247910617181,0.0,42.45710273094091,55.88973673420637,26.652103036048636,1091.84496003374,240.29674237457377,1613.4809986036278,39.01255079506805
Delhi,31.634723117153477,0.0,12.835206228868575,39.08577542149844,48.21728861159254,958.4662919078997,190.7625062407229,1619.4847481572474,42.29810243529963
Delhi,0.0,6.108096863606569,16.087485712210487,65.76355609029433,30.13161930011972,1116.3379829122507,269.70117562808736,1438.8073760699601,31.748410469813354
Delhi,20.89048186326712,17.53963374790504,29.68787259291689,61.108361817295474,40.79093730664826,946.0294525967057,203.90796527631272,1414.7383137032746,48.78217301680238
Delhi,15.68680620287472,0.0,15.411491280109882,65.07989062595361,51.37736484098396,990.093163899375,206.7070092165177,1576.717766204319,43.70917933758302
Delhi,0.0,8.849279009118096,31.273980875726878,52.22825749041808,28.371879628231564,1137.560353170307,271.054433716558,1489.9943682529226,26.72494739293804
Delhi,7.222518317422251,7.0167906239309445,39.09632435698491,47.90901441875629,46.18311872187147,1007.9114618121176,211.42434359587722,1456.5013606893524,39.06925365634909
Delhi,31.459169375943873,0.0,36.747489813423435,52.307108391654765,28.913688460866652,985.4457885834174,183.98584069462927,1568.5821252776823,36.170260904849506
Delhi,26.445890426437515,16.33865665484487,14.693290105763028,36.70284992532798,47.589840842551546,863.2204400809926,195.51943930335744,1504.1648175582561,44.57359386789745
Delhi,8.42055489546955,0.0,5.071360346337883,57.27000533286761,41.982621727224185,1114.1019664401733,259.5520612180695,1580.7911834451252,29.185727260567084
Delhi,6.72295248828058,4.6899647929001596,16.43673530564542,60.257719609597004,58.72989664924107,1000.7068108291678,222.23640360567538,1499.1095629644833,41.18603901503887
Delhi,31.863549964831385,0.0,17.881315881195952,41.608260370941025,28.052769120178898,1005.2036002511767,222.88183915353304,1581.5488885845903,32.0483342759227
Delhi,25.719668310204234,0.6395086494389641,16.66292178715105,51.74169567982166,60.90848967084376,901.903053786367,171.7588227083127,1591.1149190815943,37.82425379997654
Delhi,16.504511050101595,2.836524069583014,11.836978424309553,51.69416544573068,47.45993120271486,988.8883989487239,207.77900433091057,1517.5341565942895,36.79426799255057
Delhi,12.927628229833847,11.32090423173635,19.12183504278815,52.11203312944676,57.695216467666924,912.2403610317501,205.8701235669673,1471.4732953332032,42.04696369956936
Delhi,0.0,0.0,35.82099176378462,56.769100028879706,48.78000236303895,1042.3045308433673,215.89949515661309,1535.5527606813935,35.3276593666657
Delhi,8.098688655283837,0.0,42.45770579151938,66.97554772539466,50.91172571864034,979.96136345055,197.88681379879986,1560.0444203303696,56.996125962574695
Delhi,24.621859899212204,25.96957905616189,9.60427957356422,68.59957212358705,56.749634806589846,837.0719006993395,187.2005241876346,1381.3165277697046,61.402024802758746
Delhi,0.0,4.119989646382642,26.44866738641697,35.307816618263175,39.649529284286075,1080.0261549811894,241.19934341916306,1479.5849691813787,36.38343558716345
Delhi,31.760004763322982,0.0,41.214505316147324,63.64278198241034,44.05974283835192,910.1202959107367,164.47537303913734,1617.5955146463195,54.53807112224532
Delhi,16.963276215422784,0.0,36.20046912798831,68.93506283003022,57.3905137184565,928.0334222531928,162.18498547832215,1579.8421322350512,48.02626435650402
Delhi,31.443601202283823,0.0,16.911763821471794,45.21024640114916,63.8411582633038,888.7714921164629,151.22816656553562,1607.3152313375258,45.437947961998404
Delhi,23.942445613506965,26.275870042433176,9.19535486310252,74.22538203750624,32.05526975677134,962.5833906255459,228.76413593175403,1403.8405614073883,48.72109026812433
Delhi,22.04618742064883,15.158032229250999,5.887909689083674,45.28672324900296,25.733038271399526,1049.9213769169285,253.7047063297863,1458.384870496158,38.753234000661024
Delhi,0.0,3.891781449028869,4.256520520334146,72.04645395773568,29.85271625698551,1167.8341086922371,282.65460248722314,1461.8994679319378,18.837061347215673
Delhi,2.3180227312799957,0.0,19.80268934010033,39.565816644468114,30.16823213126134,1160.4005295305412,275.6657102464111,1583.731428665117,26.776284011627425
Delhi,1.0507289365607413,0.0,16.57724774144931,37.733278760984234,57.28594877736882,1032.2879500987951,220.25790309361798,1550.2186976838884,32.00638817692964
Delhi,0.0,0.0,41.82950410713366,63.81809256423193,57.954794699060514,977.0746174723214,182.91547789024875,1565.4716702790674,42.7780902802595
Delhi,26.10161380615685,7.646382807786509,4.06605705032343,67.34720969902455,26.932414306390434,1003.9783086041682,238.8096339469079,1516.4528785707912,35.793906005247806
Delhi,0.0,7.039519518870911,6.279902858212008,53.24399230399916,57.7004654399433,1050.1915394913885,227.87694767140766,1516.5153770423653,34.64421178222805
Delhi,23.27309197960966,20.77594986366747,24.44912784574914,60.59244026737666,63.08288177210313,822.0312466353653,161.89468336687526,1440.7583865196893,62.17232025982554
Delhi,13.557297274843215,2.2638712076155336,29.791262121154254,49.36005275194385,31.499090640401832,1046.4686378199108,237.5268328729989,1556.2233050898499,26.65525664112748
Delhi,23.480232422957716,0.0,3.890936088733426,71.04275811839518,61.785550544166334,906.2580754706063,195.93260609515073,1615.9782265861272,44.96496759422319
Delhi,4.287125683854692,1.2758358482519192,11.641031423514104,54.57951862637538,62.48812731432658,998.1366557787236,204.150873142451,1529.028724831518,43.60303105968759
Delhi,0.0,10.562690615726147,23.804421829468378,70.34443804769437,49.80082610911605,1028.9518047676104,243.68467322703765,1463.3585408143279,40.599895788240595
Delhi,7.157843682129855,0.0,20.053772485259824,37.99316647457535,33.468657744104064,1122.1734599671572,254.2982655470542,1538.416057640852,28.348274407847565
Delhi,7.198251851251667,9.217045929552828,30.408101535682764,37.428952961764715,44.28619495981412,1042.4228527053922,232.20236138936917,1493.7175710721342,37.14550158585626
Delhi,7.263078701517955,0.0,5.831624158820041,42.386364491920666,34.00144868391985,1125.0040222295374,259.7867735380143,1554.2897509776956,17.041235586937276
Delhi,18.48675423291174,0.0,35.03493606699875,59.95846875159536,31.742083543897035,1012.2264532637795,222.6634030019287,1518.7633621112423,36.57657068359487
Delhi,2.489565444140476,1.8293700940098283,39.55018283538803,57.323639153436126,35.73620731963231,1110.9569535939852,234.55149696481197,1549.4797658283776,43.74579080916918
Delhi,12.981174322490524,0.0,9.587762653655872,44.318121752230034,25.44716557390784,1131.793697217786,262.6881810029037,1551.087782274072,22.95235173813627
Delhi,0.0,0.0,27.732446130744997,39.22004736728086,41.23406032376292,1062.1949884503265,250.424911460871,1550.154982526792,30.617587959040154
Delhi,12.333898733171438,10.393766541227606,39.60384242944046,53.682269819768415,47.114346576261994,935.6321988731414,186.91577172422964,1465.238673805793,50.60474882257253
Delhi,0.0,8.29812732029491,17.355824265312876,56.38087035385452,51.86492938885988,1045.2725375830314,248.8902713420735,1479.705560671856,40.28082666599289
Delhi,13.46013347093005,0.0,40.24454921166598,39.58135562813463,62.87200832857999,904.7061261893201,168.20111175161378,1579.1343646038615,59.9062467877534
Delhi,20.24779537657147,6.697251951373218,35.13444707834788,52.818336861178295,46.11391848351725,952.5631401269031,179.12676917492354,1544.726864001942,50.495088487380684
Delhi,26.8420533962164,0.0,39.761139273784536,57.23474518527033,36.919789116044946,979.943288471228,188.99931879484438,1531.5706516042349,34.869953935395586
Delhi,19.333000588656823,0.0,5.688302187855371,49.590741942381335,42.72200290887417,1043.9875740865675,225.9127852531172,1555.4749662122372,29.478948833523948
Delhi,12.95514277952265,7.667260322056627,18.554220982273087,57.61716213835879,28.9957069909736,1062.623713968595,250.55490338599532,1433.2751321051621,32.41121988475253
Delhi,27.7830252205866,18.25620306541539,10.166377437651445,36.27636806741023,29.443902706275647,968.7258233569864,227.52870175722464,1447.9780760242409,31.354152626753475
Delhi,6.2760798362466765,8.251623239211778,12.597414569797573,39.03319249182616,54.36626553499236,989.489260803724,221.9850595336005,1469.8453318913762,35.70524071533425
Delhi,22.687316658005027,3.4150901291505136,14.365798301262334,54.61668772915138,60.505463646070154,923.0498688235473,198.0299474175368,1577.3674344983162,54.36023426675937
Delhi,30.81498602409964,0.0,16.59491082167443,72.9036197959953,25.021780255868475,999.4164941424435,210.3068666124657,1630.9992490020466,43.49037163959518
Delhi,0.8503491281933666,0.0,32.902486312666895,35.4679898121878,34.62814762011425,1133.2532276940294,247.6417879197402,1558.35913376285,22.223138192379288
Delhi,2.764705529637242,0.0,25.846574503755342,55.84556194118001,37.96136032074373,1052.9275028631816,231.8982180774615,1512.1657764825607,30.17044323527083
Delhi,2.098825274404497,2.7913570472852474,21.746463928297935,61.332538490364236,33.107795403921955,1126.4170746053403,261.3825949499872,1485.5652360031618,34.45261329287507
Delhi,25.748584722303328,4.399191580383629,14.099130272388091,51.84854317344942,41.82677485244916,998.8293238961362,202.62448408051426,1565.3055452451972,51.21658277699655
Delhi,0.0,16.820836441279983,11.356642797294471,61.849855703699205,27.246130398926788,1118.2069375588615,283.0968901373066,1400.615051333097,33.88639618066375
Delhi,15.830479685948106,0.0,30.02216368339901,54.92375748471146,34.71388612436686,1035.1382251462123,218.3002004208594,1582.9329517763854,43.40984962697284
Delhi,0.0,0.0,26.419380395006367,48.44541822648594,62.37091415273825,976.9406550365029,205.41776728577045,1521.1238245730335,35.661291675054706
Delhi,21.449065428796693,9.428689434455357,11.139581976069813,74.90225206472658,30.749751802304203,1024.6404657754342,245.08204677398714,1506.2549661194607,49.6973973824092
Delhi,28.603920463590597,0.0,18.505403572460025,68.99133028587416,33.51556812441953,998.0973916807102,203.10674174702217,1596.6481222243126,38.81002097411078
Delhi,27.005218186733998,0.0,36.25914802780704,54.08921331342947,50.1213916514741,896.754121209622,150.5345079842399,1548.7778462096026,52.27728554788841
Delhi,7.993446326279024,8.9550321793714,28.086630692245212,54.652080564490824,51.986869399214996,981.0114098987355,201.26251646131865,1480.066526871954,46.21741594147126
Delhi,26.953965829049437,27.99463411456353,24.81600718815559,42.073205315662534,34.1017195729669,899.0463511243171,200.80383785662846,1307.7119449297572,44.9529310945452
Delhi,2.7816775338068993,16.785493096528903,9.06031563562539,62.46432292100101,47.83198886995136,1026.0507200914226,244.54859076975904,1408.7198246005742,37.7563640378089
Delhi,29.270610456330942,0.0,19.406748117698147,63.22908948182452,58.988671478679485,910.1159513600627,163.688415384482,1633.452075668809,64.1815516536416
Delhi,15.234190048946619,0.0,30.7296328695345,69.79299338318829,29.296254472786796,1033.3494100819214,241.29583340201384,1594.3541849174096,32.96633543764929
Delhi,9.899248956411554,0.0,10.811237216331012,72.57574756265595,46.150462535999125,1088.22867736245,209.21100410695897,1539.7912861561613,43.291718561294076
Delhi,0.0,12.017340673365869,29.101189232264428,38.286976068352345,45.241691908706336,1030.267091341533,235.28418280578015,1374.4409669902275,37.1571452539071
Delhi,17.144314306882,0.0,8.453714990928287,74.81003411482479,41.287375894567404,1039.2425041678453,237.46816471586936,1617.6036902313654,36.80092974359041
Delhi,1.4682233645287326,19.454346484880862,41.96689055960456,45.26373553150883,52.10335046490435,959.4864847455055,210.09039197099884,1448.1155381244964,43.4576593678307
Delhi,10.088737967323816,5.633332828240974,29.03666212775005,52.707142895017256,62.947799510715946,929.1424335528461,185.10723541546722,1498.936069314235,45.35847769905314
Delhi,0.0,12.625518286222704,12.75867897657427,47.78747683737686,25.984440626290933,1147.008375174221,292.02025163806076,1429.196764842698,17.921447283753906
Delhi,24.288774057925544,0.0,26.598086087732696,40.09497136896313,44.5667149361595,941.5910721114167,205.23147227043606,1537.012870010962,33.46344279082609
Delhi,19.24313297461724,22.007571013059902,32.99525607991914,59.08953773292156,30.91715416873404,908.2142229126797,204.27562879594575,1370.2183874296588,38.58715443253115
Delhi,29.53673357846425,0.0,4.666694731389278,44.97735003289935,52.41924474743531,960.6009147022625,187.8647707874572,1585.1940742206823,29.75196320882636
Delhi,0.0,22.764133375341807,17.224972340020322,53.6294917939531,49.04507209698146,1014.9125740388406,252.19052690733767,1437.0924907378487,36.52669212589859
Delhi,13.947570031886727,0.0,36.99482541109713,36.692754436176955,64.43787530767598,902.2004629573753,157.44974039110357,1605.2789932192325,50.115690401717956
Delhi,13.459876612350293,25.158187634151467,12.531016879158916,50.55000364673353,46.86671767270858,933.5568945752468,239.46528580820308,1382.2982096012138,53.76430157264761
Delhi,5.302431258783592,2.4395343606736084,11.725955829486596,61.21342092446122,41.41901284609603,1085.0261147867673,252.78903437796222,1505.0959456232285,36.09202499235316
Delhi,0.0,0.0,15.083783792145537,62.931754200114824,32.179733182208395,1162.835163738633,274.0139092686695,1551.2715814437588,24.77913456556965
Delhi,20.657110277073375,0.0,14.148506847615236,37.97844386314644,27.67501752913838,1031.7639661930282,236.33441709833698,1593.1684156512056,29.21653716227915
Delhi,0.0,25.718852657054285,12.150012845454093,50.68319803852429,25.13300610396883,1102.7764226637,291.7822877636447,1360.6073424199774,26.96308429363534
Delhi,6.658767456025071,11.678461695604717,30.487713284587734,45.81798270649193,63.391561159262594,939.7552243128546,208.590673868637,1473.8074954053657,44.28886456204839
Delhi,0.5034795376861574,27.570311898025437,27.060643496749368,66.34118596412442,44.6619646346014,949.6457732291376,247.0388356455842,1390.7444172698063,44.518398657431014
Delhi,24.411199442594118,20.485090376539524,7.969534536668885,39.73571145486188,45.90648402220209,905.2387138595778,198.26807172668697,1428.701033513939,41.243195684014935
Delhi,10.609995832264772,0.0,6.041038583550176,55.78460947958852,32.631269379843,1101.7502759960964,252.53542524068428,1511.739189951294,25.00537000359909
Delhi,14.75671431714894,4.978285122875153,5.734794165500794,44.388512860398535,46.851862673635516,986.5522226790482,237.33200186551412,1513.4013601053275,35.91555046976549
Delhi,10.23929728610128,19.833485297031025,9.222382991489091,39.725747238377075,55.135898586447,996.2175749004507,227.7184859754354,1472.4618509453312,44.1946143191242
Delhi,16.09576332097011,17.311825980222054,35.9921142296537,71.11872892082607,58.84063392450432,878.2417179655704,188.30946465446524,1387.2419246471811,63.04018678905935
Delhi,29.52542910110708,2.569645374855419,5.010406148328077,49.184080537466926,29.508286281697384,1032.6512134202842,221.2855295208348,1542.9780771241437,22.15719401325095
Delhi,31.394846480537012,0.0,32.25584090314329,52.94213077825492,41.88657306765394,931.745459846762,178.85079738018183,1556.4600153205324,51.473992555985355
Delhi,3.6156691524042586,14.087888047790667,41.114535696523205,70.06424186353735,36.168202939691334,1007.4984900619994,213.4021654924974,1408.4467909829798,44.072314042313806
Delhi,20.414129686426502,4.614947175161969,27.34838987529332,50.159769294712945,28.754537347874273,1029.4924164454692,231.62053996972512,1517.6737227170588,44.35420705952818
Delhi,0.0,22.74436677566998,41.61987513908038,50.2694647542276,59.12467678389844,927.4059880725383,219.19075627496454,1378.4885769241207,53.51238671078947
Delhi,9.691823362952142,7.683926501987262,30.688818391022373,74.20266245953178,32.83972232857929,1073.6327649530149,225.99898505666403,1509.3438445490679,38.409399703992925
Delhi,29.854217041150726,16.246834012671226,35.88082020889492,62.14668481301697,28.704040799775754,958.2579131333025,199.96338646943752,1483.7904327388394,46.41486373310893
Delhi,21.77596935593942,1.8650441755508567,16.031409979378527,69.96612673810918,41.47006193827663,990.7087759253398,219.72710475569696,1522.393050682445,43.79653400065914
Delhi,9.536845218060002,0.0,6.137983196565809,71.72498922637445,50.98357985197857,1068.1018682435263,231.0677826839456,1549.0532376556944,37.43705143792122
Delhi,8.72365796853429,0.0,23.10851971010706,73.72874645828702,26.625459162072186,1116.313627202239,259.1719887666094,1518.5696898101874,30.568062547450438
Delhi,27.926680268387862,5.395393578484054,5.463156808151879,66.69934343660128,60.033563684886545,874.7092912136308,178.46992483112015,1532.2745493438956,56.325131066045614
Delhi,16.754962203217946,23.960229171408216,27.6977035847182,48.82749723988846,61.06403349335158,830.035561643561,176.21619742717752,1390.2203797998284,49.6317958944096
Delhi,7.018062104376927,19.33244006351754,38.658270569130806,58.39293374523758,58.251942949125,913.975107945551,200.2729087993541,1444.7926329317531,57.824649218560396
Delhi,16.979705283377996,20.417080437600262,37.680160986522154,70.36544632262262,32.297281239616225,970.5269181997869,219.70756642161004,1410.4878150910233,52.53750048678917
Delhi,11.005449966549413,24.014612736980233,25.003146326438024,38.13068923681405,59.04582872940149,881.7719752260135,211.4907328038177,1385.6332768414038,52.74206072143112
Delhi,11.873685990747823,14.639058645739325,32.78094996870518,55.59121542248711,29.734348387107474,1012.284225842444,224.89978838868043,1449.1177585029475,38.574203723156224
Delhi,25.78618920530368,0.0,14.600861705617858,66.71085881430429,33.647289590225895,1003.8571616550518,227.8573911695127,1581.19167204548,33.95097399417822
Delhi,0.0,22.08303055666883,3.477680262271413,37.347991970029824,51.29931321653821,1045.9252440643006,251.1510681723177,1372.8952757386169,31.126528813719954
Delhi,0.0,3.830984438038369,42.56212944563417,45.924202123607074,61.68902442194247,972.5672446295896,224.5859330064429,1473.6774779813932,36.82541727301416
Delhi,0.0,0.0,26.965071029411035,55.67833018965893,35.463688494952976,1086.0265696510487,243.83790300774277,1522.9902991184108,27.50989909112052
Delhi,7.693160892637806,17.31710944314283,13.463863256957634,53.291544206474455,60.493997312693935,948.398100081515,207.878458217684,1410.3407062652968,49.50619295884206
Delhi,0.0,11.324222279543477,20.611265440452513,74.75500130065302,35.88881660270552,1069.0276698471669,252.3157429257517,1404.8010899710941,39.85682308508152
Delhi,24.57415299776372,9.399294951037596,12.447063081246867,49.14525393863143,38.136098997059776,1007.4355150314548,216.18591425190814,1501.4120567652585,48.82666414715376
Delhi,26.592184260946716,0.0,17.794984359883557,40.612951353625746,48.30505331080417,953.6500503461301,183.9548178160197,1549.820968420801,45.22988206587147
Delhi,7.68986417166542,3.295957690823613,22.87566721372142,58.80476855201426,45.44475169891279,1026.4608168491839,233.86155442264845,1512.5949373482129,32.859921165469615
Delhi,12.475582739219998,14.62270742799587,15.182928269342636,65.01529408505647,35.72593987819505,1022.1311636321356,242.58350543895537,1434.2617920609896,38.66715488147147
Delhi,20.50550458828375,26.571802846573974,26.833549545909435,44.72819125579722,25.599443009502814,969.2921152484614,216.81127129042042,1349.0121698947478,42.32336191358203
Delhi,15.726407873225167,0.2401881364838374,17.179867655818533,36.68097897494397,57.722279670733656,969.4346622774353,202.41795194412225,1568.6610450772148,38.59734980458536
Delhi,21.062926515885756,11.671558659197096,30.457182296106165,36.6210357693697,36.33227186435034,992.2130262613531,210.02339791739107,1431.6194101023777,46.95858182191886
Delhi,4.6025460815958645,10.945299345955267,32.97393831619411,60.77177095426322,32.54212910515825,1074.153071296418,230.54740375848723,1436.9220913486934,38.138807700452624
Delhi,13.857631311712389,0.0,39.807349392533254,56.04508650084263,37.79328617571245,1016.83726008834,208.9490189269604,1552.9920473996638,48.17148045583029
Delhi,3.678426671060569,0.0,27.733925486885685,66.68518675376188,26.241037956823305,1125.525716727044,266.6496118277404,1544.8014231083203,34.77190955383271
Delhi,23.062435742517312,26.719375403192032,26.880015082551513,35.8195749923579,56.09958786274657,864.2344235665971,170.55120958906141,1362.9499116346892,54.88411287635716
Delhi,0.0,10.531103210584014,31.38644561262493,56.38296866164341,32.63121949763233,1082.609143713191,259.39021578017326,1437.9060465617392,34.265929641649265
Delhi,0.0,8.59501318436023,13.783710924092148,71.44538467897533,52.45715875430272,1024.3776115678857,240.96944737879892,1472.8276937325443,33.12045502349518
Delhi,18.07474322882812,0.0,13.598671927869372,55.366570607686725,34.50367628872312,1063.708262074466,248.17786577512436,1539.0870213752683,21.259600423444184
Delhi,0.0,0.0,23.80994030633782,58.22436171856124,41.14805712278368,1103.2908142461088,237.04066294105021,1525.1293151538448,39.05569557405775
Delhi,2.839852683737604,2.357728400051858,40.8740546570507,59.19023797015962,64.03223534580152,931.3499874810811,180.1305915125978,1514.3117323353456,51.22038968750272
Delhi,0.0,12.495373541099333,21.23082935991513,38.443828247359036,32.68226018442913,1112.1352403333594,272.306671613083,1477.110106691842,34.519079269613385
Delhi,0.0,6.942235560472959,5.9158018262978125,43.131757802203126,49.52485361803226,1101.0179593915773,268.2041721883636,1482.3451397873382,22.44685729423238
Delhi,12.857035070098647,18.693082968464296,28.86283187070961,67.94392367326192,63.90999386072465,853.979312105529,197.75435303770277,1380.9177151881515,60.34384131397649
Delhi,15.74453892797732,23.602609624454672,4.509773167620651,68.52687591396014,58.99058258465442,925.4330413312476,217.4993315844383,1388.7466276677724,46.37651544102446
Delhi,29.11921933790959,0.42357991800690087,13.569931090183884,37.860833299614484,36.6316919744644,1005.9226037461361,215.2759344118011,1604.578418218274,26.63201805244116
Delhi,0.0,22.18867386031352,20.21528006811202,35.48753460895321,38.545867590557336,1033.0838046483784,241.88184652866923,1347.925085722872,27.711195618506753
Delhi,0.0,0.0,13.858601932043378,65.22773351547323,29.105036372194036,1183.0629089448373,288.3163954353011,1555.0296224040162,29.090496386020863
Delhi,3.939675926493809,14.439296250185539,34.23705368775117,45.081214568717456,39.02048961192466,1027.564298286037,222.59619066213335,1408.982452890708,43.657160386035955
Delhi,2.901957591757858,0.0,24.494633928994148,61.706532164765775,26.52408373767518,1142.7810310711673,265.6666022839129,1530.3572002303656,16.78656320216283
Delhi,17.111668692368664,0.0,16.80801024986644,54.26387557909439,30.07441570208862,1071.6629572473078,218.63388674250126,1556.191247930383,35.9509402713926
Delhi,18.391533377827937,16.648802389346912,8.345948706031688,64.82630527424658,49.89085607378998,967.8869288502325,200.5123850266437,1434.9665511332921,44.60229105900703
Delhi,7.60868297654627,0.0,37.324307412975095,63.77537941063164,63.61831054888959,958.0282862762566,180.2975534066281,1533.6069620807773,47.31145437917801
Delhi,15.67320463794496,0.0,16.426869783207728,53.211438460384755,46.80733050984723,962.6588481337311,219.20527868492644,1550.8717585976888,39.83843419132659
Delhi,19.707641372569697,0.25986907295079753,41.04402220902177,63.82327694050707,56.279706346323195,880.8914119317554,158.41257749355714,1580.4594932171171,55.79979944224491
Delhi,4.01402527804647,18.24129704405706,11.39288557911171,42.02394380074962,46.1213675675494,1059.4078271275514,251.03384609414053,1431.2713857487743,24.21277864317225
Delhi,24.4511151759043,8.3898727138344,41.749725122806964,55.81926815292719,35.06739853297381,907.8570914243666,183.05958987271163,1475.176143351909,47.40557981173332
Delhi,0.0,6.6316177597825785,17.466907789593094,47.0287792898286,29.480058314601028,1143.4077379471705,282.13803922987273,1427.2606718223205,24.604403300918182
Delhi,27.151773582383804,20.404025321010614,37.24248846623658,39.54209849188308,48.834396715423225,875.8947079887722,187.85029773025,1411.2015612608386,63.101306884440056
Delhi,7.443172936284686,18.952216214833008,30.899261158894465,59.2498694391835,42.352317516449205,1014.2689299662641,237.26399506741305,1337.1450743230102,45.756822028360695
Delhi,0.0,13.30213552103923,13.677755962344598,69.14679679969737,53.75986874692347,1006.8124525674654,239.81095613937566,1474.2603184659208,41.3653474889964
Delhi,12.501860251826386,20.90462546578962,21.696530034626093,56.569872439445575,46.00859755601811,955.392778407259,201.31350927299067,1389.9896584558528,45.38949523167227
Delhi,2.521953390930893,9.621977987037422,40.42957865574584,72.9804298003707,42.890987238895626,1020.7523492447757,221.5054490865087,1479.0260736497971,42.823499701686956
Delhi,1.234688064224411,23.803062025764227,35.182900385292285,53.66224347717156,31.284339740154216,1028.0026185005331,240.16449085425043,1349.8594904027314,36.852900886358036
Delhi,5.936845411590548,5.724373777399798,33.0632101764123,57.076958138192,48.10971923682776,970.9802722766954,217.65133657496517,1551.4985889600014,38.55931136995799
Delhi,30.889537579147884,0.0,23.719170293550526,37.99811844862696,55.82471777388898,909.6894248695567,179.24824924040382,1607.3712791929597,43.567709524619765
Delhi,12.459884315812104,12.078365013111359,30.440084318898478,54.33169276796856,25.693864615494316,1033.9516188260727,234.50720858357826,1479.211050125855,31.719051113338036
Delhi,23.119583681643164,9.447050306936823,11.021552331869666,39.489227187868934,58.55693961879521,898.9469704623108,196.9859569170644,1568.6862165014252,55.91016995570709
Delhi,19.362868326793254,12.999638157772075,4.482600397977567,71.78923507748571,30.267375247142944,1030.6806383390606,234.05262131296726,1501.9132320445565,33.342212450135726
Delhi,25.247872332043876,0.0,19.967335080817673,37.27482346574435,45.421180481054904,934.685159197245,193.8336191226382,1595.2547442216965,40.526132722514696
Delhi,12.092290687380729,2.143683406914679,14.019701521218845,64.42264824950146,56.39029060972371,968.4179614458405,203.77656758025145,1517.1234758470493,42.581180596718674
Delhi,2.1339587831999864,23.943204541653422,4.334481020504626,35.99342601256635,59.575871296722546,966.4218699776426,223.48319972881004,1380.5411999451721,33.5426996727853
Delhi,0.0,0.0,13.093422589495088,55.62542223868644,27.71660594758839,1164.659226108888,294.3502925392678,1575.0865466239693,17.759603852172493
Delhi,27.73539297829408,7.45021373021649,36.50559809761607,53.191237807691465,44.42280665211958,909.0608876432408,170.21679686737966,1524.4204123359216,51.14056230980303
Delhi,1.7013490597056684,0.0,30.81266275624867,67.72414164983553,36.275533130262545,1063.162123604172,237.81811340998416,1565.058278498107,21.941881178544644
Delhi,0.8791652116191777,16.31710328791992,34.45726090892808,60.080981965697205,36.79834729130761,1022.7882604806988,248.37298019787715,1382.0952349739343,43.194032248308964
Delhi,7.968454769576708,0.0,24.63596656251512,69.89499233286911,46.41619120562607,1038.4683397191375,212.31885356629414,1557.8605329644017,31.68780459562682
Delhi,1.2105068266491585,0.0,30.942426316453446,56.852978418695436,45.374259551750654,1077.4625621262146,241.36073619795647,1533.6803543594267,41.73319683801749
Delhi,28.95037620925475,6.647696514949331,3.150595717807281,58.39514975893918,37.549763411646765,980.0357456682124,235.0126141846203,1491.1627974293986,44.71129170747321
Delhi,20.22069332423179,2.7164912484615726,34.2147849043333,61.58963610225664,43.589743242418855,992.676819442815,183.68316019473426,1575.9610064435674,45.50264566226286
Delhi,12.780274890994932,0.0,34.419606350016664,44.96071651496453,61.073538731269046,878.0962990221773,193.0979031594113,1573.2856786064983,39.80867035413024
Delhi,0.0,9.056900876312277,10.006108727845568,65.27831322548079,35.47870434820007,1117.8424585630685,276.9823218834271,1428.104742596856,36.34793735054277
Delhi,8.822219119477904,23.878276492332326,11.100161258283656,44.69987670087894,49.32981321871492,963.0687618381062,257.1093079550892,1390.8153252854945,39.15310012480035
Delhi,27.070141861111765,17.64151036766991,21.98702912280804,46.22246981077879,44.104163437835986,901.9774304051363,180.27460541394305,1439.1454785778694,55.648253142026135
Delhi,20.96770535997993,19.536502359174104,19.058866389916076,40.05536936093662,60.382544242163824,858.3361004635506,178.74905324531088,1423.0352208906393,53.61917039546513
Delhi,20.547059415465426,15.836045035937666,16.20934493352036,59.14891574090857,58.174775262232295,894.6065471924461,194.4346698615524,1440.7985811518586,46.75611341590292
Delhi,18.30792581363488,0.0,39.977435061408784,65.11729959882709,37.00672494465138,1024.180296628399,214.2844312603365,1570.984976521139,42.75745911515492
Delhi,15.405000343883238,0.0,42.991605661446904,62.06571391971784,37.302817929875076,1002.9475123823007,211.64546637871686,1559.3352997425854,33.163332557379555
Delhi,1.3924192735903222,10.791302262512922,4.14579298721641,73.53510294823639,45.831172550047974,1082.3662158537522,259.79204858728343,1495.8198200180018,31.12366027879676
Delhi,0.9526991991540417,0.0,3.2268790310897373,60.3448011568552,42.6606523337565,1088.4284923804407,274.9301522983003,1554.4082651205108,32.273928339498674
Delhi,3.5147600162018513,3.1753145988678675,7.5637067126578135,63.98799278480273,26.431890419127036,1176.3813096064143,271.2046359390511,1486.9071820141394,21.977384614697513
Delhi,3.2493007255294017,22.24567943560119,11.202401992297093,37.155228217561806,60.5990569922474,951.7953843992192,224.91364814353778,1372.9281615491884,39.708778284697864
Delhi,4.50812204257393,12.14119146549465,33.234199231529715,61.3300374209652,59.015733631478,937.0968868417797,204.7843270326336,1512.5805473574862,55.82113004835932
Delhi,0.5277147778993658,8.468484634063952,15.004583649468938,55.88583938897428,58.40965016630905,1010.3399739393799,224.47310188666444,1492.004172000865,36.32554088689653
Delhi,0.0,27.569391506798418,11.002079820726689,39.66050703231976,27.182499818755282,1099.9773261323128,297.7377940437612,1290.8389653352444,23.22809288427011
Delhi,14.037492441935989,0.0,3.314137140441556,51.74671933619092,42.70188289750787,1052.3366521811004,242.7454498116955,1594.0027492455533,29.091065297475065
Delhi,25.717558560624333,7.822205855242672,34.00678121587862,51.05575869012742,52.65571377721347,910.3510064614982,199.1910770099756,1536.544598551388,54.35539571146552
Delhi,11.372207624961867,14.481775426237782,3.0996731096341676,54.04953041252918,30.66469125786464,1083.7910739588747,258.3610562487748,1452.9202682670025,22.4315184923516
Delhi,24.686732573095426,26.108240675445984,18.35581327343994,46.17861279123707,33.734138977858436,942.2171176670955,224.30865765453353,1398.8327925802869,52.20071461234015
Delhi,17.362716931547155,22.12688824673041,18.961734903175984,53.717141588908035,64.65761018818402,861.0355408436723,177.1845958388468,1385.318598366782,53.82436143841858
Delhi,0.6895543789562737,8.046400106286463,22.757397649680936,40.54375789927944,40.679707094889075,1041.8277525978317,265.4856917376295,1494.3890972930396,34.12048805276351
Delhi,0.0,5.277632850365979,39.07345159184564,59.351481088527365,58.91801047404628,1013.4636807346149,204.80404710620033,1488.004091282418,42.13585040980393
Delhi,7.12453568647814,8.104620991667225,4.23031606275957,65.15342212124088,53.77634398244909,1010.0398913798851,236.2819484877963,1459.238006144326,36.42195923859703
Delhi,8.820464693421279,0.0,30.119762267702768,55.945552060084985,42.749974992333684,1096.8052986292362,213.11944670208243,1510.4968778061289,30.18357608398214
Delhi,31.318571432834368,7.934924554313724,5.133655545314113,40.621940268420595,55.6202092416413,886.2586767772959,172.66178999851502,1562.8530234279685,49.702541843438226
Delhi,0.0,12.573843709017076,8.82597922817715,58.14839078986729,31.449683197714737,1118.6697905555736,293.66118726392176,1484.4835680843357,22.50773721633197
Delhi,21.82148788345882,6.955306873866604,6.49632592190563,54.144773550445365,51.945630988529366,985.6281343465685,221.75053359345466,1560.643299126053,36.777132727661524
Delhi,13.235465514761394,22.617368248731907,23.51582414436357,49.106629133191255,47.48025406960423,959.7602969924495,224.7485172176712,1388.4625547726923,41.04428425462147
Delhi,8.377343592502388,25.11924410325075,17.417837953025852,65.9617441983201,40.79191572165195,961.7349660441548,247.78920403388761,1412.5817512226383,38.11107818847766
Delhi,30.14685281266059,22.008185453863305,36.07742730196765,39.475889203143666,32.90650633681054,924.8640454631258,197.6888103123688,1380.0725581359115,43.69503368873621
Delhi,15.953058645995373,24.385930775112712,19.969136561280305,66.921817901027,49.429531906499804,914.7137120920512,197.94616760096724,1346.259734552669,51.790237611141876
Delhi,28.209076895867817,0.0,28.952791869675387,60.16062377737731,55.66024782914658,882.5876080357256,155.79808451401126,1599.9391903770731,48.97386741405832
Delhi,9.661253596793909,8.954324508717658,7.978595890746757,39.35477374526268,28.071616636982732,1107.3791409551886,266.4174059261965,1479.6088862288768,20.926924326652472
Delhi,9.557831013491487,0.0,38.99365437746177,35.827972147695746,63.542539455606466,930.796336049815,189.2254028699883,1567.7661390917397,37.932685857274336
Delhi,12.202405282704007,0.0,31.157376786606182,59.99150486735182,28.146004614389973,1059.8171738012963,249.71808275020288,1539.377763278427,32.382704866231606
Delhi,16.927033406460573,13.890928592941727,16.32978836849498,39.110362540938524,25.71415407189995,1053.719552351161,249.12719034690306,1487.8659995518249,42.88146951435431
Delhi,0.0,14.550370261047934,40.02687654234239,51.33583263145597,59.807009915400585,944.9309029518242,218.41191531230805,1423.9326770124924,49.880757588083235
Delhi,3.0108943713151994,10.356382056235482,37.799924063772195,70.99516566058414,47.72439600456558,1011.5061800406044,234.34467440206765,1445.297861387586,48.169187323455915
Delhi,0.0,0.0,33.80766648158004,57.28840328223372,62.29661723039197,1023.3021236219181,212.60451189134776,1575.5533912984695,37.822837184317926
Delhi,2.4963383440327043,26.362245776907756,16.26696964810949,65.2434282091142,46.544920248235044,974.0320591430401,251.54084030053534,1296.1126915519358,38.856818230278904
Delhi,11.114755212588115,26.193309011871797,5.127511577672124,40.80392787425861,26.261446918447177,1073.5478037828807,279.13530381464,1377.3531338445034,28.644945968171093
Delhi,26.11982047379321,0.0,40.5424656650561,41.866704486727016,56.7779963090428,884.0808151201803,154.055298069093,1607.597438915934,51.641537537632786
Delhi,21.161161220706155,25.82066606343634,21.822139885508058,50.6655575127907,61.48091090692081,839.2358940021767,178.1424832882718,1366.7768987960317,51.62924975890716
Delhi,28.306855747197716,27.38492006370094,39.03758626685,47.7702583004256,40.43870590392124,829.0096722502941,181.75008299003622,1400.120147095794,52.271773390979035
Delhi,23.358868566159977,0.0,29.22915477515489,63.1211052335002,57.06378305520166,881.822884977517,166.93073225406448,1608.0811443537207,55.652690670606894
Delhi,3.622911708492186,0.0,26.76454676413037,44.460477828164755,57.478955024181,990.9804610775273,218.29103586684317,1581.2265767095294,34.68775474032444
Delhi,0.9084177821531227,0.0,15.645629830114702,57.448430367601276,31.411661450149374,1143.0336678667868,277.1256118205861,1525.4442934217677,21.413456611856148
Delhi,0.0,0.0,10.888783625954026,63.06662327667159,38.57715214223424,1143.4206522721101,269.1633179321019,1524.0637463814319,26.11180701456842
Delhi,1.0985067387332474,22.497603635286644,37.140084605101684,51.642788415619556,29.754557997375922,1015.5204366817173,275.06239649633204,1331.8014303778416,28.01899303964411
Delhi,25.235114697814126,23.51875056063767,24.136048575264006,40.34110321580925,50.35596860208362,835.6089803269814,192.4567336702718,1406.801214556178,48.280992179406304
Delhi,27.697009785774753,17.048095652374503,23.22301733840731,58.99718622201229,26.796489355239835,976.2922223154842,221.52018045596077,1516.8793839908158,43.785711691024055
Delhi,17.399588238442313,0.0,35.948981677585735,72.69403341309156,60.80493129992516,893.9646913145992,184.30141359801172,1556.644996077672,62.667424181561714
Delhi,4.177997717347457,10.626871653849602,29.868661612471165,49.60007089955392,26.587690814071298,1070.913667835039,256.7115696359137,1457.1977601498002,30.23680889810752
Delhi,15.05481063150608,4.1742226167423695,40.8308828068972,74.97760647158042,52.40702767894999,906.8685889943309,178.62523775524028,1560.5523996673137,50.11862950252571
Delhi,19.853542151249997,16.404015531972796,22.39279639651418,64.70848775810883,49.0210459729971,972.6084443350794,176.47255337843583,1469.6666276201452,45.24576870887823
Delhi,0.23376460608828964,20.03681787714261,12.953644823105297,36.157978135823186,63.357272977885984,959.8346034724436,227.6865061213348,1352.5382519539428,32.13636620391808
Delhi,1.6799263828968343,0.0,37.41837719684105,52.0625967134636,45.34884505379517,1050.000998408762,214.20328901015384,1468.700031697147,37.02274643254697
Delhi,24.20578211792089,13.758734491857574,40.20361454118925,68.25306541142822,61.262503043272496,806.9564883023282,148.43627977451126,1539.8587071606996,63.04151774033302
Delhi,10.25867484270671,1.1921253205234024,8.993811235599512,51.174170850609855,37.9501355696047,1122.8194492297735,255.7382437409253,1538.2157899853064,24.105319882550457
Delhi,0.0,1.8521527135013134,24.815607917855328,71.19307156282493,31.86306870616837,1139.163068077573,254.6387338341023,1483.4484508532187,32.5535584109282
Delhi,2.4141628886704662,0.0,26.828542517158155,49.39526680051178,29.6780154902879,1158.2638302746534,253.24364996557372,1553.7715263271625,27.904419047439898
Delhi,14.904234072692557,0.0,36.94284818133796,53.017781474352304,27.9421957849873,1047.2681334643478,237.12586341175688,1614.0708836052495,37.75861723362922
Delhi,12.14071882400668,11.775874668072476,26.628663550730305,54.062823403106165,33.16283519228854,1031.2976084210761,245.71650573858346,1463.0990665008912,40.31162885981736
Delhi,12.447507370538602,13.241188588726693,8.438628593283976,70.6617833900803,31.379330957325276,1062.030592877104,237.514140385338,1470.2871642247435,43.822083640021134
Delhi,18.994758884033374,6.717447330298157,26.690405406569734,68.62015267915564,50.5182978141124,936.6794267184533,201.3968865998489,1554.4397927079594,44.835100929249606
Delhi,22.638217972576513,4.253319546515478,28.391523521347665,60.86864827645812,30.019172894254996,1019.4858355681456,220.34893516021083,1568.3421265224752,37.97816995724311
Delhi,12.965134733112091,0.0,38.26840460360438,44.41139505033267,33.441691511039636,1064.9553574200406,211.58947670462535,1596.8600033215175,36.521664984711435
Delhi,12.814556637343724,8.845525750544304,40.738958569942575,48.73230603401,40.07130427640987,965.5507681878435,212.07304054801708,1513.6640748881662,41.202594535827856
Delhi,7.025566771399674,23.11412389196436,15.614160355190226,65.7353994279101,52.02807610916286,1002.8057917917129,204.29985323828512,1351.458709778664,37.973481916018315
Delhi,27.74087903316409,8.619826344871278,20.676531985089685,42.48511020975133,30.69157613006459,981.6986225701282,227.51213519880696,1499.4293714841704,42.47945866738595
Delhi,11.983331158827099,2.6978686656160065,27.11025497636588,73.59774150546595,47.359593447166446,1010.3622829030518,216.77679079346836,1548.0856882417042,40.51094185134507
Delhi,31.807801146634183,14.17565200991724,32.695181801534865,39.23283757834017,50.16630215572095,843.017401906764,183.26834309324605,1521.4663341806724,48.45729315771731
Delhi,1.411069902987368,4.05164116601923,14.288824427214115,59.28553178251211,30.553693152950064,1173.8020146657254,256.61452767773756,1484.9623147894213,17.471976491336402
Delhi,17.932346526283638,0.6182253155313653,39.84539980211098,73.84500853580144,55.19759410033787,915.7763621908838,187.87368069704834,1588.8504309762561,52.19871785473357
Delhi,0.8968942372641493,0.0,29.55382090102094,35.468443520384504,60.3153454745366,1048.7670019017899,210.1015998180074,1531.039862356126,37.93754304168613
Delhi,10.502674842204257,17.738507446957367,35.22112346862105,50.37157600777991,39.72369939575967,975.2181467350769,213.94244556944545,1408.738951744105,47.25083614600773
Delhi,0.0,21.896201947727675,25.03684992424968,52.179829731815786,25.284102470653885,1067.5195817229749,257.3983462801876,1346.8153239909943,35.03449394353787
Delhi,26.369386273283013,0.0,14.506602408111505,65.348313060057,51.115491171434925,948.6549643221957,186.20095107220675,1588.8160120592165,40.94246445130818
Delhi,20.82951110108122,21.755890725855757,29.343800076334112,60.347459599077894,44.3562747770651,871.6938165910012,190.7692983411156,1337.2874868794786,51.43261360739868
Delhi,20.91599800313809,1.185309266185783,3.989180497080806,46.182105258255504,51.56135151308126,1006.123786795088,203.929465940984,1550.4954780005296,34.28022332226418
Delhi,27.63620353327002,13.133607210173956,29.937443998705724,47.81686554030932,43.08940756223152,889.7845609787136,169.8333422470938,1514.1616255367471,50.09994044627016
Delhi,0.0,0.0,26.471844985829225,40.19847447458366,64.22815598795972,964.7294051179415,217.84741243373168,1497.2564431039314,32.85189353023687
Delhi,21.86585454192479,16.315453503272103,19.447248399862453,40.52582507132939,54.13468635931975,922.3178964563372,201.82297988183558,1452.3940913293238,54.80072652908018
Delhi,0.0,0.0,10.521686427147408,63.0546900655424,50.27446209498129,1106.023241260781,257.02665355078216,1528.3845127708994,33.16584913202973
Delhi,5.920728601786827,13.2470107790773,12.536667130234274,44.23625473233793,42.610286128510026,1023.0548982792379,238.01367224037614,1462.1286035803714,32.33538835165398
Delhi,30.139882093506337,0.0,5.126838841507851,69.32207970813282,31.807411466336447,985.6234844547303,226.17129618659658,1612.7485731164293,32.89992660758059
Delhi,0.0,5.786125818120823,30.463363371592067,53.840496659518465,49.324579597287176,1032.8305594858468,224.64852233803262,1504.040208733214,40.06577363234266
Delhi,11.956467078144527,0.0,19.899752687042593,69.42216663555533,59.97910127902243,983.6783833079754,196.55323172732685,1571.332481626828,42.47873626422926
Delhi,7.845513557200697,0.0,11.74262552904323,56.30099169903758,60.33662764959941,983.2155653979246,214.43782330579606,1592.2954654969815,32.2271204185178
Delhi,15.210405819212937,25.94748415693737,9.305103611529299,74.02645517486442,50.752715033825446,964.8615153253595,228.7879648247362,1350.3034332696527,52.99090912904043
Delhi,10.670728166147448,10.048288433688224,23.98572678615232,71.22596179014944,38.192480188423076,1028.8939573938924,224.04095752583476,1508.9232195257164,29.746932890711875
Delhi,18.093856400529557,9.016381348667515,32.44847930170001,57.69328577464532,64.37461224121236,839.8494744910132,177.21577697861602,1520.636638466935,52.2088925996175
Delhi,0.0,0.0,21.04812042295675,54.93679786846447,50.89999480098167,1091.3511706267268,219.4416492222794,1550.8545949448617,25.754118112835556
Delhi,27.898820352893594,1.237351204235427,8.700941376989608,74.87277285118405,59.78074725892922,919.9989401274112,193.36322594944613,1554.0955829636025,52.59470674287181
Delhi,9.433070537786662,15.38213295213409,12.994868211154309,51.87773425250794,29.575301967787503,1084.153017799707,255.99248741085762,1418.728265335149,32.14039270194814
Delhi,30.992928634094135,0.0,26.496345831035022,55.9274399704439,46.46928910204416,914.2304982437358,174.95029545431112,1622.0374432031429,46.09824389950544
Delhi,20.028428277078593,0.6458231706221724,39.4158104774234,42.093232607389616,55.57558955807702,928.1104584860265,166.67432774394385,1554.6146788146443,43.90984353076145
Delhi,0.8259680955567799,0.0,41.454553885278756,63.845922011647154,55.970874590232555,1018.4899445867084,216.14057770560166,1532.731206473256,49.37565610210556
Delhi,3.990226396735233,16.48102768145113,33.073352980291304,54.23390849286695,42.470464711062064,1023.5159603656579,229.3677930012725,1442.6391511917425,45.061204445838285
Delhi,29.954643047488446,13.88817167264725,19.82283393245301,73.68669193659528,26.202651495931534,996.5530285076524,213.00720653565435,1469.1704398620373,46.452184562181586
Delhi,9.648132486972624,24.03440843764708,29.839421737288372,61.88036195989967,52.63923357500996,904.3518425358886,203.5173359405633,1381.9296446940427,49.04465911979139
Delhi,24.324628464617938,0.0,21.218402683421743,43.72375913297139,33.94054508017401,1038.6363674874456,221.91854530214974,1570.0324014883595,35.319714014387074
Delhi,6.1440766910558935,0.815107979934691,29.856131852475787,48.07539899033267,26.26581963658863,1099.7451951289395,260.9690599711099,1509.5584007128343,40.14514153934895
Delhi,9.068335750304815,15.149368359743242,6.061882854536634,49.29179893939572,58.19596983711812,966.1708601188132,222.94028200644493,1442.5776934519372,43.68546588795418
Delhi,0.0,6.0950570607665995,6.005820552461444,72.87609127791194,47.68954462772582,1076.9781869236085,252.08112524302322,1445.9091832187328,30.28219008885455
Delhi,2.8318897769712876,19.365216203885478,23.33748512791847,39.59515584072676,46.916403212357025,1010.9528691180055,229.37155826100616,1369.1129334419861,36.09750555080612
Delhi,0.8115738594663959,23.54491793985929,38.83555906137058,50.7811924781183,52.286115767177265,976.1126453907995,209.90591080428538,1442.0410697692553,49.11668959209317
Delhi,5.905117492173243,3.4264395249519772,29.06554921409886,60.51990260672345,55.070136084044286,972.5321291497771,190.30089742760282,1518.0512313198428,40.40992079387949
Delhi,7.452866451410898,15.830328309381343,40.90936301660177,37.29250603206782,52.639293171816874,973.8729350836421,193.17880253374486,1479.7237840144828,47.57822141357241
Delhi,0.0,17.828112956457332,7.8220391073324365,64.40008803061673,42.271405499480444,1034.1406900468141,268.32217179172255,1392.3384414574562,38.6512849261853
Delhi,22.363277650075183,0.0,30.77553106215233,51.55622910286146,25.00850503665975,1036.568584981694,213.68347158480694,1567.080475761894,34.1913863193382
Delhi,23.34414440390379,16.614200567730794,41.81866289319071,71.4627729908006,47.118796435239375,850.1095043719771,185.0646721418428,1419.3141909433527,63.717124128308726
Delhi,9.395972264825996,16.380347956550757,29.753386956226134,52.66125500179854,39.76613175803721,966.7481689130917,239.75781681397336,1389.9322377509382,36.34138426953848
Delhi,11.201572092947089,20.414896175124845,12.60166832160784,68.02057233807548,29.920635010594957,1066.1183883953477,253.21136628592492,1432.4844034127555,43.4450106886443
Delhi,19.134710145393953,17.403719100386372,24.15922145705405,35.97832924416427,42.36412023198932,966.4123984606352,215.89319810825273,1468.8216114112179,37.64158250952766
Delhi,24.466272653661413,21.571889951575884,20.76205566631922,62.68168384915693,45.50261783871335,876.1520795759559,195.74757693444806,1410.4223621199121,56.22156906196354
Delhi,23.78833077565936,26.0263260709187,34.0083219319894,62.064760621873724,63.450356379223074,806.869938658288,170.2920265240281,1359.8182255034576,68.78571892026044
Delhi,11.195974688599033,0.0,19.5127805923378,38.4060053616772,57.63689712077804,998.3203515368562,197.1826924020765,1526.1368423915126,41.021356477601884
Delhi,17.293530401206176,26.879402244907894,22.448551353133105,56.40070809840904,61.46675136712108,817.9944883047685,189.36711301512977,1273.3649487093817,66.90814097539722
Delhi,16.375574015928756,0.0,30.38194502161835,50.46108225575754,26.54278940752169,1060.8859327278071,234.64578197748224,1582.7855503867247,27.783782262056572
Delhi,27.299506560507645,0.0,13.864452582856131,63.287112290833605,38.726950824797186,1000.2881907985466,206.26522016055566,1650.1742486703363,43.73955310031017
Delhi,14.269679311897413,0.0,42.748190604404826,50.4612112615698,63.02822648395991,883.9964284873481,137.2176715862538,1595.6099977312394,42.784906368575264
Delhi,9.250775695625133,0.0,17.7496986559954,52.71718191300889,62.16962448037163,957.8774376810359,202.32977466898257,1558.0685812628585,33.65239460606867
Delhi,11.894899953148546,21.80895484137237,32.751050792295274,50.782426988615015,39.98285645127253,980.1460758621724,210.67579282243352,1367.9326140783317,44.966661121172585
Delhi,11.881450223228573,12.302322761316148,16.535315458628595,35.34295393303741,62.27425478569024,929.1186261465641,180.755292907584,1449.044074443279,39.84588928149123
Delhi,0.0,12.74267562536297,34.64203742242974,68.65890430892296,60.13420156335731,951.4594779708085,211.47352958253887,1459.8996321738693,48.23378908389565
Delhi,31.787492480896972,23.128088923382734,18.310111428931428,64.77086266652567,46.05754278706615,882.1970755535625,189.07567098493263,1439.2233840052686,62.191382030753104
Delhi,29.311421837425605,14.071905324879832,3.437422870889584,64.51955974373506,58.857554583049364,861.4629246029131,181.08655599130913,1487.7910178064212,45.13413163944066
Delhi,0.0,11.209031256073047,34.37026200912673,57.63731008888172,56.86618517739683,962.7122863989863,203.8858803051616,1498.326403344397,47.49937073052742
Delhi,0.0,27.799117034792893,7.2116383621403095,47.731613276098905,38.521205825319385,1062.6130617591598,270.09440294731166,1392.904788907374,34.64858379352706
Delhi,2.6088055487324553,4.590266416798109,29.73198022175931,64.38113505977323,34.012970323357735,1109.36003239304,239.58386505732616,1492.2835436168004,31.324849359937783
Delhi,4.84054900886813,8.190981212162434,36.274706735244436,53.479260666877494,40.67734190374955,1022.8758174255001,228.57470730530116,1495.401386772594,43.149665798572634
Delhi,0.0,27.695670817899952,20.821069731864455,68.52878949526635,43.66138321742734,991.5237362676381,245.9162556680769,1346.9212377549347,43.66097000264252
Delhi,12.055645951350378,0.0,36.01648522012757,40.302962844874266,53.50098789572856,961.3965080928996,190.83164316323933,1531.455890736717,41.40479356842623
Delhi,11.521806383327505,24.051595420852564,41.43193209149829,63.191156433931226,44.796968081988595,887.6556088760431,218.18939540122255,1351.3175285396583,52.022292204050515
Delhi,31.282518168812047,6.234070403321535,17.64969871200044,65.25886929766445,35.48467309541246,975.4588628317508,204.01871002407938,1512.8217870511005,36.53672106779336
Delhi,24.1079122068397,0.0,42.127146003788084,59.16798331426223,50.738344011373385,882.8327002827912,164.1999767685951,1505.2061181075296,43.845220094466086
Delhi,0.0,0.0,17.59784896422843,60.854330837895134,43.91561738990228,1119.1107112381349,246.0017272630332,1551.839721740152,25.937626302907894
Delhi,0.0,20.051541677146062,10.000967176953186,63.03657536242936,43.640922714659496,1071.4787118551399,281.52547867450517,1381.751034545469,38.981642809845056
Delhi,12.80404543934258,10.528331632130193,13.623760134920799,54.91199218948969,43.13300940854669,1030.65463525493,240.03771382791473,1394.3408592288379,36.38698567750408
Delhi,28.76678051186616,0.0,25.636691011293667,40.504410369590516,52.839851588054216,909.0855993493572,175.85741106097183,1596.1496730372758,49.601742799365994
Delhi,11.885333715475454,9.329296790711215,12.16457986768001,53.54295575325432,60.215789737752914,928.6090158972473,201.22362874740088,1413.8246316745694,39.97845708230289
Delhi,26.67316585582917,4.495065029435068,37.318213130047404,59.420996032343794,37.064587669508406,926.1696596450867,211.97796717708536,1510.0546575053247,44.08591159719957
Delhi,3.0501227664175836,0.0,28.174691241411328,42.1404963821704,35.91617603594864,1105.952499396241,251.271164962302,1569.1412286135453,31.98626300746773
Delhi,0.0,8.343338421470275,36.341808799164085,48.20293293225521,46.94285426215501,1008.2941396267372,228.54280854152248,1446.1247296667084,32.47837792992293
Delhi,22.094299128559253,14.091422027415572,9.400577017259357,41.577773350575775,36.2664763009227,1013.355679406107,208.02088860403708,1508.2414484502572,38.74428858155537
Delhi,0.0,17.98839141418604,18.625594523172232,66.80805074458087,55.58770170306456,987.6124750202574,226.80302666276054,1380.0550549981654,30.292416763767463
Delhi,13.349348854508023,0.0,21.402532687965675,59.82364370854716,39.75674530174793,1028.723405013468,226.70002572198746,1551.5437009310454,28.177544728495448
Delhi,22.422917638382906,22.36349584561657,6.363128773101597,46.504603789627026,56.59515023150878,888.1638492517122,197.7492257154658,1419.8097852086412,45.56467904871971
Delhi,2.4344889390183617,0.4815457449809806,40.459405997934404,47.93888847480652,38.81284840504975,1076.2035743477427,249.48047589606497,1598.1802836276465,42.60118148953075
Delhi,0.0,0.0,39.16232487638443,39.68687987415099,64.30385713339516,1003.0067105732721,208.5606448485677,1508.9259165292385,37.14918274335557
Delhi,13.905723994677572,24.828323375157808,29.05369791269757,37.50706170258363,41.99270023582922,936.803281772139,201.1129590954929,1395.9272386395342,42.4832094674558
Delhi,0.0,2.194271479112256,33.76934326997966,54.332276940053106,53.34761971251581,1018.5098647321146,226.48596941975592,1540.074326010336,41.68581632888518
Delhi,0.0,16.98864564910123,15.74812701717944,40.58717774738785,42.355971998059104,1061.155063498481,249.74769356982708,1359.3690889258373,30.696754988005083
Delhi,15.944699169979874,12.822687064461228,29.534590083282993,61.488339587467124,64.45517773142004,892.1887966968201,189.4305681692159,1431.3619887083764,47.5350655346758
Delhi,10.591710387275157,24.193765088475715,42.91790046577219,60.259332118248615,30.892046504743877,948.2930784964233,218.92351081810958,1359.995984141297,42.34459660973023
Delhi,2.035269940881143,13.866218315554086,38.007522370976794,39.36489876719672,40.76346320442019,1034.2554891799548,220.91183752428742,1410.7297149998308,37.03562857503316
Delhi,21.75620614242426,12.563868492380728,18.920730111798008,45.28330762272577,52.15155693538576,906.4971436526957,187.6426744890381,1478.3886611186508,42.312232978681486
Delhi,0.0,11.818510965784192,30.315634757482854,51.513627104554295,46.61536681702222,1017.7430911795984,239.163113272952,1455.5030353650955,36.28845001047509
Delhi,14.795664969001322,11.123937951615723,12.952737034621105,70.7934511212473,56.19890864706662,981.712194905608,194.21952459806235,1467.0362712074862,49.21373269207265
Delhi,25.65512955921686,18.467022119814278,29.493249199261733,49.29121467708606,62.72313355634411,806.3326438673428,163.60871491091058,1471.6516178179793,53.881835321745186
Delhi,7.0946532945966805,11.65103662956922,41.55893763983845,56.222148847756486,59.54668306438667,942.6056388769117,172.6129749916653,1474.4169794177635,56.51737706860281
Delhi,5.387018442950044,7.429773360131474,14.403718603031457,50.344776560504144,52.887525850776704,1040.6752373805482,226.06738602799183,1568.4004466817748,36.12598939408566
Delhi,9.913940390563127,8.608607526737938,20.570053956392186,40.059220993833065,41.67631240345751,1031.9470306146463,210.1577042786285,1533.8964254404566,30.03676284870289
Delhi,1.5282802363922912,9.819633095525667,40.503285906123374,67.24407154552746,30.19975266065746,1047.3953172715533,261.1704778030472,1459.5583573763747,38.81795631659357
Delhi,21.49649441194554,0.0,18.171559711439023,46.45463852402895,45.43350447622192,980.2682030842392,208.9155414827597,1528.335974011489,45.66865716225414
Delhi,3.831013704158714,0.0,40.333803752976905,47.64815285160367,45.39881711948752,1041.3567556622377,216.53279090353007,1543.9421718451515,29.64980346961327
Delhi,29.88880132432611,25.039452821787606,29.03562014331361,53.49464917149078,31.99643053762221,901.2492283979948,200.70705986888905,1392.4360562571517,48.70163774369794
Delhi,22.667856504412576,25.61584336212003,12.172861222275825,65.74798425170735,32.32743778638412,950.5360081113928,233.0037287299752,1391.9094147757078,37.109319880632086
Delhi,17.181217944335547,5.024281551456006,41.41418397335596,60.40704684757057,38.418502378047414,973.13621788531,196.17290265100067,1519.7986182571642,45.119823278766034
Delhi,0.0,5.450229408682226,10.812108272022375,62.40697188457564,40.29309334652489,1087.9679961532936,275.6943495705895,1521.3482302072146,33.414612332542205
Delhi,12.303464188272109,0.0,6.353332082576287,73.00849821078128,28.80611174468694,1139.52984294582,258.916432414923,1626.5248176036353,24.500720365279438
Delhi,19.48639854025107,4.141718147160233,31.33023621207724,49.911093257922175,42.68819153773171,968.6980579195656,190.74772960957495,1565.5461913541308,40.69738835018386
Delhi,20.569324222018857,8.566487493258599,8.109531191314932,63.065767243565745,28.402389490789123,1064.1266750463044,252.13726170948297,1526.3238904078908,32.13683297781144
Delhi,3.2360938131879564,7.864339108378211,3.911133245690351,59.05031874076196,29.455695770316158,1153.0114676480464,286.9073928316345,1470.2402900747609,15.913372687389892
Delhi,0.0,0.0,33.744680433403246,43.7501769675159,39.950820836317504,1091.0615944568615,231.10296346180354,1458.9473648243413,32.23836089394921
Delhi,17.678208755484807,0.0,16.023581962715724,60.06047240912864,51.95432433867628,986.7952543749471,183.2618146276376,1566.3925656861454,43.87380958285875
Delhi,7.2355152887624925,18.12305383394448,26.372448307640333,63.40874797260656,32.31503777925259,1055.672958733151,246.23637865839152,1412.7635259702765,38.696920189541665
Delhi,2.2552204083733614,0.0,22.083466375178958,44.54461629431627,35.879360681343414,1078.1535604076848,237.93202622226138,1493.6795456121163,29.358167623135223
Delhi,2.812191807736774,0.0,19.758555147424254,56.021007146061365,45.03933433647264,1078.5577709025513,223.51547246040158,1540.1981470149867,27.665081325453265
Delhi,31.986797938298004,0.0,9.296166577700198,50.273408501966856,49.05961244776723,943.8967320398607,167.6544686839942,1563.1582374842485,48.80372074525137
Delhi,6.544042756135681,20.25675307344836,33.603751304256015,69.29498457450397,39.1964006562714,977.9803453236957,237.76901842126512,1373.8816171714366,44.19254698341029
Delhi,0.20964946193852185,0.0,30.989764979519713,49.89713716544712,64.70061338572293,1000.4825265935596,200.35428750266678,1609.779610207081,42.123890077302555
Delhi,21.532717563882862,1.246382887431384,7.765858934865701,60.13374156905165,64.68555853421003,941.7006027942366,187.33795189450132,1590.5050623118598,42.59249878178588
Delhi,26.979304913745707,0.0,28.42625091208949,65.96277622051913,57.26778742615248,866.6570553005469,178.31465565809037,1624.0049438820702,52.233715550739646
Delhi,25.34534878332302,20.490090182160536,39.3664712378445,57.205161167629484,26.79719853835527,921.5428349241106,206.02320806547672,1413.1797936944354,49.437522111799375
Delhi,25.487284700235108,16.164319358444097,40.948647745321935,58.38892357656273,55.14573724269867,846.70414578065,162.12741904414986,1448.628875848569,46.662179760130705
Delhi,16.885546355896654,19.108533127187478,40.48361626305116,38.484011942909504,60.19843617107598,874.7609644327847,154.7415018023033,1465.645456186392,56.123074323886385
Delhi,6.979366091417052,9.869968678355406,27.468888034454203,37.59648645892372,44.693044614052745,1020.9202014277892,220.64026025036569,1534.7927777291595,37.78041482005581
Delhi,25.044767435400985,27.033843413864922,10.084571029672562,53.89585143517737,63.07445221188665,800.9497479128037,172.9583822648861,1392.2262229310206,56.927523286450615
Delhi,0.0,21.92030146272208,41.534269854522115,57.9819877841739,26.756434682033074,1040.829061424936,239.62722505102343,1356.020203815718,40.48103094438677
Delhi,19.7017485199978,14.338777344733476,42.29974908946489,44.506859559715025,44.85919051340885,931.4910194073764,180.48805792370712,1434.6974759815048,51.20963762718862
Delhi,5.432837195540763,13.799252373832353,12.582498544480638,61.88752193529775,58.01882203807891,1002.4241084519266,233.3341077261542,1431.0315807423358,35.31343516516414
Delhi,6.63235845251679,0.1499452370133767,34.713613820375684,48.11431725011452,42.6393265286565,1078.7298657177698,205.709807802788,1570.4884746407754,39.75723440920276
Delhi,0.0,0.0,6.784395804797597,39.86092913935841,37.78115351751253,1146.9380911086566,273.3123920841755,1542.5860998750295,21.360042734255945
Delhi,6.777026058846591,16.030250273593012,13.864600501541887,37.31595113406678,28.05784015860909,1089.0374642110962,272.8235102926529,1441.830490003157,26.994475378329366
Delhi,0.0,26.05030036291714,12.207270788065301,73.2394823394196,27.845999073767892,1104.8906444772542,266.5739450635737,1376.7637224423395,33.073275974074136
Delhi,26.78647654742172,0.0,27.702712834830297,50.106883624831084,48.60431059463204,935.4340951384693,188.26018705240062,1586.5766279696084,39.06358155479289
Delhi,18.101737151488415,27.08043653677322,19.04789852596503,60.748672630768226,61.966993667485696,867.10802924761,200.1696781635574,1366.8316154380975,65.12037311622151
Delhi,13.998503395468365,0.0,24.353765806500146,58.13810311929769,57.347241042636384,927.1646314498197,195.97412168800352,1592.1617072435658,52.22657324890956
Delhi,30.78553420947967,8.555832094390269,36.836940635249405,64.0916487302986,45.01958321958155,878.0994793019061,173.38144795844923,1567.8604244922092,57.447366952020985
Delhi,20.350877565114544,3.0479775359673518,36.79258305559001,40.48212418987733,52.00621438008655,888.2848679339118,179.91795004598674,1529.1443610077604,41.65727320578779
Delhi,14.194028906808306,4.990638669454441,41.8136125442766,39.51868800522448,41.50626105689904,941.5332830215848,203.56568982515793,1537.9027643101513,43.51097660382929
Delhi,16.3060528176957,4.009671244412225,26.032160701333623,72.81477226321698,43.804514825229894,1004.6880646229416,196.89184708738213,1534.43297740056,50.37079376435087
Delhi,6.961298271639084,0.0,23.875966268007176,56.688619150245,44.932518131814135,1039.332310485711,241.858834131184,1573.2254184322114,40.6798333111816
Delhi,0.0,1.5592130738933214,6.8970898449639435,49.82093063260356,53.78513799856108,1081.581922077831,249.20525022973763,1530.758315618233,35.00947411679621
Delhi,18.26510307945669,14.476909411875155,5.4580468515244505,47.74768348841844,34.09371869351823,1039.2210370726118,240.79014237595405,1454.0976307050692,30.484584058961374
Delhi,16.9390388662901,25.13703319701873,8.948249920492126,60.38718157432131,34.20393532090216,1009.8901284631575,237.81970463804578,1414.4410681740546,44.3886008620052
Delhi,23.228752754305688,17.354258672133483,40.21643321374084,51.88620813389363,31.50515337704615,923.4150828136102,199.06782647221615,1403.3122958826812,50.60103521307673
Delhi,23.209703435176532,3.989354023598601,10.063200773396737,45.882647152652645,44.826262945951356,958.424611390086,212.15275848742874,1603.7676400146029,41.08113768769951
Delhi,2.946221538731873,12.409338823252277,23.39733474667663,63.67799876966408,37.749416807037896,1055.4099529825328,242.19390932134473,1507.7189375418177,40.99189602211173
Delhi,20.165559324335305,16.10563838799871,5.397348839364788,55.600971031957094,63.16111755259756,884.7796334740085,187.0628043265948,1430.2525984854994,53.233637936503264
Delhi,0.0,14.198270139385581,13.325663166842078,65.5130448674235,37.75000133234089,1101.7166413863692,271.7707527691003,1385.0762857060693,26.93919553163211
Delhi,9.445822374688476,15.388366745142967,15.258210437288625,67.25275098696004,34.259988475386045,1026.7747347960353,232.26040322310598,1423.2608206951477,34.79221752179182
Delhi,19.631365980149305,5.802091386912625,37.93830159642712,62.82913558742648,63.933528022159244,853.5773669960296,174.45051780062872,1572.575825344567,45.33134725179958
Delhi,26.407844560784326,25.27596174736731,8.969095404256318,48.34929532243403,40.82741748369137,919.9155101801967,183.59558841066269,1373.4108455056632,42.186719660041945
Delhi,0.07272698581390813,0.0,6.3773443560844605,65.24777487564569,44.47085851868198,1104.4153782812352,255.8542695028288,1516.4519682879586,27.117205036014433
Delhi,17.985672080530104,0.0,12.55802316748283,73.13979384220389,64.9228877850116,944.3147094981027,182.06326927604644,1596.499468893589,46.886192392589024
Delhi,3.2877083984184523,1.4741494599209943,34.709768007681426,56.590335022505016,37.94911175999225,1031.798686623298,233.65209806839067,1584.8818466313348,34.079950062610166
Delhi,0.0,14.915933275894691,21.607705666053995,66.70149214429591,30.349502177318328,1116.4220355063876,260.4103201112592,1452.042987804645,38.73684562132114
Delhi,0.7827226560926075,6.101994025861714,17.82052324490397,44.78138648812885,29.265689395617574,1157.7881597208423,279.82883357003993,1496.4857649345115,24.14347079080435
Delhi,12.453054505657818,0.0,3.03054855463807,50.89443865893002,46.85203935929849,1069.0510113335497,220.2501527110832,1530.0767319187219,30.772803553154073
Delhi,5.299132367244759,7.212158097976655,9.071315445476614,49.5490925840915,43.833898889830685,1061.1879993031305,256.4049466493602,1506.9564840632047,31.17164421810157
Delhi,9.997057062246085,5.972826058023866,21.799560253822854,37.375509884170484,63.70544064360232,967.7589595178337,196.6838228120008,1528.0534195070586,43.875356907353385
Delhi,0.0,0.0,36.16116904621005,73.71379474704464,52.282159444633436,1028.7349767003302,221.44520484322106,1518.7699328287026,41.22113068532234
Delhi,0.0,26.242860644795968,12.385503205315802,49.66494849524438,63.21785809940113,976.3952185058605,235.85901570607143,1331.380833543712,49.56932083695475
Delhi,12.203474073385422,18.292812260451885,29.92455314595275,52.311627647975435,30.103497701589433,1023.8449171248229,233.497725722094,1461.9727700532903,42.11329303184047
Delhi,0.0,22.416616410347785,17.913167661529187,65.46074613894454,48.14704129130526,1040.7879969725454,252.74151526679105,1327.7153594252645,41.85641890615958
Delhi,0.0,0.0,14.630411121478641,40.21363994048096,29.77711413480486,1176.79392475721,286.88650921104886,1529.8829209218513,17.733103207016438
Delhi,12.319074849498293,0.0,37.67455268295489,74.73400677698,59.80687923869316,886.8788244365005,185.27648313802914,1601.873311430482,61.31511819799816
Delhi,1.407062251287602,0.0,27.684126897534455,51.95953276452036,58.6863341508341,1008.3224258335495,218.03539313579313,1575.2533280286823,42.71820331329812
Delhi,0.0,5.1454463304909055,15.468112628611552,59.13234390374972,45.49867971308325,1126.5057775610392,242.15704655943392,1527.1825442696302,27.602845047125108
Delhi,3.777575299460974,0.0,3.403282476316356,66.1790593872814,43.149154272368165,1111.9731268504534,266.45451345473407,1566.921661989646,27.15042899206463
Delhi,9.521193307989464,19.968223243822088,6.48717283019333,68.08884041356427,46.02751657542747,979.4897525950096,257.31695733520223,1383.0129416158516,42.40119256925597
Delhi,10.226554134927042,24.069462553151148,24.17745565589785,50.02780326162751,49.84475583479781,922.8839514901181,216.38713387316955,1371.7173147882904,37.85168477412061
Delhi,24.316368488247335,13.00396323897338,7.896680726534264,66.45312104464416,30.032263500907284,1026.2564541925005,243.1316774077507,1470.2503907883547,40.06807210956845
Delhi,11.321644015632181,0.0,14.650759013617549,45.60082025962522,51.049371996024284,1027.7079549196183,209.20286878032894,1560.3467214102268,28.83623784058101
Delhi,0.0,26.248200851936637,11.234009420353964,40.12901524565065,33.30973250707281,1090.009264748768,266.7312662614917,1329.9994601107853,35.87857397571413
Delhi,18.20381496202874,0.15020084430717517,7.837161402443986,53.06230803818502,32.24876311319635,1081.4957354199844,228.24681450315376,1513.391623798419,38.95977275451956
Delhi,13.812326871067228,25.77877796005196,7.882430138955755,61.60790414035832,30.103018462694745,1028.5817922127571,241.47796386537894,1371.3137304380473,38.97006453885413
Delhi,5.301149514871193,22.165513376892186,39.63321411350307,57.567112773596016,28.399522925117925,1029.6652758029325,243.68004533119338,1345.9375489851996,37.65372225011495
Delhi,5.8113816373338505,3.76395602529216,4.0045324951029855,41.46070725092375,41.653819808252145,1107.2971314559438,262.9657750419595,1549.5372023959999,14.356422883290644
Delhi,9.949887175478139,21.140640674388337,42.62491154938691,69.00439684823264,48.35872876784756,931.6933766091582,216.36068647393236,1379.8992143329392,48.17136701689942
Delhi,8.474146040425474,11.382859154216142,10.504285097399869,58.01587274343187,48.619268397295784,1031.6612220846966,248.7019425408099,1488.137919967059,35.516986877890076
Delhi,27.897318665603322,0.0,6.34599296817116,37.03877587697029,29.13263526406453,1039.0379586927154,231.41929494738378,1593.3166136364846,37.05778062202013
Delhi,6.527431840517767,10.688992178599111,25.555769799625057,73.66751183672238,36.31316797349641,1027.8625540892667,244.4710114680337,1442.4700038744202,39.08155221910225
Delhi,11.161756963147155,19.063762122978126,21.093905968890983,67.80890600641149,38.72769073912745,1023.5719455255168,209.90878286566948,1414.227694949818,50.678275038862026
Delhi,0.0,4.201648882823221,10.030327240311184,65.72333672449122,33.91465798013487,1180.5699568755606,262.45486617380516,1560.7109731087326,24.749851480484104
Delhi,19.041913763878128,16.45213263135046,4.777415227108246,67.95788937531819,42.56788912211452,990.3564083137012,235.66795004854558,1443.6732473578281,44.28929561219102
Delhi,5.896170435184935,2.0002184833428345,27.544722825614475,42.28968127625488,40.2731294019161,1061.4583589574443,237.2254691309921,1553.3430838368342,28.70412086797812
Delhi,0.0,0.05648964913819654,3.3370924717870025,45.74717826630517,38.85924619166054,1118.7860101139847,264.16783439988325,1593.4052353693232,24.037865248069277
Delhi,27.601336486509837,0.0,16.963978745991945,64.8551428193399,49.24178882066732,966.92520235429,187.36010384490592,1565.4157408748697,39.837127685171154
Delhi,25.62307436000509,2.0067473000576737,11.249396015607067,40.80288961631672,52.57088863522528,906.1005966009646,200.58610065385534,1589.088271700239,50.90732727844143
Delhi,0.0,17.109734949026148,38.99917966706635,57.59639636813546,61.79224040436593,930.4288163936445,208.94416754901135,1414.8686898990795,49.331639741200924
Delhi,18.246922047927672,5.295178398199937,6.602681520795944,43.760455083150816,37.67580614761317,1018.8644443312327,238.9921139219279,1515.7646920449738,23.6375397291249
Delhi,6.805076756265203,0.0,34.62610787949624,70.61781217054164,61.818776022905034,958.0650268987595,195.8780752601108,1579.3234939235072,48.25461907631063
Delhi,0.0,14.481414681739963,4.157989480875038,50.03108842374847,41.80720008179984,1127.4042129865918,278.55067092142224,1420.311544073234,25.523458032826976
Delhi,31.38163407626874,19.49759482193385,23.629343233448694,60.01457964384815,39.68176108854814,919.3291649841128,169.59028642552403,1446.8531457016757,50.082652260938396
Delhi,26.096303071236925,0.0,30.999810867807003,69.01658998434277,55.014533091147975,913.75153649287,168.59712030775287,1627.950249314599,52.240688779597285
Delhi,8.332367386164698,0.0,8.86802333782468,43.98303940502565,27.295618361340438,1163.0883323908408,271.7081141969229,1516.044068604533,22.21620366258052
Delhi,22.608620960150574,19.746750012951345,34.510942803385916,36.14043971352078,37.682627620572475,947.9841035116589,185.00342091421783,1364.7128304126554,37.63351228588619
Delhi,13.190627145540834,20.327023267518157,34.07768088078286,50.41061003536463,38.256671111658505,931.9408950415631,213.2447836555646,1370.7875288658995,41.148329233974266
Delhi,29.151483776634947,18.84486365664131,41.398701143725084,45.11083779466502,45.00275277711826,879.1152313624739,166.38797429596687,1444.9427422644628,57.28551828423153
Delhi,23.980610454246783,26.111403697080675,24.48085109492262,74.11704786935306,33.32759768931859,896.591068527734,205.17662416008116,1378.4253009056633,51.06628409872509
Delhi,0.0,0.8133938406419379,12.907110472697521,37.285023143798746,64.39392013124237,999.5549262778708,229.43816508047183,1572.3865184869233,30.552015781895918
Delhi,17.891970113650693,22.723629545117106,39.076872005207974,65.51455732872641,42.138984021535336,884.9166953439657,197.65201785083008,1404.6309290462043,58.06824799946569
Delhi,1.8397936386450837,15.695345800476346,29.171233730407483,59.382013363968305,48.715754785175314,979.6636294696566,218.2457059201744,1423.1207366410201,41.026549463507024
Delhi,19.21747515564852,1.8464601191023018,13.645465877226439,60.33781427044059,62.4688350497684,938.5474300706608,194.78825089807242,1554.4434975283061,49.86851057881175
Delhi,3.670238805721919,1.2214455409145835,6.27598136020784,55.441407284847585,26.204214879747717,1139.3874179634183,286.40781360224054,1513.2690575062388,24.492320827122754
