city,ev_adoption_pct,solar_adoption_pct,trees_planted_pct,plastic_recycling_pct,public_transport_usage_pct,co2_emissions,aqi,electricity_demand,green_score
Surat,0.19031677114028867,31.135370022245347,2.1933561405008817,84.95188294452777,41.289370354501514,473.11058508590526,99.77253529155163,725.0997734465229,89.769218110292
Surat,2.6256623777104195,26.3247663847316,12.95604162487453,75.11601089292034,17.63272563434056,513.2514401278693,126.69192880572803,771.2611183573537,64.63848701583434
Surat,11.578657390245269,35.091225519513074,0.1377993389621892,46.9384863921929,34.57065227465112,401.644043556223,95.72552441665887,650.9233352492085,82.98584636565563
Surat,0.0,12.92849201032729,22.275620596935468,56.05627713429341,46.154797269123726,409.1678014810997,74.3393008895407,895.6164760400059,72.93519880414644
Surat,0.0,17.030791306797916,0.0,78.95028002647624,43.49515471775483,484.8328579984651,99.50164162059592,826.9145670196027,73.93732628722569
Surat,23.907480773524476,21.842893580812763,0.0,46.96459135009049,22.13758013970606,438.67020876160944,91.48974220721207,787.1139109926102,70.16843155399592
Surat,1.90154983980797,20.079548033890198,8.534789320321888,73.536090854649,37.36069132130425,496.2302001397091,103.90941567291976,779.2604471364895,70.18986409749795
Surat,25.599823856375316,5.56686403671446,0.0,70.8520013864109,26.493610939996334,470.3499519278431,82.004765751146,1005.9274240831568,71.05426752462544
Surat,10.073367845432955,15.92147539905892,0.0,52.32141841510003,14.386497997825643,537.5289665786107,129.91338880360186,818.4329764739035,57.304106440531726
Surat,11.999601641210191,17.162983990262152,0.0,75.51484971607746,21.17533164835547,524.7777636465191,128.88907610711001,833.4726908332595,67.8334361980837
Surat,0.0,25.1555320998479,1.1721830135760634,57.028984820411246,24.132083154316078,579.3351028069601,111.13066819804672,747.7290428222944,59.221611224091355
Surat,8.781774396860794,40.36616084605712,0.0,76.57515484645243,30.4613531524108,409.4793934614053,118.76436391891542,635.9285237783319,72.05683595672787
Surat,2.96935708353589,27.911653330153595,9.392981623946635,80.50291403190052,40.48914118065866,446.6112144774923,85.43722247039159,710.926437034708,71.78741116448313
Surat,6.680115739021311,17.356595303481775,18.402808002604274,65.966605172882,24.317038346268408,512.1147186843743,109.71166819712609,846.6187000654637,74.6701758087519
Surat,21.031114130698242,10.280479739084367,0.0,48.30706459508171,19.799106296986693,498.0949357040136,99.78053827155706,922.6545291180121,61.28639839103623
Surat,19.264572326769894,21.07627591637009,3.589956539352073,53.41790212732782,47.160244001503834,386.7509791125782,50.0,843.6249924427885,72.24815797462914
Surat,9.349308735868032,40.737735883506666,0.0,58.84268649576335,27.030298012988162,429.9656584982487,109.03310086172493,635.6875745347405,78.4679130573286
Surat,4.176512109367447,6.991883253282396,0.0,80.51536676942334,25.877015709625432,558.7231211204045,116.4439183599168,905.6981187749377,60.27660371172543
Surat,0.0,2.3191767311682625,8.259202387102683,64.77393850893884,45.89442481306858,500.2658451145064,103.06989184047092,930.2033835763109,58.73378816704489
Surat,16.32107388609728,32.67396187583724,3.2880818654763857,60.71719098500732,17.063716456148157,450.03974256129703,106.29322526845753,724.9022227428786,80.28965198775016
Surat,0.0,31.149421666275977,0.0,84.74953774564557,17.72866396696189,557.8475264821299,154.46319642009223,701.1813344492352,64.78565965792905
Surat,0.0,34.48533914373736,0.0,47.51715252784574,35.44564485854292,443.8113052790905,105.9431635871075,705.2378994653027,69.00860689480693
Surat,0.0,5.675516860066654,14.13853578847689,59.02411919797406,17.99814354725762,594.8047348557513,119.28153757068976,921.9418945633267,53.81041168128082
Surat,7.834283897060391,11.096682488853576,0.0,70.47128004491282,8.786041563196868,636.9463755113441,131.71409282090846,897.6747941932005,52.46862000973123
Surat,3.7526165119969157,16.492973554811325,10.37561561506483,66.90180105160988,13.70478069999167,569.5669073968128,138.2140366753021,789.1737474097491,67.89711446852681
Surat,21.243069689677633,10.717075533600106,0.36723801503503495,81.38877857958877,21.854080295680827,504.658858273998,108.42985363357947,890.0634944480767,72.47873428977255
Surat,23.033916646174312,33.55813067868612,0.0,61.855653855596266,8.989131004765234,465.7837625372198,99.95801892860202,697.7329595569488,68.46571192947549
Surat,8.459306340408212,7.927117263072347,0.0,79.81335357470522,36.63184426932348,494.93617203695106,81.6606813911061,902.1796868355332,66.80677639558238
Surat,19.91666177259183,29.402710233913762,20.11784579861108,70.5958607380083,35.772024129390346,371.5914333124457,52.47882628208792,758.6725352805558,89.13977353587036
Surat,0.0,30.530795671345224,0.0,67.54550847605121,18.62824880673524,566.1633637788932,147.28810818334833,737.454810024403,67.61308957851205
Surat,0.0,10.174031573342475,20.33149203079045,54.62237713369599,29.179306961625585,560.1440697995446,104.1670624061667,862.9714844171484,57.11137523407244
Surat,3.9526525047030994,37.19779972955986,0.0,46.290563219424676,11.41406480798803,518.1996411481972,143.44558193387687,670.2412748588669,70.71029418341809
Surat,0.0,39.06148780875054,0.0,66.65421078672608,28.47785568692334,474.98682677459294,106.74789461377345,649.866197357351,68.9812994285234
Surat,22.81783921353373,15.363348099752432,6.010335675501441,73.5545910584667,27.595136348008563,409.96153219753273,67.32965703475942,881.5276911339838,70.72527203558826
Surat,0.0,4.872216584629477,9.640574261469897,54.737121862097524,20.53666799835181,579.4242625715901,119.01461006307085,914.3343149265994,64.07846880015703
Surat,0.0,35.99719199378774,0.0,63.98120692630512,33.005383107569294,474.21276742896083,106.2250534982126,678.5014377500435,68.95271313934902
Surat,0.0,2.5096542720499926,0.0,73.47973884387628,41.7145067011248,540.5372374246997,86.35160752873551,899.7515750159776,71.7083666769503
Surat,15.23994756072803,27.216501707974018,18.57499442475354,80.0245469367645,17.45707836051827,440.729944517907,95.26562582103617,755.8215829715842,88.35727106755296
Surat,24.148662359704232,8.66265377410086,0.0,64.58695053062436,18.619541654522333,504.414332161363,92.73331450012512,951.0533830288474,71.28063023622428
Surat,10.098126384999063,2.966250578810943,22.872438392199136,74.41350384674035,33.58017901233747,501.4350858680147,79.23020363040325,961.7670028631296,69.1041373104528
Surat,12.19267497357379,27.357535738886867,16.438608097080397,78.80399657608362,30.29714382657979,416.8345301284749,89.28882754189786,785.4422775812205,80.73746118602001
Surat,8.408273537463778,30.095663170282613,1.5904136562230065,49.28731692836838,9.753489827167108,512.498629430911,128.95845373928253,727.1925428681792,68.39646021107687
Surat,5.023451770803401,12.09271640987782,13.606818259436505,69.87512212578251,14.18467652019735,567.3049823744823,139.05268890911273,919.4089115320942,69.38491936481661
Surat,0.0,30.12468171696822,0.0,68.32749531152689,37.90242443155555,459.63735223260335,121.882090551748,661.1593531161711,72.45027204811237
Surat,10.221587552257237,27.372793026990905,4.056190010185574,62.033833237745,15.597014990218902,518.4759320426601,129.96995145800167,764.067666547155,68.5003687343769
Surat,0.0,36.654665221858664,0.0,82.92076417426829,17.931673667661087,564.1697809075924,126.46488845524357,663.814112240883,76.10133589659631
Surat,0.2767984129489136,12.630525604436354,0.0,63.4001253029766,27.16835970204246,553.1079157777817,117.64431713509062,878.7070580782259,53.561823095852645
Surat,15.551633497928439,22.765982116768946,0.0,79.94178110141934,8.230605175748359,511.84066574510376,119.31078840891952,768.8024307422393,65.71607044403791
Surat,5.8002472397534,28.492120736511303,0.0,70.46580340492878,18.116207092721435,519.623094372342,123.99773218787875,745.2486482293305,62.584419129121954
Surat,0.0,15.583133135516023,17.416949195582937,61.194846553439554,20.901341760019342,558.1785755353492,115.48342001995508,860.9187139374336,66.41195635920592
Surat,0.0,12.682513806905414,1.2304825074755605,67.5455459365482,17.26087079047725,558.8685164787038,133.78131999649722,836.4586943056902,52.161766448477564
Surat,0.0,19.021678581254868,3.2857726059350654,62.66798447133006,19.171726717424324,618.9804668179879,151.31228382393482,832.9180813916045,65.78433896091401
Surat,11.190002042599566,28.89750366889539,8.482919819809101,75.31880773681726,35.643339206984415,442.2841939005381,87.19556980560085,757.8995101950259,83.76799909159546
Surat,24.088855190752945,10.704699409441385,0.0,53.18267361457193,23.648002139418196,451.22279320930113,103.39582846835563,892.2591024353075,69.21938058889965
Surat,8.426606448473976,8.86110460230704,0.0,81.29981095416204,25.964709654101863,557.9599062700843,97.58209843516539,937.2589130044498,67.61044313559069
Surat,0.0,35.32863463694633,7.270313475078964,59.977409939536834,32.075011922221854,455.44395045168994,118.5853189711024,703.8715224253725,72.67240786895562
Surat,14.890388588652243,11.129948076468533,0.0,55.66142367464901,22.0060647695572,503.22767365285193,106.89000418332445,880.9482755850854,61.84729205875967
Surat,0.0,11.286891535262466,7.511212653165352,64.95565411058882,34.82478349685522,518.2802422834025,107.0122720563061,818.8712936404108,62.24912268872153
Surat,9.608149895518494,28.850676126320433,0.8747941815226312,74.98141042267795,47.110526531498095,400.4535980349554,72.63305578246579,732.9099367624677,95.93154360503729
Surat,16.96780711180292,3.6658908587797967,0.0,84.84978007149326,45.168643321298454,430.6203460175132,54.8054315260582,963.6801664766518,79.49416735212615
Surat,5.5710447929947975,8.792028376297989,0.0,67.45198078248777,41.28298893050012,487.0644274877588,104.37630590313735,983.9995484691568,74.56747056721055
Surat,6.840751559534997,31.468566038905074,0.0,69.62455575608084,27.973616240821066,448.7798846409566,124.30557480957505,735.3455904112484,70.40391391113354
Surat,0.0,2.780016359971434,12.071734626191109,58.617320545466754,29.272637908971404,559.6453724860855,133.18354660443345,934.7950220551842,63.29915324868875
Surat,24.566338471389322,37.66585156291965,6.403845179151979,83.2518231177186,18.839480988025066,355.6452162054772,103.74237868347575,660.0689777050193,89.41473304291121
Surat,0.0,18.361660765229118,9.901469562260097,76.70488868335713,34.744438944013524,496.5491781122509,91.12931739492359,786.6120373873615,74.60499333916822
Surat,12.716938488355183,32.83565627536747,0.0,56.2850058866765,20.59728362854173,474.12717460859966,112.81887528790288,731.7531283529751,70.28484299191231
Surat,24.070435783989367,5.0303266576115035,12.869343878147895,51.73493523794908,31.359732562788178,436.44606870543055,56.66716793848031,970.277531086519,68.18662641150965
Surat,0.0,19.99480987027284,0.0,50.65366978139565,36.63723123535308,474.1919900487026,110.47112182771511,829.5977337530489,65.81945233163947
Surat,3.0220061125495725,8.455091554064074,16.853271351717275,81.9938415440021,45.192824002212475,447.6286743889803,73.76871023764076,890.5792337802995,74.03243012209377
Surat,2.1341080933386074,14.391175300042082,9.621906393780336,69.9937138791403,12.274933180381275,585.1095852166738,148.03300087947645,868.8424335962759,62.74804010800918
Surat,2.0779236513708454,17.72761817327013,20.56047140384895,55.78083313583039,30.996405495096788,492.02223800692104,103.40809557963186,821.5531341274766,69.20408382124145
Surat,16.116850643381344,39.362827584717635,15.585320856633636,53.46667059301602,12.67947413827902,400.84485733542425,93.9759328396156,689.8785847777959,65.15938211329468
Surat,0.0,5.1049694707538436,0.0,60.015865911157206,47.48363626646908,535.8478887566832,97.22654667093116,897.1545545213517,65.62047870142459
Surat,14.820139635078622,28.713546167172282,17.47713368543836,80.18352873157713,8.385571943284791,474.05804590435406,92.60802926418765,791.7827780753298,81.78527522608434
Surat,7.5914965048347725,6.499356404297906,0.0,73.67494141352165,41.227825484928736,481.03505325190105,84.00944211903459,861.007441728384,68.49495704414967
Surat,0.0,9.526132249029738,21.448913857586156,74.20459798835105,29.983989912196687,535.6417643852745,107.98743196359581,899.7319437609575,64.35384605877087
Surat,0.8331126180932582,39.36495854095741,0.0,71.64286478727607,29.17717604729002,488.89672684789764,135.4445490091729,690.543934367966,73.19133543987188
Surat,21.75375898966584,10.288935235761187,14.688047827184057,56.87862781627008,20.8924382760366,441.6585506626091,65.86266052177909,948.6607197591451,72.3646483451382
Surat,21.727552815461273,11.034264342003947,1.8108418057821538,66.78549338318867,43.949227621010124,416.2553402211384,63.78338631607189,940.2175432925322,80.73451858869322
Surat,8.640305212341318,14.740613739760676,0.0,61.24514018863065,24.28513210779753,535.1193392403488,125.36894397797585,826.3367115143158,64.39002483105676
Surat,5.372633037680885,23.447855140260202,16.066880153743185,80.12780600050984,10.507823834507636,567.680038375775,125.871031997406,786.3118311331998,76.1748988384634
Surat,0.0,31.579156906596307,0.0,46.13079887492987,18.17241827396603,569.0877325313268,130.47914446035637,756.7088653944522,54.60534898919349
Surat,11.073755743514965,36.91202915781384,0.0,45.37660098418221,9.937386619442965,485.93631478649695,139.07777344115786,759.5667056595755,60.48851191794597
Surat,16.45315871017667,22.13167447206102,0.0,74.18152081907448,46.56479031058852,405.01883070144646,50.0,770.8117349063315,89.15607170208256
Surat,15.731406087541924,34.0273222917793,0.0,52.501660835104076,18.240914572989197,446.795822654007,133.40295888263446,706.1712844218113,71.02117064710804
Surat,18.353621403874932,9.835659497765697,0.0,46.028234327314166,22.92479126825867,488.02345497128175,94.18831817195054,872.8206927041651,63.75835565649683
Surat,17.445431460276332,36.52687208404737,0.0,64.39916578312938,35.20869978433187,407.8943109557264,78.95888845650734,728.6075407262427,88.57590328936863
Surat,3.427139690266383,20.348805189474533,0.0,64.49790505903414,23.022834822077485,553.2677457189599,149.71600316951725,802.1803736258681,62.04499039004975
Surat,0.0,40.149276402337904,4.022429904060047,64.79093217182071,32.454759379755934,453.6830166393769,128.37548948361683,634.8452853101248,74.58438365835056
Surat,12.359781178275803,33.47436527795607,0.6506464375920729,69.6719032302955,10.690107722916487,516.0666686988836,137.23306333513153,703.773103406419,81.4355540480286
Surat,15.868247437351634,6.637552437276508,0.0,84.0934224802938,37.70757597936402,452.8769101657544,88.7753673759486,972.5950483086518,69.61662014030631
Surat,10.855145367521644,23.03637651374243,16.034444220575907,57.08344429831887,35.636217749290694,421.6223218749416,74.42476595762912,751.5396279234234,72.53166364934624
Surat,3.968494806865948,21.814678647776812,0.0,49.6321607740783,18.19989473152539,567.8698534410302,121.62726790562328,789.0119923316252,63.61346930663887
Surat,13.250119648998297,37.922193671213506,16.049957742293614,48.87954767649198,32.834468118650975,380.06831271091147,73.78525334217206,622.4951598947242,88.78440901430895
Surat,25.909029250725496,36.07143305400966,23.35921361380872,55.85547409942509,22.6330410197675,336.8493219775892,69.25177399521775,756.439695141403,87.03974139060237
Surat,0.0,39.01609864051277,0.0,69.34312364068197,31.076809562620024,432.8113036432195,112.32119632753707,635.8819988237644,77.48007039954983
Surat,9.948621265035701,15.251578339375598,17.44799025136882,49.917724582625624,39.005597830002785,440.84743221384576,66.9714703649383,819.6278877978527,65.35854744431857
Surat,0.0,30.764627952284854,0.0,58.75211737795293,18.89487866131892,572.0068837933989,147.32287012868304,755.7306022890248,58.64217842515828
Surat,0.0,19.019132226927237,0.0,84.11515564810146,39.58735605789977,480.94110391215287,111.04995074375904,817.3328078049742,81.10740891291752
Surat,15.299605469686163,11.72949229944935,3.5085675595927412,68.04800573828598,28.504964445586715,475.92764250932765,88.92443954567759,914.2784799590055,66.54745779541999
Surat,24.575950613419067,26.56112151842609,12.351119435913578,55.776070017846266,22.382036199392118,425.0093884349138,66.84002427141604,818.8369589091909,80.8340421393797
Surat,0.0,40.770905720145024,7.603921484169838,65.52217841926621,8.63983676300196,555.4337970542359,125.68722784535304,636.9273178248701,62.43795845986731
Surat,0.0,17.321823726709418,0.0,80.4479614228133,14.858796599013282,588.4101390078948,121.72725022481674,833.957394884394,61.9192848066094
Surat,6.618406113998539,38.262737199603784,2.871192704313856,73.00748783578628,40.936911887131515,412.7875821270217,74.18982479272671,637.0171127200308,85.58015196024107
Surat,7.966939768387327,15.962362626247282,8.405246118597269,55.66928453055439,18.763685568027107,529.8574361525648,112.75677505919008,853.6518897437294,70.50700505890246
Surat,9.339726726246177,15.552774640761914,7.536838090038415,84.85826800879511,35.86277260306896,461.9475545858241,73.37783522633548,926.4665595677905,74.86091369291734
Surat,0.4450173375047264,38.46302883011377,0.0,65.48747945202786,19.81304680238822,491.1652642408497,136.72156499856825,622.5288170636373,65.07396439595574
Surat,0.08167962756931679,12.344454099445283,0.0,58.827063161627194,38.758202900308746,533.5388408410868,97.976954856768,818.1798042781624,58.08058776509838
Surat,0.0,35.11734153641389,0.0,48.58286601273276,12.601210481192739,574.587978555641,156.53409281826887,669.8828872149088,67.8134393022468
Surat,24.71021529398658,27.170981951548292,22.984583649443557,61.20764962759844,45.15535391807673,318.9088543836027,50.0,843.3823079593722,90.37085336774659
Surat,13.070204374721563,5.673979815118255,5.363489277164586,68.21471134969502,43.19868691142679,434.23632836906603,85.38370554056358,976.4614350918608,63.366796981364004
Surat,0.0,28.938189218768525,0.0,67.63645239015584,33.58159140348488,527.2629992355652,126.84429515417509,779.1369086491766,72.5537903704411
Surat,0.0,33.27767476444763,0.0,70.72862878455625,16.642948655897285,531.8573314578653,145.22917002325417,683.5181333481519,59.247931010754485
Surat,0.0,38.9751814494623,0.0,71.28746585406569,23.334014943403375,501.3469450770299,138.83484077602162,661.248690492969,78.31953225153997
Surat,21.722860985130737,8.05968184973953,0.0,64.00111245454767,26.462598378979852,442.110313993425,84.49116041370351,933.9484629815872,65.44709488986972
Surat,0.0,28.856768197855985,5.15805094671984,82.79158600604535,43.53829420001137,429.22082507189816,99.35992207433695,713.1774698490459,80.75637612222914
Surat,8.737677207406811,26.65325199556998,12.099076338311185,78.8610721195592,28.72608314781556,459.39541623046676,78.44993087248457,740.1911262791236,85.38119122271299
Surat,22.811282244005,33.448447732071635,2.4204613169854525,49.10647597374716,26.167545597538886,425.8811307568295,98.90683178769183,763.020680474303,75.58086692642993
Surat,22.472799821987564,4.582479777373056,16.378812372401,51.43262156006317,17.386059482759666,495.0058609108246,69.8894975148917,992.5589478233426,77.90817804746135
Surat,4.29589881058455,23.65567218423662,2.6164725979687304,49.17946430417807,28.600811742894358,517.7002256783943,104.48584307771246,795.6470123633038,71.26985027667887
Surat,21.86532449805304,7.6419063018778814,0.0,53.08094977464189,26.179956592475037,500.8924562213971,80.24479421909498,991.9024004194221,57.55308981792055
Surat,0.0,13.34216821014087,0.0,46.203934156678685,9.100503818858112,632.7287328113198,154.1806758882067,894.0348634238478,52.78348608360361
Surat,12.330348754605115,27.06467736071214,4.686764398638701,68.5838835520409,26.10810553890844,470.03798583008756,108.19457993769892,811.7563555440996,69.62712092524403
Surat,1.151040077595832,13.706266927324801,21.44392230958678,72.20281924375936,27.422120584559902,532.4720181250501,105.08107848487792,874.6810751144287,70.59247351930188
Surat,13.580944900948555,22.257055805105672,6.520716566569597,63.43327738270706,14.472896935929748,503.6441105059326,124.96563293248037,779.652953118194,64.19889598266207
Surat,0.0,9.368603986683858,0.0,50.44779485885948,40.098779500316006,544.6414738651534,93.7373752186527,841.3361724442367,60.73822676257367
Surat,11.51717751097328,5.823262534791034,12.831324573611777,57.61969414817721,36.844672269295785,468.19473126064554,72.0542871225576,969.9803873828037,64.68393438852229
Surat,0.90393551080356,4.375587773153136,4.721013512304278,63.318405164654564,10.549517320686391,672.9380806315004,150.4591516389571,918.7976909426488,55.92486656143238
Surat,11.336028267500094,39.70045799386955,0.0,54.60764991642543,12.906444389247483,463.485190456821,127.03024199603118,675.9499247067849,68.94039133184255
Surat,23.382436546909204,4.265416994364134,15.280586472962895,71.90707878659406,44.196077957123435,407.1309279739264,50.0,950.4610226117959,82.09410952320435
Surat,6.972857165476579,36.219842815373426,0.0,57.7363976360524,18.29458385122856,497.92274030343026,150.46089437471434,731.900472321297,72.89864829029162
Surat,24.04261964954911,19.527986576480345,12.214112426021973,67.87088616625566,11.178267008952908,492.13874786011866,87.54272382519018,875.369843710284,73.18608967989972
Surat,13.243189792545422,35.837365414327145,10.49366303898428,68.45188406604325,25.689870156175402,405.38561041942364,105.63141081027048,653.2480963838843,76.36203280975097
Surat,3.9412139359905787,18.849212892863626,5.105713584233904,62.63972006280717,30.727634760893743,504.19500038217194,111.86622138861352,825.9601380629854,74.79646921856441
Surat,23.15793777945646,15.912673110542748,0.0,69.71569069293173,10.536511835391167,522.0205855971993,120.98405318439127,812.0899586522173,61.34735105750292
Surat,0.0,38.97248491286718,12.089867096304037,69.28503495089562,30.70718227136564,456.21201394759976,108.47482358293693,672.1503317244064,75.08467593397741
Surat,2.336391211748051,11.312295537813458,21.373971279855212,74.18185182886323,30.52085015014009,480.8597563583544,89.39599071284177,836.9255945759404,68.57116661338614
Surat,0.0,30.660406482887804,5.199982446816858,64.71554533867695,35.27220083390252,492.6693613591453,104.46230494205123,711.6713331762487,77.54978082681343
Surat,2.624946370316568,40.68214285981462,21.317145721988048,58.22367862788416,21.819189239070027,455.1590675591866,92.82500247725301,605.2221428960654,72.94556325235995
Surat,21.828566241303143,4.031575269849132,8.761627901404424,71.82652975328655,12.75104822302287,552.1421616044146,94.80970211285583,996.1052796549353,63.51211731644839
Surat,0.0,11.187561489764878,0.0,56.35653580393601,34.478888763729564,524.8322453558454,117.7181300455151,880.7574837889534,62.06409170746131
Surat,0.0,40.579294680094655,0.0,69.21427976119415,17.01244295448165,537.4346026736922,141.16370022232957,615.2948704264427,63.67635579803569
Surat,18.572498277965877,19.12688889788845,11.4079231005814,55.78147249947312,33.180004931224914,401.5144524248617,82.86637600876696,858.6782978078829,71.56417497814014
Surat,0.0,32.1401731965631,0.0,74.93231406055929,31.677588432441684,486.7075363166522,126.36199091035058,749.6386372919825,67.90672685144312
Surat,0.0,4.031144166967444,17.245560942584625,69.19065298796355,40.499718748764735,483.830262864459,93.34485721006425,958.6991076991325,62.08932963537406
Surat,0.0,30.227716903717138,0.0,67.26530469455201,30.561051365705566,520.6882753750932,109.81117913860855,711.1984364962879,72.41388826136675
Surat,17.62855776458379,23.12265259245152,0.623514583721569,62.791420673364115,21.469326089035235,477.1014752837393,106.01406240844021,788.1635922898008,76.86737272501402
Surat,0.0,13.104774309105828,0.0,78.98055622879787,38.41134411950594,508.6339818985541,102.87342776075563,845.21254146418,64.35870881001452
Surat,8.536297739976249,16.325771117445704,0.0,58.167107101349096,46.562319594769086,467.217699299,79.82935685872104,831.0358026044405,74.51456495008092
Surat,0.0,3.2375903740430374,6.304409829563625,59.10988257133079,18.29482303751859,625.5037261405698,139.11518768660147,942.8259489247987,60.68721515235699
Surat,19.026266931551582,16.668174103018735,21.213994774593118,68.96600294372361,25.40466075556538,407.54593357283255,61.8486296238751,822.4068169094771,80.98688226349998
Surat,0.0,23.631253560020486,19.475432611251378,56.34977157051895,36.86447520511007,463.1887566567446,97.69872257895285,767.7309589052187,69.41710101927247
Surat,13.096929540506277,3.0120799855903613,22.224133032442296,47.92531329663972,47.518058002409276,404.54073507073906,50.0,983.5273742480483,80.68751203899973
Surat,8.968267738209846,8.859060518697602,0.0,53.28560188991475,45.79007520634873,482.98477103820164,80.61420061810918,984.1003229636879,67.44695795452627
Surat,0.0,7.606199514320984,21.06208674374782,55.45584181506696,45.14229882749062,479.9481887234421,102.98652749073477,847.4423642395823,64.93393475376955
Surat,0.0,35.02109515873941,0.0,74.32079601383046,18.93349233861756,552.525961549696,134.46433804499665,700.466198107032,72.01223628311277
Surat,0.0,32.70456499172247,4.656592915611824,78.42794988986859,31.235894939170272,484.54975368963085,127.21822714290747,640.2961134228531,72.73789495062128
Surat,21.543203215120627,25.782442691563944,22.48869637886954,76.4416429190343,8.19576662075281,426.27680299676024,90.3921146637533,853.043726878175,69.1606177057914
Surat,0.0,23.07915667654919,17.47423413895727,56.0472133003028,24.355907312787362,497.5107442252391,129.3923800486704,763.5948589932495,74.69926441479875
Surat,14.718291183496007,41.920576632390265,18.67922847788718,77.30201275253533,43.90567479017421,331.7301530896961,50.0,664.1948428369745,100.0
Surat,2.06080003279283,6.077337742192588,0.0,58.52011651450207,39.35399136592703,541.774819634972,107.61225478230583,959.1686194931287,55.8015860627984
Surat,23.245239675590433,30.174000466135546,0.0,57.869440946667936,21.613066510492754,420.8208834147194,88.73283075251362,768.2710204164889,73.61487053532954
Surat,0.0,34.857779358239945,15.271195965662706,81.24646183210848,38.985298280357554,417.3333286528457,101.78832511589367,680.2431817278772,86.79742653291026
Surat,4.861668693347603,17.07090476609558,11.893036316434884,69.80716174974529,35.26372151302443,491.19310996876743,90.98037703968517,820.3045215857547,73.53230403578463
Surat,24.050983120798712,28.87881353005016,0.0,55.86576828090736,35.328553200874595,383.1959959950677,68.64976707763746,753.0071981027628,77.5902877445481
Surat,4.752050469241858,37.207827921563684,13.709042075951864,83.99418623116892,29.4048450640129,406.93119789545494,87.96147106476992,659.7669300412485,82.22676535090196
Surat,8.013526429496807,30.508764739888317,21.715429896299362,69.47067705740436,45.73017745584424,360.33593181408713,87.49756156059826,696.1845194799065,96.74390328240378
Surat,0.0,29.039362677588098,0.0,48.09312174910661,40.01039862600864,495.97777262990707,116.73904595677341,693.1068144753816,57.10389088717485
Surat,15.184052408486735,3.8260776734298716,0.0,64.02030252816272,21.80950107465225,544.627594908707,119.09006069375555,944.6213967607245,69.78147715034193
Surat,1.8667561655694414,28.396406071577047,0.0,69.23244354765423,30.302937855669352,487.6374218369142,140.30959498206846,734.5573546657384,67.82245862364498
Surat,13.360212222139523,33.666864505985856,0.0,53.600830901758364,16.330900669811847,483.31464917581326,103.87694547482496,712.262391015153,74.63815722728205
Surat,24.947424545284065,28.267248982655246,0.0,51.21902046942813,37.121167937101376,391.5875586364655,58.34440942511189,800.6891512486825,81.52014932821902
Surat,7.978021127566336,8.638912085720765,13.075537431502202,63.659466696338114,37.738760555548964,464.25627231087583,91.40538593701709,890.5755881120499,72.9034619790294
Surat,0.0,35.688449724457655,0.0,56.970742191682845,37.659465055908726,459.63681758978026,124.3582469460971,651.3635410918449,78.30200557550346
Surat,22.497057167700753,18.531414517531534,4.99657320316879,82.33230856616511,47.56771837483227,335.6475401548849,50.0,812.5179174004853,97.99717547138349
Surat,0.0,3.444872587303408,0.3864771776155038,75.22895787010664,10.191952255071406,656.128032311813,164.04652951712788,947.7958504334658,54.20582437197233
Surat,0.0,41.30296792060344,0.0,77.31664273089159,33.11688735660162,486.974875477863,105.57109280498487,642.717729760574,76.69257052171446
Surat,2.272317919259187,32.68569252099914,1.2093761524775104,66.87925573611138,24.335438919845295,495.28314885823073,124.56904698470014,746.919187882687,71.83655197138373
Surat,24.53570763047655,26.124358175975562,0.0,71.81167334066707,25.59453205104862,398.15429725445864,80.16010127950348,743.0737629398718,82.71407429045468
Surat,11.451583463370717,19.15175966471115,0.0,73.76058132217486,20.355846156810337,506.5405590242351,111.75671884023461,822.3844057911934,65.77211533884696
Surat,9.068860664135574,35.56197197084626,0.8895347013418693,75.83091784314729,15.264501997965374,519.6708934023234,129.54031044665516,718.0269485050146,67.24440361292686
Surat,6.152510679625951,40.02721173796058,6.971827913922208,47.660697310885226,27.01040947918077,446.73244066815363,111.24149598128216,650.7590376651151,72.94150258963613
Surat,0.0,4.472956508064819,0.0,63.19052278966524,16.13333732660989,683.7923296564943,156.82339459463338,892.6400927286531,60.86129145610823
Surat,0.0,7.520251061950301,21.859002560357332,68.23857534764842,34.912449916997424,479.6769672452711,85.55183267240655,882.9573068627567,66.42674140673606
Surat,0.5293475386682847,32.994028227976365,0.0,80.65524206667497,23.913483799858792,511.46854294248595,124.1511683244237,694.2066114991735,78.77096317762825
Surat,4.234187827820524,24.17216327416083,13.363014481026223,46.111122819135275,14.996681599003821,519.017341958294,128.46440528783214,794.6792074200525,58.29540087599751
Surat,1.7941526486731476,10.610281046307025,11.571903415610038,57.01182476311464,40.12296796333173,471.55974874663684,93.08476099490896,868.6543581508873,65.802467666194
Surat,3.3310935477100756,8.85459043609531,6.729090155106096,45.72687565686013,34.708637117012465,512.6706928010913,100.64796532426527,896.5024430122611,63.82755616866522
Surat,13.26411272149889,27.58793702391748,19.937295532523102,64.29305082183822,15.850724825902201,467.73529931101484,105.85184758672646,771.2569152480594,83.30692234670546
Surat,5.109468641458648,20.719366979531856,0.0,69.37970863779795,14.99099713317164,566.9462378099346,137.88154529151774,817.151249509997,67.10190339394862
Surat,14.28406703084395,5.31946311565779,0.0,74.44668180273129,32.950787716948824,485.8709538372642,83.28072866514322,989.1633233626194,65.19900857790788
Surat,0.0,25.095678755979794,20.5616458616882,54.419427890434065,39.342567764033326,440.6915314980335,80.90899115240866,712.513389268078,84.80746931896714
Surat,0.0,11.102030913843482,23.49688581885279,46.630208807976075,42.623988514991076,460.99210693930934,92.41884445841589,801.5262688686961,65.18648607901993
Surat,0.0,13.37586398583311,7.077289192548932,74.35677868624386,10.557098553936132,623.1685016606879,136.4377546962449,862.8732927128733,64.77783882697152
Surat,4.298167959918267,17.813587784302428,0.0,73.87596652549468,46.96777482573301,454.5550527039292,100.74665926008367,855.3599337984466,76.25387125660704
Surat,18.09296039812361,29.900786162842582,4.090898240504185,81.88000025413636,24.710872489984766,444.86643611887445,90.41943374722491,791.1356038604013,85.95164426063815
Surat,0.0,27.818808905813384,0.0,48.05484534154247,12.790193374184204,549.8647097836896,126.50662401277012,732.6871038015735,69.47453015369148
Surat,0.0,12.740870301541147,0.0,81.06895496417118,13.705393302322609,602.060140136718,159.075338979124,820.617859283955,63.5655155162555
Surat,0.0,13.638956415508673,17.06192822913428,51.83764715549623,34.13283680224025,472.4910802542344,106.64861058467336,830.1934079786447,76.12202797127478
Surat,0.0,32.50540412955215,13.89620929862117,45.147576154069405,21.310674105754153,488.8327968342681,123.96482632333773,671.2034732703527,66.88831346499758
Surat,0.0,14.454037249301768,0.0,77.67274265275546,13.062689327520097,642.3688500559176,151.34179569243204,846.9132635213151,51.08395098988828
Surat,0.0,41.957387414341234,0.0,56.43544721988401,34.09045101237165,399.42025617172186,110.82279522221387,664.2887875312729,81.23556846149184
Surat,14.65492255024154,12.75126437434843,17.677758583573826,82.93209809954647,33.1169318290909,464.11897979700154,59.25565218340146,903.4113843750946,83.2062890294397
Surat,10.144600918196343,12.34809556528014,7.129964866107308,50.89115705657849,38.94616601617135,492.4745827523606,63.87999907833161,848.9193499005157,68.60181409501699
Surat,0.0,4.940595666028713,4.831469588647373,55.24281046573799,25.374066558781305,619.960690927275,128.9061762394813,871.9903194546151,61.64823747177506
Surat,17.474720138079245,28.818281986977844,14.623636470542998,57.27278282522941,47.49291963308271,335.4548828268467,50.0,777.9499589547146,88.25441675873503
Surat,0.0,17.15805425921892,0.0,49.17864822778802,35.61532947584916,514.7786993901981,123.11271405039902,805.3600645291804,63.666595870006034
Surat,0.0,17.593103595575105,14.922045484987194,63.804276507915965,14.44005481267763,566.8422646970209,111.0000438606932,794.6293638162923,70.08242474797615
Surat,22.954881427564075,12.063821215259502,0.0,67.55882760037386,40.71527167929555,415.1577401734542,56.79168685148159,884.2557108252686,71.4263022911159
Surat,0.0,9.40760418494045,7.974814078878399,73.24757706739447,18.587476383908722,646.2497159712559,140.85557195156528,867.0878083343225,62.45836062591075
Surat,0.0,41.896941414692996,10.472278078404194,55.64564975966013,20.90214197731837,471.05832999323667,138.288537278068,639.7339739434011,74.25574348299722
Surat,17.667035227233065,7.202009272406096,5.817003905034834,78.47898559307049,13.555311103778253,533.7679306961257,103.86150752443922,936.5330712873587,73.76214716707585
Surat,7.830245414723265,16.2918346839398,6.701191977975874,56.722417287306726,29.38594238186659,483.11687646447905,105.28421064987846,870.338891298154,63.02211333772992
Surat,0.0,35.42099471840526,0.0,65.08928732840644,39.84008120193822,452.5001372079185,106.62080139459165,657.8713540399172,73.44099770936766
Surat,0.0,41.8989117910797,15.4939967424826,63.33157620282633,34.33784853729364,460.10021296612075,97.68098719263051,620.4801878258559,78.18772154718006
Surat,20.54710231568793,9.922195877943112,0.0,52.06047714563643,16.393456362801793,514.6267146488673,94.0922948425488,879.9102740012509,63.599559741516664
Surat,14.696515462563958,37.00811786284189,1.4929057642258954,46.7336203238642,36.14122281713816,338.4063461631488,95.88525293161891,703.4904613488181,79.30151868384539
Surat,21.52030817399401,16.420348722383274,0.0,49.515293406335445,10.820473965112534,511.2577464346093,104.88444303666509,815.0257426466545,72.28683897961828
Surat,6.544167227486554,30.308156542205896,0.08638600676453123,54.57889188128425,34.525969648029324,448.786807806092,97.42037409700382,734.5623894909405,76.23318268892034
Surat,5.231392555499024,21.172873397035893,0.0,49.00837089236173,20.46361043159591,544.8516375979657,118.45171466885196,802.9706572281332,53.51898653075391
Surat,21.76479775435815,13.817420185894836,8.26747876759352,66.14016645115791,38.14532093100179,435.1176585913338,53.67160804189664,875.6598291345531,76.23803182667169
Surat,0.0,17.63819016876586,7.102061201764034,61.092471427120714,28.123322003670072,543.0675747924704,119.65182226538353,784.8915951521194,69.01869379681237
Surat,0.0,4.64598828685407,20.39966035177516,48.88886710944523,42.77798323083004,477.67123646316753,86.64749197191864,871.7742224867388,65.30248153697957
Surat,13.11592545709297,2.695942751469371,0.0,48.32987006015174,39.31923111823815,489.3991866782121,81.6862378398797,981.1099587629803,62.191015225541626
Surat,20.49806008063358,8.834074734290896,0.0,51.19852859300165,18.985190657837833,487.2606914527892,97.4330815767041,915.7323858754119,72.67607686488132
Surat,17.862732895818333,4.629638492741488,2.8204804203692504,48.33574187757628,20.451326034167455,487.2795131726157,123.66242149884434,966.6810973985126,59.09784896324411
Surat,11.170160058441013,24.638305873640153,6.638825973146552,63.47466103280557,26.06982857124639,466.2782354260818,102.56719674761591,786.8530927179228,73.3607616174802
Surat,24.477078028067467,27.75772278917968,0.0,63.2364781584716,8.408801418477985,483.94095976874314,100.3393723159577,777.5906812207602,72.6905978569662
Surat,18.61478689846207,2.0179306987945793,8.66175295215325,67.09651042969546,41.20924547808778,428.47773288341625,60.822429091217124,1001.2887190558179,66.81137697589979
Surat,15.373941550255868,12.190569036031789,0.0,75.68984733361707,24.686683622436377,517.498280073032,89.26086433528589,937.9646404647035,77.56292371293709
Surat,0.0,27.161184659518987,0.0,63.3649992090061,29.01342476691442,529.5668400258439,133.95675100598223,768.1151565002679,70.38668040535502
Surat,0.0,3.66787803723431,0.0,55.67801058542072,17.198879121124406,624.4724162766054,139.8452576353051,930.4447404251439,59.8728312497135
Surat,0.0,34.21913326517793,0.0,46.47968773556987,24.369416081769337,551.7408795267345,120.61977247121867,687.1454974858893,61.766624951864515
Surat,0.0,40.08123234573279,7.491833911623935,46.723873805098,37.534304370897075,410.0662247108417,111.05725102288567,559.8431596542073,65.62951432188449
Surat,11.728268495437835,24.437031268742484,8.863452107555993,62.72510822834268,47.789489382132196,423.1095874505006,58.72501442406458,847.8984782404823,82.84214266606617
Surat,11.193400373242397,20.518549881595362,23.197999379777414,70.8107451071042,10.018414847547973,489.90582577197483,97.58702740613084,760.8117330635828,70.79412189951695
Surat,17.15697586469986,34.17732711520709,11.818752955895384,79.60159996450632,20.990320162178982,424.58679958731426,89.22730636798714,702.588283943193,83.07491299702244
Surat,20.87635465665865,16.561566194869332,15.600560012878162,56.46352877855775,10.743671727994762,458.14780896994836,87.27899033640712,914.6953416242633,69.48945233290962
Surat,10.768536735774155,37.251615094830115,16.652652317566186,57.26991122655329,37.7044984130494,383.598550666776,78.63054037274216,694.6134163159543,86.9511880971698
Surat,19.982928244714373,6.555703914529099,20.833967719035506,54.308608468928576,18.721048025563785,507.8911152870003,72.16555085427028,1013.6350194123346,74.36942094883648
Surat,8.887166366239683,14.658456419821405,0.0,68.68509317253836,22.558681256972015,573.3120774124201,110.28583826224175,823.6524753671029,70.63009928190586
Surat,8.880270540027169,2.0984743042396055,10.778422086099589,70.45554691813068,18.903400721232313,577.1023545822198,109.94159218366876,981.1533472690325,58.904774482545534
Surat,0.0,29.40227224588726,6.6216023543002045,76.27701272710628,10.473828934880807,553.0564071260728,145.36507758633465,693.4686788268482,70.93550578550416
Surat,11.52712084543284,26.835312576844704,19.873452855897177,59.98158076836157,32.56043602706565,421.9990386085713,65.80046658756791,762.1070538300321,80.53105461845577
Surat,0.0,21.886723116378427,21.30894406119647,49.972913307436905,23.217411233598707,516.0851710899303,112.7017518482385,776.906549266141,65.8864406763254
Surat,11.565301306989436,38.91248009719476,9.356380977005006,76.3466158636776,26.416918239765433,409.9981471756136,105.41567810577595,683.4388391535318,86.8571646655724
Surat,12.007107171182604,22.80303794672706,0.0,49.80652943595936,33.69335089841125,426.4876616300319,99.06841669315489,794.9619280953723,76.17768483992579
Surat,10.957834276274543,41.60005758676467,15.263548656312846,48.58739802634965,15.320412155822748,437.54972588725917,104.28635015215878,682.8424445038518,81.04859003108793
Surat,0.29482573847225524,20.93899863274551,0.0,53.918594715914914,34.78840884954932,503.60677677905176,120.48358604113831,791.3502563227257,64.68867615688892
Surat,0.0,15.042811828818852,0.0,54.46549975437131,36.817728883524296,502.7057692675746,117.66225804886157,863.7421037025093,65.74382399995571
Surat,8.62971228932603,20.17091271815482,15.379572069892149,63.486757260513116,20.78365709747905,525.1599106011531,81.98212571425172,800.3865431144854,62.206830101602925
Surat,25.11141970530595,29.677950123368845,19.113828460002658,45.300594424063476,29.82197855575001,295.9168315052842,50.0,822.7498713522203,81.19187091701414
Surat,0.0,20.947921737169267,0.0,51.59454514247751,43.14432582750972,484.7981647626888,123.64318275057263,773.8573667903993,70.26624115647692
Surat,11.203753027732276,33.98507969337592,8.771569114004045,48.58835303103446,10.85276388218374,498.69203718756603,129.04986424953768,696.2937268731207,66.6783914318359
Surat,0.0,14.604665654703616,0.0,63.01451585002506,37.83107856214277,542.6512883551218,125.34918765360817,766.2442584514071,67.55784128735607
Surat,13.925110111651428,41.540352481912386,0.0,62.050888004271144,46.998976255020025,328.7230379188995,63.996317044464924,623.8549492215749,88.61034536988372
Surat,14.897601862073437,35.50451614637299,19.843429215242686,51.65852015565242,25.101464264095757,419.69041813590474,92.90119463906201,692.3722761419783,75.65268675024353
Surat,20.83296713440737,34.95254022132691,0.0,75.05018936771066,43.9361171944621,345.4079953283076,51.71845190620561,780.0255786876387,90.26583224389447
Surat,0.0,41.25240621699946,0.0,81.3030944169281,31.61641256917586,460.27988945630244,122.41293035479774,664.3348279485286,74.67132034175077
Surat,8.706494427022946,16.029606668018793,6.9938243673012295,61.12799582431131,8.938774791491703,572.0325244837594,137.82167584115217,834.3582779864872,57.838141219499406
Surat,24.486708183814955,17.733835572434334,0.0,51.865632445011315,11.239425359220043,488.9951919674593,95.82619328073528,859.7912244398595,68.39861586958395
Surat,0.0,2.7195871220762484,0.0,51.27995024306003,27.227730056855428,595.742169951704,131.73300391937963,908.9822327419628,59.205625135560275
Surat,0.0,39.08734924940457,8.547843357916577,75.95939153587662,31.770105906128677,429.5060373713776,114.34153466274968,620.597053726335,76.89673512529717
Surat,15.220537144449104,13.140293966982409,16.64364954045935,50.851265923299096,20.08246011323937,492.9589051321835,86.50625354088385,891.5172779374363,64.60321862001877
Surat,0.0,3.0672940637776946,22.756921436369353,75.03350395326652,35.90933693127981,503.77225350331435,100.42575774579335,937.6110485225037,72.2632458385787
Surat,6.895748252086797,16.46595279191758,7.77442739483071,46.67496186538197,22.915822696773965,547.8202415467846,129.46838622536657,851.5016269503515,69.22329398839597
Surat,0.0,3.2276180599522917,0.0,76.16292625616971,44.98688574755524,537.0896021710656,100.34512106079201,936.0393160439156,75.1007386284854
Surat,0.0,40.57057397075473,22.352694851320194,82.59342996530111,22.780164802950694,484.61794668732006,118.5741040551306,639.6267216208365,77.67815137490302
Surat,0.0,30.884372409765376,8.892745483194641,49.779838865653865,21.377525151784255,493.37997598117323,140.981393729307,676.2216132541386,71.97026544246495
Surat,13.945523932510664,31.41814987789376,8.342678336637682,73.13377489002974,19.37812239868218,496.692130350434,113.55822759499779,748.3056539769829,81.65991052183722
Surat,21.450127825306254,7.167652489923654,0.0,63.03868790596079,43.383863822051296,418.9391564859469,50.9610801450346,944.7436500261505,71.57325067959644
Surat,0.01894323606875936,8.75045019019295,0.0,73.88724949215676,13.137273767481743,633.1564650267426,140.6987385711242,895.2896985721668,54.410221807698036
Surat,6.533396257956827,38.76504186966601,23.16967749450727,77.29974194676095,31.565739194670844,424.55546649851726,100.75408537904752,625.936163351862,83.65239934732398
Surat,8.14547533257879,14.5615252540635,15.402394133974404,70.772360538471,13.060011784889756,560.9919753357327,117.35150648529742,836.3319059946645,71.24369371592879
Surat,10.415911001133836,40.84876261344648,0.0,45.765215818652905,10.77330211339137,488.7469108862817,147.63511374052072,726.54734400239,68.42375758030548
Surat,7.012781914248514,12.049391942889564,0.0,70.18282132016344,16.582245145176856,563.2950579761296,138.14231239929845,867.8817583971024,55.69696648441837
Surat,0.0,3.268975673916991,0.0,68.54287735357025,25.03296677641866,595.7861023989133,115.2763975689581,930.9057007482002,46.892140627435005
Surat,20.586709815752272,12.821418391589997,0.0,80.28187249988959,41.27645621332507,427.52891656779246,60.53963205727224,872.3927217154609,84.7015615092065
Surat,6.988632107035375,3.248459971557338,0.0,62.521288248436306,17.8130117250481,599.2398875955731,118.60095993393834,927.4837477652402,57.40814391134583
Surat,1.403518670772268,39.05283325913058,19.877182170936443,69.11186745143365,21.0071505393027,436.0847565455827,118.9795078022668,678.7378924312329,76.49255632474797
Surat,17.693965532150994,22.440754667079013,9.140232092629201,84.19102361538289,45.11492668938501,331.80991900613634,60.376626634723976,846.8928900392139,85.29060995963053
Surat,0.0,4.985562169835788,0.0,60.28370841541784,12.161566869202712,641.8603547375993,155.21954882650854,912.9106933633987,47.892788873886886
Surat,5.5491079926638065,19.76122009768705,14.807256780221614,45.58243338296577,8.120278328261673,578.37702189012,118.89225821046159,856.3354281938156,60.76528845102399
Surat,0.0,2.101648845338225,19.314294369397167,60.828465654619876,39.12848862700183,556.7354677210654,97.80932197775657,988.8522164329995,65.62119700922315
Surat,0.0,29.772675164416807,0.0,77.75954488817354,32.39018546739305,478.2779672465104,109.87597284043173,705.136894621838,70.21176412108504
Surat,21.048620282401522,10.634885289911715,0.0,57.310324548238896,9.499413715299799,550.9485598496306,122.20514881491908,913.4291416016247,70.7405367865114
Surat,24.75569794494036,8.015441705174682,21.599139571492643,81.9548265394379,39.34123432449806,370.9874162531022,50.0,950.9188109409306,74.71067881506897
Surat,8.05429529806657,9.450205945434373,20.548924947304613,77.76362616658277,21.074804998346153,489.5925956818262,94.11128041694064,931.4629121581991,72.46590542885143
Surat,0.0,37.08419286235229,0.0,81.61550670846324,32.39759901929703,459.4312532902903,118.79686216967414,690.2041768991385,78.05883859601693
Surat,4.69719004345847,26.26084709202888,7.240176413157421,53.861045768936755,32.521946367598204,438.5187914225139,107.47607648220082,793.007464440774,66.98871670641176
Surat,11.094749382596667,33.14463705302555,19.021425054815793,51.53512483982796,37.41758627091035,366.2172647184697,74.34470212673665,680.3105462794338,74.33208242252752
Surat,0.0,5.090531241015505,0.0,82.89817069092834,11.477619621277391,676.5236464656837,142.46127455920623,900.5455540102499,68.6010594894283
Surat,0.0,6.6761488250224446,0.0,50.26902754037242,27.56419978160055,591.8943804183925,136.82807553629067,925.4880496196014,53.82815290043041
Surat,16.106384503106028,33.00211029992286,11.328970417861946,70.4744070580112,31.556192332504438,389.1718891404803,81.2025225199231,671.4540123970286,82.53464964631068
Surat,22.380421692816796,5.581157443338093,22.835452423757253,49.29981896806584,38.983267659557626,433.30032626466453,51.18169214006372,974.9031474211769,78.63864743971034
Surat,0.0,31.567623778608805,23.46168715959076,83.34937775904692,26.84761109887638,469.1124117776826,92.03473422423224,728.7973371140962,90.08008293075724
Surat,25.60877914240178,26.128070256386735,8.952567247723088,68.38054688499415,43.47236258024655,297.97570915830215,50.0,734.36419043218,86.22979230477185
Surat,25.302690457312195,41.75864373766438,12.731553700541777,77.92278305092802,35.206392437257136,318.39436376970093,50.67123560066145,676.7099760191147,94.91140655972198
Surat,7.89710650828161,24.326575809605202,14.829764344119962,57.292574233418314,28.29900798573192,450.404595884787,93.1252394813959,785.6785611305434,72.03270913632623
Surat,20.312852343700428,35.87264291880364,18.088646176755034,52.472395707796935,45.91230658497241,271.7072509681677,50.0,711.2699721355295,90.97880057909998
Surat,3.7084369466729186,23.93831838064623,20.558527607131218,74.8903561300323,39.385546598792494,426.57619408660105,67.83138009332224,785.6425022400092,74.82519923485332
Surat,0.0,23.6842045325558,3.907037065096702,48.077295765838315,35.179588798390434,501.3983849786973,107.68793171453017,765.7916006132078,56.76374845083738
Surat,0.0,18.710829962897634,0.0,45.02995684568377,36.16816934078409,502.63764514452976,132.29994379855296,836.0598982032502,70.35366918481942
Surat,18.21427583152331,6.36737572044057,0.0,57.80724531810665,24.465126181040837,492.3798363229793,96.7163868771244,908.949067330706,69.65676026790456
Surat,0.7473353522915485,12.003844654625663,3.2661706710549794,56.498894907974325,43.7737004046517,493.9140004744963,93.80979634585084,830.2691958064238,74.53182996020104
Surat,10.463555339746662,24.357437191155135,10.812610665890858,54.89184440310519,30.630130030097977,443.57933379288926,96.48417979703447,812.3074177600406,74.22903005593416
Surat,19.13898556087802,9.222649911098596,0.0,60.327313824247184,17.46953644123643,515.8188271562107,112.86733440613664,965.095215875429,71.07687458378946
Surat,14.5464942649023,12.44192372993351,4.8704337799356345,74.34149667876872,22.637279390428755,472.2105360756188,98.37125814556154,866.4683931368311,73.84830018040978
Surat,5.376075650746635,15.407640609285254,9.36020337763751,80.6819760025297,47.806468574114994,433.64047338192967,71.38508539877478,829.9206811408076,83.31799976336
Surat,0.0,15.392098658316547,13.050192779386737,67.22028443775767,17.11437195752105,572.0970447108973,119.08332802723248,830.3445393680693,63.505275017331364
Surat,17.13935931093661,35.17483626776363,0.0,61.86776154780799,21.764553450443575,435.0298479677836,81.89928109980845,682.3132399293786,71.08367869333574
Surat,5.419853596822044,23.74201992793989,0.0,69.58576808795453,41.305421379349255,450.57599147216314,101.13138559451771,755.6304623904109,76.16021905271245
Surat,0.8480401405788562,33.19555446540199,0.0,46.37762440641836,35.58418963987896,488.53980795115467,111.19341328521591,730.7308270052313,74.05620490058321
Surat,0.0,30.694083381349724,0.0,48.46435592360353,32.79781245165145,516.0001348260116,116.79514901640397,656.1597559624333,70.89681850764957
Surat,3.410263288970146,32.74960083167424,0.0,59.25282178283018,34.22962863509335,468.557795750789,119.37263378315623,748.4853096413549,72.56664419217822
Surat,0.0,39.88499038705163,12.93172986521693,56.107651724212516,19.293302498750233,459.12096261291816,136.20436621584054,640.7064549017107,66.20370455882205
Surat,0.0,26.272838783453818,0.6757127987383527,70.56184773543984,12.31171190325227,612.3678593677862,146.94554807889608,745.6243335756972,62.326677789362236
Surat,13.667453083932038,28.866786807010104,0.0,84.52981512243076,25.92194031898443,462.8921469908593,108.01107601410655,771.2352035603977,78.42533790022193
Surat,13.759039297397358,22.773375837772996,22.768393381407492,51.15793539418945,35.23758112501582,437.4353983427022,62.401876698951654,799.5436439480524,83.2429082595241
Surat,0.0,36.49377577960376,8.70544973536483,56.5196136356881,21.182633722571477,470.5450590645048,129.5056611938684,612.1298777056588,63.04242768264665
Surat,16.78145338621217,15.775897799483676,22.478537384169123,60.357786349958715,41.00704993741236,379.59394577372973,50.0,884.2785637866746,78.99489003513418
Surat,2.7785771695479795,7.251889667420308,15.725106444277692,74.6387467906964,35.04761008367451,523.18269880941,84.73744973073107,906.8185015583846,68.67080930029375
Surat,0.0,2.892910292762352,6.15840519183169,49.150867290739654,15.052236226066157,609.6942373235648,125.68976221873311,966.2620688686641,49.141336817303134
Surat,25.13848004507173,16.271829117636095,0.0,56.268828836667524,21.076340865234293,439.8565950131162,90.61236032624544,822.0066326455313,66.28303060596105
Surat,18.797183694238086,28.82787817203397,17.171405771284903,64.89592516764802,42.92557290902091,314.36965379457394,50.0,821.6783234726911,92.18499039886639
Surat,10.324851774530266,29.744799578875732,20.571819369129713,57.41112358671903,34.68347818871815,413.60340896819173,76.99876799277926,795.5644311506621,79.66665360316763
Surat,0.0,27.932507510254098,0.0,66.95624132523919,26.264701305928362,535.5805467988876,115.5133863459194,725.1555549414685,71.37797278326184
Surat,0.0,6.425940769633714,0.0,83.50205624529899,47.88634490335202,494.8825146541673,94.6597729650597,931.4314874209609,63.307586969810714
Surat,17.52342125397194,32.74923198029217,0.0,62.64175861465901,21.721118192931463,440.2423698001394,95.2113448500415,701.9650939466782,68.37043423793804
Surat,24.157639843098742,37.2060651352105,21.70034096847774,67.98801461748948,26.649969438450103,334.74507013961755,53.757560030336,715.5690975234899,90.38741830137874
Surat,4.50533581178324,24.38276451278464,21.629771287699555,62.28820505836771,46.72345476918481,403.78873422229003,75.17510873272224,775.5362250684694,81.59764984181508
Surat,0.0,5.2839102877354165,5.097143264590645,56.669501318125974,9.125945265813314,634.3639245397209,156.85574037923678,969.4073470939968,51.08163326540139
Surat,0.0,34.98144661412326,0.0,45.582701702152,41.038915182146525,441.68487569643275,116.39761151021125,671.338377822293,70.2047782708578
Surat,20.047625064131296,39.73546375988383,0.0,78.4163099586714,20.007337147707673,422.880270731623,105.78668510514517,661.2830068895332,83.86885505887
Surat,7.690780139788316,5.258072550987407,0.0,78.51082555698099,45.33015661844389,464.50325711178635,85.21248297162258,931.4271941351763,78.11578468626878
Surat,0.0,29.604790973124956,4.82738900942946,70.65657524147822,22.97596913046933,529.7785782667747,140.15005460785,716.9149767832831,65.83243233457046
Surat,14.931592968154835,14.609245000001268,6.93161120301734,80.46102059052485,36.84034981412458,422.06326769053624,82.29573943106685,891.9096647616519,64.55027417944163
Surat,2.9836793712038343,16.514002603598996,12.871007504173605,77.2175423894069,15.432617408559565,594.9175115299993,126.91626355686559,850.9583873002946,72.2423462234503
Surat,0.0,38.83191383115472,16.856614020469998,76.92970629533136,39.76830080211051,423.1704203597416,94.64552209144564,653.2952450372325,81.75587076696293
Surat,22.404424199664476,4.452182715395747,0.0,76.43811027407764,33.14014852617647,435.3517995132344,88.17194345084252,972.8083491523079,72.2845692133993
Surat,0.0,20.8539026619433,0.0,55.6282771350395,40.75184583438713,497.76020730410033,113.03504697271951,811.5997516510553,68.63072038394144
Surat,20.378824530911167,22.0453795523585,12.748962925899313,75.04958853496898,29.964089866037916,441.6192408094644,61.92352698895699,835.6997989055004,88.71099346692813
Surat,0.0,36.155152103257976,0.0,60.74437881636766,27.478440727368973,486.03739743506094,108.45120159833552,659.6266391467929,65.2690516773269
Surat,0.0,2.783193686899164,23.07001537907172,53.84648779259857,24.987607467238934,529.2609897729751,124.8564434387423,946.9854581749513,55.04778095533597
Surat,1.8810889876670114,41.54987940817895,0.0,67.51319241604497,32.8896928369971,463.0916272772936,116.09230667394884,645.7440287683871,72.31637040765914
Surat,0.0,9.55038757064765,4.250567593960689,51.02495756669066,14.152330317845784,601.5971622267477,137.94926188033574,902.5627290591513,63.67531453711877
Surat,0.0,4.822437726210254,0.0,74.01554094322468,40.06760092907875,550.421939684593,94.53014601021997,915.2790539130114,64.11433700849895
Surat,21.92338366880987,23.373275497268057,0.0,75.76778915343115,42.42314823417598,403.3846282467013,59.54957529839291,804.0014204410829,80.95875646547888
Surat,5.382509044776711,26.74099898548628,0.0,72.50638648077499,36.25708212052467,463.0082297399995,102.41805225776112,766.0825234208947,76.50506159730223
Surat,1.1080327135341275,17.020862350611036,19.73955335904222,74.96534013680451,45.891197814046365,453.31200508666416,73.99114970364268,869.8553137126148,79.96825036204527
Surat,21.395188821681757,16.94366841502582,14.772582523566289,63.08907878671933,8.228670519414944,507.3030652920589,124.78667133645197,787.3038492877188,80.1886677330222
Surat,19.754066186566497,13.464172710740538,0.0,69.61007931127234,26.795931885073855,484.66355086033593,89.26648933795234,930.0521921137296,79.63897442047097
Surat,16.476540820258666,23.77256628201606,6.195209524669419,46.518714512876016,23.699761501511095,476.9263325972336,96.2727857653602,777.1397307663404,70.19740753034509
Surat,0.3718136205216176,34.80906975012671,6.153103479962439,76.15110060894592,34.73615226706372,441.76996443697556,105.0065094122615,729.1173152520693,73.76213667753086
Surat,0.0,37.74532055736404,15.288053588638626,75.13435262940197,22.801344072812558,494.14413804393934,119.50342732499712,651.6315197527019,85.54851488347614
Surat,0.0,21.032255680452973,7.866569201229826,80.94983035273127,28.68631976290877,535.6844083922531,108.01257251593088,782.4789572204236,80.30907102043224
Surat,0.3635035457484239,38.93580844526858,0.0,52.356098774181746,38.21694405034658,462.6691082573342,118.79104743010221,707.9399989508713,67.21912621043172
Surat,3.4011472371719833,14.189868429845472,0.0,84.724809562693,9.43834597648032,647.062952943701,135.60963167346577,831.1153940890082,68.25851793764053
Surat,0.0,19.458478084802827,7.266364952936222,52.153642957852185,10.826141375902822,627.3958315441876,141.72495821087298,784.7845062825305,49.13057813518145
Surat,0.0,40.3020033964487,19.681111338742745,63.157733214189975,23.392543124631608,473.02739152422896,126.54534837239525,616.0686091194294,75.10085491316258
Surat,0.0,19.08488599685957,11.731187589220461,59.79990447958194,42.47118898229053,452.06565675801846,87.91592719422732,797.9207500618234,64.93714355033003
Surat,10.581609075201992,25.644245745355725,0.0,67.20141505961216,14.039983303017875,554.618324870689,137.09878369994064,770.4068078750827,77.4080436664312
Surat,17.807642942794526,22.779155824112394,6.610689032523972,59.6767403158564,16.88643078345648,468.6800182831857,107.22367267758126,831.6267546920635,65.71789305844635
Surat,13.448050586598761,18.591846922314947,18.656666375040025,53.54745715325299,27.518298303982718,437.8285872542717,93.28540074756756,835.5925705863507,81.40824974058289
Surat,14.106219470115235,14.830477102707029,2.152192276800424,70.21533612196336,31.588580594685542,438.68775707138036,98.81120236498452,899.0734182155524,74.96898613872386
Surat,20.49334095802839,23.532099028953212,10.036825700767604,73.73909401462635,39.1356815857073,420.52838147824417,50.0,794.6552728574806,75.70990765364762
Surat,0.0,23.67077732369991,5.176145768228022,65.9913288735417,44.15004080271482,473.5119945728747,94.06011460377856,769.3589486384845,76.0968490382335
Surat,4.617095405835784,18.02402837711562,0.0,69.89566378276416,17.339977730220316,600.590350557142,137.17258493425038,832.5620073834863,53.281246071036804
Surat,0.0,17.045953525196904,0.0,78.61225186015102,42.4849798428649,497.2689863424177,104.64430993998592,837.0113780178791,67.6688245715287
Surat,0.0,41.97046060579092,5.714175434211327,59.705289526884116,36.258579883451496,424.0775284071103,107.9987314270306,641.232772640687,83.750269521915
Surat,12.556935025446794,21.70642763379679,20.448252490456916,48.140238955750036,15.574307790721075,487.380925456024,102.68623645457643,796.6573624539027,71.74555003024557
Surat,1.6399749201431693,31.17659459519406,0.0,58.36888557750673,15.802924397192053,542.6465311991823,140.61489193379748,705.374669450531,62.83648337584911
Surat,14.522997128557556,10.27627057495597,1.1766189117301913,53.06600203601204,42.40181127450322,461.2392683825173,86.26624454907159,976.507362729038,69.95427288071903
Surat,18.265142212526747,30.07400216543407,0.0,64.48256105206941,40.68066553305002,381.1644671440422,57.077276069513125,788.9494459990111,78.00574595946463
Surat,0.0,16.241017690577053,16.37820556156187,74.70107902443361,40.70024962395437,461.0130399499321,95.42313063915145,859.7452160528471,72.40564983705941
Surat,21.097292490463815,14.311458734694988,0.0,48.230087803915396,13.964553453784864,520.4774200867472,100.08992761542736,868.9822111181486,58.04002226293296
Surat,23.296034698919513,27.193839070770633,0.0,82.27157301675695,35.560898287253025,342.00664620704663,64.57800779633664,716.1450057898894,83.40024416197254
Surat,0.0,7.090546707747432,0.0,70.39031741238924,28.82126595205427,570.4707722765658,119.08165792137859,930.0886756466833,64.90582125257284
Surat,14.567138624428043,18.164205659337053,0.0,78.9915559768719,33.773693206848506,466.84311069280164,97.77705504677706,857.1820998691644,76.39887133896319
Surat,6.974114994811849,32.310111348626776,16.368119901026475,45.52647183429153,35.82207942358026,408.6614041722944,101.00738651120496,723.6703614588753,76.6022701798425
Surat,1.2694528777519878,7.523478705423578,0.0,74.34920193421975,21.95426007691903,637.8516162888611,121.62517057128508,866.4003175070538,58.06764251164373
Surat,13.498190978990834,24.178292460828274,0.0,71.29708785667415,18.332188990647623,524.4081318244126,113.29908176349963,832.4659415549239,72.725629729431
Surat,3.863225000627857,10.647759814058178,0.0,67.7520606414866,25.613383426761505,544.0072075449187,111.74652952428147,889.1242617796688,72.4994987688788
Surat,0.0,41.86391872178318,6.406762617690752,64.1216742937709,17.323917615373958,517.9829935139144,133.06072392764654,643.6024893133391,74.86473822694398
Surat,25.385237220277965,18.15631605525149,0.0,54.526680715367824,18.98395578152925,469.12866425868543,84.79757963374388,868.2764917652938,64.37495761061216
Surat,6.858897985636233,35.779761831030285,0.0,71.98493000314066,45.26528595635514,395.0386717519187,71.94894314641951,646.1743230777972,80.25328547261465
Surat,2.016937220241786,10.33195692717268,0.0,47.04316199103382,39.434630965296826,534.7049638009998,116.68150274324346,875.0343218678559,61.85633159118798
Surat,0.0,17.355027070466562,0.0,72.55746320544908,34.177160416482536,509.16515502664646,105.8214477837375,833.5049189964227,73.75064493659397
Surat,20.072221818723058,40.90947483062468,0.0,58.96665950627832,34.58819888842615,349.4981856969524,89.00966237958416,666.1667160265162,93.20028113717892
Surat,12.257383663139858,23.567900328931906,11.893371054242028,83.28072568129325,19.157021048740067,467.6432013707216,102.28516964358872,791.4715460710033,75.57582599666773
Surat,11.891909385064544,13.106096867502519,4.255857202420774,75.84779343930501,22.6858485380908,513.6741961810604,94.30210703901611,855.6121141612442,71.99532529056755
Surat,0.0,7.029395961793304,0.0,48.13087339150562,35.93722054391253,573.013380763247,121.50115637822485,837.9742230478911,62.15171836192518
Surat,9.422641420062686,19.972025447213888,2.6602134341654065,71.6877748373473,21.73843036782371,518.4738534827104,116.70898954435529,848.163958005975,66.86368473747386
Surat,0.0,19.120261018533427,0.0,65.05275975875136,33.687925660746174,516.9573439906216,113.43016475566793,816.4054240608433,71.6510019985144
Surat,1.9776309690558591,6.021135195451247,11.46426498400879,75.72670726799238,24.154140525123296,551.8676449376029,113.72853918139597,884.4683367926096,63.660661913516215
Surat,15.81219758170652,12.769850815386182,14.102758815686755,56.6287093086891,11.161059924164121,538.181231240169,121.92960563324213,937.8985127633891,71.05875531933604
Surat,19.482478826552644,15.649806921200058,0.7693878562237195,59.43016345153024,35.76161486244476,432.9694148041868,72.28481908604,856.497904565417,76.31495053322405
Surat,0.0,21.73657859542233,0.0,56.39482719622376,13.623918726541408,579.38634124857,158.18192714409685,767.6605804274344,51.77295758269078
Surat,0.0,18.405557134399253,0.0,56.67680614690517,9.297936425425533,635.0702211690466,158.6336485796052,771.2924069713124,50.732799322222334
Surat,22.28795279021849,38.80493575103091,23.434315802304482,84.59839308583093,12.149547510394784,397.08134034721144,85.30108307813383,691.362809132317,95.22423807067256
Surat,8.305706803241176,33.714643219983216,23.814844675746492,75.64955714939899,30.616462897844343,405.36100615033035,84.36750537657835,704.3631543904048,86.20069623604202
Surat,0.7017316819141151,14.08962859239306,0.0,50.22471410354217,12.782252872624095,605.8576152665742,142.5958039571352,817.7412561750251,54.0617487724038
Surat,17.34874859345306,31.84372636995029,0.0,72.31450699725896,12.1224575339528,521.5327490960083,122.92147939473445,761.2708581296205,74.470449145048
Surat,7.127117163165529,27.014175345471415,6.886131202517479,84.59298870126,43.413256048700596,412.3314282981721,91.10680154977588,736.4235065195417,91.07047854008309
Surat,19.598809719177886,7.478856535904617,7.780286953544724,84.22725099372556,29.09659342258241,473.15272734300225,90.0603281596381,946.249931659629,71.34216879785475
Surat,0.0,13.873648676990758,0.0,74.49442845175763,14.047746156034965,597.549002234497,140.91511097158534,894.552729001886,57.001346174030445
Surat,2.654344097542829,19.867473678846288,10.601429097889703,63.84401483752528,32.68866631066615,481.48257629365355,100.33278396366808,797.7669211590614,67.85730210601658
Surat,0.0,19.44754729033783,2.656667879277581,78.18992898989794,39.381097739207775,480.6776106389018,105.07083852653352,801.0935520164818,69.72035796561335
Surat,20.412908149709622,39.19367976873377,0.0,77.79449856340293,38.331342993989146,337.9521241072905,79.86267216135172,670.7695609369014,94.41815767239594
Surat,10.2411986424232,18.861109162170585,0.0,46.93694012116274,29.458255127241742,484.2129466386804,103.564686413537,829.5479789284952,70.05108089873846
Surat,0.0,37.06385167271644,0.0,71.47743826927936,35.08767376360478,442.7637992060565,112.4580621488184,683.2254791757636,76.84402051914397
Surat,0.0,22.564378742109977,11.746564427005616,52.04515058076659,20.438866254109485,552.1352703728314,126.85217251185159,790.960455266899,59.07690253907633
Surat,0.0,27.271318007958584,0.0,52.80184064039538,46.936246919855,432.18327463221397,108.46793318793074,792.4709404665371,80.95384803264305
Surat,24.245943591623003,17.43400874654988,10.789225411772616,54.16288433637556,12.161375591747976,465.58456541174684,90.02845048239169,865.8236387555597,73.54359343567226
Surat,0.0,36.04430482709882,13.93270641162266,75.50708463069917,27.4106240412697,494.8382175793447,108.67051270492813,720.6999808395867,80.0289336141999
Surat,0.0,38.34713779635325,0.0,75.03281681372347,37.80485331296333,430.1698851026915,109.81778169479604,634.9829151501526,75.6134980703878
Surat,9.193384697317736,32.63220149592999,0.0,82.83273246132255,39.32949013671174,389.48687933332207,83.42767876459105,733.6509457807892,86.45874544776407
Surat,0.0,41.368041968532296,13.547759572160665,60.213907262035605,36.707055227920826,398.54837317132393,111.39185384763783,648.4374104136514,78.27628149536797
Surat,0.0,7.180629625942505,0.0,48.108846013743964,22.332350358549174,623.9955905877134,151.31323073625296,894.5070039564663,46.89454929167745
Surat,13.35179309916554,23.34297212831401,0.0,52.728813540076864,41.00135893560943,433.4520626553838,75.77627235349013,785.7140692577648,67.43739646962234
Surat,0.0,21.17041424663552,16.344573125931838,54.541598605992476,26.86556466230086,529.1378117147092,111.15040105514565,826.8263790648986,70.7788500054218
Surat,10.905626401469945,15.758491264571923,21.07757036839441,71.2143911906777,42.151817016595075,388.25537158260914,65.24438623882072,830.6262787131087,77.53386421429427
Surat,24.625903211105687,2.6960202126628516,3.410732051750852,76.31659487118435,42.027412226780484,423.9249565719178,50.0,1006.2963445461596,77.6785629841454
Surat,0.0953220730792772,41.46013071474435,7.84182795902008,52.39516774116961,44.60021732552951,375.6925168547665,90.49546196024453,591.372621781033,80.83776315581245
Surat,18.110915792559005,10.570867189598758,8.778442548122399,69.35126544506005,12.247948915193604,554.2101959746125,102.21927929173964,903.1274993321977,61.04252685339763
Surat,16.005337679331078,6.767798886709723,15.526381596151836,59.56435240400974,40.96253033003814,435.040377870361,70.6909927819604,920.3000519194735,69.09076616715362
Surat,10.082281370084214,23.43513285916018,0.0,47.66650075640346,41.06328958892984,447.9280843060991,89.74178813084413,837.8231712739755,74.37252232414792
Surat,0.4329728458989237,3.3811776707641386,0.0,56.16402935607368,31.359856816722026,583.0072972621277,128.58090566083072,932.8878736056907,55.02019403602419
Surat,0.0,13.27247120728153,23.985749929722388,80.12800017275507,22.814855217107045,535.2752069541016,112.95200775904067,934.2959193405603,71.00543525246303
Surat,3.883563352959939,7.87110367939292,0.0,73.24726899254526,44.789541735222,463.13743820547245,100.73031392408235,908.2992557951519,62.045075980652115
Surat,17.31361231162812,39.62462338299466,0.0,45.23371958685698,27.319990287072674,428.1291520358972,91.75658131739665,700.6947219213624,69.84966083829408
Surat,0.0,18.553247096910944,21.999114723613204,74.88732016837031,38.95038354392725,442.1973527290847,97.02524492763501,816.0595022215621,84.04375742106882
Surat,0.0,16.457366140787368,0.0,60.704520418444204,14.454359602831836,584.912497614434,153.72498691771074,824.8183610269141,61.489590123334764
Surat,17.27218464952464,37.53523407842303,9.000019949127665,58.13914048141461,25.643531032958677,397.3859843011446,81.62522356651866,687.5274335780626,89.2161188185609
Surat,2.2769813779931596,37.70584041686904,3.2227532206199534,50.54099389967611,32.776720107893624,461.6797586155304,83.99314790253749,628.5445534628243,74.81809980704239
Surat,0.0,35.59620042105164,0.0,58.067601572230885,22.09594929235415,517.8869396471719,139.33437070369195,639.203468633701,62.63530562242177
Surat,0.0,19.461969845738817,0.0,45.31178509399437,36.32972189729336,482.70406018905925,118.91335906881376,804.1047794862649,64.3286899251345
Surat,0.0,28.095665285748954,3.9202811979572942,45.91136169857353,20.83947009112886,517.0435764452083,157.49099867561665,778.3064474823119,71.40348725058584
Surat,4.309226288994495,5.169042555087259,11.00802529433355,62.98482419509896,27.93587037131092,551.2699712001387,115.23151014731091,923.4986405133584,65.62737449042366
Surat,0.0,38.83865073471879,21.846022214523067,45.8577410050471,42.8911331754615,379.14400916251435,85.96357187382226,645.3699606066684,69.3804653375515
Surat,0.0,10.842883970104722,14.432893970687015,46.26788179475575,25.98419377054525,526.046557339899,131.15681559337312,867.5396429454711,61.23240653265037
Surat,4.922107091908856,36.79622706877363,0.0,69.96041722103168,20.95459191305973,495.03181955901437,107.82850323028377,699.7999515893404,72.15388467817989
Surat,0.0,7.606229924797038,5.331023524535642,72.8454437882322,15.817108159543702,599.439576592049,128.04170447078764,917.5911856347163,54.87265176987757
Surat,24.89470237771465,29.786568908568377,17.91281011261767,50.70912171254798,29.911385914625733,372.90102797386095,50.0,759.4317763053328,82.62049734429138
Surat,0.0,34.72520968992003,0.0,82.77981275207135,47.18782069461893,433.77562780167307,102.42943178367966,682.4518462834603,74.03780518062253
Surat,0.0,28.911633670773266,0.0,63.465019086469596,17.687758677497456,499.92058963235837,143.44266674255897,724.9742032376937,62.72194815162658
Surat,0.0,31.224978736018016,0.0,71.55420274924444,11.803647811591887,551.4200146908292,156.94932914009416,727.0535431031564,72.85264320908871
Surat,10.583747625195564,27.44475388218299,0.0,45.830329754784216,33.081200856056356,425.4675804106259,92.52798426885464,758.2213162654648,71.28205868502039
Surat,1.207148680863547,20.74298212272275,10.122419748855922,81.73369844166109,15.287468145790182,617.3405522768414,122.19798648917916,818.3527281776933,69.8305505013102
Surat,14.846917492701163,18.38026492556883,20.8302055533114,61.89695666013889,20.06511330143325,439.853761264894,90.68691727497341,850.8247877131902,74.97089284590163
Surat,0.0,25.73101936519932,11.404704001849083,55.422743428252375,10.670763191001914,563.1137242526469,145.8026190809781,769.3316960044931,65.83620398330505
Surat,17.252031903160137,8.206989791282949,2.317252102916484,77.77561623343084,15.441724343647262,548.5021142670654,102.89663753466621,1015.8679128321899,68.43474144381335
Surat,0.0,22.942840590141362,0.0,84.95933636274236,45.18209808399554,460.8610761754106,90.71293779770629,783.2087453332557,79.59564347952282
Surat,23.063557569135064,8.670849083849312,7.119910566692006,54.64263050643467,45.05621611154083,395.1901782037714,50.0,919.0686139137481,80.9942134632605
Surat,22.994020743128303,27.00376835553118,5.686333461514778,65.63491648902195,22.01654915798231,421.49938590794204,82.19324881503155,780.2088599838877,71.5166795815257
Surat,12.421656217742594,28.828636079440543,0.0,55.921284370309785,39.30806706319126,406.8308130854239,84.17073657998722,776.4870367158171,81.83126463536107
Surat,14.403078372450004,7.457687905149919,3.06543600681988,71.04772832047334,46.175779052715335,418.95293663271985,58.24981424286539,984.5385281581869,69.2473140073807
Surat,0.0,20.26155225543375,21.774576961528687,78.22969770318606,27.714148709683027,485.10150800752393,114.72588145557917,786.049272613198,72.63338017689566
Surat,0.0,31.312995986885092,11.544231249164266,53.69268620152933,26.035689006960368,468.2854436754222,114.45731596458076,664.4125243929345,70.5147894238572
Surat,17.613233618183617,25.76064570516633,20.01480977712255,55.152468144409184,43.81802451342673,319.8300898948998,50.0,734.2393680384682,79.35161862512061
Surat,0.0,7.08124919649017,3.19562807815014,59.819375789621176,23.3055737844319,575.5700081865115,121.5829658536057,906.1065862564824,53.9560879396379
Surat,0.0,13.760002619804354,0.0,65.73707764035208,25.610847885779528,591.2486357237021,121.07881402434829,888.7137889152998,62.34992627823252
Surat,0.0,13.032796356641143,0.0,72.36814544132187,40.73860755831834,494.49883287264686,121.11216014087415,882.4730548072416,69.6999280016584
Surat,1.640403435177621,28.19009115238533,0.0,51.7311876341665,22.022619224464638,540.6732980549439,125.94437113507053,709.0964108607033,61.25365884209501
Surat,10.737682426013706,35.61050202334716,22.585197780758023,49.484116452438656,19.091940907599493,432.4862130932693,106.06225605239176,706.4489579816943,70.21541894965553
Surat,7.30496664356075,22.467736842190305,0.0,53.25212566902788,23.732202083988405,497.97252375921215,123.33188550558654,776.729195733776,68.4259730218366
Surat,8.074575197166205,28.890169948673876,9.424679187660352,71.76285323054444,40.40973382767076,446.0941748444862,74.85442149909994,743.0595303662581,76.79952782068023
Surat,0.0,6.35495995467873,0.0,53.36554764572232,43.64781104152892,528.4912473358457,103.23521221036772,912.0990982716321,63.4509926562407
Surat,0.0,30.923494184302108,3.875260973426574,64.18760921611143,41.837755623676216,465.9535863430211,79.56095789224467,699.8270371325607,69.76829001995978
Surat,0.0,40.941083821271,0.0,66.26455850272016,45.071108674299886,460.0947921200782,102.29927242159661,655.7981131965997,82.73236098771667
Surat,15.42945904407636,22.40976245409474,0.9719159954069312,83.61465487049709,19.391918539480717,521.111519235623,115.98875263690044,776.6579631853364,63.16739790579463
Surat,0.0,14.340143275757809,0.0,70.23826437478512,26.917392472203222,598.7755442071666,126.36690847227266,899.7304307479718,66.79997386422612
Surat,0.0,27.448143958169098,0.0,55.137764559270686,44.007988105637466,447.4392971345603,105.21101141219023,774.3037879520915,73.55677094976774
Surat,18.628800772075053,25.827235828752045,15.990399090447635,48.75938913793071,30.88835442239932,379.1716509797428,66.78746575679168,861.0860675249625,76.60303008693634
Surat,0.0,38.38210119441845,0.0,55.71365820877814,9.023606891398416,572.8197358070262,147.3340205006537,682.0319983045335,59.37488360298534
Surat,16.00024973517194,37.91355592985968,0.0,50.841178313321535,21.679594752777888,428.59816994516336,103.54619184272232,688.2391170818225,77.95054948936505
Surat,16.33819308166063,25.71477432060128,10.418143610628846,62.88501371536803,26.54556105708115,456.6252159160933,97.7871343160084,786.8302083196667,80.14280730463312
Surat,5.327475620065382,31.393378053494207,0.0,52.85706290667131,31.2129209975562,443.88969201903956,111.54192677469207,748.0778230513497,66.47038749712239
Surat,19.110961970743034,23.37194347927697,0.0,71.77103810037423,40.94968803603969,378.53588072902863,66.63407920759623,790.2603120813133,78.84111870981798
Surat,0.23041628235862888,17.993604657954048,16.223456907384517,63.03509374910536,40.64371069286519,480.1696538070751,86.36021256728134,860.2239176842955,69.94162043254805
Surat,12.515646181530911,41.266236493870665,18.138371531718924,82.16416718835453,43.047141485481575,315.67470756979986,70.30706146978706,654.2572252150205,92.31051108871029
Surat,20.889694747722245,9.685930592272525,0.0,71.61396332736933,41.04228643037256,420.0889817964654,67.5622199504554,1001.0988704730183,81.99303993460501
Surat,4.92981800083038,3.506324289659986,10.888066155210133,82.39041446257949,13.803365387681483,623.0262491739688,107.7631758691406,930.9358732562233,60.734412909579696
Surat,7.256786085671514,26.958581777532395,16.164733737301688,77.3586293415884,39.77355445004741,413.8126243913377,65.9830976454025,709.6213426277868,85.14001101180025
Surat,18.25751860171512,27.572777955990176,0.0,76.07216499558105,22.27804589551805,449.8044013138559,91.5557581239089,764.3774585309014,75.92954140761097
Surat,22.217918074001105,37.45512689259664,19.614185492794796,75.26418947887282,26.277501353777083,360.3044533297965,64.53897035018348,677.7243341251384,88.84718662441074
Surat,21.287750799311375,33.69740463113132,13.41442417695606,54.1128545081897,19.701349385695327,427.13858760003905,74.6869397733077,739.6834219455129,82.28406925993119
Surat,0.0,20.993484657494292,14.662438759359919,68.9965738121439,43.13607002969788,449.755759388102,87.53768570924888,757.1863394463703,68.74631145581355
Surat,0.0,23.622200050662933,1.325890575107195,50.28013465984173,40.152659545462306,485.16067023202794,117.2651293504769,832.6110573162886,67.41234752279962
Surat,0.0,37.79833053844192,8.469338902799048,76.98540579016492,8.852267739292056,532.5194537946086,155.12836734838763,710.3913113009412,72.55506867801992
Surat,0.0,11.260433277737455,16.813918904731842,55.49675243743193,10.15670437868016,613.9892619424647,125.80812151696979,834.7952056078633,60.381716277409964
Surat,19.374640468557082,33.28689710982444,0.0,75.39636339825165,27.800670272722858,399.5835441546682,74.23236482723598,724.7122085481112,81.13301778760406
Surat,5.034343032552293,28.680202750540673,17.267713503948407,60.66759173592601,10.254431702437799,504.84710133300376,131.6619551395797,731.6885699297916,69.0033462255751
Surat,3.0074120866270135,37.38688503118448,0.0,70.9042907263307,35.1904261023537,446.0243394285418,92.19296761349439,700.8307760386912,78.40138136168788
Surat,0.0,3.2237790581641086,0.0,65.47049378746664,37.49241662178537,573.9351479579466,111.15707122600523,902.1093982816951,61.33517509801457
Surat,0.0,7.950002293851542,14.694246012322207,48.012940275303535,46.44943489211058,481.6812535946447,98.89344286871876,859.1218704512002,73.24142789055887
Surat,17.4338923218509,5.553707369301073,7.916708561689056,82.79095943315701,8.477120354783679,590.6167669221842,126.87879329780282,957.3428035524805,65.68109146354988
Surat,21.986672813498537,29.47178747097597,0.0,82.85028005267128,35.30049230997396,391.7215489976982,83.31330625856727,719.2753931836995,84.55126062536499
Surat,0.0,21.76360837684599,1.8612314843620332,50.60630819236198,13.195543343377992,643.0842511618857,141.94280839869748,790.3300445684251,57.514289240496076
Surat,1.8950144635856017,35.43592599377241,0.0,61.759422469668,23.003646253190375,524.158679865462,130.22799519642206,703.8624400818729,74.41272116179115
Surat,21.926241191202088,17.218390328412195,0.0,61.222920059182556,37.498279520493526,404.8836229080083,61.91085972644055,850.9843413961615,75.27108360316348
Surat,0.0,33.2016381396904,15.621464535263918,50.744601229327785,21.313208701716462,478.0289267780543,115.96535424722381,709.7257334637214,62.36658904893736
Surat,25.247894485395264,16.153944031925484,23.9244859622584,72.30608502940984,15.594956898508944,443.0727590896015,83.96346038423854,915.011249998924,87.2834556107992
Surat,18.57154980993876,4.9806586568573366,0.0,57.90043457932869,45.94437439089175,422.5770850048039,80.10806820762512,919.3396470295656,76.61036519943057
Surat,9.971466506260501,25.22311335006866,14.159675064187084,57.76486185039592,19.57555155712717,486.82930809885903,96.34746529263322,801.8166575520066,70.1448238709737
Surat,21.896000311731775,38.387682368934676,4.471867771327219,54.97350229449608,31.747674762080813,401.8995048916226,58.085870463649684,704.2461862995033,84.83048867867207
Surat,0.0,22.633265674327372,14.615258103064328,68.2476658242388,43.92183280980504,398.1661025293812,77.10687712465221,739.5965991468771,80.69046833299105
Surat,13.390335299286626,33.409477270901235,17.829373342115538,79.24410328517158,23.659081300928204,432.3278646351989,76.99115044972463,703.8111313295374,83.65014122337683
Surat,25.4572731079966,31.108370786808962,0.0,78.26872915750592,45.67300563453987,321.39604416072837,50.0,752.2881979624506,87.89073173054094
Surat,0.0,39.91686718678727,1.3966656765320948,73.98673569677439,15.247193918227083,529.2606741509198,148.30850617862586,615.5611794092873,67.71591120453029
Surat,9.041057628775526,37.379742474605344,0.0,49.13263658848469,11.467047494966234,446.51050780610376,143.6046226438127,685.7160838101184,68.8586957733669
Surat,0.0,20.794969502654816,0.0,47.16822224496261,39.93173074357349,496.1325867336973,134.85188629218078,799.8950655697115,65.8405984184309
Surat,1.7952710579113678,20.013748887878783,0.0,71.3432215651914,41.04243263173705,471.2492909207079,80.91516461989934,762.5547627120543,66.13097034545012
Surat,6.680795564263491,10.018964640998366,0.0,75.76043096676597,37.08784274326156,507.79707591312956,93.7584831230721,911.6014316258751,71.51200815940403
Surat,4.424123986953404,34.22930105950287,0.0,79.05966143137925,14.724144007248798,523.5536349518719,138.62696830522341,643.2949680954553,76.2920692922595
Surat,0.0,34.14109908113234,0.0,59.07775308132221,25.43773184389619,488.64666024474866,125.0186436119496,709.101745026434,71.71308018929139
Surat,0.0,40.475447847106324,5.09760305568993,81.89539164429667,36.415132254717065,454.43802881842265,109.3442813511857,639.0351908961101,89.91305015687374
Surat,0.0,39.79265853239367,0.0,50.14555513995161,17.53939521587271,526.5052571411004,129.64752634338902,678.2924778760262,64.93627078751807
Surat,22.25795344849101,20.19518080943929,0.0,52.139798977642315,12.266834556406893,474.85088906097485,109.51491570950282,871.1940471155198,70.13003131836636
Surat,4.225834257169382,34.875606084690276,0.0,69.57327042052995,36.50524263842564,480.2416877172378,102.85126924529709,672.6683231316193,84.61719369909949
Surat,0.0,17.495386398324,11.45205257739357,67.34512796753998,47.60492720461925,461.45797910517,88.53237220412767,855.0893263749189,76.54399409048499
Surat,0.0,24.44790816878092,16.238349981682894,45.93323261181297,15.292593689607605,536.1689600396003,127.01278451820835,759.7455915659998,67.67690988865161
Surat,20.545037720637303,22.953891844259775,0.0,70.02623420879998,47.71414232973081,359.0414869663361,54.64973585755655,823.1902351996339,77.55941512176037
Surat,0.0,5.099317336537798,0.0,63.282932909685854,11.96642748689073,678.4380010751477,143.94432715066802,972.7362543769657,50.23634422493209
Surat,8.088349393892756,14.080109434213364,18.15635226296167,71.84166083146226,27.577298684717913,475.23138277571024,94.75993507733907,858.1939999093123,73.4818593372037
Surat,9.481459102453105,3.877292939018936,0.0,71.89375731748461,30.127729237129877,567.3241762375667,111.69310627522079,1063.3366794087879,61.20217226371657
Surat,0.0,9.330031769587904,2.3837119646085725,49.63538366911237,16.200776308191525,603.9633923305477,149.24480923387645,871.0201379734691,52.85129697073988
Surat,7.64235574209064,21.256272815095148,0.0,46.83843880480585,43.969156947386224,408.18508911897425,97.94969354994146,807.5703911625078,56.583446918665274
Surat,11.395261823509578,9.669921340971086,6.560691996555779,54.75082467681467,46.15248955438815,414.5299787394129,75.03854537064177,836.3123961374024,77.8923770547678
Surat,19.309032965333373,33.6509644220954,7.936491714054853,80.02944574566325,20.144251831707095,390.3598579775315,76.5235039107399,757.5628907702385,77.26723447645485
Surat,0.0,4.495480244257866,0.0,51.10984542166144,46.595022247933684,512.5350886760838,114.62633363565631,923.8364449636208,70.63816758559976
Surat,0.0,25.61245403848357,0.0,82.5335084293105,39.646787113651,479.94417824511197,103.66369745924135,772.2673107516747,73.51245110019353
Surat,8.655079302373323,41.1666818988849,17.64351795089378,68.80897148766255,20.576273774413714,407.64024623968726,93.20125234575603,646.9161431780195,79.61090893413788
Surat,1.790394924109954,9.624320855607305,12.15310624391607,47.404567253389864,33.84099877428367,514.3413271323274,107.24144421532618,908.2601368136075,61.254516610969105
Surat,0.0,19.667001439254083,5.014314668992462,55.93267162555494,9.75366135799883,644.6158925869097,152.26876772407624,799.2740725652467,55.29943519489935
Surat,25.456187778764686,13.023635617641627,0.0,76.89751748560656,15.912442468054746,479.01916164053574,85.80511521460318,897.7532890916577,67.13628230488324
Surat,5.031282982752824,38.88495320646806,19.974849850040343,73.4542933618565,31.04179328267392,372.50893076535414,90.250018110476,642.8057370420248,76.91055121266142
Surat,3.524040502489825,11.066480070666785,0.8446931277879308,46.0373996460158,25.69923175022904,549.966159085802,114.26356011210866,861.2979141164024,52.945428810270144
Surat,1.0466699408061544,41.46941292851345,0.0,67.44981093641121,33.65683350706058,478.53223439701287,108.70203338727003,613.4587276412631,83.8181036939359
Surat,3.988258496443269,39.96591289653425,3.440085206431874,59.462113557047175,40.4742234130518,418.97144684676124,95.38124930327022,628.1036568127637,78.26813781280687
Surat,21.926274592704722,3.6935064927143557,2.9563605104652666,66.42880230711148,17.579434160688216,523.6905821668506,92.84524974765021,994.2593502327777,72.44724656243378
Surat,18.700620638755495,9.311640389224054,4.419361194657412,65.82881256853865,14.87653339754248,536.2234687501095,100.79711385013069,922.1124831994659,70.3566720607098
Surat,24.428723401334196,28.22910361710618,19.246825743138352,61.672265787384205,44.16192540164353,308.2959674387112,50.0,751.0999311437178,80.3721816676195
Surat,18.56283944331507,29.159378109535197,17.52810395543949,57.62940480334024,28.504275295976186,380.87377837606965,58.0549336898681,710.6050681125204,80.79866766844015
Surat,9.55164073738456,5.8711367230402445,0.0,67.14747960655458,40.75719482068757,505.8462569332146,101.28098714352681,925.944560749215,77.22539396360078
Surat,25.500792281130046,23.212831132994413,0.0,80.65717172372676,29.634515454870407,386.4974087242662,71.09912337119033,845.1869163540122,82.37784663932558
Surat,9.377133379956327,13.687606875170186,0.0,84.5163189030589,16.120162116208945,554.2003872968143,127.0912086627137,850.3839350590856,70.70141367355319
Surat,0.0,38.96057530392077,10.332683683038958,59.92252269482918,18.426422243988522,523.2387853120067,109.22141387941717,681.9459519514616,57.313925197295525
Surat,0.0,35.458019301916934,10.49081472299617,70.50142713642006,23.292275564383292,491.5859926116225,115.00869071741968,663.508671118942,80.38746923586115
Surat,5.743435427660565,29.963428613685878,9.650612231044828,72.91606259286092,44.293914811389925,400.5857797903745,66.34048703833587,701.6954599005858,74.93321320744424
Surat,4.022755874575967,29.154364466599684,22.058040445441378,77.49243628850745,21.369028475995304,457.1874351663781,103.73565645158547,729.1778746236092,80.42856779033168
Surat,20.300898376587632,28.21097975553485,21.951007384763948,74.55440365334655,9.077248803916177,467.93438440775594,84.58340197954216,737.3502054981137,84.0849016831187
Surat,8.489264400710049,11.817725422940985,10.619620455489521,45.48551058601995,43.11694954146609,455.66563517345185,85.45951499394637,914.3802459290439,69.85954221887403
Surat,0.0,16.08120436856401,22.553089930200493,70.28157798903881,39.0392119276043,442.6042863765175,95.38358331565883,875.2497703810811,77.42446583371924
Surat,0.0,14.27583689746345,0.0,76.60021674135017,18.31219013662486,575.5752316405104,155.33589444763766,849.3786688969697,55.976861850557256
Surat,0.0,40.00341214774654,0.0,80.7801467212793,22.058121817955744,497.01304301074094,127.2845435675877,654.093300659309,78.02440533279761
Surat,0.0,8.237405898608571,16.176250672717856,69.85346847653437,27.666633544207684,536.2466845691584,103.39181935963816,927.5278989461693,67.17872475251735
Surat,3.0438414459038583,11.528326273436827,10.51472205148924,80.57128287080636,23.27373308770813,550.2966978920541,128.85408704391025,833.656994681487,70.65096183651943
Surat,0.0,10.093533074660657,0.0,62.20501276221141,12.28360387628719,627.7506577681445,132.97154450281863,906.7548628206303,58.66482837525908
Surat,0.0,39.351489615517316,15.291358291738053,48.970196233693756,46.55549103288357,406.9560075163348,83.14019553443859,622.5345038353639,88.3119641234172
Surat,11.172224250179468,15.307080328312226,2.859081100229254,56.91654996089445,40.70131193374576,422.9573746058355,74.98672833421037,856.2956900974395,72.31969504269688
Surat,0.0,8.301751688899891,13.480387952996448,45.010401190768654,25.752427952879835,546.9494292602265,115.51357470760263,912.7059514707909,73.9305154156409
Surat,7.1687863704035095,23.689609108550073,21.022605534725564,57.29352186764145,24.420511483762986,446.84448963508305,90.22819023317322,822.884138650755,67.66123651741053
Surat,24.922863921152086,10.8245073150321,0.0,75.6070799426753,43.864663067140874,365.0423334088105,50.0,913.2798541936886,80.63950217545457
Surat,0.0,41.38027573359266,20.34330587662653,56.11123845313068,10.27767923173408,511.0641187292095,124.40137778065846,658.2045048080425,65.89394522410183
Surat,0.0,38.298320770847404,0.0,71.43936332719056,17.07001253975837,525.9863950350785,144.77104103682836,630.1232513265204,68.42778182434334
Surat,0.0,40.045432432698966,2.9898879967876546,60.833803065627414,9.304084095810136,554.5740907982647,152.97693214938442,676.5766384510698,69.56828101537111
Surat,0.0,28.27023539112858,0.0,58.012965493237544,33.41979437429507,504.82242616320866,116.67135393150241,732.6541345090129,68.58114684093395
Surat,0.0,31.651303443290672,0.0,65.72671670046094,24.92201801660994,542.9339514989084,138.57742113718282,706.9408282277287,72.70548450125139
Surat,0.0,21.887662222769514,0.0,66.05515034625044,14.71834208533947,602.9144359077712,160.4313457141758,823.0137395266865,68.01201219369179
Surat,14.692361100466428,24.720819673354672,0.0,66.09681755449245,36.02006949377001,409.3259330084654,86.04595534422202,783.7626143515836,79.65825732298786
Surat,12.931227798081814,6.519432849699845,0.0,84.67186696269218,8.018539932581799,628.0544508388197,127.21962730393847,943.9034302914914,65.40214983520336
Surat,24.943260668174865,35.61591929029738,15.910265894349855,72.32833171119233,23.836737010071552,343.6376573839835,60.936143667919616,742.4078085697065,87.06827976687012
Surat,0.0,12.101840714758277,0.0,66.35053827055418,8.226950807747244,616.9724172505317,147.86221214835885,875.9972069373342,46.03966445371523
Surat,0.0,4.571671235923283,0.0,77.5440216720396,18.880587864980434,620.8514568888912,129.586473244543,943.4013966924814,55.45993024521148
Surat,0.0,3.970762855839567,10.957170496072855,56.99791540190418,14.257650027475723,606.8825231309781,132.48145814626528,946.3548919885526,59.69140958002739
Surat,8.400302174592284,31.42523224977,0.0,57.26670223078301,9.711268914504753,550.2977734106609,140.7848080439022,784.8096234657851,56.90291121877893
Surat,0.0,25.55028211854263,8.95473019655908,65.56296357633065,24.932722183317924,532.0926303534427,117.32035294260363,728.295152630814,63.34099950962721
Surat,25.010298925721514,26.212125429604964,0.0,62.43324293622105,15.382873274315918,446.0555305025481,88.57888986462076,791.7441333444976,75.14957800592673
Surat,1.6079657401975034,27.585557431782146,0.0,45.949465401595035,28.252637819928403,530.2444682554694,120.62162448071082,786.4237736780148,69.2079233931974
Surat,16.41186001257828,34.283468406907,0.0,67.43365853639175,8.33873439047333,488.0778199902386,114.42102368653008,707.5583792512089,66.47605940055489
Surat,19.723921222784107,18.418099257378273,0.0,45.802713871318076,21.794983342311554,468.0875673046002,88.98631679943296,871.8640152914296,72.28214907249517
Surat,1.6149015415836168,35.085365232226835,0.0,79.67157133674732,39.118331298545435,460.54026088236634,83.88391794419876,713.127439564791,76.94420632108707
Surat,0.0,25.37336089140583,0.0,59.60451509369008,29.199003936372357,505.7429452052381,128.12075656796785,750.3766978575212,72.65775758826281
Surat,12.222905263117923,24.831771158550993,0.9793883818157454,49.25203703171084,47.021009138852136,383.3480271396249,74.92289956386622,748.8091334502052,80.34422706394896
Surat,13.604907840474759,5.62809411963805,7.371156566682586,77.8836412232164,15.976773525342571,576.6321053104875,104.86727403695579,922.5698729364549,61.587154107634
Surat,21.987672058933498,21.795876547353487,0.0,83.44738833697144,42.21471647859946,319.9257984482158,80.75858218375237,802.8463382192654,87.24902170633618
Surat,8.063373949108186,34.32150429128463,3.183725407475766,73.5120098220163,16.330378831498425,524.4180627755673,113.22084946404064,693.6082150944161,64.06938812809419
Surat,18.056864722638345,37.76013472592835,23.601721957777194,65.98381422087469,38.958731666476766,293.4666334564888,65.30817718883876,701.9951176399916,88.62055022018023
Surat,25.885130156578008,27.628675933876774,3.5734817501553096,53.25834317208725,38.96751409244818,303.6867938086567,50.0,799.3409379635954,83.3766844385566
Surat,10.761942922608661,28.20915767026606,16.817243483811502,71.19373602594283,32.64130958536698,436.88823093353705,81.91761716228606,778.7114951858323,76.7593129446755
Surat,0.0,8.891697883280013,13.191885915686111,81.62844987400817,38.31624275686551,494.25176963199306,95.4353302585082,912.1128075014341,74.73612343865912
Surat,22.702172249961407,15.994503444124927,15.638881565890312,75.86267551347865,47.947757824303466,339.40330423911433,50.0,895.7691281818925,93.46369111071371
Surat,0.0,26.62312651839723,8.270116637571618,60.806624048022655,29.499257604174893,504.0367999335762,106.15957668225654,775.1146719986104,58.79416762868735
Surat,16.39819552484478,8.084017922797171,21.470666349993998,78.438581506551,31.97360688564789,426.2455360383077,50.0,934.9377071198863,76.20505194150276
Surat,13.644471465710772,20.19738925743237,9.803163872419532,81.86238314329015,21.00620464408938,492.1684653908685,104.93240662449358,830.9185444699634,70.04968183864892
Surat,0.0,32.92645760412109,6.15542763742981,73.77667080769535,10.936172637922386,562.9497937278373,151.08005047681863,681.475661655166,66.80019715668381
Surat,0.0,22.167995204177483,11.820698005500585,52.090425143586096,33.80524366502098,486.10663994280713,104.42602648159645,810.9348058156537,70.45641102431794
Surat,0.8880798725868644,39.33107050790902,13.413956131791451,84.32186765917524,11.19695421446539,514.3951340844915,145.40794887601245,645.3352193243645,73.51998949310884
Surat,0.0,36.71858950424899,21.97243639049426,84.38744973235755,45.86222148847452,372.92201540862015,66.72048539274411,713.5389971723774,88.75124536584565
Surat,11.515691669187856,41.963575132822385,15.544865753055387,61.21657153294401,24.580501135612586,371.94560735433106,92.8590623666289,572.7445153609008,80.08667209023312
Surat,0.0,39.83543022085513,23.98317739754105,45.83340566334251,26.975321449177386,455.8665425458634,94.88282157129811,641.7413573386908,87.24246884919242
Surat,25.199536052669586,21.426296117329308,21.277870665733573,60.72175783486422,45.25819727303626,300.33449428931704,50.0,844.6310905913936,95.08588623500837
Surat,14.928935517289535,25.252695365432846,0.0,81.39812021968241,39.47210357382121,388.4956568735721,94.8947466203036,744.8118172613446,77.09746051163171
Surat,17.429979788336396,4.876075780613508,0.0,51.12204693336995,30.906089943138184,471.8006361432695,76.06561416808123,943.1885421867299,62.36172515244841
Surat,10.215409828741056,19.073955611571343,0.0,76.74258404183095,32.719914366775356,448.98448614586147,112.97504491273148,796.687226073068,72.09673645753962
Surat,18.015084698437647,23.87958349028813,18.417775469425884,78.34354229696538,13.036426244870672,456.78891625746695,97.49398402988002,781.3915039592267,72.90101340565673
Surat,5.108115722159489,9.001994786918049,10.254279732503182,77.81376074015057,40.40565653185611,472.40555541065726,74.55188330021184,871.2489954205741,82.18810879041334
Surat,17.60915510787245,16.06012714446906,0.0,72.88969914542449,17.88941497765213,529.7124857732578,100.80544946293602,892.3541527782795,76.05114661877285
Surat,6.853662518477897,9.718036794790887,21.516699610102506,54.89591793226429,39.53191670057369,430.598710373677,65.28765036356197,900.2978975776482,63.30950154819624
Surat,0.0,2.455967371625391,0.0,53.88390518629524,35.91921727727155,566.3410256490931,104.54706421529683,918.258513888698,60.22069666535592
Surat,25.692216542185527,23.352659769688117,0.0,76.24660881996397,29.711168561089004,371.17956585457387,60.090826657763294,828.7527569260761,74.08224995503974
Surat,19.633263056955343,36.23200930577285,0.0,75.24922052474,25.43954477745968,353.01993768837366,87.70670752120262,699.4014902123151,81.2770491838555
Surat,16.81344661265127,27.506293806855616,22.519210764878203,68.80783902728419,45.881414799734245,332.1985727439677,50.0,728.1299506513143,87.79735277828637
Surat,0.0,39.49136371441584,0.0,70.13925965227257,31.920060395937533,459.2571449318568,129.52011884170815,617.8050894951291,74.00695132338858
Surat,0.0,38.02439271363601,14.385801208197051,63.84136946806102,29.461502538672015,462.2691148898497,110.60970398901134,668.9705393878662,68.69327457273666
Surat,0.0,3.0956067886545107,16.898153818747517,45.906392188122354,24.810801845916853,566.9563557069515,128.1898787080066,984.8719059098314,56.62869675436983
Surat,14.601815405830983,10.675502638932983,1.706532420201711,64.79542842324143,47.40916727012039,421.5948139424136,70.42760324441929,890.8839102836632,71.58292299226592
Surat,0.5039641359102731,22.303593216863938,4.10167664628792,67.90262975564268,37.76417699958208,466.86879802131165,91.79481049614274,841.0445169377012,73.51795370625747
Surat,20.262423347292597,23.33759443032239,5.621343770811659,68.60093375146721,21.925645904275548,480.79763074164117,98.00038630617874,839.9725104198646,78.33291600721832
Surat,13.174559718325884,38.746823717880865,0.0,50.19310585298397,38.03310938991687,368.8002945646197,80.76071632137662,691.9211018886984,71.62136036343153
Surat,0.0,13.128726104154847,0.0,73.51220583570401,37.62645675157338,584.7069750798689,106.0326823024715,879.3395544408038,72.46991920187241
Surat,10.915654675712226,19.986309664297103,0.0,74.5615592804531,42.42589094107879,407.9474051200701,72.0366469723135,854.2126295865428,74.59610452000481
Surat,14.373863483238935,38.90849813296905,0.0,49.57659963452595,45.3182085987106,332.29832153874486,77.47404665684468,657.0052182738542,87.4793400781165
Surat,0.0,15.034895872526224,0.0,62.67125206387679,34.12201834504946,523.476315882522,120.30948610886725,866.2494165626273,73.96673489834873
Surat,0.0,23.126453369741913,0.0,57.353508890874345,35.02201125710342,531.442614560449,110.4257379880953,802.9042569076654,53.05381496855802
Surat,0.44910421185449323,18.77619025646569,10.848429279555354,46.46112636196648,42.00373515499031,466.0227561368187,92.39311994275235,839.1618386759197,76.58875073664309
Surat,0.0,15.04956101497995,0.0,72.1328868142945,38.172090096333655,513.8692135781955,123.50298088033004,849.7596240475526,63.169890863727005
Surat,25.718548643115895,2.1774686468498565,8.846260063558763,69.03206781697634,25.768204682009774,455.65636758898347,57.01898701503476,961.8928595718278,74.17305980892972
Surat,13.752512624266068,24.59906331396583,0.0,78.4255121991052,40.826955735344356,402.5652484041279,80.74729485939336,836.6131509410524,83.55180164000907
Surat,19.821886716666405,3.591721848346907,0.0,77.81312900466519,17.116492044802463,520.0202699095444,99.70357288540852,943.3415063973049,65.50365487717431
Surat,14.778647293536281,39.43565628446093,5.068228016583301,64.12774910619763,37.865869702885476,374.71707385574143,82.37714548908016,680.5059633764605,75.7358458847565
Surat,2.9482840343114596,12.253520602439309,17.3796113766873,70.32176079257226,36.3970078835809,495.88924218640705,108.52097476592976,875.3909707990432,69.4036076529609
Surat,6.5210768794208285,2.5875039912573783,21.316457646151136,63.65402166827005,27.70077953612901,522.2759449048788,91.65923607672958,952.68684005142,69.19047886582423
Surat,22.12625911527789,28.244353144531445,4.355185319071765,58.533920891913674,39.59049326454019,364.30249502177185,82.76453726059147,809.9918957352588,78.1696348662613
Surat,13.129577107555988,38.55823898983694,4.653876694605195,62.5317566989721,13.75744211312815,466.1113324625521,106.38220985532742,631.7428292385952,69.37629644852092
Surat,4.518330340250323,32.92064995184039,0.0,61.43171594560553,19.558308730924566,505.84068847728525,136.95576790321195,747.2189411025756,66.8858917678429
Surat,22.78924783314607,3.767560345925162,0.0,57.73667530521536,47.70571743066834,374.9691609827175,56.59600408050768,1028.0498790322501,75.70388953129662
Surat,0.0,24.38319056881156,14.296450248053361,54.357797039750686,45.25303626277038,428.1861124159111,92.12535406977422,744.6420281674714,69.99733789563635
Surat,25.098109178022476,34.31749525465916,23.695309797798906,68.79124323001147,18.025742638210463,379.68804782588717,57.491748916433544,746.7826225437424,87.72613406497545
Surat,0.0,18.171518585093455,0.0,72.74585637892505,27.331806025399217,553.7655425038888,123.11982136013357,777.6104054216559,68.78027471848307
Surat,15.966324736713243,23.550126850152758,0.0,46.61790009806371,20.666921013975816,487.16397041045974,107.34103443939317,826.3457955491061,68.82141294174615
Surat,0.0,8.63163387322884,21.685044433771246,56.58793053655046,31.277760838612128,520.3072190327659,87.06505175060877,852.8011613158648,75.13974952087462
Surat,4.2593487816460645,18.546137153797925,9.914217494294363,79.33172279156206,27.682192271232214,489.6764420331729,108.33511115961569,821.786747236081,76.02726483034895
Surat,7.226099659437416,20.6751258419196,2.0248193271145922,46.75072982850217,17.982499373121495,524.2104570761389,117.1396956903973,837.6854752329605,55.53284614284696
Surat,22.906308477759737,23.97515026056827,13.829979564839697,71.05369791626488,45.14780691521271,343.23798392134205,51.67234789363512,844.4580268890898,92.0505741904069
Surat,11.775910606845724,3.158016255645137,0.0,83.08924877737971,28.326588618546776,507.8711534562641,102.11197727485848,972.4536422101218,71.42724346183613
Surat,1.9134668944723146,13.457175580638822,0.0,72.82728608838448,44.11069980224728,491.59232215208425,102.78033348711367,852.5879683945703,76.40307749798048
Surat,24.099649600662325,3.3449374509178753,2.5390509615039143,66.92370293465709,46.387291386135175,371.4902980639357,52.26601297427299,960.378815054085,75.9890880582602
Surat,18.960030403758132,16.18641196335212,14.924093474602476,74.95605939688566,37.684288156548995,398.6525626648859,87.22146794545039,887.0792198888579,81.46309882787895
Surat,9.401649363305008,39.41903472633655,0.0,47.04447377218983,24.56911397648443,488.21147263239516,110.84420958692284,661.252290260239,70.85466580176066
Surat,15.165112584934022,6.684103632122397,17.026549630103503,47.932417929643236,9.969501242809809,574.0778257752781,100.33392175007218,899.7278098993071,63.957931216601615
Surat,16.573354678443106,35.45541052359447,0.0,81.78278928858401,18.95001449316357,429.28575874123067,96.63665020160258,681.280898776326,86.44082625337552
Surat,2.8941092396821446,28.7536734384797,7.777285378880393,69.99838219770251,25.43888669825648,492.3090746403674,93.72752377662297,740.3873359496004,79.93524877629028
Surat,23.677942367988678,32.17428360573923,3.614322802785132,68.55868853318904,39.56825590172538,341.8755709099655,61.38939823066434,793.115692210349,90.7765144567661
Surat,23.341139566410305,28.74203320166141,17.96722662586052,84.21725408664543,8.72565068280479,412.4811743267519,81.00376935336641,816.0293473639113,84.54029760807727
Surat,4.3847009241302395,41.554947569350325,0.0,53.664636640706185,17.31592529054479,496.9303127302883,140.6088117329808,649.0324153746081,68.39767753938499
Surat,0.0,15.537500929019215,8.965724279166807,62.05161920636384,18.3707604078055,559.724605295816,129.2846822790577,864.9271782301294,69.24535135184207
Surat,6.010264273108401,16.64994009863855,1.763923033060646,76.98858457071012,25.340644057122866,532.6938763953591,113.92422324997912,886.208951083596,66.2911015332389
Surat,1.3688414374887152,25.896609895683273,11.683342065208869,53.50747156377323,18.164240258167435,510.22579909128774,133.0551479991335,783.5495652272031,71.79935319135068
Surat,2.9752967785685307,30.54532257238712,20.85990216676634,77.30987800232568,44.0417832366791,385.05883619445586,81.14544913267643,700.2255227767428,83.2989481255131
Surat,19.699826951261393,30.586555682965496,5.40174528807372,48.07416573218315,39.12961826078833,339.90315029665203,64.86820828235983,761.129266842271,80.58552362821419
Surat,0.0,14.368571610097243,4.707444573479243,77.27924066747545,10.303094290557475,599.0091250985278,150.3006249171092,859.9689673971,58.01085023740314
Surat,3.2750197372489076,18.506812459264726,3.4170978443511864,59.38894318449504,47.53528653381092,429.6244297287825,89.35357321313072,843.2207093491378,68.2096706665696
Surat,17.674555002501453,6.735947178287914,13.8591519327795,84.38127994501068,42.01805238535526,393.22288803729106,64.82368398293059,910.9321127915013,79.86253054738434
Surat,1.7363602941875413,39.480129544167674,18.074794873676936,46.33239052029541,9.496931396931451,484.83609504786705,132.49660896311414,660.5195923151441,64.52995999496146
Surat,18.96871560682733,2.4205131856815427,0.0,59.27770654182352,11.606524151309983,567.935357037767,111.3026661744554,990.2135478951333,60.30471205213675
Surat,23.390561636440438,26.054680553322388,0.0,49.2030560359928,41.58598538303007,345.5488966223164,59.973794867675565,788.6192031273031,84.08738624202283
Surat,2.4338628535138085,20.839182512449575,0.0,80.57453932846,26.45879311205383,538.6340119290708,121.16248645487447,805.6880497240434,69.7204073553565
Surat,19.875389695349128,13.717854041435842,0.0,79.6816393790679,28.413913332117186,471.1333826858235,82.16513561959975,949.333045421625,73.98901274603224
Surat,0.0,25.738657920292138,0.0,70.91731881824418,44.402499886458806,458.05301885048823,99.49043944866573,774.8312896076318,81.35784976421552
Surat,5.55172707675856,38.62050136942004,2.234018650548421,78.22468286096469,13.440901660852933,507.59340558416324,112.926872349678,681.4288619693962,70.98837320871249
Surat,14.905272462594557,16.10148802416368,0.0,76.41404174360312,31.694495311543257,473.55612437482444,85.77116835195281,915.2601868189072,67.736909035321
Surat,1.476294150011963,11.430635712568623,0.0,45.930649254914655,45.30819632879517,531.094750611529,104.59019422877184,903.3876833910048,73.59782032245658
Surat,15.379609988622786,2.366947788520516,18.42424437361771,79.31716583236276,14.01645876454091,541.5419896286559,119.31467872177097,950.7990054209394,75.33660479748377
Surat,0.0,15.152971810301676,14.692521934821567,80.24600067961639,39.97742837913267,507.0806268741479,92.7128072899873,788.1028079410069,77.8645685449736
Surat,12.758139373481917,27.46848373917542,20.005852029964636,52.11140369647546,23.136791609018204,439.5534530172634,79.23189440235011,771.5367468511349,79.71631175692822
Surat,6.781362646665627,28.12302593329911,0.638960618634254,54.40842587768828,25.594252963640578,496.00312309723563,118.76882465744808,684.1978409552418,78.99894686846831
Surat,0.0,11.602143426573617,0.0,76.13064272109136,17.633542207194985,616.3768187419593,120.38149465953643,912.9693512544607,54.457603043839846
Surat,8.396109165447644,29.430512106835874,19.216927172701176,58.27168914880754,40.938840243377435,385.67205661972196,76.74562056913227,713.9871143668421,79.15089895862873
Surat,12.060392528063705,27.283262989248897,16.495443015398877,48.44467132031702,46.557995215502395,342.8323641751175,72.9008080268356,830.5523146662383,89.58884034848124
Surat,0.0,35.78277641110677,0.5128436191520862,68.75900753854614,44.70482040903791,442.0663121585051,99.71122041633815,669.3944496778983,81.84107224286794
Surat,0.0,23.199796173505575,0.0,75.81220358972675,24.959148486937785,524.4235701677305,122.53755354398645,788.4266061614479,79.85591393592652
Surat,0.0,21.51406970652153,4.572333718009652,54.07425082856713,39.93849899031098,461.7722043698045,98.55178548930988,808.2143077721963,76.3094273828436
Surat,20.49725485504264,8.24705668201937,21.0889509559632,69.13289973903372,34.4809885285792,375.7006879140455,55.91863405989511,968.4586853334453,81.22996140877717
Surat,0.0,22.93169702835093,13.835469913716764,55.07374555287015,31.95323648350893,496.9722123833651,97.3470796451782,750.5722593282984,67.37438391615453
Surat,22.088992203453984,39.29667181745016,0.0,54.90495335281453,14.125029923775966,447.7653600603872,108.36482835505896,719.1161237843015,74.29800373866512
Surat,15.787729475432997,26.336708730637827,2.8593913296168054,77.56647173766851,12.398422212244895,485.5529767999826,115.9031761195547,792.5148562107782,71.03568805527094
Surat,0.0,40.52634390225505,22.96681758895093,68.68904888822354,34.602865129787844,434.31072520159415,93.83185399111136,656.5742085512629,85.20690189245667
Surat,0.0,7.657128376183467,5.1436188233566185,75.17119970374645,9.598705257229934,642.6158376503897,160.26495606642305,885.8779720240974,57.519220547518046
Surat,0.0,9.662745112839836,8.048577136020622,72.61468434127544,37.2025200334003,508.02762604934446,105.05970252261609,878.2272877269713,77.14014148992125
Surat,6.602900459668831,8.398254387094035,0.0,51.52623922478442,36.273115049128236,540.4347274682237,85.75774249397854,887.0242456579705,70.37117308576637
Surat,19.17896289454564,36.73473452643708,0.0,72.67251909867625,12.708835951985435,463.6103393949877,118.55944063065391,724.4050703732767,72.87822814142314
Surat,3.9621823220464876,35.99769501449408,0.1986709001603586,77.86340649806326,25.655573190317675,485.78892490347096,138.55079644030076,665.4260595027779,70.00167092219749
Surat,18.538009946769748,18.212316283928395,0.0,45.6816747568147,34.835048791424406,404.96077441448136,60.560043253340964,838.1218110046306,76.33213187665098
Surat,3.7936860552143052,41.10364850992718,0.0,51.492027502775514,28.379621921806912,481.0001990462671,113.41440890191056,652.0056318919345,71.39275849239975
Surat,21.367557517061762,30.194894553833898,0.0,73.38852747871505,38.2103014088821,342.1933771223883,65.71352050322754,807.0632943583009,85.77473151898361
Surat,11.40781260998175,12.78003699406533,0.0,55.33050849998008,38.28730375073177,452.82389234850655,78.0605714625351,914.3525015873165,69.49421515127491
Surat,3.510106505016239,33.97341757745345,7.160784121065522,60.177434022587406,32.279882168634316,471.53799062982006,102.22531916289711,717.5001113801391,81.3208186372106
Surat,19.858223768657034,10.969402017638334,6.126710751968652,77.45534180588643,31.584986648854283,442.52043816843076,75.54870617043353,902.2155234832309,83.34937702583326
Surat,11.472897425299578,17.614624978282556,20.51573169286059,75.91935039247765,32.52322086513537,413.8478701008283,80.22515086412123,854.4727954991173,81.37077073813856
Surat,7.888016189576387,24.7053705397106,2.2389792080452366,66.6823096535929,16.20005732987813,501.27399360962323,124.24338447043638,844.1232932905979,65.51423479991752
Surat,19.75744438930439,16.026908607536154,0.0,76.92520969497377,27.308841997159742,432.23120010991084,97.58026510676217,921.232076827911,77.45794569321734
Surat,0.0,26.32034912120273,1.1900381562165272,49.53521154623713,37.40422321185774,470.7318188946902,110.86404774589832,756.8678963250068,68.221221647815
Surat,10.080591719112668,14.778614393900934,9.99304324726591,73.58663880168598,12.631935238436506,545.0995613567528,116.71329468477903,883.5412771602004,55.317995695203855
Surat,0.0,39.837746795061435,0.0,55.233093688969745,22.846540266721235,516.2129076261281,132.90520082176351,652.5511792713938,65.7683190076885
Surat,0.0,3.043093771646795,11.767567035498317,46.966084113843465,24.408553189988687,555.9921535491354,126.22031313325004,916.6807077175625,54.65420747689445
Surat,23.45098232477165,30.83911880058362,8.742710291019726,48.288991932561515,19.56417057489984,424.86846588690327,76.98032811030137,704.4293131474204,81.19251024482918
Surat,5.8868528414726455,36.30262057379578,16.37733578544305,78.08284656981088,22.524197956081856,464.67984837353686,122.81539099786491,704.5652582449624,80.52802952113848
Surat,22.06608647120948,30.0526665368737,15.470967412058478,71.47663143751456,10.898427082347968,444.9078934019559,94.15073800332158,732.149099119996,71.97159115456293
Surat,0.0,15.148982020415584,13.542386403083224,56.78939480200373,34.263880375300886,521.0727744524114,96.10897252338583,837.0221949074161,71.24254378717052
Surat,0.0,11.951149898431314,6.2139796540449055,70.70760888285963,15.428598487256446,618.6805248181581,108.50882315181187,888.1217868469528,57.20045362520642
Surat,0.0,19.527691792328028,0.0,83.22805867899825,47.58585392161291,475.77204676264796,90.15934908099969,788.2704675410452,77.2528393150673
Surat,0.0,9.831217995674894,14.591448560795563,80.67202840794968,43.437786368525735,471.4711623990017,91.05203612488675,858.111959572589,69.08486749346868
Surat,0.0,32.83543725841801,18.470124910128312,55.60820000435236,10.526100503846468,550.6142375395282,133.93267036428452,783.7218192174649,59.73597474519101
Surat,0.0,14.097127246909407,21.73871958365202,74.72529715147141,34.25595426983803,503.27038865961714,86.3491664013656,867.130859436495,81.18444051468832
Surat,23.980345146389936,19.124801175203032,19.04938933448011,57.79262154251517,26.281499808332534,391.42611164357277,51.2157669373083,885.5710757193665,79.16847186330857
Surat,11.285222272881839,34.77233241669264,7.395863816480258,75.99171759116898,38.58007577247569,340.0538608177821,81.31911588890051,660.3860885773911,81.69951240551092
Surat,17.87772893614179,33.52390624390329,0.0,45.33966527677463,35.56073097580642,398.55993678424534,82.7485765285564,706.2778507587716,85.16762459853607
Surat,24.829639846208607,29.66976070384286,5.118750400550702,82.08702907947313,18.213946283144068,435.15759488097814,77.54650373717024,809.651840878908,84.90711290281405
Surat,14.157162227409074,7.702895619659225,0.0,77.22544941220924,20.75782616121044,510.10519133499776,115.96047852904994,939.9448012597069,64.87675848792924
Surat,21.004109382946602,12.505981190229928,0.12799461945261825,80.01241500474265,18.143783508122908,483.6274690579655,94.11759279562743,913.5086625966948,69.54377643179944
Surat,14.113155421066832,38.923597873926106,12.554938844798663,57.63751782151633,33.8429387474561,385.55597109956824,67.90798164318302,682.319431228956,80.39008540377586
Surat,6.0891635345319415,12.616983249274679,0.0,77.78699033708645,24.910347436476506,544.4616253977382,102.79903553671359,832.6196752573163,70.82263113151215
Surat,1.456355900512353,20.31143558089765,12.39774896420204,47.93134995686951,14.476075246057018,572.9764932592502,129.13852618445418,839.6323350097435,64.55927416830646
Surat,0.0,29.83644463909345,13.98365463911453,82.14186375818306,13.58425087984582,525.9720094289345,133.0606853108302,711.7257862043355,62.97347532209324
Surat,8.652799733011385,31.969612817270388,0.0,74.87797085547243,19.692126409999144,474.8259052345896,118.16560546139915,722.9539384125017,69.83526048816626
Surat,25.787925216046403,37.672645681103056,0.0,63.666647359618665,14.453981507654865,428.04566940001524,104.30793562911133,675.4437544948521,90.09705071981202
Surat,14.650452960399534,13.539997242747567,8.21159717483446,65.0892637355312,44.12786344397565,413.5472575280841,60.87814032592341,861.8885873837297,67.51979899050657
Surat,0.0,9.74364438593568,5.66464770109172,84.37151242023603,31.462532689007176,555.8646295562509,107.29657749816086,875.9712471129654,63.74237213044655
Surat,17.174083183071986,5.591889113102475,12.060658760752787,60.58708287880074,29.43603224584318,479.9520581165314,80.54674964341527,984.2091884791478,68.6218434158683
Surat,0.0,27.279858483299407,0.0,52.225453749312365,46.159179235819614,467.54897590199187,77.0984382358222,744.0609982547863,64.99814018369078
Surat,0.0,33.53445748571208,0.0,54.61013844415488,27.976681058813753,521.4877280991053,127.646617010758,715.6120048071333,71.88591295565539
Surat,0.0,38.05719159630488,0.0,53.168828588959514,11.794980693734558,590.0424167492927,142.84709666291943,689.5113732001454,60.46043027728236
Surat,9.97552802246128,18.797564186665753,0.0,82.91969689332436,19.549043854025275,548.7308240588064,132.25069109272042,797.2779954882147,65.45919192346513
Surat,14.133013094607708,10.719136112165664,0.0,49.39825204540795,27.42302914314486,510.93281558023045,112.5509421712128,892.6012446247099,68.39250040951144
Surat,12.539860652505283,18.724402263524087,1.3770603137661475,71.97607184574315,23.585804453017694,527.9211336905782,111.44049454892904,831.187388561427,78.5855737555848
Surat,0.0,28.792263551448787,0.0,46.04283293657677,34.530528528763384,501.3456193684365,122.23312569608234,731.0651979415762,67.91394615185578
Surat,0.0,22.372661419172935,23.01620694702855,78.2269335383611,35.15133589381732,434.3505630571359,92.63283925822573,775.4375707638724,82.00059351664524
Surat,0.0,37.05581166619649,0.0,50.9565573162952,11.175030564827658,571.9758990732395,149.67852385487336,656.531037783511,63.30792419262156
Surat,0.0,7.538085188275591,17.641630494696017,72.59627970757242,15.860997723572861,575.958796778978,125.40374675419187,855.2464609729035,65.10991494745554
Surat,0.0,16.322867042785795,0.0,48.14534166420452,12.29968152846361,578.7304428498556,137.54105062665317,819.2624756472499,50.85918712175245
Surat,23.784082271138004,20.128110418558304,7.948888444162563,50.24638914255152,45.780356219884005,366.4465944149568,50.0,867.1321469805509,79.6008738226365
Surat,20.456792017542455,18.046287256800124,1.4589679579952701,71.1810788500589,33.14254527291469,420.3426119453692,71.83852278984304,857.6792886152906,82.32094974977934
Surat,0.0,40.14274173899008,13.515650990762424,81.6470611741189,19.514506768777363,508.34323327965336,123.63454956803356,666.7571822237593,66.85745193410108
Surat,17.62788722616181,40.394822711996525,16.681555746538052,67.56884484865358,20.776755151267487,396.16019492133006,104.68221240812368,645.1663638141208,79.52923410024573
Surat,0.0,22.96515159488865,1.294098251550004,61.27005315505432,46.48163533127017,454.9834716775186,93.07000005571555,784.9388760699283,78.34818477590336
Surat,4.913062139319582,35.19158792892438,17.101911175745975,60.15269162107876,9.331547474113574,503.70799106011566,131.85813283880748,714.7244458137521,64.44858349450232
Surat,0.0,14.448164482308188,0.0,75.31798244878169,44.14589511378983,492.36901495733355,106.01267773191108,846.9873329493057,75.4363084249162
Surat,5.084819616944767,24.202993097414176,8.018843884032442,79.98098457064322,44.918155571124366,384.10966789514396,73.67664296912261,819.3607304161549,76.06896017236089
Surat,14.810839597306952,20.79668076936387,8.24256485386644,71.48148822128442,14.650726182026819,477.9590987463995,90.84010762197968,807.5475710177926,66.89903565631856
Surat,16.75506765497577,16.68505172326074,0.0,83.15494568010416,33.867069889517765,468.5007581496001,87.41151276640264,848.5040658620094,82.73598773314706
Surat,0.0,34.38391096873506,0.0,72.66871532190373,10.95057154245113,543.6065285899352,142.3501995088017,661.471204551339,60.27395204813448
Surat,0.0,10.12136493576225,19.19170159608023,59.25835774900025,27.54792191470616,526.0587565178055,112.64884994992337,867.6358651494778,57.468694754435475
Surat,24.281886530690613,18.312176006237436,17.13394150441443,63.802019089741776,27.49241358078446,409.3781801134009,74.84695960965101,851.2343757466485,81.87863789941933
Surat,0.020780681540649937,18.54319036619862,0.0,66.56757937096795,41.0327135729281,494.98048503440054,104.93570163797405,859.081764605818,73.9187273417338
Surat,0.0,19.95486066001753,10.398846944840088,73.4071277772305,41.86165696465703,461.90394925334687,79.79648798541419,777.5516231664099,81.43439569803077
Surat,20.265567976606604,17.073309934132308,3.7436114895646817,77.39600153180561,20.966248306469566,505.7552335153223,71.89100565066641,830.4861386680475,72.97304912829254
Surat,24.987009140369892,20.684592788523023,0.0,57.41016409576618,33.04696912429728,405.2932089016928,58.66237208392656,910.2477075513706,88.56641245280534
Surat,4.724898980444603,34.575329021945585,19.125896376797073,74.22653379314119,36.72497852364573,374.4752239843867,88.08005024762639,744.6706440840782,85.66452261093667
Surat,18.489393595282216,7.226774215054446,2.905289129147846,47.648210104219615,39.41962560468697,434.0647227640789,61.2600732764685,937.989079141246,65.14562360383219
Surat,0.0,23.44675579749002,0.0,65.49515396798762,17.731814253663565,546.9082785645038,146.36937803830128,784.5448563241328,67.28723037836697
Surat,5.776650054516441,9.793831819892691,0.0,45.91706895428514,28.40843057026599,528.3374463185155,117.77036132263451,909.77163637468,47.678314070799665
Surat,0.0,15.848900973658687,16.01633209175317,56.87965506386197,11.507425498465505,592.2049179471385,145.33478149466106,856.8378035512203,61.01140335196091
Surat,9.774523360352436,22.872953308478998,16.107969213435545,78.37840064196726,43.86680549495723,387.49655817645964,89.93765217196669,814.9783399328253,76.2821719250999
Surat,0.03596422089618656,24.093233713759428,7.588809103468197,54.03336481778074,42.064452808113984,434.74434842757523,108.09583988313483,793.985073712095,68.53535326955718
Surat,5.739005584010485,16.404879424257224,13.988000913969628,51.37538121259149,31.193549170421257,483.56645969950046,88.59459679475088,870.011333246254,60.781673352735666
Surat,0.0,38.011709317924684,0.0,76.46243031610376,45.102498079451905,459.07970501202436,88.95320626465053,664.8477809447859,91.17773955052735
Surat,0.0,8.925556808928985,6.334505096992071,80.01652963903703,45.0250895858442,493.2263287125773,78.0174785877565,841.0222539938327,71.78454537887075
Surat,23.73737635460673,5.085505074676959,11.817071350662005,59.34189449237284,25.72971978295039,442.59753533934264,73.2122874182567,965.4989763784298,78.33799529301041
Surat,16.649113923347684,25.023939280471197,0.0,55.60549986543265,40.97948301591446,358.4084075825274,66.36956963574232,753.0376396265274,81.44523411181666
Surat,0.0,20.270215828522403,0.0,55.148985884390534,16.56421557560845,595.9353581621725,149.91747051443275,848.8128990806113,60.3960618609536
Surat,10.883119092130737,40.323893184718855,10.705854181520124,76.05856598187955,44.257406822628994,357.1095890570099,60.34527746253244,636.9521293824241,88.82377436262796
Surat,0.0,39.833685624114494,0.0,70.92938047627683,24.972205419858973,519.3967251231812,137.91810059782566,634.8357929968159,68.7441778901417
Surat,0.0,3.3425484457719215,16.603150136024823,62.84897088982226,21.96795107123912,587.4408854043045,100.18992793189801,917.8616028471332,63.16550909787272
Surat,0.0,10.99344336477268,3.6882450328528016,52.839292315875,28.476027427257097,569.4791631075527,125.64466139036094,846.4607696504418,58.41998475941781
Surat,12.36680651926931,34.56238128882365,0.0,65.1965904596367,9.623820722100561,503.0568753748091,118.86801503264509,678.9087672084004,62.73691591824172
Surat,21.73017661616185,3.2518358596568113,0.0,73.50968297590036,9.772127237282682,555.3985968805193,108.64065751143093,1002.8901033224694,64.80933178422336
Surat,0.6137677917943609,21.733134994322945,0.0,78.80821306141647,16.463988437669443,554.2528960523796,136.40910975018392,792.6408851915618,64.93328472923953
Surat,0.0,31.88864034315133,22.29137034524114,67.97411993416961,18.746953336042345,492.57738568501594,100.74536182130329,681.9936305147968,73.70283245100994
Surat,12.161474752844747,38.335367475938305,0.0,58.76133949099246,46.30412406874903,364.8786581672679,75.05228806361085,667.9840669124303,90.94607039478305
Surat,7.593448349727712,26.3644662838837,10.070528281743375,50.2573023670888,47.5699782570697,407.4050899665588,74.00020576899688,795.5209449920069,71.37226635586978
Surat,21.689401216110042,27.137760078393548,18.731396626799153,46.47493488719792,26.712410269114393,374.83621114029773,69.90202462601214,753.7061019933798,81.31788633941963
Surat,13.079945582090858,6.102296822909427,5.918684630718008,61.697709110338835,23.141548825252684,511.94231323889284,113.07588027446175,1002.5190122979856,68.11030416651137
Surat,25.427062467431,7.729040256260479,10.023060827704917,55.01712704578349,33.28687930484999,411.0560367750207,63.090842076360545,904.3278331222374,77.75596921621923
Surat,25.483157806421872,20.30851344171172,15.076687417128074,50.26918446903642,19.49348242523578,409.0343977178464,81.32565860234313,858.5208889442509,76.1701146514872
Surat,8.5269892768771,15.213592020859144,8.29876054893585,65.3394509405389,47.833833508093235,417.27525581504636,70.37383451236181,858.9896481144491,74.6103720495996
Surat,19.90708187090138,27.965311312289675,22.796960239640022,72.94621469360293,40.78663133257063,304.7948048402988,50.0,745.5192572931427,92.44844251545865
Surat,20.85244940206134,5.795090508808766,0.0,77.70106570866758,9.103175393521617,542.0394654434277,113.3072045836425,930.6217890600437,67.47629310545852
Surat,0.0,27.211983398854777,3.1433455958918053,65.26308568030252,23.34572600039606,556.7733082864158,123.63540193445286,721.6992158388471,65.86035876833617
Surat,3.1347909687042517,34.58399332255085,13.42973104139351,82.98161041789102,47.353267975131956,369.3115083330146,68.52712306789606,676.2813768714425,84.25399576012171
Surat,12.7618552212328,30.056826139637636,16.616856365162498,56.77681739403778,43.21166732962958,343.7618435064886,60.22055520999256,780.6813490630298,80.00584717712091
Surat,0.0,30.365702585749837,19.369401790465204,57.59087915648209,41.37884651268162,415.2860969382695,85.07384124844515,711.3005817982495,75.93313743566793
Surat,19.60474332293728,12.175373827018532,10.655839799750495,52.78946968820653,10.92500687920353,535.9010494266772,99.42244882955701,920.1277195086153,58.40239485371501
Surat,0.0,11.255696645097329,0.0,80.1010732047423,39.055327531837705,535.3580859980889,122.041431614654,869.1035184277729,72.58928325994462
Surat,4.898137066190127,16.281531676342013,0.0,79.44983919493365,12.000699917826145,592.3839574137317,134.65463719261385,838.6581203244402,64.5533316426057
Surat,0.0,13.430439093098084,9.265750999946604,70.55275999297317,11.160880681272268,622.168139105578,146.86823728817714,884.1320392278974,61.22571998467046
Surat,16.23027995016318,4.129687608068565,0.0,53.296638860230004,26.69629815079704,528.0550538108237,102.62530636620303,1016.5163879260118,66.42894428032288
Surat,0.0,23.72990546169519,20.597042617485272,78.06641672665964,8.161272724567677,576.0676906769447,139.16573561947774,819.8759263316055,59.137749182335654
Surat,1.1058556220605311,19.664524226895605,0.0,83.99069774334167,15.244228371981842,619.0625662403871,146.94226423295305,835.4420130649578,56.61527480961071
Surat,0.0,16.3833560881821,17.324319924316967,72.4336339293258,36.90733989562861,487.3009402100983,87.1144599923294,820.8889799080821,71.29142591926048
Surat,11.154687481623696,32.961261447776295,0.0,60.93610596411487,27.766379241093517,445.5380941767215,99.78717076338816,706.0273023596937,63.03293764958077
Surat,17.226309638227292,35.52805075006233,0.0,67.3405829782148,41.970011143419406,358.40148875148054,72.77695516447268,710.8782218957131,97.40687657670632
Surat,0.0,11.167216628022917,9.015190097140831,79.97752728262847,47.472297150229345,464.7380628457558,100.9806010812191,847.4679314969536,77.01748240012618
Surat,0.0,2.739707238181321,4.04940228385205,73.3901628575974,45.82075660885413,497.3430751621077,92.01513670082973,945.9763292458376,63.03334103938822
Surat,10.082660672614281,16.158197058324443,0.0,50.230910963380474,36.50536423107974,472.26791393124006,89.16224202043323,856.293632114332,72.53194174665158
Surat,20.102638116424195,18.377344891029416,0.0,72.35754416347898,36.1789324567208,402.5081351572513,59.18825308528119,858.5828693540119,71.97412754439831
Surat,0.0,20.774127589708666,10.295413067931925,51.125087939102194,31.6853258595329,551.098512646229,114.9896092599754,766.929839918157,67.18790527461877
Surat,0.0,19.48985364624865,0.0,78.19438127331622,33.86857306449299,511.20665943564785,118.65922436972333,792.2079587455896,78.57386494196517
Surat,22.09625790399911,32.79356049160186,13.719310643174875,56.394858110578944,44.93885227403156,281.7464899481837,50.0,782.5251961440908,86.52198062565303
Surat,7.046949541318625,12.802657428927782,20.11577168282102,58.97639145998121,46.06529737753054,422.98684908474416,76.11466024975124,856.6349889071666,84.00495276363479
Surat,0.0,19.895750119838713,0.0,67.30894861558804,14.998270273362689,588.5034402414552,149.30398886718274,815.9864967484564,65.74043077675405
Surat,0.0,32.13855481042043,18.76039209820047,51.75461377343714,24.884976802960423,507.62086964150626,126.33833851688405,700.3232180962087,76.22367660060296
Surat,11.040427828338672,2.3497891848612475,11.676284081398936,48.204686012457884,15.307819709916515,538.6717236485705,111.07928778382757,956.7945541729628,54.59772795878525
Surat,24.08065621804139,6.011344738938716,15.396906572386001,66.19255716257655,39.58469541968836,377.3987184135434,50.0,977.5045894305607,83.5978416594671
Surat,13.9720268925856,22.476701421971786,4.743640196790267,80.68527785822849,46.28615057468363,367.629896904222,62.543664706741815,809.8492595940968,83.25582665029641
Surat,0.0,37.88585915769218,20.985738861680375,57.05962214975402,30.686141457193493,416.41961523561594,94.84267910204139,672.0111293117666,86.08474210995038
Surat,0.0,3.734791518269674,0.0,56.84552744063038,42.745974360046304,539.8761026178524,112.91887823811761,972.8461211688303,72.35671135048767
Surat,6.859458951862678,14.388357146800422,20.972094009288057,50.36032685408506,15.341641711900104,545.0251913406596,105.50022189409671,869.9770215445299,65.22093397880678
Surat,0.0,37.20240751824476,0.0,48.060504327411806,22.534191445499438,482.237033143022,143.6832927895061,596.628077097496,64.02527793273222
Surat,23.924073804916006,39.749777382282296,12.64478440363444,59.04565602810976,37.653424625510766,279.1155574448715,52.9119668540374,717.3113233882497,91.74316768752779
Surat,10.02086406812029,37.53571274635938,0.0,79.61111145834573,25.584437161986024,440.3457148918592,120.54265576577006,660.6077150658657,80.32262234406316
Surat,24.471794206961114,21.14869599298896,22.187327681716276,74.68773310246391,13.066346533529856,414.2465570317854,69.82481277818282,822.2816056813731,75.62617224754047
Surat,0.0,32.147509604651646,0.0,69.26804575138476,42.34640588447231,440.8149066926582,82.90412492260879,705.6586596505327,77.01062930319405
Surat,3.168123039897832,40.58398481512466,22.140096560845137,55.60919202730982,16.02157519666688,465.8265629489069,106.4520959712101,638.6194331745346,72.55903126620227
Surat,2.8630643735255035,28.51811426235391,1.7074601990621474,51.000862688169676,13.214286542277886,549.3130555849923,137.00464401344064,756.2742929437397,58.20405493373639
Surat,18.83233683373294,39.29119484033543,0.0,62.130699174026816,43.0772714005373,330.48562020497735,50.0,692.3196368196153,85.83932269273095
Surat,20.943772136003687,38.14730547092554,17.77510920778556,64.62985357202633,8.965936646739127,439.60059531205786,83.06787707235871,702.5307445149565,76.88869726610999
Surat,5.373114995274683,20.967748264125678,11.006568725656365,63.84161776219413,28.221607987676087,489.7012294564817,102.26645413951168,820.0736552554386,73.93435996612332
Surat,9.850155787705134,32.37781625260764,4.133161995293172,54.013926015077494,10.17553357419002,505.9314132112494,138.0152196430138,762.6519634028281,71.17756396794891
Surat,7.363973670840775,15.38762405496675,3.1396794671587536,82.75976996207007,16.11179945203079,570.7613109130584,98.04974025060302,833.674274641086,72.94125423368894
Surat,1.3084659399115175,27.160278037715432,21.134194635656854,53.342849029811184,33.73903071156025,443.5113620214942,80.76677475993613,748.6390617663765,81.2548068309207
Surat,21.2517840050901,12.378517749555641,18.966566368880493,58.426601765914356,17.789019133495145,458.72689389039334,76.85677609333024,880.5385254734506,74.2503303746385
Surat,1.9588979337008716,4.1655410773708255,0.0,56.56505695718866,27.986685065957154,613.3049871008394,120.14218892120044,926.222750793374,56.05702793889387
Surat,23.611302502169075,41.557721031575255,0.0,53.722679758963395,47.9230243253078,260.231928639726,50.0,654.9639943203356,87.55410641335607
Surat,6.834871822143821,6.580767086008585,0.0,59.967723952216325,23.84616699657196,569.1129636808274,120.39072305868663,927.942282435384,61.24302062562755
Surat,23.257838785791293,15.408180060279076,0.0,49.07144596794552,8.13325311043576,531.5089997604183,110.3924797136195,920.9752790867648,57.587551689955255
Surat,8.026271843377693,26.46635841682231,11.034869451904342,84.64232469502224,17.602964854955424,512.1051201025984,114.6469740128904,717.3093298399797,71.92457974382158
Surat,6.754962426213446,41.507404845359304,8.018596188070617,76.72141120949789,9.541694652485894,524.7863901165435,135.70926367220036,619.5726107771017,70.54907975524242
Surat,19.9045758570088,29.68468351902037,12.048045469191933,57.7696581119798,45.069777638255765,313.788990281366,50.0,745.6397376177866,89.4638451392679
Surat,21.66295624579662,25.076128867340323,0.0,74.50785341791362,12.823223001617203,490.1742752657716,98.44268980686192,786.2215501900732,79.128438173944
Surat,24.872220761924503,20.808062526211135,11.786687259421225,53.81834532816558,10.446864608535488,468.55998413282475,87.98028209524573,888.2796504065861,72.98372148281031
Surat,2.24187421496017,36.680021509909935,9.276462222070034,54.34688063134105,35.66367363751861,470.79457222195407,89.52442090454844,639.6336864145765,71.53023303337126
Surat,0.9883689914564489,28.76274832606755,0.0,62.53293690789556,27.60478284731717,522.7631744283826,126.55500579836084,741.471900050307,69.42202744674604
Surat,2.049647219279123,22.40175061755223,22.501923148435104,62.54838825372504,33.30627156658645,457.32444180529683,94.76614251856887,746.6752947876516,68.37232238832344
Surat,0.0,23.823632537189116,17.28695229880877,69.66799063587156,22.58819148750992,496.5958855324257,103.77020927410669,766.3957302248657,68.78281513966722
Surat,15.224804062301565,7.6485347857158,2.8976742593390696,50.99639943493003,21.613948702066473,539.5035622364181,98.91158249497879,959.4975219945788,61.68780361938402
Surat,25.952062020214846,3.6864919873761117,12.606319768649318,80.05350939209356,35.64432764744018,389.11545900859244,71.33807721617899,1007.105224040926,84.42658006955199
Surat,23.457354440307384,17.478755092228923,2.9285383211070233,69.43976084015455,17.521848022094787,498.7155641181458,96.20987517095878,887.2171851791609,71.28447226897262
Surat,8.347224850141153,19.666950756314094,0.0,76.94082329071529,22.332311533890785,514.5666444113751,98.6483620188189,829.3428657184038,71.51525000256461
Surat,17.67534817458555,35.82531828267187,23.853049748328388,74.86217419170518,43.4959584807941,315.65236998460625,54.93868726118686,651.9247209604873,97.05378729726378
Surat,15.896842127730707,37.861412017423426,8.698982638507662,62.006388270778146,35.18664278013301,364.9947089480304,90.13510693488374,691.7370530659981,88.10649522171052
Surat,0.0,26.42877646070783,0.0,62.81105953941143,20.855557732018834,534.1732397653253,126.72222744798633,802.6688962810199,60.370780079753544
Surat,0.0,31.83700405504245,9.007455759594173,81.47991859184245,32.2575374396436,465.56100815895627,114.00427271258691,721.2232677232861,79.81702458872684
Surat,0.0,30.537669677359144,22.15472578223178,61.38559082626362,31.490641034388787,420.8229742416996,106.67127572002127,699.0068688416817,77.35909235479319
Surat,24.996442281904038,30.799754244110986,15.642052453870559,79.00519277248239,24.981901088711968,371.74859382226214,69.51273717281029,720.7953892157761,84.95123590264865
Surat,0.0,24.00988649212478,23.080043198542178,50.72871973601295,32.66293625199723,444.50940444700046,92.92891482331693,795.5649273654703,66.83710399442793
Surat,0.0,39.844004318325084,23.226314002312776,72.90200892365087,17.935203268331513,464.03114891392215,126.92820909820095,631.8330559057218,76.60687374835716
Surat,9.685364457598777,20.029299602795245,13.316166185985168,62.687465369610734,40.59683249880926,443.3679141177005,89.46275403165792,857.9338183075901,69.75083044422612
Surat,0.0,7.01037584413786,0.0,45.09010080264673,42.829972020546485,512.2021704649333,113.31086593239746,899.9226933053092,64.39835064334478
Surat,0.0,33.7850954194256,19.749547773631832,47.63830667879228,19.306615710804593,487.9477250203019,117.72406310001283,707.4197342862865,68.2974748233085
Surat,20.329667694450762,6.585583770340783,0.0,54.421183476175614,13.864309175442335,517.4244620724753,124.85263339165448,902.6355177341142,61.71820825233563
Surat,16.118548554195016,2.3118094554385173,18.490327509070717,84.43461327978976,33.85718033111627,474.93043374583635,50.0,967.5795532741759,74.46599011931858
Surat,12.728155727771984,39.212802761557896,0.0,73.93450071889367,42.64368951048844,363.930867684673,71.55097753143022,692.9192684926828,79.25999318427948
Surat,19.176929864612575,23.95013052289805,7.496949361893385,46.40906429067553,10.04942795739354,481.19026193038786,108.2309521818973,777.0898832333437,60.586221082193816
Surat,0.0,11.447889612173036,9.252044365400103,60.7216629284494,19.882812793210213,606.9048699151234,125.71740133055482,917.749050170427,64.81903486326446
Surat,17.34798969961141,37.77664818512605,5.07531498136283,81.49044780820877,42.77738926246441,337.55199010059124,73.77347021427343,703.692567088386,99.77449384686408
Surat,0.0,12.10797540605152,0.0,79.92170063813842,32.733022686386576,597.7087321639249,128.8449765077966,911.1643559704531,64.03652179028238
Surat,0.8160449243622594,5.580031371371618,0.0,50.251790386383924,25.59547907607848,565.8951653127325,135.36368896205798,925.3772109180488,55.71240608560466
Surat,8.08943965486118,38.306610950484206,0.0,78.10994272124903,38.3054415601452,386.7032533792498,104.8274220216633,620.2797298370825,79.88029169305739
Surat,25.963950507133873,33.988866500349324,22.53996599877648,47.6670602314767,18.794542370739684,364.70300445248336,73.07545018553024,733.2498644266183,81.36916515876722
Surat,0.0,35.81904838209931,0.0,47.65569424252391,12.568844433935727,579.5460867128777,142.75654663819932,734.724039081579,66.4107289473785
Surat,0.26251096021133336,41.633641511145306,6.432800330480237,72.72169386446592,34.44851404690932,391.2509923442059,99.44663040306654,651.9550084066225,83.67051610416857
Surat,0.38634666390022687,22.36398536085472,22.772694852408634,51.932836669808935,26.17937486780834,455.6648807197066,113.73741286744804,761.1652902926849,68.69290012106147
Surat,0.0,22.43492913461742,22.636862814446204,72.70114447212485,30.53840703569697,512.4135468983628,105.86863224926807,797.5582634009755,80.43395172876974
Surat,19.796148655207,18.86760223719876,0.0,83.49573621322577,27.28119209413927,435.2378358070419,84.65375547575084,831.4808156960964,73.11128752688964
Surat,24.370477252609476,21.121543865392848,0.0,53.24144371264352,24.82958004037317,413.5075746336322,61.44977403266665,846.8720169224786,71.40929034103809
Surat,2.7820661781423084,29.29194352281219,0.0,74.28362525706484,12.075729785968036,530.1405942884963,134.44613335817306,695.511855371414,66.41339274624643
Surat,0.0,29.53762964743817,20.732803086300308,59.36998250156904,10.368750082618352,529.8963730434979,142.95615407194327,740.9636871057403,66.21375288215292
Surat,13.44082048695747,41.62112562114879,0.0,61.983129641528166,40.22017154780917,316.53861328310654,84.45025429718419,700.429642800977,80.21976087129724
Surat,0.0,34.390923647531324,13.853434666742366,77.29200872329722,22.449254000758923,517.4595932827971,105.18057811668066,741.9257132127269,76.98619511222333
Surat,0.0,4.949851267968594,0.0,72.77948819769084,47.646803285797496,513.7009999845529,88.5234376141324,941.8871833812642,72.96024546452637
Surat,4.4809735065387315,39.53732692978787,0.0,78.25835532329035,22.038944567640876,534.3970625633442,125.42258834578395,649.6962218768487,79.92553639811888
Surat,3.7951135809234806,9.666845018556545,0.835989003364638,82.83619527483967,20.395566138131677,567.9880643262964,118.73976034390935,870.270477701933,64.16324845374638
Surat,0.0,8.296851020950548,19.711081622504253,68.23074780430633,25.917249747277623,566.6052619762206,108.4627666098121,950.3111773663197,68.19500828574546
Surat,19.898775831941364,36.7671342276903,0.0,56.044431704220756,18.716927404051276,447.00255118420387,100.4687878778017,719.322017968361,77.07769357192483
Surat,17.370077904266765,32.92231936807711,19.10724691691182,46.577228304657396,42.762158243923054,321.096719055183,50.0,770.8094899380643,81.8911143173457
Surat,0.0,22.241052742085163,13.36045624066844,54.10681814437935,17.969878943811135,561.0957979646317,125.11613993181665,779.008513661657,72.89893647826105
Surat,11.515417656981938,22.25809360290898,0.0,82.80966408203066,8.183789479946658,566.4826343308412,118.40859620571567,804.0578114577664,71.1508555283759
Surat,1.527800745464205,31.042607805221845,4.18007105430328,78.4140254138965,35.017850350461714,501.61843581809853,113.07448232381084,702.540654041908,80.4877115434933
Surat,0.0,27.57376185943047,3.6273728251361206,53.6422679163328,33.41871198800287,498.61563589024706,109.33031671010342,786.4206107175338,78.48077446109383
Surat,3.6536380177627876,2.882371841339406,16.39836001299564,69.40667756737074,28.801452648051786,547.4651185268314,124.81594021793616,932.6862212661179,70.90529481079294
Surat,16.799313757258314,6.3751497755943305,8.902704917233667,60.535388826698,9.804608545115308,521.0673052520428,104.60614269105184,979.6864048038141,56.24450268959695
Surat,17.949347623626814,29.03920451731714,0.0,62.8710900092554,18.63678454801478,475.89697083590033,114.96489422726067,785.9832427671512,69.34408093947503
Surat,6.678138578124866,18.655355262699302,9.85358027863969,77.11051768783213,35.342050603424234,460.03778280115614,86.57685830285693,815.2290989477654,80.89929563280666
Surat,18.332933565623364,31.665328259701802,21.319521001542597,77.40599861468583,10.509326385739477,430.84674140786944,84.62331223564351,769.5297257079333,80.86106825797523
Surat,1.6431304174038743,13.300289285274747,17.14105552672453,61.541405415391026,35.616640327198056,509.3629727322908,91.98122543049297,849.1115343843188,76.02693201567986
Surat,15.859941466347578,27.868765411029372,0.0,55.750135841196496,33.20919859769805,404.89553762593937,95.30615048487049,770.5409380103769,77.5168369825762
Surat,1.201013089729436,28.616306529703316,8.896070732332753,60.25292300725499,11.789365322801117,554.9191273153702,136.59487778271586,703.7293397198431,65.86494597054313
Surat,11.99090070548985,31.79808271557493,0.0,55.79159176653643,14.80004424050689,530.6866060655291,127.47975526791178,679.6204966735671,66.5098753125478
Surat,0.6320685299613373,8.866060060057055,16.63269664754099,69.35209382156131,38.8236929352467,485.85473731716826,103.47315306442341,878.1487427865495,75.28262714790043
Surat,24.25140844517938,22.386608819711597,22.82200684008395,56.76532104315896,27.00168099448194,386.3158010184219,55.912206911211584,806.5481270946138,78.4437902275933
Surat,13.96344497170978,28.745625293323037,7.616416196190411,66.69491679858174,33.02766216445274,395.0080598577126,88.22459593452884,722.459648447754,81.36864038192238
Surat,0.0,14.778791573141284,16.02737787134985,80.15127265641169,35.12290302233106,484.30465577427935,93.72919888286793,822.0741375067346,79.36695118844952
Surat,21.551838545596397,21.006590560028634,7.5890614016101665,84.60510475524227,23.358992921315927,452.44430752185286,59.82764949400949,866.4104416612065,82.78015066373048
Surat,7.853551280552779,11.146899831429112,10.763753727981793,61.75202499387045,42.18615046518865,464.00942681982576,87.27083229925158,861.4502300840292,65.76902185035316
Surat,20.057648244474443,7.283700675201622,0.0,69.1732146633052,45.64932468347825,427.1275319069479,59.79327682708642,958.2542100262817,73.15556045301699
Surat,0.0,16.99127834751805,18.730673289205058,47.214028976579925,17.077079375836476,562.5883135370925,129.78786992673437,827.0653214535628,69.2296333335889
Surat,9.546163100563106,8.521752753364245,0.0,67.3802958199906,26.22630374298491,531.3149758575579,104.79003977424411,902.246055511484,60.46779925409057
Surat,0.0,6.618124167020863,20.265997430804696,46.21597036609437,10.93344487481345,590.4199264918972,126.38904978380197,922.2850984643057,52.931885056439796
Surat,0.0,39.340065121487015,22.33130197782311,66.54876956738914,19.91294898926387,471.70256773081024,109.15853571032646,658.0453801124104,69.56660903981675
Surat,0.0,35.98005442721575,5.173023264774873,80.78886924161816,24.300298597758804,493.3873249862764,130.5711054563526,658.0767115627401,83.87690288994276
Surat,3.311085922634515,33.93519277495217,1.4504088219667217,48.44511855838783,45.575410730787404,441.64413828777947,85.61841872996783,685.7120193803962,78.7285438100895
Surat,0.0,20.404492278048128,16.665087767795946,78.81466929727267,14.62154485186905,565.324920358388,119.73119987933005,801.3627130982834,58.63549830307933
Surat,7.913593978353418,18.650403609005853,3.766198326362545,66.85838220978552,44.38527094143655,466.48076385157674,83.19575969958875,860.2691443546393,74.06624874691191
Surat,5.660208688691405,16.777755393760984,1.7878317579991965,80.87319032010413,30.135310686870646,491.70521295725143,98.00741916531133,800.9958511581021,73.14616104806333
Surat,0.0,13.723823163705745,0.0,80.05728560290768,27.193680538929286,580.0786347522804,135.53339172655825,831.9649257456437,67.48792332770925
Surat,22.07379417013813,21.379443984066043,19.36870906833549,78.77900592560715,12.473417330426921,467.0315060686895,65.45163931880542,822.7318621074949,84.40808954297556
Surat,7.997125353417388,36.077281581445035,14.448227918347989,76.51151837406812,24.886333512172396,445.9869523860579,105.9589205681499,693.6383166358742,81.98554231256274
Surat,2.865027219479284,30.581041128203367,20.555701124205015,59.27088229417185,34.51222282730768,460.22094945689514,91.4736902127468,684.9400822851412,84.38574706932367
Surat,6.750401231528187,26.70000569025142,0.0,73.73353077427214,10.990942629028478,530.2150254382099,158.21608428650873,778.227027191509,62.864146626044935
Surat,16.77036397070255,16.963985739253204,6.62980127990231,52.21100012197669,24.4340635167392,458.93155808845,81.3518017690821,838.4881786033976,65.11388374746826
Surat,0.0,13.437779583742373,0.0,71.94102513919829,38.83403190615749,521.1179988987492,117.77608299044222,878.0949576008119,60.08669899001207
Surat,0.0,23.3193506310217,11.946841598624538,81.88085193187479,47.46122026558864,454.1488419012151,100.69730915362688,785.7298110560978,78.71493897506825
Surat,19.982133164098023,17.675465651772843,0.0,64.97871709820399,35.44416217631178,423.1709012101399,66.03923903059723,852.7835078710292,78.51606058632355
Surat,6.898408613684612,23.86846446363422,22.40978138442776,79.43934634876493,17.87883965644622,501.349556764242,115.00563457815919,765.3097039210182,72.44603025368652
Surat,0.0,12.632217312416632,13.986160720591254,51.91509837852422,33.64230897226576,510.71790155309344,101.3213194149264,875.0157161522623,67.36089979534218
Surat,5.347466443703922,22.120075663303965,0.0,79.04159234383125,26.678586200644645,522.1533710305673,109.23614033543609,748.8875610608444,72.76709520351208
Surat,6.160275392797185,17.380237609505286,0.0,47.43188815630639,47.75833556821472,438.09696261128795,82.56680315707996,869.8744845851544,72.78546915223495
Surat,8.87480802023373,22.953356206264694,11.592473863211104,78.95245966667683,19.84890459109073,514.643325599979,136.16793802275117,809.5930829396499,75.15942612299267
Surat,3.8121236716757636,9.356967899595652,16.536663159000874,71.93512873417042,27.502197875396675,541.3663714974545,101.67648597265497,894.2239676733235,67.11015009020443
Surat,0.19956168552681675,41.80689671638322,10.926933134640002,55.721373753546,17.699354216366444,511.007426351787,125.19890086499638,675.5378110259226,77.1191096129225
Surat,23.89136017050705,23.165195567374653,0.0,56.66521141704067,24.8806925959217,444.45925563794253,97.18559501493436,870.2468973569563,71.69836832755142
Surat,25.85956760167351,5.7489759488432775,20.958555275274932,47.17961096053607,18.249394243745286,464.8190652021792,70.91821481301783,958.8125461318549,74.55237478116847
Surat,1.8669687505926973,35.513565774032976,11.58498903860568,74.28331133625205,19.210858232784048,486.9996787166037,134.04340599499204,657.7507406136453,78.23917027901634
Surat,3.7638627029155103,8.884010399119997,7.765541163974838,59.83370507022126,39.719412857863794,533.1683430807026,101.17254198705045,919.8982648952732,78.82681865326622
Surat,8.137160945994406,40.50605280239798,0.0,84.68296543773162,26.53242368672744,453.4964556425606,98.94545731648411,701.3951380625202,77.71137256067706
Surat,2.663900764718779,6.0917709729024345,17.553661133369566,65.28916755301549,10.206150327503941,594.7562293043238,130.10510355565495,910.14644594447,60.235573041641665
Surat,5.849470186786164,15.209826233667572,11.416310301290064,70.62645964285169,17.253468341296376,554.3468202148116,111.01584834840217,910.2824098438308,70.62452617939927
Surat,14.188742976374602,7.669039248605451,8.830207476533882,65.66152661792623,24.013962360386987,497.0999081298405,95.71348509922994,934.7710458733109,77.13134330431345
Surat,3.909712879476764,6.892464272779126,0.21053283432212666,74.66512029279204,37.19844169408806,549.2671458284502,103.91581385580308,935.244647203626,64.43469333250084
Surat,3.091773534314072,23.14334654371607,9.86770256545772,59.79677471891296,34.50047826578459,484.5118449822302,120.79125763637896,790.1523001241999,78.30269122361851
Surat,20.082221035101412,17.793505394463644,9.614840131641522,49.49960677427882,43.65468337361294,362.63823750767995,78.60149667930679,877.4253744976304,74.40096155413873
Surat,2.078686809851071,36.79506969244167,19.32995676294751,62.49190441879678,11.113329611237866,551.5299938138063,141.17292547626613,681.1996180850538,81.55021891894862
Surat,5.041892494485243,13.218837410425992,21.55519583857071,62.21171918137694,28.71664579764786,500.1651627423843,107.68603476072016,854.468419409766,70.03010461527282
Surat,6.785846137531614,29.223820730543554,19.10965108698535,59.40832469836178,21.90113559256818,485.5064363570685,87.61702452457702,750.92261581881,68.5937876201836
Surat,9.065850325004877,21.041050497309282,0.0,55.70563070321876,33.567553213295355,441.25172555253414,105.89831701972376,821.1089792702975,73.3342054809653
Surat,0.0,2.9352337996901703,11.578935989403828,56.799350512829676,32.75481072223038,575.5130614782381,113.48908083325338,930.4761929264345,71.4913775492141
Surat,0.0,23.157573714030946,11.237502779178214,69.48620025466693,32.47346601600432,480.55426959117375,100.76733647465885,723.9661550881681,73.07628538793394
Surat,0.0,9.525764099359119,1.3820073344116892,72.89694478783875,38.61297623121321,513.9089593437341,107.9107029712095,852.4381885313967,66.47631364143265
Surat,7.4642774480380325,33.03495469805434,0.0,55.65267287951802,15.789620919110023,519.5016720870151,118.45331202564037,696.9671342592824,64.18466543105858
Surat,5.491597234857597,26.818138736817048,0.2991830380092928,45.492967471218705,43.10334043455481,376.67290570444277,79.73938747177206,762.4240183848918,76.30629977471807
Surat,13.75024869462814,24.348973941188657,10.255197626629094,56.232451134184785,12.255874198604165,481.1759436345427,110.04134158047738,792.2353658279866,68.82760904062053
Surat,18.353221868930127,40.70996738140556,0.0,67.13879630233583,41.088301193162295,312.7735119362788,77.77266186998604,669.3404929421422,84.97016693618878
Surat,0.0,36.65440344408436,0.0,84.3861079135217,33.17035293321429,463.38277702019263,107.6792154171198,653.5819366497823,71.56730646485404
Surat,0.0,15.409041558710255,0.0,53.754717298426634,13.214523343487816,651.6713135400491,153.78529439965808,809.2760681518092,59.59317588851222
Surat,21.683679212865187,29.890424713999987,0.0,83.56622158473897,13.673219963036313,430.96627702579656,123.99713534308023,726.2370822254982,80.38240456841395
Surat,0.0,9.941291021989167,7.705964865610127,55.976436743986824,47.532384892904446,492.06184220485557,76.9669348091013,873.4674864682199,65.99552474101118
Surat,0.0,20.58400124328128,0.0,76.18262372190549,27.996014488525653,544.5215708865699,101.29172153148338,738.9742962467272,63.89690366564214
Surat,23.845376070571646,29.143755748392245,0.0,51.94466703400417,24.23464019426349,400.8348699630106,73.28234394752748,768.467289955046,77.28258371597173
Surat,12.305000395912323,37.831907055680034,11.30725011106599,49.60057796878253,42.216411365461475,369.06287572401055,57.919813033694496,747.2986477667798,84.80249078073487
Surat,20.26346762224987,31.36607337746688,0.0,81.57903215038831,32.94652386140441,367.0413578230289,92.12686502651744,760.9426324177748,91.69875503781829
Surat,8.714828814097064,22.15321855591266,10.720998612100008,79.72745670844215,17.253709121267907,498.50390377189376,102.48303794088842,823.8627928198378,66.633850022537
Surat,0.0,31.633914998524894,0.0,55.4701748308061,46.72107176658508,463.22449690780513,94.56238241958246,693.572019523131,68.72218190987506
Surat,11.82443462259733,41.77097861823866,0.0,46.53949909072596,47.915736310709455,302.8891052650053,62.203883208181175,668.3332075185795,82.1342800359415
Surat,0.0,24.13897879973898,0.0,64.69533307793395,16.30082765514917,615.6349372651383,137.89069922885224,747.419330781861,59.706997010895435
Surat,12.50597639520953,11.823244634226032,0.0,71.9651485595336,17.603893756609388,528.3363591784415,133.39344985148662,942.5330380982139,63.21046875193709
Surat,13.836955028261702,39.45305314630176,23.596357400274165,52.43091157338149,17.994614897634087,423.15623117618765,85.55751771868135,646.5874692092306,80.55890616541961
Surat,0.0,34.88510932928887,0.0,62.130745063868616,8.192007288431427,574.2643867415936,149.89174245705192,714.2764226730881,58.56929909843601
Surat,0.5412338392205989,34.840822868121826,5.87413098004642,55.61015797942778,29.03226472088743,489.85886344420845,131.06095625004986,703.3993732377943,74.52244712858992
Surat,0.0,7.391989702814129,0.0,83.57096242069808,11.558462579485266,638.9598436364755,151.2351120134144,888.5682290187593,65.82675523781761
Surat,9.385961553508267,35.41518330642621,18.766558144526485,67.05641542525105,40.021684998603675,340.62758555092756,60.91180672200964,640.4358350721552,90.17215914855554
Surat,6.924568041863441,35.05465705682576,8.644755749033735,52.31069559539641,36.35980609059764,387.2136571940678,95.72525227386149,654.0371406729164,73.83882940903871
Surat,0.0,7.260659766286274,0.0,63.75620196257648,21.64749472318289,623.0048250325224,118.60211404117793,901.7050634760377,46.90045327125678
Surat,0.0,11.207228925165683,16.92251506856016,49.54038437860815,18.110339679466875,574.6473734036945,133.92540859111696,919.5286296469761,71.09811962563303
Surat,10.20181866585715,30.60679242600165,7.948646103943577,79.64372544969146,20.781942432736052,478.9703853105864,108.20345798585504,716.1493854994036,80.3712077173807
Surat,6.678199525265967,25.379271336739432,0.0,75.6717596155273,25.19043573947598,509.3462127620619,122.04637767202178,751.4164131391575,72.59432851052469
Surat,0.0,34.096491105055605,0.0,65.55766225783371,42.09637589237375,440.4084318781683,95.66290174299269,709.9617624280596,81.50807978076216
Surat,21.558995450485092,17.340088108227903,0.0,71.53858876210938,10.060589986266407,515.8242698958168,107.11800442043857,812.5819049199458,62.8875460869633
Surat,25.88577116420136,17.59230681989066,19.29368998518317,47.56983226591627,43.27286102668724,315.4045845806154,50.0,857.6089533175892,87.46188193086485
Surat,4.715214435999844,20.463698259013203,7.779676935347691,67.81264990809845,9.597107022055809,602.8596954579531,152.12160380842536,814.2930147562721,63.534213686785705
Surat,0.0,16.030302042568245,14.275466751300964,71.85689926460981,8.207175275151648,574.7619192300626,142.29458257282337,873.1054933293033,64.78241976788028
Surat,21.797537120048787,20.151240086265204,6.557393931576936,70.6842548563349,13.195867454311408,466.8085005758741,103.22360365715107,801.328953482622,75.0069784156007
Surat,0.0,19.1062895270746,15.808498219370797,57.73974135756994,42.265024513978425,481.1765026664929,101.80000483213016,826.5115479994835,73.85209022000271
Surat,0.0,7.269891703505426,23.72816277674775,63.73990697812822,44.71778996989914,466.8629205072516,72.55050074481245,871.512148978885,67.75329897754837
Surat,0.0,27.0627036362022,18.668988668390348,50.16974883479982,36.487988561994385,455.38836740040443,106.79966481898992,707.515779971175,73.82485193634459
Surat,0.0,16.807671176465796,6.688355428024664,82.93981701227037,21.0814611814015,563.2423515372883,126.20670385907124,836.957159523987,69.84367467163054
Surat,18.458711241445542,26.431161025477635,3.565358302063153,58.53143573689681,22.88246672895645,469.15582942045774,74.30277024171917,768.1418499234985,80.04568218056833
Surat,24.7286117673709,22.271779543781996,7.802290652591296,54.69504744506694,28.215213560819855,394.4540939566449,65.81704778853052,835.6316680280904,69.72811881753236
Surat,14.932386834487389,9.326574547076037,0.0,78.81855681936831,25.05381889267101,533.7817304201473,113.71940601715235,879.3052867708204,70.8774875676596
Surat,14.998108992733435,15.128411182742488,1.9798408624347417,76.45075359505633,32.404020975553856,482.72198798909346,99.0527142750688,877.3506212405525,73.30204180118743
Surat,7.5486444145953016,41.44085584276009,11.04671439992115,79.788227513244,45.9089507931225,332.2881178703415,67.42429511503995,669.0202696262069,92.64491601795574
Surat,0.0,28.57466404520234,0.0,73.0076565905793,45.85323678486873,486.77466871737096,87.35357886554223,745.0398047318465,81.82068229905515
Surat,18.16459997077102,5.286896164697318,0.5003898903028059,77.47804582673646,31.33778729024675,505.32265528735024,85.01352026338907,934.7970177562268,79.27570293889228
Surat,13.640388088110456,26.875127184803848,0.0,66.62581522177669,18.766280332312927,482.37768935514066,107.89036237643677,765.4232447526972,75.66740604266771
Surat,0.0,24.650533985101177,5.208150354335874,61.2844048840323,41.5379291945309,501.32918512334277,102.37828948350447,723.8644827715071,79.12341397256935
Surat,3.042635835301695,16.538290505864687,0.0,53.33216642733953,35.53832217326168,534.225021476575,94.11977348556482,840.9091639515648,67.9538653274426
Surat,1.9898914584763396,17.166153818956836,2.35806546451208,51.488149416645165,13.116202890600947,569.7244226351505,153.33742346618476,828.0025507536968,56.04384746042013
Surat,6.552957858586808,5.936318217459917,0.2116555282589374,46.392423052726286,28.3678403322278,534.9533900780754,121.90108595252349,967.6402521800403,59.77573516512248
Surat,21.477823123473897,9.270465163298283,0.0,67.52624061169621,41.396126308722344,440.86292893377765,73.73018039884725,938.1112202186519,76.06817374430965
