Datetime,StationId,actual_PM25,predicted_PM25,horizon
2020-05-07 07:00:00,MH007,4.78,16.403355,6
2020-05-07 08:00:00,MH007,4.78,16.737825,6
2020-05-07 09:00:00,MH007,5.0,14.380207,6
2020-05-07 10:00:00,MH007,4.0,16.208118,6
2020-05-07 11:00:00,MH007,4.0,16.934809,6
2020-05-07 12:00:00,MH007,3.94,17.844759,6
2020-05-07 13:00:00,MH007,2.0,18.260326,6
2020-05-07 14:00:00,MH007,2.0,19.128366,6
2020-05-07 15:00:00,MH007,0.98,20.186798,6
2020-05-07 16:00:00,MH007,8.0,20.19336,6
2020-05-07 17:00:00,MH007,6.0,19.779821,6
2020-05-07 18:00:00,MH007,3.0,19.378447,6
2020-05-07 19:00:00,MH007,3.0,19.102924,6
2020-05-07 20:00:00,MH007,3.0,18.532173,6
2020-05-07 21:00:00,MH007,3.0,18.029783,6
2020-05-07 22:00:00,MH007,2.0,17.524343,6
2020-05-07 23:00:00,MH007,6.91,17.34787,6
2020-05-08 00:00:00,MH007,4.0,17.087914,6
2020-05-08 01:00:00,MH007,3.0,16.778383,6
2020-05-08 02:00:00,MH007,5.0,16.5341,6
2020-05-08 03:00:00,MH007,1.95,17.316647,6
2020-05-08 04:00:00,MH007,0.12,17.742346,6
2020-05-08 05:00:00,MH007,1.0,17.835651,6
2020-05-08 06:00:00,MH007,1.0,16.429502,6
2020-05-08 07:00:00,MH007,1.0,15.145784,6
2020-05-08 08:00:00,MH007,3.78,15.004175,6
2020-05-08 09:00:00,MH007,2.22,12.983768,6
2020-05-08 10:00:00,MH007,5.95,13.918015,6
2020-05-08 11:00:00,MH007,5.95,15.549803,6
2020-05-08 12:00:00,MH007,5.67,14.362057,6
2020-05-08 13:00:00,MH007,3.0,16.259073,6
2020-05-08 14:00:00,MH007,3.0,15.512287,6
2020-05-08 15:00:00,MH007,5.88,16.681992,6
2020-05-08 16:00:00,MH007,5.0,16.719055,6
2020-05-08 17:00:00,MH007,5.0,16.523367,6
2020-05-08 18:00:00,MH007,13.0,16.167076,6
2020-05-08 19:00:00,MH007,7.0,15.90856,6
2020-05-08 20:00:00,MH007,7.0,15.7862625,6
2020-05-08 21:00:00,MH007,7.0,15.267935,6
2020-05-08 22:00:00,MH007,7.0,14.725079,6
2020-05-08 23:00:00,MH007,0.37,14.585302,6
2020-05-09 00:00:00,MH007,3.0,14.688295,6
2020-05-09 01:00:00,MH007,4.0,15.500576,6
2020-05-09 02:00:00,MH007,6.0,15.89514,6
2020-05-09 03:00:00,MH007,6.0,16.63986,6
2020-05-09 04:00:00,MH007,7.0,17.232346,6
2020-05-09 05:00:00,MH007,6.97,17.722778,6
2020-05-09 06:00:00,MH007,5.95,17.797764,6
2020-05-09 07:00:00,MH007,5.0,17.278492,6
2020-05-09 08:00:00,MH007,4.97,16.425545,6
2020-05-09 09:00:00,MH007,4.0,17.032686,6
2020-05-09 10:00:00,MH007,3.12,13.256332,6
2020-05-09 11:00:00,MH007,5.0,12.1263275,6
2020-05-09 12:00:00,MH007,4.92,12.443817,6
2020-05-09 13:00:00,MH007,2.15,12.478542,6
2020-05-09 14:00:00,MH007,7.0,13.257183,6
2020-05-09 15:00:00,MH007,8.15,13.978756,6
2020-05-09 16:00:00,MH007,11.0,14.211678,6
2020-05-09 17:00:00,MH007,11.0,13.850285,6
2020-05-09 18:00:00,MH007,12.0,13.950565,6
2020-05-09 19:00:00,MH007,5.91,13.722271,6
2020-05-09 20:00:00,MH007,3.0,13.421982,6
2020-05-09 21:00:00,MH007,5.97,13.173801,6
2020-05-09 22:00:00,MH007,5.28,13.165485,6
2020-05-09 23:00:00,MH007,9.85,13.620312,6
2020-05-10 00:00:00,MH007,5.0,14.782009,6
2020-05-10 01:00:00,MH007,0.22,16.427176,6
2020-05-10 02:00:00,MH007,2.0,18.425457,6
2020-05-10 03:00:00,MH007,2.21,20.859728,6
2020-05-10 04:00:00,MH007,9.0,22.684778,6
2020-05-10 05:00:00,MH007,6.03,23.588829,6
2020-05-10 06:00:00,MH007,6.97,25.81937,6
2020-05-10 07:00:00,MH007,6.0,21.18953,6
2020-05-10 08:00:00,MH007,7.94,18.251827,6
2020-05-10 09:00:00,MH007,6.95,14.93787,6
2020-05-10 10:00:00,MH007,5.95,14.057426,6
2020-05-10 11:00:00,MH007,4.0,13.602863,6
2020-05-10 12:00:00,MH007,3.0,13.577381,6
2020-05-10 13:00:00,MH007,3.08,13.139572,6
2020-05-10 14:00:00,MH007,6.06,13.496544,6
2020-05-10 15:00:00,MH007,7.0,13.956306,6
2020-05-10 16:00:00,MH007,6.0,13.642399,6
2020-05-10 17:00:00,MH007,7.33,13.671825,6
2020-05-10 18:00:00,MH007,18.0,13.386307,6
2020-05-10 19:00:00,MH007,15.7,12.754368,6
2020-05-10 20:00:00,MH007,5.08,12.468918,6
2020-05-10 21:00:00,MH007,8.18,12.562847,6
2020-05-10 22:00:00,MH007,14.0,12.890541,6
2020-05-10 23:00:00,MH007,16.66,13.902088,6
2020-05-11 00:00:00,MH007,10.97,14.889685,6
2020-05-11 01:00:00,MH007,10.22,16.804787,6
2020-05-11 02:00:00,MH007,14.0,20.054008,6
2020-05-11 03:00:00,MH007,10.39,22.985294,6
2020-05-11 04:00:00,MH007,16.33,25.906563,6
2020-05-11 05:00:00,MH007,6.0,26.673023,6
2020-05-11 06:00:00,MH007,6.0,21.308367,6
2020-05-11 07:00:00,MH007,7.0,18.002497,6
2020-05-11 08:00:00,MH007,7.0,14.514473,6
2020-05-11 09:00:00,MH007,7.0,13.61343,6
2020-05-11 10:00:00,MH007,7.0,15.857592,6
2020-05-11 12:00:00,MH007,4.0,17.93802,6
2020-05-11 13:00:00,MH007,7.0,15.554453,6
2020-05-11 14:00:00,MH007,0.95,16.167147,6
2020-05-11 15:00:00,MH007,0.95,20.311388,6
2020-05-11 16:00:00,MH007,0.95,20.694578,6
2020-05-11 17:00:00,MH007,0.95,20.777105,6
2020-05-11 22:00:00,MH007,0.98,20.624222,6
2020-05-14 09:00:00,MH007,12.92,13.562687,6
2020-05-18 10:00:00,MH007,11.05,22.81639,6
2020-05-18 11:00:00,MH007,13.15,22.306547,6
2020-05-18 12:00:00,MH007,18.95,22.848774,6
2020-05-18 13:00:00,MH007,16.95,23.153816,6
2020-05-18 14:00:00,MH007,15.13,23.632826,6
2020-05-18 15:00:00,MH007,19.85,24.87867,6
2020-05-18 16:00:00,MH007,13.97,25.480597,6
2020-05-18 17:00:00,MH007,13.0,25.959936,6
2020-05-18 18:00:00,MH007,13.0,25.441624,6
2020-05-18 19:00:00,MH007,13.0,24.911308,6
2020-05-18 20:00:00,MH007,12.95,24.303095,6
2020-05-18 21:00:00,MH007,10.9,24.143776,6
2020-05-18 22:00:00,MH007,7.0,24.214912,6
2020-05-18 23:00:00,MH007,6.97,24.785744,6
2020-05-19 00:00:00,MH007,5.84,24.342133,6
2020-05-19 01:00:00,MH007,5.84,23.862862,6
2020-05-19 02:00:00,MH007,5.84,23.773151,6
2020-05-19 03:00:00,MH007,5.84,23.438776,6
2020-05-19 04:00:00,MH007,1.1,23.211962,6
2020-05-19 05:00:00,MH007,10.7,22.73994,6
2020-05-19 06:00:00,MH007,10.7,23.732256,6
2020-05-19 07:00:00,MH007,10.7,23.532803,6
2020-05-19 08:00:00,MH007,0.4,23.84085,6
2020-05-19 09:00:00,MH007,4.22,24.063494,6
2020-05-19 10:00:00,MH007,11.7,24.430744,6
2020-05-19 11:00:00,MH007,11.7,24.61012,6
2020-05-19 12:00:00,MH007,11.7,24.963749,6
2020-05-19 13:00:00,MH007,11.7,25.156172,6
2020-05-19 14:00:00,MH007,0.33,25.415436,6
2020-05-19 15:00:00,MH007,3.14,25.987392,6
2020-05-19 16:00:00,MH007,7.78,25.953682,6
2020-05-19 17:00:00,MH007,0.67,26.184752,6
2020-05-19 18:00:00,MH007,5.85,26.478895,6
2020-05-19 19:00:00,MH007,5.85,26.044043,6
2020-05-19 20:00:00,MH007,5.85,25.680227,6
2020-05-19 21:00:00,MH007,5.85,24.728155,6
2020-05-20 04:00:00,MH007,7.27,21.33767,6
2020-05-20 05:00:00,MH007,26.8,19.928392,6
2020-05-20 06:00:00,MH007,19.83,18.081474,6
2020-05-20 07:00:00,MH007,14.12,16.723911,6
2020-05-20 08:00:00,MH007,18.93,16.0585,6
2020-05-20 09:00:00,MH007,15.97,16.666094,6
2020-05-22 15:00:00,MH007,26.44,26.681553,6
2020-05-22 16:00:00,MH007,5.1,26.635807,6
2020-05-22 17:00:00,MH007,8.95,26.610825,6
2020-05-22 18:00:00,MH007,6.96,25.583216,6
2020-05-22 19:00:00,MH007,5.14,24.937033,6
2020-05-22 20:00:00,MH007,10.25,24.233824,6
2020-05-22 21:00:00,MH007,20.07,23.55254,6
2020-05-22 22:00:00,MH007,20.07,22.990685,6
2020-05-22 23:00:00,MH007,28.9,23.082155,6
2020-05-23 00:00:00,MH007,24.16,24.121357,6
2020-05-23 01:00:00,MH007,10.0,25.266895,6
2020-05-23 02:00:00,MH007,5.0,26.33706,6
2020-05-23 03:00:00,MH007,5.0,28.071665,6
2020-05-23 04:00:00,MH007,5.0,30.303185,6
2020-05-23 05:00:00,MH007,5.28,30.286518,6
2020-05-23 06:00:00,MH007,5.28,30.412167,6
2020-05-23 07:00:00,MH007,5.0,29.01645,6
2020-05-23 08:00:00,MH007,5.0,28.11194,6
2020-05-23 09:00:00,MH007,5.0,27.580725,6
2020-05-23 10:00:00,MH007,5.0,23.799538,6
2020-05-23 11:00:00,MH007,5.0,22.340239,6
2020-05-23 12:00:00,MH007,5.0,21.495861,6
2020-05-23 13:00:00,MH007,5.0,21.364008,6
2020-05-23 14:00:00,MH007,5.64,21.891315,6
2020-05-23 15:00:00,MH007,29.0,24.050232,6
2020-05-23 16:00:00,MH007,5.0,22.559486,6
2020-05-23 17:00:00,MH007,5.0,21.228329,6
2020-05-23 18:00:00,MH007,5.0,19.831287,6
2020-05-23 19:00:00,MH007,5.0,18.729734,6
2020-05-23 20:00:00,MH007,5.0,18.139967,6
2020-05-23 21:00:00,MH007,5.0,18.324488,6
2020-05-23 22:00:00,MH007,5.0,17.990833,6
2020-05-23 23:00:00,MH007,5.0,17.714258,6
2020-05-24 00:00:00,MH007,5.0,17.54844,6
2020-05-24 01:00:00,MH007,5.14,17.785408,6
2020-05-24 02:00:00,MH007,10.25,18.079916,6
2020-05-24 03:00:00,MH007,19.7,19.795115,6
2020-05-24 04:00:00,MH007,8.0,21.487492,6
2020-05-24 05:00:00,MH007,5.1,23.850435,6
2020-05-24 06:00:00,MH007,8.9,25.658815,6
2020-05-24 07:00:00,MH007,5.0,24.695833,6
2020-05-24 08:00:00,MH007,5.38,24.083157,6
2020-05-24 09:00:00,MH007,5.38,23.507803,6
2020-05-24 10:00:00,MH007,13.78,23.247574,6
2020-05-24 11:00:00,MH007,5.0,22.57962,6
2020-05-24 12:00:00,MH007,5.0,22.556368,6
2020-05-24 13:00:00,MH007,5.0,22.19166,6
2020-05-24 14:00:00,MH007,5.38,22.24199,6
2020-05-24 15:00:00,MH007,20.0,23.33976,6
2020-05-24 16:00:00,MH007,14.85,22.39691,6
2020-05-24 17:00:00,MH007,9.2,21.195993,6
2020-05-24 18:00:00,MH007,15.72,20.131723,6
2020-05-24 19:00:00,MH007,5.0,18.560293,6
2020-05-24 20:00:00,MH007,5.25,17.736256,6
2020-05-24 21:00:00,MH007,14.97,17.99311,6
2020-05-24 22:00:00,MH007,13.78,17.968107,6
2020-05-24 23:00:00,MH007,5.0,18.208935,6
2020-05-25 00:00:00,MH007,5.0,18.064592,6
2020-05-25 01:00:00,MH007,5.0,19.182545,6
2020-05-25 02:00:00,MH007,5.0,20.706848,6
2020-05-25 03:00:00,MH007,5.0,22.731276,6
2020-05-25 04:00:00,MH007,5.0,23.41605,6
2020-05-25 05:00:00,MH007,5.0,23.257086,6
2020-05-25 06:00:00,MH007,5.0,23.211027,6
2020-05-25 07:00:00,MH007,5.0,22.56403,6
2020-05-25 08:00:00,MH007,5.0,22.886484,6
2020-05-25 09:00:00,MH007,5.0,23.367922,6
2020-05-25 10:00:00,MH007,5.0,15.7668705,6
2020-05-25 11:00:00,MH007,5.0,14.040993,6
2020-05-25 12:00:00,MH007,5.0,13.819012,6
2020-05-25 13:00:00,MH007,5.0,14.082191,6
2020-05-25 14:00:00,MH007,5.0,16.901434,6
2020-05-25 15:00:00,MH007,5.0,18.38747,6
2020-05-25 16:00:00,MH007,5.0,19.031378,6
2020-05-25 17:00:00,MH007,5.0,18.56755,6
2020-05-25 18:00:00,MH007,5.0,18.288643,6
2020-05-25 19:00:00,MH007,5.0,18.267277,6
2020-05-25 20:00:00,MH007,5.0,18.401033,6
2020-05-25 21:00:00,MH007,5.0,18.576195,6
2020-05-25 22:00:00,MH007,5.0,18.904507,6
2020-05-25 23:00:00,MH007,5.0,18.923822,6
2020-05-26 00:00:00,MH007,5.0,18.64289,6
2020-05-26 01:00:00,MH007,5.0,18.458313,6
2020-05-26 02:00:00,MH007,5.0,18.716244,6
2020-05-26 03:00:00,MH007,5.0,18.606703,6
2020-05-26 04:00:00,MH007,5.0,18.698853,6
2020-05-26 05:00:00,MH007,5.0,18.812223,6
2020-05-26 06:00:00,MH007,5.0,17.625845,6
2020-05-26 07:00:00,MH007,5.0,16.354712,6
2020-05-26 08:00:00,MH007,5.0,16.178885,6
2020-05-26 09:00:00,MH007,5.0,16.339645,6
2020-05-26 10:00:00,MH007,5.0,16.78954,6
2020-05-26 11:00:00,MH007,5.0,17.795328,6
2020-05-26 12:00:00,MH007,5.0,18.6857,6
2020-05-26 13:00:00,MH007,5.08,19.374765,6
2020-05-26 14:00:00,MH007,8.07,20.17028,6
2020-05-26 15:00:00,MH007,10.83,20.564474,6
2020-05-26 16:00:00,MH007,5.0,20.721216,6
2020-05-26 17:00:00,MH007,5.0,20.682713,6
2020-05-26 18:00:00,MH007,5.09,20.571798,6
2020-05-26 19:00:00,MH007,6.95,20.441048,6
2020-05-26 20:00:00,MH007,5.09,20.25887,6
2020-05-26 21:00:00,MH007,9.03,20.084538,6
2020-05-26 22:00:00,MH007,9.95,20.003822,6
2020-05-26 23:00:00,MH007,8.15,19.786795,6
2020-05-27 00:00:00,MH007,13.8,19.361937,6
2020-05-27 01:00:00,MH007,5.97,18.728426,6
2020-05-27 02:00:00,MH007,5.0,18.19574,6
2020-05-27 03:00:00,MH007,5.0,17.949945,6
2020-05-27 04:00:00,MH007,5.0,17.639896,6
2020-05-27 05:00:00,MH007,5.0,16.821712,6
2020-05-27 06:00:00,MH007,5.0,15.446571,6
2020-05-27 07:00:00,MH007,5.0,13.966999,6
2020-05-27 08:00:00,MH007,5.0,13.48967,6
2020-05-27 09:00:00,MH007,5.0,13.672096,6
2020-05-27 10:00:00,MH007,5.0,14.410778,6
2020-05-27 11:00:00,MH007,5.0,15.289291,6
2020-05-27 12:00:00,MH007,5.0,16.336735,6
2020-05-27 13:00:00,MH007,5.0,17.537413,6
2020-05-27 14:00:00,MH007,5.22,18.41839,6
2020-05-27 15:00:00,MH007,5.22,19.167059,6
2020-05-27 16:00:00,MH007,5.0,19.199554,6
2020-05-27 17:00:00,MH007,5.0,19.431292,6
2020-05-27 18:00:00,MH007,5.0,19.448574,6
2020-05-27 19:00:00,MH007,5.0,19.165504,6
2020-05-27 20:00:00,MH007,5.03,18.887165,6
2020-05-27 21:00:00,MH007,6.05,18.777435,6
2020-05-27 22:00:00,MH007,8.2,18.609976,6
2020-05-27 23:00:00,MH007,15.72,18.437634,6
2020-05-28 00:00:00,MH007,5.0,18.315346,6
2020-05-28 01:00:00,MH007,5.0,17.837326,6
2020-05-28 02:00:00,MH007,5.0,17.12903,6
2020-05-28 03:00:00,MH007,5.0,16.193377,6
2020-05-28 04:00:00,MH007,5.0,15.236811,6
2020-05-28 05:00:00,MH007,5.05,14.609743,6
2020-05-28 06:00:00,MH007,7.11,13.418209,6
2020-05-28 07:00:00,MH007,10.7,12.0029335,6
2020-05-28 08:00:00,MH007,5.0,11.461163,6
2020-05-28 09:00:00,MH007,5.0,11.659298,6
2020-05-28 10:00:00,MH007,5.0,12.332092,6
2020-05-28 11:00:00,MH007,5.0,13.467106,6
2020-05-28 12:00:00,MH007,5.0,14.639936,6
2020-05-28 13:00:00,MH007,5.0,15.451916,6
2020-05-28 14:00:00,MH007,5.3,16.511898,6
2020-05-28 15:00:00,MH007,17.0,17.178082,6
2020-05-28 16:00:00,MH007,6.96,17.561958,6
2020-05-28 17:00:00,MH007,5.0,17.538708,6
2020-05-28 18:00:00,MH007,5.0,17.473803,6
2020-05-28 19:00:00,MH007,5.05,17.530949,6
2020-05-28 20:00:00,MH007,7.1,17.407888,6
2020-05-28 21:00:00,MH007,11.2,17.249409,6
2020-05-28 22:00:00,MH007,11.2,17.057013,6
2020-05-28 23:00:00,MH007,11.2,17.058914,6
2020-05-29 00:00:00,MH007,17.05,16.711397,6
2020-05-29 01:00:00,MH007,18.18,16.738176,6
2020-05-29 02:00:00,MH007,22.05,15.958187,6
2020-05-29 03:00:00,MH007,23.05,15.925644,6
2020-05-29 04:00:00,MH007,24.0,15.769892,6
2020-05-29 05:00:00,MH007,21.82,16.048334,6
2020-05-29 06:00:00,MH007,15.0,15.7602005,6
2020-05-29 07:00:00,MH007,14.97,14.69721,6
2020-05-29 08:00:00,MH007,13.8,13.989288,6
2020-05-29 09:00:00,MH007,6.08,14.307438,6
2020-05-29 10:00:00,MH007,9.0,14.789745,6
2020-05-29 11:00:00,MH007,10.95,15.403004,6
2020-05-29 12:00:00,MH007,9.1,15.625273,6
2020-05-29 13:00:00,MH007,13.1,15.669174,6
2020-05-29 14:00:00,MH007,17.15,15.972656,6
2020-05-29 15:00:00,MH007,22.98,16.487474,6
2020-05-29 16:00:00,MH007,22.1,16.849274,6
2020-05-29 17:00:00,MH007,25.93,17.36094,6
2020-05-29 18:00:00,MH007,22.57,17.64305,6
2020-05-29 19:00:00,MH007,6.0,17.680002,6
2020-05-29 20:00:00,MH007,6.28,17.312393,6
2020-05-29 21:00:00,MH007,17.0,16.870693,6
2020-05-29 22:00:00,MH007,16.85,16.477999,6
2020-05-29 23:00:00,MH007,11.0,16.279875,6
2020-05-30 00:00:00,MH007,11.15,16.764475,6
2020-05-30 01:00:00,MH007,17.07,18.160769,6
2020-05-30 02:00:00,MH007,20.07,18.652662,6
2020-05-30 03:00:00,MH007,22.6,19.335331,6
2020-05-30 04:00:00,MH007,19.0,20.317833,6
2020-05-30 05:00:00,MH007,5.0,20.985401,6
2020-05-30 06:00:00,MH007,5.12,20.416044,6
2020-05-30 07:00:00,MH007,10.1,18.504646,6
2020-05-30 08:00:00,MH007,13.96,16.993486,6
2020-05-30 09:00:00,MH007,10.18,16.195868,6
2020-05-30 10:00:00,MH007,16.95,15.736454,6
2020-05-30 11:00:00,MH007,14.54,16.311266,6
2020-05-30 12:00:00,MH007,5.02,16.568644,6
2020-05-30 13:00:00,MH007,6.38,17.266403,6
2020-05-30 14:00:00,MH007,21.07,19.246523,6
2020-05-30 15:00:00,MH007,21.07,20.656635,6
2020-05-30 16:00:00,MH007,8.0,21.20424,6
2020-05-30 17:00:00,MH007,8.1,20.918358,6
2020-05-30 18:00:00,MH007,11.82,20.761759,6
2020-05-30 19:00:00,MH007,5.0,20.353876,6
2020-05-30 20:00:00,MH007,5.09,19.798115,6
2020-05-30 21:00:00,MH007,5.09,19.475863,6
2020-05-30 22:00:00,MH007,5.09,19.472513,6
2020-05-30 23:00:00,MH007,5.09,19.36074,6
2020-05-31 02:00:00,MH007,5.0,21.187288,6
2020-05-31 03:00:00,MH007,5.0,22.73449,6
2020-05-31 04:00:00,MH007,5.0,23.981922,6
2020-05-31 05:00:00,MH007,5.0,24.204117,6
2020-05-31 06:00:00,MH007,5.0,23.955812,6
2020-05-31 07:00:00,MH007,5.0,22.988813,6
2020-05-31 08:00:00,MH007,5.0,22.734966,6
2020-05-31 09:00:00,MH007,5.0,22.486212,6
2020-05-31 10:00:00,MH007,5.15,22.388647,6
2020-05-31 11:00:00,MH007,5.15,22.686161,6
2020-06-03 17:00:00,MH007,13.95,8.13298,6
2020-06-03 18:00:00,MH007,12.13,6.142883,6
2020-06-03 19:00:00,MH007,17.98,0.46720466,6
2020-06-03 20:00:00,MH007,16.98,-1.2771572,6
2020-06-03 21:00:00,MH007,16.05,-1.5889629,6
2020-06-03 22:00:00,MH007,18.1,-3.2901196,6
2020-06-06 04:00:00,MH007,5.0,15.124975,6
2020-06-06 05:00:00,MH007,5.0,15.690731,6
2020-06-06 06:00:00,MH007,5.05,17.894339,6
2020-06-06 07:00:00,MH007,7.31,18.214006,6
2020-06-06 08:00:00,MH007,14.33,18.99819,6
2020-06-06 09:00:00,MH007,28.98,18.235962,6
2020-06-06 10:00:00,MH007,27.86,17.930475,6
2020-06-06 11:00:00,MH007,24.9,17.2128,6
2020-06-06 12:00:00,MH007,21.18,16.846783,6
2020-06-06 13:00:00,MH007,28.98,17.07571,6
2020-06-06 14:00:00,MH007,28.11,15.827555,6
2020-06-06 15:00:00,MH007,32.95,15.979399,6
2020-06-06 16:00:00,MH007,31.0,15.819515,6
2020-06-06 17:00:00,MH007,29.95,15.301331,6
2020-06-06 18:00:00,MH007,28.05,14.341259,6
2020-06-06 19:00:00,MH007,29.89,13.251034,6
2020-06-06 20:00:00,MH007,24.98,12.579399,6
2020-06-06 21:00:00,MH007,24.23,11.745766,6
2020-06-06 22:00:00,MH007,32.88,11.967518,6
2020-06-06 23:00:00,MH007,28.32,10.765255,6
2020-06-07 00:00:00,MH007,40.89,11.5541725,6
2020-06-07 01:00:00,MH007,36.15,12.066498,6
2020-06-07 02:00:00,MH007,41.7,12.682751,6
2020-06-07 03:00:00,MH007,35.98,12.599064,6
2020-06-07 04:00:00,MH007,34.6,14.295425,6
2020-06-07 05:00:00,MH007,17.02,14.711212,6
2020-06-07 06:00:00,MH007,17.86,17.35729,6
2020-06-07 07:00:00,MH007,10.96,16.923836,6
2020-06-07 08:00:00,MH007,9.13,17.64092,6
2020-06-07 09:00:00,MH007,14.78,17.679337,6
2020-06-07 10:00:00,MH007,5.98,19.642788,6
2020-06-07 11:00:00,MH007,5.0,20.003946,6
2020-06-07 12:00:00,MH007,12.2,20.335424,6
2020-06-07 13:00:00,MH007,21.13,20.639122,6
2020-06-07 14:00:00,MH007,27.13,21.40231,6
2020-06-07 15:00:00,MH007,32.85,21.21972,6
2020-06-07 16:00:00,MH007,26.87,20.591932,6
2020-06-07 17:00:00,MH007,21.0,19.306452,6
2020-06-07 18:00:00,MH007,21.16,18.253239,6
2020-06-07 19:00:00,MH007,27.95,17.951038,6
2020-06-07 20:00:00,MH007,25.87,17.10008,6
2020-06-07 21:00:00,MH007,22.87,15.563602,6
2020-06-07 22:00:00,MH007,17.95,14.9484215,6
2020-06-07 23:00:00,MH007,16.05,14.318539,6
2020-06-08 00:00:00,MH007,18.07,15.579548,6
2020-06-08 01:00:00,MH007,21.0,15.260073,6
2020-06-08 02:00:00,MH007,21.27,15.664053,6
2020-06-08 03:00:00,MH007,32.98,16.847578,6
2020-06-08 04:00:00,MH007,32.08,17.604483,6
2020-06-08 05:00:00,MH007,35.05,17.252148,6
2020-06-08 06:00:00,MH007,36.51,18.59285,6
2020-06-08 07:00:00,MH007,16.18,19.176737,6
2020-06-08 08:00:00,MH007,23.02,19.025993,6
2020-06-08 09:00:00,MH007,23.91,20.347273,6
2020-06-08 10:00:00,MH007,19.87,20.537523,6
2020-06-08 11:00:00,MH007,13.98,21.098015,6
2020-06-08 12:00:00,MH007,13.1,20.949066,6
2020-06-08 13:00:00,MH007,17.14,20.920279,6
2020-06-08 14:00:00,MH007,23.16,20.946667,6
2020-06-08 15:00:00,MH007,29.91,20.807013,6
2020-06-08 16:00:00,MH007,25.95,20.568848,6
2020-06-08 17:00:00,MH007,23.98,19.277468,6
2020-06-08 18:00:00,MH007,22.92,18.830627,6
2020-06-08 19:00:00,MH007,18.98,17.942822,6
2020-06-08 20:00:00,MH007,18.07,17.26221,6
2020-06-08 21:00:00,MH007,21.07,17.062656,6
2020-06-08 22:00:00,MH007,24.0,16.536476,6
2020-06-08 23:00:00,MH007,21.0,16.477781,6
2020-06-09 00:00:00,MH007,21.11,16.39647,6
2020-06-09 01:00:00,MH007,25.8,16.983824,6
2020-06-09 02:00:00,MH007,17.61,17.384985,6
2020-06-09 03:00:00,MH007,42.67,18.16109,6
2020-06-09 04:00:00,MH007,27.98,19.763802,6
2020-06-09 05:00:00,MH007,26.84,21.01796,6
2020-06-09 06:00:00,MH007,19.67,20.8837,6
2020-06-09 07:00:00,MH007,5.0,20.61987,6
2020-06-09 08:00:00,MH007,5.0,20.200693,6
2020-06-09 09:00:00,MH007,5.0,20.390654,6
2020-06-09 10:00:00,MH007,5.0,20.295504,6
2020-06-09 11:00:00,MH007,5.0,19.926981,6
2020-06-09 12:00:00,MH007,5.0,20.403238,6
2020-06-09 13:00:00,MH007,5.0,19.738943,6
2020-06-09 14:00:00,MH007,5.22,19.939857,6
2020-06-09 15:00:00,MH007,15.0,20.118011,6
2020-06-09 16:00:00,MH007,18.93,20.408262,6
2020-06-09 17:00:00,MH007,15.91,19.458298,6
2020-06-09 18:00:00,MH007,11.85,19.258715,6
2020-06-09 19:00:00,MH007,5.02,18.223955,6
2020-06-09 20:00:00,MH007,5.98,17.041597,6
2020-06-09 21:00:00,MH007,5.0,15.918552,6
2020-06-09 22:00:00,MH007,5.16,14.868937,6
2020-06-09 23:00:00,MH007,12.04,14.226421,6
2020-06-10 00:00:00,MH007,14.62,14.52899,6
2020-06-10 01:00:00,MH007,45.55,15.184574,6
2020-06-10 02:00:00,MH007,26.36,15.500303,6
2020-06-10 03:00:00,MH007,41.6,16.231276,6
2020-06-10 04:00:00,MH007,32.86,16.132229,6
2020-06-10 05:00:00,MH007,29.93,16.731297,6
2020-06-10 06:00:00,MH007,26.91,16.190762,6
2020-06-10 07:00:00,MH007,22.95,15.452173,6
2020-06-10 08:00:00,MH007,21.0,15.116024,6
2020-06-10 09:00:00,MH007,10.87,15.0888,6
2020-06-10 10:00:00,MH007,5.0,15.137253,6
2020-06-10 11:00:00,MH007,5.0,15.025143,6
2020-06-10 12:00:00,MH007,5.04,15.172647,6
2020-06-10 13:00:00,MH007,7.02,15.073828,6
2020-06-10 14:00:00,MH007,7.93,15.679941,6
2020-06-10 15:00:00,MH007,5.11,15.998896,6
2020-06-10 16:00:00,MH007,9.95,16.935144,6
2020-06-10 17:00:00,MH007,8.91,16.50702,6
2020-06-10 18:00:00,MH007,5.13,16.307919,6
2020-06-10 19:00:00,MH007,10.89,15.451523,6
2020-06-10 20:00:00,MH007,5.98,14.818846,6
2020-06-10 21:00:00,MH007,5.0,14.326832,6
2020-06-10 22:00:00,MH007,5.0,12.852219,6
2020-06-10 23:00:00,MH007,5.0,12.408722,6
2020-06-11 00:00:00,MH007,5.0,13.15839,6
2020-06-11 01:00:00,MH007,5.07,12.921829,6
2020-06-11 02:00:00,MH007,8.07,14.730246,6
2020-06-11 03:00:00,MH007,11.04,15.921207,6
2020-06-11 04:00:00,MH007,13.0,16.04985,6
2020-06-11 05:00:00,MH007,22.93,16.208864,6
2020-06-11 06:00:00,MH007,19.71,15.761606,6
2020-06-11 07:00:00,MH007,7.26,15.608959,6
2020-06-11 08:00:00,MH007,17.84,15.628094,6
2020-06-11 09:00:00,MH007,10.87,15.433126,6
2020-06-11 10:00:00,MH007,5.0,15.136175,6
2020-06-11 11:00:00,MH007,5.0,14.676096,6
2020-06-11 12:00:00,MH007,5.09,14.308559,6
2020-06-11 13:00:00,MH007,9.25,14.274956,6
2020-06-11 14:00:00,MH007,19.95,14.439848,6
2020-06-11 15:00:00,MH007,17.93,14.112404,6
2020-06-11 16:00:00,MH007,14.91,13.984501,6
2020-06-11 17:00:00,MH007,11.0,13.81525,6
2020-06-11 18:00:00,MH007,11.11,13.418613,6
2020-06-11 19:00:00,MH007,15.97,12.734512,6
2020-06-11 20:00:00,MH007,15.02,11.925812,6
2020-06-11 21:00:00,MH007,16.07,11.877304,6
2020-06-11 22:00:00,MH007,18.91,10.99435,6
2020-06-11 23:00:00,MH007,14.98,11.017502,6
2020-06-12 00:00:00,MH007,14.0,11.288216,6
2020-06-12 01:00:00,MH007,12.13,12.665016,6
2020-06-12 02:00:00,MH007,18.02,13.779659,6
2020-06-12 03:00:00,MH007,18.94,14.051216,6
2020-06-12 04:00:00,MH007,16.07,13.565449,6
2020-06-12 05:00:00,MH007,19.27,14.327213,6
2020-06-12 06:00:00,MH007,30.88,16.56321,6
2020-06-12 07:00:00,MH007,25.93,15.728628,6
2020-06-12 08:00:00,MH007,22.91,16.563719,6
2020-06-12 09:00:00,MH007,22.91,16.811996,6
2020-06-12 10:00:00,MH007,22.91,17.27858,6
2020-06-12 11:00:00,MH007,15.09,17.202326,6
2020-06-12 12:00:00,MH007,19.05,17.332268,6
2020-06-12 13:00:00,MH007,20.87,17.598574,6
2020-06-12 14:00:00,MH007,15.0,17.839058,6
2020-06-12 15:00:00,MH007,15.03,18.135536,6
2020-06-12 16:00:00,MH007,15.78,18.010265,6
2020-06-12 17:00:00,MH007,6.22,17.58965,6
2020-06-12 18:00:00,MH007,16.1,17.675707,6
2020-06-12 19:00:00,MH007,21.02,17.358088,6
2020-06-12 20:00:00,MH007,22.0,17.005371,6
2020-06-12 21:00:00,MH007,25.11,16.927841,6
2020-06-12 22:00:00,MH007,25.11,17.205492,6
2020-06-12 23:00:00,MH007,24.84,15.875278,6
2020-06-13 00:00:00,MH007,13.11,16.771477,6
2020-06-13 01:00:00,MH007,18.05,17.912186,6
2020-06-13 02:00:00,MH007,19.78,18.252779,6
2020-06-13 03:00:00,MH007,10.02,18.081419,6
2020-06-13 04:00:00,MH007,11.11,18.039764,6
2020-06-13 05:00:00,MH007,15.98,18.291716,6
2020-06-13 06:00:00,MH007,15.0,19.906963,6
2020-06-13 07:00:00,MH007,14.96,20.07341,6
2020-06-13 08:00:00,MH007,12.94,19.934425,6
2020-06-13 09:00:00,MH007,10.0,20.16584,6
2020-06-13 10:00:00,MH007,10.0,20.342173,6
2020-06-13 11:00:00,MH007,21.0,20.30759,6
2020-06-13 12:00:00,MH007,7.4,20.753817,6
2020-06-13 13:00:00,MH007,6.0,20.014793,6
2020-06-13 14:00:00,MH007,6.0,19.860123,6
2020-06-13 15:00:00,MH007,6.0,19.755646,6
2020-06-13 16:00:00,MH007,6.0,20.23278,6
2020-06-13 17:00:00,MH007,6.02,19.846794,6
2020-06-13 18:00:00,MH007,6.98,19.35417,6
2020-06-13 19:00:00,MH007,6.0,19.422857,6
2020-06-13 20:00:00,MH007,6.0,18.637262,6
2020-06-13 21:00:00,MH007,6.02,17.745121,6
2020-06-13 22:00:00,MH007,6.98,17.731882,6
2020-06-13 23:00:00,MH007,6.0,17.575287,6
2020-06-14 00:00:00,MH007,6.0,16.252172,6
2020-06-14 01:00:00,MH007,6.47,16.477503,6
2020-06-14 02:00:00,MH007,6.47,16.046616,6
2020-06-14 03:00:00,MH007,6.0,15.892002,6
2020-06-14 04:00:00,MH007,6.0,15.701166,6
2020-06-14 05:00:00,MH007,6.0,15.854155,6
2020-06-14 06:00:00,MH007,6.0,17.864418,6
2020-06-14 07:00:00,MH007,6.0,17.550219,6
2020-06-14 08:00:00,MH007,6.0,17.183418,6
2020-06-14 09:00:00,MH007,6.0,17.270498,6
2020-06-14 10:00:00,MH007,6.0,17.754185,6
2020-06-14 11:00:00,MH007,6.0,18.38609,6
2020-06-14 12:00:00,MH007,6.0,18.153387,6
2020-06-14 13:00:00,MH007,6.0,17.639482,6
2020-06-14 14:00:00,MH007,6.0,17.150461,6
2020-06-14 15:00:00,MH007,6.0,16.793316,6
2020-06-14 16:00:00,MH007,6.0,16.429764,6
2020-06-14 17:00:00,MH007,6.0,15.809101,6
2020-06-14 18:00:00,MH007,6.0,15.255199,6
2020-06-14 19:00:00,MH007,6.0,14.264706,6
2020-06-14 20:00:00,MH007,6.09,12.687096,6
2020-06-14 21:00:00,MH007,10.0,12.026318,6
2020-06-14 22:00:00,MH007,10.27,11.332184,6
2020-06-14 23:00:00,MH007,21.64,10.769798,6
2020-06-15 00:00:00,MH007,6.04,10.671875,6
2020-06-15 01:00:00,MH007,8.0,11.130657,6
2020-06-15 02:00:00,MH007,9.15,11.597572,6
2020-06-15 03:00:00,MH007,16.2,12.275173,6
2020-06-15 04:00:00,MH007,24.84,12.565571,6
2020-06-15 05:00:00,MH007,17.87,12.926079,6
2020-06-15 06:00:00,MH007,11.93,15.568998,6
2020-06-15 07:00:00,MH007,8.96,14.900955,6
2020-06-15 08:00:00,MH007,6.98,15.896679,6
2020-06-15 09:00:00,MH007,6.0,15.270716,6
2020-06-15 10:00:00,MH007,6.18,15.448553,6
2020-06-15 11:00:00,MH007,10.02,15.810696,6
2020-06-15 12:00:00,MH007,10.93,16.05939,6
2020-06-15 13:00:00,MH007,8.02,16.092766,6
2020-06-15 14:00:00,MH007,9.07,16.043056,6
2020-06-15 15:00:00,MH007,9.07,15.218475,6
2020-06-15 16:00:00,MH007,9.07,15.466694,6
2020-06-15 17:00:00,MH007,18.86,15.135723,6
2020-06-15 18:00:00,MH007,11.82,14.221191,6
2020-06-15 19:00:00,MH007,10.04,13.50547,6
2020-06-15 20:00:00,MH007,10.04,12.201153,6
2020-06-15 21:00:00,MH007,10.04,10.754845,6
2020-06-15 22:00:00,MH007,10.04,10.850018,6
2020-06-16 02:00:00,MH007,15.92,11.206802,6
2020-06-16 03:00:00,MH007,11.91,10.53915,6
2020-06-16 04:00:00,MH007,10.93,11.2907295,6
2020-06-16 05:00:00,MH007,7.96,9.551399,6
2020-06-16 06:00:00,MH007,6.0,12.433102,6
2020-06-16 07:00:00,MH007,6.0,13.180107,6
2020-06-16 08:00:00,MH007,6.0,12.597607,6
2020-06-16 09:00:00,MH007,6.0,13.794548,6
2020-06-16 10:00:00,MH007,6.0,14.261578,6
2020-06-18 13:00:00,MH007,6.0,12.844986,6
2020-06-18 14:00:00,MH007,6.0,12.899094,6
2020-06-18 15:00:00,MH007,6.02,12.828056,6
2020-06-18 16:00:00,MH007,7.0,12.649155,6
2020-06-18 17:00:00,MH007,6.98,12.420071,6
2020-06-18 18:00:00,MH007,6.0,12.213158,6
2020-06-18 19:00:00,MH007,6.0,10.776684,6
2020-06-18 20:00:00,MH007,6.0,9.894646,6
2020-06-18 21:00:00,MH007,6.22,10.2679405,6
2020-06-18 22:00:00,MH007,15.84,9.772045,6
2020-06-18 23:00:00,MH007,13.82,10.024075,6
2020-06-19 00:00:00,MH007,6.0,9.436188,6
2020-06-19 01:00:00,MH007,6.35,9.684761,6
2020-06-19 02:00:00,MH007,23.8,9.67049,6
2020-06-19 03:00:00,MH007,15.91,10.577911,6
2020-06-19 04:00:00,MH007,12.07,11.371262,6
2020-06-19 05:00:00,MH007,14.96,11.665085,6
2020-06-19 06:00:00,MH007,12.98,12.722496,6
2020-06-19 07:00:00,MH007,12.18,12.440651,6
2020-06-19 08:00:00,MH007,18.87,12.665028,6
2020-06-19 09:00:00,MH007,12.9,12.839287,6
2020-06-19 10:00:00,MH007,8.27,13.103718,6
2020-06-19 11:00:00,MH007,19.89,13.823273,6
2020-06-19 12:00:00,MH007,15.04,13.851055,6
2020-06-19 13:00:00,MH007,16.94,14.183361,6
2020-06-19 14:00:00,MH007,13.96,14.215134,6
2020-06-19 15:00:00,MH007,11.98,13.976181,6
2020-06-19 16:00:00,MH007,11.04,13.768837,6
2020-06-19 17:00:00,MH007,12.87,13.882938,6
2020-06-19 18:00:00,MH007,6.0,13.512329,6
2020-06-19 19:00:00,MH007,7.0,13.022678,6
2020-06-19 20:00:00,MH007,6.98,12.919788,6
2020-06-19 21:00:00,MH007,6.0,12.570923,6
2020-06-19 22:00:00,MH007,6.0,11.924961,6
2020-06-19 23:00:00,MH007,6.0,11.648178,6
2020-06-20 00:00:00,MH007,6.0,11.251678,6
2020-06-20 01:00:00,MH007,6.0,11.19796,6
2020-06-20 02:00:00,MH007,6.0,12.3657875,6
2020-06-20 03:00:00,MH007,6.0,12.812786,6
2020-06-20 04:00:00,MH007,6.0,12.956558,6
2020-06-20 05:00:00,MH007,6.0,13.713875,6
2020-06-20 06:00:00,MH007,6.0,15.565886,6
2020-06-20 07:00:00,MH007,6.0,15.34354,6
2020-06-20 08:00:00,MH007,6.0,15.810442,6
2020-06-20 09:00:00,MH007,6.0,15.710896,6
2020-06-20 13:00:00,MH007,6.0,15.847063,6
2020-06-20 14:00:00,MH007,6.0,15.673517,6
2020-06-20 15:00:00,MH007,6.18,15.357311,6
2020-06-20 16:00:00,MH007,13.91,14.775742,6
2020-06-20 17:00:00,MH007,9.96,14.357906,6
2020-06-20 18:00:00,MH007,7.98,13.767326,6
2020-06-20 19:00:00,MH007,6.98,13.346634,6
2020-06-20 20:00:00,MH007,6.0,12.5911255,6
2020-06-20 21:00:00,MH007,6.0,12.039341,6
2020-06-23 00:00:00,MH007,6.0,12.371597,6
2020-06-23 01:00:00,MH007,6.02,12.633583,6
2020-06-23 02:00:00,MH007,7.02,13.981831,6
2020-06-23 03:00:00,MH007,8.02,13.722137,6
2020-06-23 04:00:00,MH007,8.93,13.964474,6
2020-06-23 05:00:00,MH007,6.0,13.777592,6
2020-06-23 06:00:00,MH007,6.0,14.514555,6
2020-06-23 07:00:00,MH007,6.0,14.164486,6
2020-06-23 08:00:00,MH007,6.0,14.310101,6
2020-06-23 09:00:00,MH007,6.0,15.080814,6
2020-06-23 10:00:00,MH007,6.0,15.014336,6
2020-06-23 11:00:00,MH007,6.0,15.597963,6
2020-06-23 12:00:00,MH007,6.0,15.837284,6
2020-06-23 13:00:00,MH007,6.0,15.926788,6
2020-06-23 14:00:00,MH007,6.0,15.2610855,6
2020-06-23 15:00:00,MH007,6.0,15.288286,6
2020-06-23 16:00:00,MH007,6.0,14.944019,6
2020-06-23 17:00:00,MH007,6.0,14.922054,6
2020-06-23 18:00:00,MH007,6.0,14.181076,6
2020-06-23 19:00:00,MH007,6.0,13.535824,6
2020-06-23 20:00:00,MH007,6.0,13.21455,6
2020-06-23 21:00:00,MH007,6.0,13.056652,6
2020-06-23 22:00:00,MH007,6.0,12.637627,6
2020-06-23 23:00:00,MH007,6.0,12.913258,6
2020-06-24 00:00:00,MH007,6.0,12.698681,6
2020-06-24 01:00:00,MH007,6.0,13.0057335,6
2020-06-24 02:00:00,MH007,6.16,13.139015,6
2020-06-24 03:00:00,MH007,12.89,13.335056,6
2020-06-24 04:00:00,MH007,7.96,12.980301,6
2020-06-24 05:00:00,MH007,6.08,13.400753,6
2020-06-24 06:00:00,MH007,9.92,15.1493,6
2020-06-24 07:00:00,MH007,6.12,14.505119,6
2020-06-24 08:00:00,MH007,11.98,14.674849,6
2020-06-24 09:00:00,MH007,11.04,14.991871,6
2020-06-24 10:00:00,MH007,12.9,15.367165,6
2020-06-24 11:00:00,MH007,7.96,15.551218,6
2020-06-24 12:00:00,MH007,6.04,15.912052,6
2020-06-24 13:00:00,MH007,7.98,15.969234,6
2020-06-24 14:00:00,MH007,6.98,15.745209,6
2020-06-24 15:00:00,MH007,6.09,15.437525,6
2020-06-24 16:00:00,MH007,10.0,15.058317,6
2020-06-24 17:00:00,MH007,10.0,14.587423,6
2020-06-24 18:00:00,MH007,10.02,13.95174,6
2020-06-24 19:00:00,MH007,11.0,13.316895,6
2020-06-24 20:00:00,MH007,10.92,12.465122,6
2020-06-24 21:00:00,MH007,7.0,12.245567,6
2020-06-24 22:00:00,MH007,7.08,11.879059,6
2020-06-24 23:00:00,MH007,11.06,12.094452,6
2020-06-25 00:00:00,MH007,14.18,12.451191,6
2020-06-25 01:00:00,MH007,21.8,12.772541,6
2020-06-25 02:00:00,MH007,12.31,13.5026245,6
2020-06-25 03:00:00,MH007,25.87,14.205994,6
2020-06-25 04:00:00,MH007,17.98,14.584526,6
2020-06-25 05:00:00,MH007,16.94,14.809034,6
2020-06-25 06:00:00,MH007,14.04,14.843369,6
2020-06-25 07:00:00,MH007,16.07,13.215336,6
2020-06-25 08:00:00,MH007,19.89,13.985073,6
2020-06-25 09:00:00,MH007,14.92,14.147812,6
2020-06-25 10:00:00,MH007,10.92,14.532925,6
2020-06-25 11:00:00,MH007,7.1,14.605349,6
2020-06-25 12:00:00,MH007,11.88,15.145052,6
2020-06-25 13:00:00,MH007,6.11,14.386559,6
2020-06-25 14:00:00,MH007,11.09,15.160425,6
2020-06-25 15:00:00,MH007,15.0,14.774921,6
2020-06-25 16:00:00,MH007,14.94,14.614391,6
2020-06-25 17:00:00,MH007,12.02,13.795403,6
2020-06-25 18:00:00,MH007,13.02,13.226776,6
2020-06-25 19:00:00,MH007,14.02,12.777134,6
2020-06-25 20:00:00,MH007,14.91,11.914864,6
2020-06-25 21:00:00,MH007,10.98,11.242657,6
2020-06-25 22:00:00,MH007,10.08,10.29203,6
2020-06-25 23:00:00,MH007,14.0,10.227039,6
2020-06-26 00:00:00,MH007,13.92,11.181271,6
2020-06-26 01:00:00,MH007,9.94,12.300655,6
2020-06-26 02:00:00,MH007,7.33,13.2890625,6
2020-06-26 03:00:00,MH007,22.04,14.662746,6
2020-06-26 04:00:00,MH007,23.94,14.596346,6
2020-06-26 05:00:00,MH007,21.06,14.963692,6
2020-06-26 06:00:00,MH007,23.88,14.970436,6
2020-06-26 07:00:00,MH007,17.87,14.715359,6
2020-06-26 08:00:00,MH007,11.1,14.671541,6
2020-06-26 09:00:00,MH007,15.96,15.189291,6
2020-06-26 10:00:00,MH007,13.9,15.595013,6
2020-06-26 11:00:00,MH007,8.94,15.259256,6
2020-06-26 12:00:00,MH007,6.17,15.850885,6
2020-06-26 13:00:00,MH007,15.03,15.279518,6
2020-06-26 14:00:00,MH007,17.04,14.985514,6
2020-06-26 15:00:00,MH007,19.07,15.583706,6
2020-06-26 16:00:00,MH007,21.98,15.917841,6
2020-06-26 17:00:00,MH007,20.95,15.255407,6
2020-06-26 18:00:00,MH007,19.0,14.798874,6
2020-06-26 19:00:00,MH007,19.13,13.963081,6
2020-06-26 20:00:00,MH007,25.02,12.458591,6
2020-06-26 21:00:00,MH007,25.67,11.813484,6
2020-06-26 22:00:00,MH007,9.12,11.600704,6
2020-06-26 23:00:00,MH007,15.12,11.30267,6
2020-06-27 00:00:00,MH007,21.12,12.119385,6
2020-06-27 01:00:00,MH007,26.82,13.872532,6
2020-06-27 02:00:00,MH007,17.98,15.162027,6
2020-06-27 03:00:00,MH007,16.79,16.655869,6
2020-06-27 04:00:00,MH007,6.0,17.537205,6
2020-06-27 05:00:00,MH007,6.0,18.169321,6
2020-06-27 06:00:00,MH007,6.0,17.375021,6
2020-06-27 07:00:00,MH007,6.0,16.043331,6
2020-06-27 08:00:00,MH007,6.0,15.933443,6
2020-06-27 09:00:00,MH007,6.21,16.22845,6
2020-06-27 10:00:00,MH007,16.82,16.672237,6
2020-06-27 11:00:00,MH007,7.96,17.056576,6
2020-06-27 12:00:00,MH007,6.0,17.139585,6
2020-06-27 13:00:00,MH007,6.0,17.089037,6
2020-06-27 14:00:00,MH007,6.12,18.006802,6
2020-06-27 15:00:00,MH007,11.88,18.156813,6
2020-06-27 16:00:00,MH007,6.12,18.23394,6
2020-06-27 17:00:00,MH007,12.12,17.470533,6
2020-06-27 18:00:00,MH007,17.98,16.732138,6
2020-06-27 19:00:00,MH007,16.88,15.4788475,6
2020-06-27 20:00:00,MH007,11.27,14.487471,6
2020-06-27 21:00:00,MH007,24.62,14.21804,6
2020-06-27 22:00:00,MH007,7.96,13.323643,6
2020-06-27 23:00:00,MH007,6.16,13.109276,6
2020-06-28 00:00:00,MH007,13.96,14.502146,6
2020-06-28 01:00:00,MH007,11.96,16.114283,6
2020-06-28 02:00:00,MH007,10.02,17.238493,6
2020-06-28 03:00:00,MH007,10.9,18.29129,6
2020-06-28 04:00:00,MH007,6.0,15.846954,6
2020-06-28 05:00:00,MH007,6.0,16.045618,6
2020-06-28 06:00:00,MH007,6.0,16.744883,6
2020-06-28 07:00:00,MH007,6.0,16.147308,6
2020-06-28 08:00:00,MH007,6.02,15.363827,6
2020-06-28 09:00:00,MH007,7.04,15.782824,6
2020-06-28 10:00:00,MH007,8.95,16.60604,6
2020-06-28 11:00:00,MH007,6.0,16.468912,6
2020-06-28 12:00:00,MH007,6.0,16.687393,6
2020-06-28 13:00:00,MH007,6.0,16.089367,6
2020-06-28 14:00:00,MH007,6.02,15.604042,6
2020-06-28 15:00:00,MH007,7.02,15.838474,6
2020-06-28 16:00:00,MH007,8.02,14.635111,6
2020-06-28 17:00:00,MH007,8.94,14.702812,6
2020-06-28 18:00:00,MH007,6.02,13.791462,6
2020-06-28 19:00:00,MH007,7.0,13.183113,6
2020-06-28 20:00:00,MH007,6.98,11.658421,6
2020-06-28 21:00:00,MH007,6.29,10.773758,6
2020-06-28 22:00:00,MH007,20.71,10.1061325,6
2020-06-28 23:00:00,MH007,6.0,9.876865,6
2020-06-29 00:00:00,MH007,6.0,10.397572,6
2020-06-29 01:00:00,MH007,6.0,12.13673,6
2020-06-29 02:00:00,MH007,6.0,12.924789,6
2020-06-29 03:00:00,MH007,6.0,14.055943,6
2020-06-29 04:00:00,MH007,6.0,14.637581,6
2020-06-29 05:00:00,MH007,6.0,13.480473,6
2020-06-29 06:00:00,MH007,6.0,14.309616,6
2020-06-29 07:00:00,MH007,6.0,13.882557,6
2020-06-29 08:00:00,MH007,6.0,13.314701,6
2020-06-29 09:00:00,MH007,6.0,13.588718,6
2020-06-29 10:00:00,MH007,6.0,13.971928,6
2020-06-29 11:00:00,MH007,6.0,13.935341,6
2020-06-29 12:00:00,MH007,6.0,13.687313,6
2020-06-29 13:00:00,MH007,6.0,13.988235,6
2020-06-29 14:00:00,MH007,6.0,13.975731,6
2020-06-29 15:00:00,MH007,6.0,13.8999405,6
2020-06-29 16:00:00,MH007,6.0,14.207283,6
2020-06-29 17:00:00,MH007,6.0,14.096085,6
2020-06-29 18:00:00,MH007,6.0,13.663334,6
2020-06-29 19:00:00,MH007,6.0,12.508072,6
2020-06-29 20:00:00,MH007,6.0,11.825764,6
2020-06-29 21:00:00,MH007,6.0,11.13628,6
2020-06-29 22:00:00,MH007,6.0,10.851559,6
2020-06-29 23:00:00,MH007,6.0,9.995018,6
2020-06-30 00:00:00,MH007,6.0,9.906216,6
2020-06-30 01:00:00,MH007,6.0,11.38599,6
2020-06-30 02:00:00,MH007,6.0,11.990875,6
2020-06-30 03:00:00,MH007,6.0,11.776909,6
2020-06-30 04:00:00,MH007,6.0,12.105045,6
2020-06-30 05:00:00,MH007,6.02,11.019184,6
2020-06-30 06:00:00,MH007,7.0,11.977474,6
2020-06-30 07:00:00,MH007,6.98,11.698505,6
2020-06-30 08:00:00,MH007,6.0,11.914017,6
2020-06-30 09:00:00,MH007,6.0,12.448948,6
2020-06-30 10:00:00,MH007,6.0,12.236713,6
2020-06-30 11:00:00,MH007,6.0,11.848511,6
2020-06-30 12:00:00,MH007,6.0,12.177628,6
2020-06-30 13:00:00,MH007,6.0,12.423061,6
2020-06-30 14:00:00,MH007,6.0,12.449753,6
2020-06-30 15:00:00,MH007,6.0,12.528004,6
2020-06-30 16:00:00,MH007,6.0,12.398216,6
2020-06-30 17:00:00,MH007,6.0,12.270718,6
2020-06-30 18:00:00,MH007,6.0,11.539799,6
2020-05-04 08:00:00,MH008,12.1,24.034819,6
2020-05-04 09:00:00,MH008,8.55,18.346115,6
2020-05-04 10:00:00,MH008,7.0,15.150539,6
2020-05-04 11:00:00,MH008,7.0,13.12141,6
2020-05-04 12:00:00,MH008,7.0,12.772579,6
2020-05-04 13:00:00,MH008,7.0,12.630253,6
2020-05-04 16:00:00,MH008,13.75,17.883595,6
2020-05-04 17:00:00,MH008,6.45,18.422783,6
2020-05-04 18:00:00,MH008,7.33,19.05116,6
2020-05-04 19:00:00,MH008,5.0,19.191582,6
2020-05-04 20:00:00,MH008,5.0,19.67249,6
2020-05-04 21:00:00,MH008,5.0,19.793259,6
2020-05-04 22:00:00,MH008,9.67,19.988375,6
2020-05-04 23:00:00,MH008,12.22,20.591553,6
2020-05-05 00:00:00,MH008,11.88,20.673647,6
2020-05-05 01:00:00,MH008,7.78,20.365044,6
2020-05-07 03:00:00,MH008,10.45,18.627817,6
2020-05-07 04:00:00,MH008,12.0,17.894436,6
2020-05-07 05:00:00,MH008,12.0,18.195536,6
2020-05-07 06:00:00,MH008,12.0,17.540184,6
2020-05-07 07:00:00,MH008,17.1,17.078045,6
2020-05-07 08:00:00,MH008,14.97,16.976011,6
2020-05-07 09:00:00,MH008,7.33,14.954641,6
2020-05-07 10:00:00,MH008,5.0,16.568333,6
2020-05-07 11:00:00,MH008,5.0,17.385674,6
2020-05-07 12:00:00,MH008,5.0,18.189314,6
2020-05-07 13:00:00,MH008,5.0,18.669632,6
2020-05-07 14:00:00,MH008,24.3,19.338715,6
2020-05-07 15:00:00,MH008,23.45,20.29984,6
2020-05-07 16:00:00,MH008,23.43,20.556744,6
2020-05-07 17:00:00,MH008,16.88,20.114454,6
2020-05-07 18:00:00,MH008,11.88,19.805145,6
2020-05-07 19:00:00,MH008,7.78,19.479029,6
2020-05-07 20:00:00,MH008,7.67,18.849552,6
2020-05-07 21:00:00,MH008,10.22,18.423264,6
2020-05-07 22:00:00,MH008,12.79,18.212318,6
2020-05-07 23:00:00,MH008,18.1,18.085943,6
2020-05-08 00:00:00,MH008,15.9,17.826767,6
2020-05-08 01:00:00,MH008,18.55,17.503222,6
2020-05-08 02:00:00,MH008,15.2,17.389988,6
2020-05-08 03:00:00,MH008,9.68,18.886871,6
2020-05-08 04:00:00,MH008,11.78,19.95754,6
2020-05-08 05:00:00,MH008,11.0,20.607342,6
2020-05-08 06:00:00,MH008,27.0,19.544191,6
2020-05-08 07:00:00,MH008,24.07,18.659973,6
2020-05-08 08:00:00,MH008,13.32,18.67341,6
2020-05-08 09:00:00,MH008,12.57,16.64178,6
2020-05-08 10:00:00,MH008,18.0,17.642735,6
2020-05-08 11:00:00,MH008,18.0,18.917677,6
2020-05-08 12:00:00,MH008,18.0,18.64432,6
2020-05-08 13:00:00,MH008,27.0,20.14373,6
2020-05-08 14:00:00,MH008,24.75,20.527391,6
2020-05-08 15:00:00,MH008,16.55,22.358866,6
2020-05-08 16:00:00,MH008,14.78,22.702276,6
2020-05-08 17:00:00,MH008,13.78,21.560472,6
2020-05-08 18:00:00,MH008,11.45,20.627317,6
2020-05-08 19:00:00,MH008,5.78,20.27868,6
2020-05-08 20:00:00,MH008,5.45,19.405323,6
2020-05-08 21:00:00,MH008,7.22,18.804062,6
2020-05-08 22:00:00,MH008,10.03,18.213041,6
2020-05-08 23:00:00,MH008,16.32,18.062424,6
2020-05-09 00:00:00,MH008,14.45,18.327091,6
2020-05-09 01:00:00,MH008,15.55,19.794394,6
2020-05-09 02:00:00,MH008,13.32,20.26175,6
2020-05-09 03:00:00,MH008,10.78,21.85296,6
2020-05-09 04:00:00,MH008,10.0,23.995905,6
2020-05-09 05:00:00,MH008,10.0,25.877586,6
2020-05-09 06:00:00,MH008,10.0,26.316992,6
2020-05-09 07:00:00,MH008,10.0,25.341808,6
2020-05-09 12:00:00,MH008,7.0,17.466866,6
2020-05-09 13:00:00,MH008,21.0,18.208694,6
2020-05-09 14:00:00,MH008,19.43,19.491013,6
2020-05-09 15:00:00,MH008,16.02,20.195982,6
2020-05-09 16:00:00,MH008,22.32,20.212742,6
2020-05-09 17:00:00,MH008,19.32,19.584692,6
2020-05-09 18:00:00,MH008,13.67,18.58432,6
2020-05-09 19:00:00,MH008,2.9,17.711203,6
2020-05-11 23:00:00,MH008,4.42,22.083946,6
2020-05-12 00:00:00,MH008,16.0,21.758806,6
2020-05-12 01:00:00,MH008,15.55,21.609581,6
2020-05-12 02:00:00,MH008,14.23,21.862514,6
2020-05-12 03:00:00,MH008,15.0,22.217266,6
2020-05-12 04:00:00,MH008,74.92,22.797123,6
2020-05-12 05:00:00,MH008,17.0,20.9426,6
2020-05-12 06:00:00,MH008,17.0,20.909369,6
2020-05-12 07:00:00,MH008,10.0,19.408886,6
2020-05-12 08:00:00,MH008,10.68,18.171215,6
2020-05-12 09:00:00,MH008,13.0,17.756159,6
2020-05-12 10:00:00,MH008,13.0,17.708654,6
2020-05-12 11:00:00,MH008,11.65,17.771452,6
2020-05-12 12:00:00,MH008,6.54,18.390097,6
2020-05-12 13:00:00,MH008,6.54,18.482498,6
2020-05-12 14:00:00,MH008,5.0,18.183887,6
2020-05-12 15:00:00,MH008,21.0,18.77982,6
2020-05-12 16:00:00,MH008,19.2,21.711843,6
2020-05-12 17:00:00,MH008,11.88,21.665432,6
2020-05-12 18:00:00,MH008,7.55,21.49173,6
2020-05-12 19:00:00,MH008,6.68,22.198168,6
2020-05-12 20:00:00,MH008,8.77,21.460806,6
2020-05-12 21:00:00,MH008,8.68,20.749514,6
2020-05-12 22:00:00,MH008,10.77,21.038303,6
2020-05-12 23:00:00,MH008,11.12,20.185614,6
2020-05-13 00:00:00,MH008,16.37,19.713007,6
2020-05-13 01:00:00,MH008,20.32,19.372162,6
2020-05-13 02:00:00,MH008,18.68,19.743032,6
2020-05-13 03:00:00,MH008,20.1,20.708426,6
2020-05-13 04:00:00,MH008,16.77,22.431236,6
2020-05-13 05:00:00,MH008,16.0,21.427261,6
2020-05-13 06:00:00,MH008,16.0,19.704166,6
2020-05-13 07:00:00,MH008,16.0,18.504328,6
2020-05-13 08:00:00,MH008,14.0,16.368828,6
2020-05-13 09:00:00,MH008,12.88,17.541643,6
2020-05-13 10:00:00,MH008,9.0,18.279615,6
2020-05-13 11:00:00,MH008,8.78,18.25486,6
2020-05-13 12:00:00,MH008,8.0,18.681059,6
2020-05-13 13:00:00,MH008,8.0,19.067722,6
2020-05-13 14:00:00,MH008,8.0,19.973444,6
2020-05-13 15:00:00,MH008,8.0,22.134096,6
2020-05-13 16:00:00,MH008,14.93,23.391476,6
2020-05-13 17:00:00,MH008,14.23,22.595171,6
2020-05-13 18:00:00,MH008,13.88,21.86245,6
2020-05-13 19:00:00,MH008,10.68,21.315458,6
2020-05-13 20:00:00,MH008,11.86,20.554781,6
2020-05-13 21:00:00,MH008,8.0,19.979664,6
2020-05-13 22:00:00,MH008,7.54,19.321802,6
2020-05-13 23:00:00,MH008,7.82,18.689873,6
2020-05-14 00:00:00,MH008,15.35,18.477427,6
2020-05-14 01:00:00,MH008,19.09,18.231272,6
2020-05-14 02:00:00,MH008,15.54,18.378004,6
2020-05-14 03:00:00,MH008,14.0,19.098587,6
2020-05-14 04:00:00,MH008,14.0,19.870892,6
2020-05-14 05:00:00,MH008,14.0,20.169308,6
2020-05-14 06:00:00,MH008,14.0,19.306896,6
2020-05-14 07:00:00,MH008,14.0,16.211128,6
2020-05-14 10:00:00,MH008,13.23,16.258846,6
2020-05-14 11:00:00,MH008,13.09,15.806585,6
2020-05-14 12:00:00,MH008,11.32,16.391525,6
2020-05-14 13:00:00,MH008,11.32,16.42537,6
2020-05-14 14:00:00,MH008,11.32,19.825382,6
2020-05-14 15:00:00,MH008,11.32,19.762129,6
2020-05-22 23:00:00,MH008,14.0,18.666174,6
2020-05-23 00:00:00,MH008,8.47,19.07588,6
2020-05-23 01:00:00,MH008,8.46,19.584763,6
2020-05-23 02:00:00,MH008,11.38,19.837946,6
2020-05-23 03:00:00,MH008,15.54,20.298779,6
2020-05-23 04:00:00,MH008,14.0,21.946312,6
2020-05-23 05:00:00,MH008,22.38,22.874817,6
2020-05-23 06:00:00,MH008,17.0,24.231455,6
2020-05-23 07:00:00,MH008,21.08,23.668463,6
2020-05-23 08:00:00,MH008,16.38,23.347744,6
2020-05-23 09:00:00,MH008,10.31,23.38498,6
2020-05-23 10:00:00,MH008,10.05,18.111824,6
2020-05-23 11:00:00,MH008,15.38,16.613558,6
2020-05-23 12:00:00,MH008,11.62,16.497946,6
2020-05-23 13:00:00,MH008,17.46,16.808542,6
2020-05-23 14:00:00,MH008,19.92,17.634289,6
2020-05-23 15:00:00,MH008,21.38,19.62983,6
2020-05-23 16:00:00,MH008,15.31,19.332941,6
2020-05-23 17:00:00,MH008,11.85,19.366974,6
2020-05-23 18:00:00,MH008,8.46,18.326979,6
2020-05-23 19:00:00,MH008,11.15,17.764288,6
2020-05-23 20:00:00,MH008,12.7,18.117073,6
2020-05-23 21:00:00,MH008,8.46,17.72887,6
2020-05-23 22:00:00,MH008,18.6,17.69834,6
2020-05-23 23:00:00,MH008,13.54,17.525667,6
2020-05-24 00:00:00,MH008,11.54,17.216925,6
2020-05-24 01:00:00,MH008,10.23,17.785416,6
2020-05-24 02:00:00,MH008,11.23,19.194624,6
2020-05-24 03:00:00,MH008,11.54,21.375248,6
2020-05-24 04:00:00,MH008,9.77,23.090574,6
2020-05-24 05:00:00,MH008,10.15,25.843378,6
2020-05-24 06:00:00,MH008,14.0,27.407495,6
2020-05-24 07:00:00,MH008,13.54,27.422062,6
2020-05-24 08:00:00,MH008,11.31,27.3043,6
2020-05-24 09:00:00,MH008,8.54,26.182667,6
2020-05-24 10:00:00,MH008,6.77,25.767527,6
2020-05-24 11:00:00,MH008,6.23,25.318783,6
2020-05-24 12:00:00,MH008,7.23,25.314373,6
2020-05-24 13:00:00,MH008,10.3,25.869307,6
2020-05-24 14:00:00,MH008,18.0,26.454184,6
2020-05-24 15:00:00,MH008,17.54,26.732704,6
2020-05-24 16:00:00,MH008,16.46,26.313995,6
2020-05-24 17:00:00,MH008,15.27,24.957909,6
2020-05-24 18:00:00,MH008,6.68,23.181099,6
2020-05-24 19:00:00,MH008,9.69,21.56228,6
2020-05-24 20:00:00,MH008,10.62,20.299416,6
2020-05-24 21:00:00,MH008,7.15,20.176992,6
2020-05-24 22:00:00,MH008,12.38,20.40076,6
2020-05-24 23:00:00,MH008,17.23,20.596958,6
2020-05-25 00:00:00,MH008,16.85,20.32584,6
2020-05-25 01:00:00,MH008,12.08,21.081043,6
2020-05-25 02:00:00,MH008,9.92,22.488853,6
2020-05-25 03:00:00,MH008,11.62,23.696426,6
2020-05-25 04:00:00,MH008,7.47,24.290318,6
2020-05-25 05:00:00,MH008,10.15,24.956043,6
2020-05-25 06:00:00,MH008,14.0,24.604137,6
2020-05-25 07:00:00,MH008,13.54,24.313705,6
2020-05-25 08:00:00,MH008,12.46,25.123903,6
2020-05-25 09:00:00,MH008,14.0,24.655823,6
2020-05-25 10:00:00,MH008,13.31,17.02095,6
2020-05-25 11:00:00,MH008,11.92,16.121483,6
2020-05-25 12:00:00,MH008,14.77,15.879177,6
2020-05-25 13:00:00,MH008,14.69,16.456093,6
2020-05-25 14:00:00,MH008,17.0,19.887623,6
2020-05-25 15:00:00,MH008,15.39,20.933271,6
2020-05-25 16:00:00,MH008,10.47,21.46554,6
2020-05-25 17:00:00,MH008,11.77,21.130312,6
2020-05-25 18:00:00,MH008,10.07,20.593193,6
2020-05-25 19:00:00,MH008,8.38,20.541742,6
2020-05-25 20:00:00,MH008,12.77,20.423113,6
2020-05-25 21:00:00,MH008,14.54,20.502699,6
2020-05-25 22:00:00,MH008,19.54,20.804659,6
2020-05-25 23:00:00,MH008,10.77,20.966238,6
2020-05-26 00:00:00,MH008,18.16,20.991177,6
2020-05-26 01:00:00,MH008,12.23,21.054373,6
2020-05-26 02:00:00,MH008,11.83,21.315495,6
2020-05-26 03:00:00,MH008,9.38,21.330114,6
2020-05-26 04:00:00,MH008,14.23,21.033941,6
2020-05-26 05:00:00,MH008,14.77,21.17255,6
2020-05-26 06:00:00,MH008,14.0,20.997017,6
2020-05-26 07:00:00,MH008,13.53,19.760939,6
2020-05-26 08:00:00,MH008,13.62,19.694204,6
2020-05-26 09:00:00,MH008,17.85,19.942991,6
2020-05-26 10:00:00,MH008,13.54,20.431274,6
2020-05-26 11:00:00,MH008,10.85,21.694319,6
2020-05-26 12:00:00,MH008,8.85,22.60439,6
2020-05-26 13:00:00,MH008,14.77,23.335712,6
2020-05-26 14:00:00,MH008,14.69,23.551605,6
2020-05-26 15:00:00,MH008,17.69,23.74416,6
2020-05-26 16:00:00,MH008,18.13,23.727428,6
2020-05-26 17:00:00,MH008,11.77,23.487734,6
2020-05-26 18:00:00,MH008,10.08,23.453829,6
2020-05-26 19:00:00,MH008,8.15,23.364246,6
2020-05-26 20:00:00,MH008,11.07,22.950481,6
2020-05-26 21:00:00,MH008,8.46,22.889864,6
2020-05-26 22:00:00,MH008,11.4,22.884336,6
2020-05-26 23:00:00,MH008,15.07,22.51174,6
2020-05-27 00:00:00,MH008,11.77,22.147724,6
2020-05-27 01:00:00,MH008,10.53,21.568384,6
2020-05-27 02:00:00,MH008,9.92,21.215645,6
2020-05-27 03:00:00,MH008,12.77,21.089235,6
2020-05-27 04:00:00,MH008,11.08,21.214666,6
2020-05-27 05:00:00,MH008,9.63,21.08232,6
2020-05-27 06:00:00,MH008,15.0,19.677732,6
2020-05-27 07:00:00,MH008,15.0,18.360214,6
2020-05-27 08:00:00,MH008,16.17,17.792639,6
2020-05-27 09:00:00,MH008,18.37,18.11235,6
2020-05-27 10:00:00,MH008,12.31,18.903868,6
2020-05-27 11:00:00,MH008,9.77,19.74548,6
2020-05-27 12:00:00,MH008,11.1,20.635324,6
2020-05-27 13:00:00,MH008,15.4,21.050093,6
2020-05-27 14:00:00,MH008,9.8,21.77636,6
2020-05-27 15:00:00,MH008,19.23,22.400234,6
2020-05-27 16:00:00,MH008,19.77,22.604755,6
2020-05-27 17:00:00,MH008,18.77,23.137735,6
2020-05-27 18:00:00,MH008,15.2,23.155527,6
2020-05-27 19:00:00,MH008,6.47,22.94664,6
2020-05-27 20:00:00,MH008,8.0,22.656942,6
2020-05-27 21:00:00,MH008,8.93,22.493673,6
2020-05-27 22:00:00,MH008,13.62,22.24461,6
2020-05-27 23:00:00,MH008,18.54,21.906841,6
2020-05-28 00:00:00,MH008,17.69,21.203793,6
2020-05-28 01:00:00,MH008,19.3,20.770247,6
2020-05-28 02:00:00,MH008,15.13,20.350607,6
2020-05-28 03:00:00,MH008,10.17,20.201998,6
2020-05-28 04:00:00,MH008,13.53,19.17086,6
2020-05-28 05:00:00,MH008,11.3,18.246637,6
2020-05-28 06:00:00,MH008,11.3,17.440853,6
2020-05-28 07:00:00,MH008,20.63,16.404787,6
2020-05-28 08:00:00,MH008,23.23,15.863684,6
2020-05-28 09:00:00,MH008,14.69,16.531418,6
2020-05-28 10:00:00,MH008,15.83,17.390358,6
2020-05-28 11:00:00,MH008,10.82,18.507774,6
2020-05-28 12:00:00,MH008,7.0,19.656124,6
2020-05-28 13:00:00,MH008,8.15,20.353632,6
2020-05-28 14:00:00,MH008,13.63,21.249458,6
2020-05-28 15:00:00,MH008,19.23,22.090734,6
2020-05-28 16:00:00,MH008,16.97,22.615156,6
2020-05-28 17:00:00,MH008,10.92,22.460632,6
2020-05-28 18:00:00,MH008,19.57,22.270184,6
2020-05-28 19:00:00,MH008,5.0,22.054277,6
2020-05-28 20:00:00,MH008,4.3,21.7627,6
2020-05-28 21:00:00,MH008,2.7,21.12676,6
2020-05-28 22:00:00,MH008,6.38,20.899483,6
2020-05-28 23:00:00,MH008,11.47,20.599327,6
2020-05-29 00:00:00,MH008,12.08,19.971094,6
2020-05-29 01:00:00,MH008,10.87,19.960047,6
2020-05-29 02:00:00,MH008,13.03,19.058943,6
2020-05-29 03:00:00,MH008,7.47,18.901077,6
2020-05-29 04:00:00,MH008,7.77,18.938364,6
2020-05-29 05:00:00,MH008,7.0,19.58784,6
2020-05-29 06:00:00,MH008,7.23,19.907358,6
2020-05-29 07:00:00,MH008,8.7,19.590126,6
2020-05-29 08:00:00,MH008,10.54,19.123796,6
2020-05-29 09:00:00,MH008,9.47,19.235317,6
2020-05-29 10:00:00,MH008,10.53,19.143385,6
2020-05-29 11:00:00,MH008,8.53,19.672794,6
2020-05-29 12:00:00,MH008,6.77,19.892654,6
2020-05-29 13:00:00,MH008,5.77,19.39845,6
2020-05-29 14:00:00,MH008,7.33,19.166378,6
2020-05-29 15:00:00,MH008,14.77,19.228773,6
2020-05-29 16:00:00,MH008,14.93,19.388712,6
2020-05-29 17:00:00,MH008,16.6,19.614935,6
2020-05-29 18:00:00,MH008,11.29,19.573534,6
2020-05-29 19:00:00,MH008,8.3,19.074408,6
2020-05-29 20:00:00,MH008,6.0,18.34301,6
2020-05-29 21:00:00,MH008,6.47,17.605755,6
2020-05-29 22:00:00,MH008,9.17,16.949745,6
2020-05-29 23:00:00,MH008,13.7,16.612215,6
2020-05-30 00:00:00,MH008,16.93,16.68492,6
2020-05-30 01:00:00,MH008,17.2,17.686628,6
2020-05-30 02:00:00,MH008,8.23,17.984417,6
2020-05-30 03:00:00,MH008,8.53,18.375885,6
2020-05-30 04:00:00,MH008,6.53,19.137474,6
2020-05-30 05:00:00,MH008,5.47,19.514471,6
2020-05-30 06:00:00,MH008,7.23,19.657621,6
2020-05-30 07:00:00,MH008,8.23,18.2003,6
2020-05-30 08:00:00,MH008,9.47,16.825058,6
2020-05-30 09:00:00,MH008,12.87,15.607098,6
2020-05-30 10:00:00,MH008,16.64,15.05183,6
2020-05-30 11:00:00,MH008,9.0,15.56468,6
2020-05-30 12:00:00,MH008,8.3,15.503832,6
2020-05-30 13:00:00,MH008,6.0,16.131992,6
2020-05-30 14:00:00,MH008,6.47,17.624287,6
2020-05-30 15:00:00,MH008,9.87,18.219717,6
2020-05-30 16:00:00,MH008,17.17,18.330246,6
2020-05-30 17:00:00,MH008,20.07,18.139893,6
2020-05-30 18:00:00,MH008,16.07,18.241034,6
2020-05-30 19:00:00,MH008,12.3,18.24367,6
2020-05-30 20:00:00,MH008,9.07,17.90769,6
2020-05-30 21:00:00,MH008,6.23,17.696354,6
2020-05-30 22:00:00,MH008,7.7,17.866383,6
2020-05-30 23:00:00,MH008,11.63,18.40984,6
2020-05-31 00:00:00,MH008,16.3,19.207645,6
2020-05-31 01:00:00,MH008,12.83,19.85855,6
2020-05-31 02:00:00,MH008,9.95,19.733551,6
2020-05-31 03:00:00,MH008,12.3,20.823551,6
2020-05-31 04:00:00,MH008,10.47,22.242655,6
2020-05-31 05:00:00,MH008,11.53,22.716578,6
2020-05-31 06:00:00,MH008,9.53,23.307734,6
2020-05-31 07:00:00,MH008,9.17,22.561289,6
2020-05-31 08:00:00,MH008,11.83,22.422384,6
2020-05-31 09:00:00,MH008,7.53,22.465248,6
2020-05-31 10:00:00,MH008,6.7,22.673735,6
2020-05-31 11:00:00,MH008,8.53,22.704382,6
2020-05-31 12:00:00,MH008,7.7,23.460106,6
2020-05-31 13:00:00,MH008,9.3,23.394243,6
2020-05-31 14:00:00,MH008,7.47,23.250944,6
2020-05-31 15:00:00,MH008,9.0,23.756857,6
2020-05-31 16:00:00,MH008,10.4,24.714994,6
2020-05-31 17:00:00,MH008,15.47,24.236628,6
2020-05-31 18:00:00,MH008,16.77,23.297533,6
2020-05-31 19:00:00,MH008,13.17,21.70527,6
2020-05-31 20:00:00,MH008,4.23,20.311222,6
2020-05-31 21:00:00,MH008,5.0,18.99101,6
2020-05-31 22:00:00,MH008,5.0,19.04114,6
2020-05-31 23:00:00,MH008,9.48,19.713284,6
2020-06-01 00:00:00,MH008,20.73,19.981634,6
2020-06-01 01:00:00,MH008,9.29,20.55756,6
2020-06-01 02:00:00,MH008,8.17,21.325657,6
2020-06-01 03:00:00,MH008,10.83,22.123114,6
2020-06-01 04:00:00,MH008,6.53,23.25939,6
2020-06-01 05:00:00,MH008,6.17,24.597776,6
2020-06-01 06:00:00,MH008,10.7,20.051989,6
2020-06-01 07:00:00,MH008,15.12,17.67708,6
2020-06-01 08:00:00,MH008,22.23,14.641037,6
2020-06-01 09:00:00,MH008,23.93,12.940598,6
2020-06-01 10:00:00,MH008,27.93,12.684525,6
2020-06-01 11:00:00,MH008,30.05,14.63088,6
2020-06-01 12:00:00,MH008,26.05,15.711502,6
2020-06-01 13:00:00,MH008,22.53,16.275867,6
2020-06-01 14:00:00,MH008,21.23,16.59396,6
2020-06-01 15:00:00,MH008,21.77,16.96979,6
2020-06-01 16:00:00,MH008,20.07,18.121553,6
2020-06-01 17:00:00,MH008,17.47,18.02609,6
2020-06-01 18:00:00,MH008,17.83,17.78699,6
2020-06-01 19:00:00,MH008,14.71,17.887203,6
2020-06-01 20:00:00,MH008,13.97,17.68166,6
2020-06-01 21:00:00,MH008,5.87,18.807903,6
2020-06-01 22:00:00,MH008,11.53,20.715622,6
2020-06-01 23:00:00,MH008,9.77,20.12119,6
2020-06-02 00:00:00,MH008,11.6,20.358139,6
2020-06-02 01:00:00,MH008,21.89,20.956455,6
2020-06-02 02:00:00,MH008,30.12,21.843393,6
2020-06-02 03:00:00,MH008,35.09,23.07411,6
2020-06-02 04:00:00,MH008,35.09,23.790556,6
2020-06-02 05:00:00,MH008,21.0,24.319906,6
2020-06-02 06:00:00,MH008,41.13,23.168295,6
2020-06-02 07:00:00,MH008,32.2,23.076263,6
2020-06-02 08:00:00,MH008,23.0,22.882324,6
2020-06-02 09:00:00,MH008,38.58,21.91049,6
2020-06-02 10:00:00,MH008,32.82,21.2601,6
2020-06-02 11:00:00,MH008,30.63,22.064621,6
2020-06-02 12:00:00,MH008,28.44,22.985392,6
2020-06-02 13:00:00,MH008,28.23,23.44227,6
2020-06-02 14:00:00,MH008,28.23,23.602993,6
2020-06-02 15:00:00,MH008,28.23,23.989288,6
2020-06-02 16:00:00,MH008,28.23,24.728165,6
2020-06-02 18:00:00,MH008,37.06,23.705423,6
2020-06-02 19:00:00,MH008,32.22,23.237926,6
2020-06-02 20:00:00,MH008,32.22,21.326056,6
2020-06-02 21:00:00,MH008,32.22,19.92217,6
2020-06-02 22:00:00,MH008,32.22,19.52179,6
2020-06-02 23:00:00,MH008,21.16,17.65641,6
2020-06-03 00:00:00,MH008,18.23,16.126547,6
2020-06-03 01:00:00,MH008,17.6,15.02663,6
2020-06-03 02:00:00,MH008,12.07,15.224976,6
2020-06-03 03:00:00,MH008,10.65,15.487331,6
2020-06-03 04:00:00,MH008,13.43,14.95002,6
2020-06-05 05:00:00,MH008,18.33,30.473585,6
2020-06-05 06:00:00,MH008,0.94,28.358582,6
2020-06-05 07:00:00,MH008,1.47,24.515057,6
2020-06-05 08:00:00,MH008,3.71,23.01427,6
2020-06-05 09:00:00,MH008,6.95,21.816381,6
2020-06-05 10:00:00,MH008,10.23,21.56431,6
2020-06-05 11:00:00,MH008,11.72,20.53415,6
2020-06-05 12:00:00,MH008,13.29,19.827656,6
2020-06-05 13:00:00,MH008,10.05,19.986027,6
2020-06-05 14:00:00,MH008,6.76,19.216904,6
2020-06-05 15:00:00,MH008,6.71,21.191177,6
2020-06-05 16:00:00,MH008,9.72,19.960255,6
2020-06-05 17:00:00,MH008,13.18,18.554567,6
2020-06-05 18:00:00,MH008,15.82,16.129547,6
2020-06-05 19:00:00,MH008,13.65,14.413153,6
2020-06-05 20:00:00,MH008,19.0,13.648052,6
2020-06-05 21:00:00,MH008,18.14,12.334816,6
2020-06-05 22:00:00,MH008,6.0,11.855896,6
2020-06-05 23:00:00,MH008,7.42,12.410931,6
2020-06-06 00:00:00,MH008,11.28,12.513664,6
2020-06-06 01:00:00,MH008,9.47,12.672958,6
2020-06-06 02:00:00,MH008,10.53,13.718376,6
2020-06-06 03:00:00,MH008,16.17,13.244793,6
2020-06-06 04:00:00,MH008,39.0,14.181114,6
2020-06-06 05:00:00,MH008,12.48,14.863596,6
2020-06-06 06:00:00,MH008,11.85,15.328974,6
2020-06-06 07:00:00,MH008,5.0,14.579199,6
2020-06-06 08:00:00,MH008,13.64,15.097872,6
2020-06-06 09:00:00,MH008,6.72,14.811453,6
2020-06-06 10:00:00,MH008,9.0,15.04331,6
2020-06-06 11:00:00,MH008,9.0,15.078451,6
2020-06-06 12:00:00,MH008,9.0,15.522518,6
2020-06-06 13:00:00,MH008,9.0,15.602961,6
2020-06-06 14:00:00,MH008,8.5,14.5823345,6
2020-06-06 15:00:00,MH008,9.24,14.417187,6
2020-06-06 16:00:00,MH008,9.76,14.226898,6
2020-06-06 17:00:00,MH008,9.0,13.911705,6
2020-06-06 18:00:00,MH008,10.91,13.525803,6
2020-06-06 19:00:00,MH008,18.65,13.135078,6
2020-06-06 20:00:00,MH008,14.92,12.529308,6
2020-06-06 21:00:00,MH008,6.18,12.133457,6
2020-06-06 22:00:00,MH008,9.76,12.190453,6
2020-06-06 23:00:00,MH008,10.65,10.973362,6
2020-06-07 00:00:00,MH008,14.57,11.532978,6
2020-06-07 01:00:00,MH008,10.0,11.957027,6
2020-06-07 02:00:00,MH008,10.96,12.437733,6
2020-06-07 03:00:00,MH008,14.48,12.479496,6
2020-06-07 04:00:00,MH008,15.77,14.736696,6
2020-06-07 05:00:00,MH008,13.33,14.487375,6
2020-06-07 06:00:00,MH008,7.05,16.174625,6
2020-06-07 07:00:00,MH008,3.76,14.886454,6
2020-06-07 08:00:00,MH008,3.48,15.16741,6
2020-06-07 09:00:00,MH008,4.76,14.473581,6
2020-06-07 10:00:00,MH008,7.79,15.5551605,6
2020-06-07 11:00:00,MH008,18.82,15.400923,6
2020-06-07 12:00:00,MH008,13.33,15.49394,6
2020-06-07 13:00:00,MH008,7.52,15.358425,6
2020-06-07 14:00:00,MH008,6.0,15.885651,6
2020-06-07 15:00:00,MH008,6.0,15.052595,6
2020-06-07 16:00:00,MH008,5.76,15.086748,6
2020-06-07 17:00:00,MH008,6.65,14.341755,6
2020-06-07 18:00:00,MH008,12.0,13.9811325,6
2020-06-07 19:00:00,MH008,12.0,13.642948,6
2020-06-07 20:00:00,MH008,10.8,13.142506,6
2020-06-07 21:00:00,MH008,6.29,12.15633,6
2020-06-07 22:00:00,MH008,3.28,11.931187,6
2020-06-07 23:00:00,MH008,2.2,11.731869,6
2020-06-08 00:00:00,MH008,6.24,12.521717,6
2020-06-08 01:00:00,MH008,7.72,12.300991,6
2020-06-08 02:00:00,MH008,11.43,12.523479,6
2020-06-08 03:00:00,MH008,15.04,13.78738,6
2020-06-08 04:00:00,MH008,11.52,14.434395,6
2020-06-08 05:00:00,MH008,9.76,14.213482,6
2020-06-08 06:00:00,MH008,8.52,15.125994,6
2020-06-08 07:00:00,MH008,6.04,14.380154,6
2020-06-08 08:00:00,MH008,2.28,13.894749,6
2020-06-08 09:00:00,MH008,3.82,14.705559,6
2020-06-08 10:00:00,MH008,4.24,14.981491,6
2020-06-08 11:00:00,MH008,5.0,15.515114,6
2020-06-08 12:00:00,MH008,4.04,15.356993,6
2020-06-08 13:00:00,MH008,1.24,15.117537,6
2020-06-08 14:00:00,MH008,2.0,14.835363,6
2020-06-08 15:00:00,MH008,1.76,14.647703,6
2020-06-08 16:00:00,MH008,0.76,14.507528,6
2020-06-08 17:00:00,MH008,4.78,13.990849,6
2020-06-08 18:00:00,MH008,6.18,13.878811,6
2020-06-08 19:00:00,MH008,10.0,12.9366,6
2020-06-08 20:00:00,MH008,10.0,12.432896,6
2020-06-08 21:00:00,MH008,9.76,12.101505,6
2020-06-08 22:00:00,MH008,8.04,11.884293,6
2020-06-08 23:00:00,MH008,5.48,11.809277,6
2020-06-09 00:00:00,MH008,7.0,11.767136,6
2020-06-09 01:00:00,MH008,7.0,12.631401,6
2020-06-09 02:00:00,MH008,7.97,12.867554,6
2020-06-09 03:00:00,MH008,10.76,13.208736,6
2020-06-09 04:00:00,MH008,10.48,13.931412,6
2020-06-09 05:00:00,MH008,10.8,14.305462,6
2020-06-09 06:00:00,MH008,6.04,13.397072,6
2020-06-09 07:00:00,MH008,3.48,13.749119,6
2020-06-09 08:00:00,MH008,5.24,12.895813,6
2020-06-09 09:00:00,MH008,6.24,13.246208,6
2020-06-09 10:00:00,MH008,8.91,13.473591,6
2020-06-09 11:00:00,MH008,14.04,13.386711,6
2020-06-09 12:00:00,MH008,10.28,14.384617,6
2020-06-09 13:00:00,MH008,9.42,13.327446,6
2020-06-09 14:00:00,MH008,13.52,13.469795,6
2020-06-09 15:00:00,MH008,10.55,13.4378395,6
2020-06-09 16:00:00,MH008,6.96,13.620586,6
2020-06-09 17:00:00,MH008,10.0,12.771591,6
2020-06-09 18:00:00,MH008,11.2,12.68317,6
2020-06-09 19:00:00,MH008,14.28,12.071434,6
2020-06-09 20:00:00,MH008,11.03,11.910782,6
2020-06-09 21:00:00,MH008,8.97,11.15929,6
2020-06-09 22:00:00,MH008,12.48,10.71331,6
2020-06-09 23:00:00,MH008,13.52,10.666771,6
2020-06-10 00:00:00,MH008,12.48,11.370087,6
2020-06-10 01:00:00,MH008,13.03,12.313335,6
2020-06-10 02:00:00,MH008,10.0,13.268066,6
2020-06-10 03:00:00,MH008,33.22,13.826801,6
2020-06-10 04:00:00,MH008,12.72,14.139137,6
2020-06-10 05:00:00,MH008,9.42,14.924528,6
2020-06-10 06:00:00,MH008,15.31,14.118259,6
2020-06-10 07:00:00,MH008,10.72,13.6332245,6
2020-06-10 08:00:00,MH008,12.76,13.781761,6
2020-06-10 09:00:00,MH008,11.76,13.90131,6
2020-06-10 10:00:00,MH008,11.24,14.213718,6
2020-06-10 11:00:00,MH008,11.52,14.474529,6
2020-06-10 12:00:00,MH008,10.0,14.758638,6
2020-06-10 13:00:00,MH008,43.94,14.710514,6
2020-06-10 14:00:00,MH008,16.2,14.98877,6
2020-06-10 15:00:00,MH008,18.33,15.095514,6
2020-06-10 16:00:00,MH008,11.09,15.0216675,6
2020-06-10 17:00:00,MH008,10.52,14.118244,6
2020-06-10 18:00:00,MH008,9.47,14.157307,6
2020-06-10 19:00:00,MH008,11.96,12.917782,6
2020-06-10 20:00:00,MH008,11.52,12.128307,6
2020-06-10 21:00:00,MH008,9.28,12.064953,6
2020-06-10 22:00:00,MH008,6.76,10.782974,6
2020-06-10 23:00:00,MH008,5.52,10.60331,6
2020-06-11 00:00:00,MH008,4.48,11.756466,6
2020-06-11 01:00:00,MH008,6.24,11.647594,6
2020-06-11 02:00:00,MH008,5.82,13.997837,6
2020-06-11 03:00:00,MH008,5.82,15.088203,6
2020-06-11 04:00:00,MH008,15.61,16.032381,6
2020-06-11 05:00:00,MH008,10.42,16.3577,6
2020-06-11 06:00:00,MH008,10.42,16.43346,6
2020-06-11 07:00:00,MH008,10.42,16.650679,6
2020-06-11 08:00:00,MH008,3.91,16.411613,6
2020-06-11 09:00:00,MH008,9.28,16.539745,6
2020-06-11 10:00:00,MH008,6.52,16.333132,6
2020-06-11 11:00:00,MH008,6.67,15.977825,6
2020-06-11 12:00:00,MH008,11.28,15.615913,6
2020-06-11 13:00:00,MH008,9.0,16.354546,6
2020-06-11 14:00:00,MH008,230.0,16.282183,6
2020-06-11 15:00:00,MH008,46.58,15.947897,6
2020-06-11 16:00:00,MH008,7.24,15.457682,6
2020-06-11 17:00:00,MH008,8.0,14.9576435,6
2020-06-11 18:00:00,MH008,26.73,13.976406,6
2020-06-11 19:00:00,MH008,32.49,13.309578,6
2020-06-11 20:00:00,MH008,33.52,12.036831,6
2020-06-11 21:00:00,MH008,27.44,11.629341,6
2020-06-11 22:00:00,MH008,13.0,11.229271,6
2020-06-11 23:00:00,MH008,13.0,10.779736,6
2020-06-12 00:00:00,MH008,19.79,11.350258,6
2020-06-12 01:00:00,MH008,20.07,12.938908,6
2020-06-12 02:00:00,MH008,21.0,13.445316,6
2020-06-12 03:00:00,MH008,22.91,15.16407,6
2020-06-12 04:00:00,MH008,5.8,12.9852295,6
2020-06-12 05:00:00,MH008,6.91,17.935415,6
2020-06-12 06:00:00,MH008,12.28,20.158445,6
2020-06-12 07:00:00,MH008,9.04,20.14886,6
2020-06-12 08:00:00,MH008,5.28,24.157726,6
2020-06-12 09:00:00,MH008,3.72,23.032072,6
2020-06-12 10:00:00,MH008,6.72,22.822826,6
2020-06-12 11:00:00,MH008,8.28,21.791698,6
2020-06-12 12:00:00,MH008,6.0,21.756235,6
2020-06-12 13:00:00,MH008,5.76,21.520882,6
2020-06-12 14:00:00,MH008,5.0,27.786343,6
2020-06-12 15:00:00,MH008,14.61,25.522827,6
2020-06-12 16:00:00,MH008,7.0,23.97983,6
2020-06-12 17:00:00,MH008,38.0,22.497482,6
2020-06-12 18:00:00,MH008,15.48,22.334595,6
2020-06-12 19:00:00,MH008,12.89,21.535454,6
2020-06-12 20:00:00,MH008,12.89,20.836046,6
2020-06-12 21:00:00,MH008,19.94,20.290136,6
2020-06-12 22:00:00,MH008,49.04,19.699074,6
2020-06-12 23:00:00,MH008,74.19,17.945303,6
2020-06-13 00:00:00,MH008,9.09,18.326088,6
2020-06-13 01:00:00,MH008,7.0,19.104128,6
2020-06-13 02:00:00,MH008,6.28,16.257101,6
2020-06-13 03:00:00,MH008,4.96,16.427145,6
2020-06-13 04:00:00,MH008,8.0,16.489252,6
2020-06-13 05:00:00,MH008,16.62,16.282578,6
2020-06-13 06:00:00,MH008,5.76,18.716892,6
2020-06-13 07:00:00,MH008,5.0,18.353388,6
2020-06-13 08:00:00,MH008,10.84,18.410309,6
2020-06-13 09:00:00,MH008,10.84,18.64639,6
2020-06-13 10:00:00,MH008,3.82,18.633606,6
2020-06-13 11:00:00,MH008,5.21,19.483961,6
2020-06-13 12:00:00,MH008,9.0,20.195704,6
2020-06-13 13:00:00,MH008,8.52,19.613508,6
2020-06-13 14:00:00,MH008,8.2,19.922802,6
2020-06-13 15:00:00,MH008,12.0,19.223055,6
2020-06-13 16:00:00,MH008,12.1,19.220325,6
2020-06-13 17:00:00,MH008,8.03,20.110409,6
2020-06-13 18:00:00,MH008,5.48,18.198357,6
2020-06-13 19:00:00,MH008,9.9,17.44258,6
2020-06-13 20:00:00,MH008,19.0,16.22335,6
2020-06-13 21:00:00,MH008,34.12,14.897926,6
2020-06-13 22:00:00,MH008,4.83,14.794218,6
2020-06-13 23:00:00,MH008,5.0,16.321203,6
2020-06-14 00:00:00,MH008,22.82,14.792307,6
2020-06-14 01:00:00,MH008,21.44,14.943863,6
2020-06-14 02:00:00,MH008,4.0,14.861454,6
2020-06-14 03:00:00,MH008,3.5,14.827703,6
2020-06-14 04:00:00,MH008,5.63,14.8394375,6
2020-06-14 05:00:00,MH008,13.04,15.014061,6
2020-06-14 06:00:00,MH008,10.0,17.401344,6
2020-06-14 07:00:00,MH008,10.0,17.165413,6
2020-06-14 08:00:00,MH008,104.36,17.278656,6
2020-06-14 09:00:00,MH008,1.96,17.71076,6
2020-06-14 10:00:00,MH008,2.0,18.493185,6
2020-06-14 11:00:00,MH008,1.76,18.893002,6
2020-06-14 12:00:00,MH008,1.72,18.960052,6
2020-06-14 13:00:00,MH008,28.61,18.501446,6
2020-06-14 14:00:00,MH008,69.3,18.185282,6
2020-06-14 15:00:00,MH008,69.3,18.613092,6
2020-06-14 16:00:00,MH008,100.79,18.106998,6
2020-06-14 17:00:00,MH008,7.45,17.094114,6
2020-06-14 18:00:00,MH008,12.48,16.685946,6
2020-06-14 19:00:00,MH008,12.55,15.65671,6
2020-06-14 20:00:00,MH008,8.72,15.178392,6
2020-06-14 21:00:00,MH008,20.66,15.024778,6
2020-06-14 22:00:00,MH008,55.89,12.448753,6
2020-06-14 23:00:00,MH008,69.23,13.732937,6
2020-06-15 00:00:00,MH008,2.9,12.332783,6
2020-06-15 01:00:00,MH008,2.76,12.895828,6
2020-06-15 02:00:00,MH008,3.71,14.200104,6
2020-06-15 03:00:00,MH008,7.79,13.838985,6
2020-06-15 04:00:00,MH008,3.52,13.500278,6
2020-06-15 05:00:00,MH008,2.97,17.184452,6
2020-06-15 06:00:00,MH008,9.87,18.678137,6
2020-06-15 07:00:00,MH008,22.0,21.436302,6
2020-06-15 08:00:00,MH008,10.33,25.173452,6
2020-06-15 09:00:00,MH008,10.33,23.820658,6
2020-06-15 10:00:00,MH008,0.98,24.591707,6
2020-06-15 11:00:00,MH008,1.0,24.7134,6
2020-06-15 12:00:00,MH008,2.69,25.22805,6
2020-06-15 13:00:00,MH008,8.72,25.488758,6
2020-06-15 14:00:00,MH008,45.08,26.827175,6
2020-06-15 15:00:00,MH008,152.0,25.1735,6
2020-06-15 16:00:00,MH008,114.84,25.106007,6
2020-06-15 17:00:00,MH008,114.84,22.74446,6
2020-06-15 18:00:00,MH008,3.87,20.28243,6
2020-06-15 19:00:00,MH008,4.0,18.696323,6
2020-06-15 20:00:00,MH008,7.18,16.270704,6
2020-06-15 21:00:00,MH008,13.38,14.416494,6
2020-06-15 22:00:00,MH008,1.52,14.596518,6
2020-06-15 23:00:00,MH008,52.2,14.386791,6
2020-06-16 00:00:00,MH008,42.88,13.654652,6
2020-06-16 01:00:00,MH008,7.03,13.121311,6
2020-06-16 02:00:00,MH008,3.52,13.764164,6
2020-06-16 03:00:00,MH008,2.73,14.769861,6
2020-06-16 04:00:00,MH008,4.75,15.298695,6
2020-06-16 05:00:00,MH008,3.75,14.678404,6
2020-06-16 06:00:00,MH008,2.76,20.411753,6
2020-06-16 07:00:00,MH008,30.76,21.628109,6
2020-06-16 08:00:00,MH008,121.0,24.055378,6
2020-06-16 09:00:00,MH008,121.0,25.57647,6
2020-06-16 10:00:00,MH008,121.0,25.758688,6
2020-06-16 11:00:00,MH008,4.89,25.232573,6
2020-06-16 12:00:00,MH008,5.0,25.133614,6
2020-06-16 13:00:00,MH008,5.73,25.08524,6
2020-06-16 14:00:00,MH008,8.48,25.481852,6
2020-06-16 15:00:00,MH008,10.0,28.304213,6
2020-06-16 16:00:00,MH008,16.37,27.733694,6
2020-06-16 17:00:00,MH008,11.04,26.596859,6
2020-06-16 18:00:00,MH008,22.83,23.010904,6
2020-06-16 19:00:00,MH008,22.83,20.308924,6
2020-06-16 20:00:00,MH008,3.87,19.958473,6
2020-06-16 21:00:00,MH008,4.25,19.396315,6
2020-06-16 22:00:00,MH008,8.87,18.96496,6
2020-06-16 23:00:00,MH008,10.85,18.822086,6
2020-06-17 00:00:00,MH008,4.89,18.388365,6
2020-06-17 01:00:00,MH008,6.93,19.465107,6
2020-06-17 02:00:00,MH008,10.55,18.625671,6
2020-06-17 03:00:00,MH008,2.27,18.386574,6
2020-06-17 04:00:00,MH008,2.27,17.628525,6
2020-06-17 05:00:00,MH008,6.84,16.157866,6
2020-06-17 06:00:00,MH008,7.98,18.81088,6
2020-06-17 07:00:00,MH008,9.79,19.837866,6
2020-06-17 08:00:00,MH008,4.79,21.279463,6
2020-06-17 09:00:00,MH008,0.76,22.608063,6
2020-06-17 10:00:00,MH008,0.76,23.93247,6
2020-06-17 11:00:00,MH008,0.76,21.861605,6
2020-06-17 12:00:00,MH008,0.76,21.296923,6
2020-06-17 13:00:00,MH008,3.91,20.716764,6
2020-06-17 14:00:00,MH008,5.22,19.773825,6
2020-06-17 15:00:00,MH008,8.27,19.212198,6
2020-06-17 16:00:00,MH008,6.5,18.608389,6
2020-06-17 17:00:00,MH008,7.51,17.770489,6
2020-06-17 18:00:00,MH008,4.79,16.865578,6
2020-06-17 19:00:00,MH008,1.0,15.712833,6
2020-06-17 20:00:00,MH008,2.22,13.509911,6
2020-06-17 21:00:00,MH008,7.21,11.102001,6
2020-06-17 22:00:00,MH008,10.04,9.650791,6
2020-06-17 23:00:00,MH008,8.47,8.786819,6
2020-06-18 00:00:00,MH008,14.22,8.362793,6
2020-06-18 01:00:00,MH008,16.05,7.780853,6
2020-06-18 02:00:00,MH008,9.51,7.8095965,6
2020-06-18 03:00:00,MH008,6.78,8.127396,6
2020-06-18 04:00:00,MH008,5.2,8.503456,6
2020-06-18 05:00:00,MH008,12.48,9.539612,6
2020-06-18 06:00:00,MH008,14.98,11.675182,6
2020-06-18 07:00:00,MH008,20.9,11.775703,6
2020-06-18 08:00:00,MH008,22.7,12.219856,6
2020-06-18 09:00:00,MH008,22.7,12.21611,6
2020-06-18 10:00:00,MH008,15.82,11.754574,6
2020-06-18 11:00:00,MH008,7.45,10.920944,6
2020-06-18 12:00:00,MH008,10.55,12.583321,6
2020-06-18 13:00:00,MH008,4.78,13.004238,6
2020-06-18 14:00:00,MH008,2.21,13.249924,6
2020-06-18 15:00:00,MH008,6.49,13.405502,6
2020-06-18 16:00:00,MH008,7.03,13.271954,6
2020-06-18 17:00:00,MH008,4.49,12.871201,6
2020-06-18 18:00:00,MH008,4.53,12.584469,6
2020-06-18 19:00:00,MH008,4.53,10.92757,6
2020-06-18 20:00:00,MH008,6.84,10.403908,6
2020-06-18 21:00:00,MH008,7.25,10.930218,6
2020-06-18 22:00:00,MH008,8.97,10.70314,6
2020-06-18 23:00:00,MH008,11.51,11.514656,6
2020-06-19 00:00:00,MH008,10.72,11.216301,6
2020-06-19 01:00:00,MH008,12.76,11.540455,6
2020-06-19 02:00:00,MH008,11.26,11.216503,6
2020-06-19 03:00:00,MH008,9.49,11.811188,6
2020-06-19 04:00:00,MH008,11.49,12.036289,6
2020-06-19 05:00:00,MH008,13.49,12.114704,6
2020-06-19 06:00:00,MH008,17.9,13.3281975,6
2020-06-19 07:00:00,MH008,26.75,13.165356,6
2020-06-19 08:00:00,MH008,22.58,13.401234,6
2020-06-19 09:00:00,MH008,13.69,13.784794,6
2020-06-19 10:00:00,MH008,17.78,13.99976,6
2020-06-19 11:00:00,MH008,14.25,14.462427,6
2020-06-19 12:00:00,MH008,14.51,14.447407,6
2020-06-19 13:00:00,MH008,14.47,14.506182,6
2020-06-19 14:00:00,MH008,17.78,14.31929,6
2020-06-19 15:00:00,MH008,15.71,14.062538,6
2020-06-19 16:00:00,MH008,19.53,13.887806,6
2020-06-19 17:00:00,MH008,15.0,13.529884,6
2020-06-19 18:00:00,MH008,14.75,13.2237015,6
2020-06-19 19:00:00,MH008,13.75,13.045525,6
2020-06-19 20:00:00,MH008,13.0,12.708805,6
2020-06-19 21:00:00,MH008,12.28,12.399635,6
2020-06-19 22:00:00,MH008,11.22,11.82729,6
2020-06-19 23:00:00,MH008,15.98,11.570137,6
2020-06-20 00:00:00,MH008,18.75,11.313221,6
2020-06-20 01:00:00,MH008,17.51,11.897011,6
2020-06-20 02:00:00,MH008,14.04,12.379631,6
2020-06-20 03:00:00,MH008,8.73,12.724449,6
2020-06-20 04:00:00,MH008,12.22,12.938805,6
2020-06-20 05:00:00,MH008,15.75,13.693256,6
2020-06-20 06:00:00,MH008,16.22,15.869173,6
2020-06-20 07:00:00,MH008,18.78,16.24667,6
2020-06-20 08:00:00,MH008,15.98,16.727365,6
2020-06-20 09:00:00,MH008,18.76,16.967937,6
2020-06-20 10:00:00,MH008,17.75,17.21196,6
2020-06-20 11:00:00,MH008,16.02,17.45765,6
2020-06-20 12:00:00,MH008,12.02,17.675325,6
2020-06-20 13:00:00,MH008,9.98,17.593288,6
2020-06-20 14:00:00,MH008,12.26,17.740887,6
2020-06-20 15:00:00,MH008,11.47,17.566666,6
2020-06-20 16:00:00,MH008,15.75,17.234035,6
2020-06-20 17:00:00,MH008,15.0,16.61215,6
2020-06-20 18:00:00,MH008,12.82,16.250599,6
2020-06-20 19:00:00,MH008,7.73,15.0679035,6
2020-06-20 20:00:00,MH008,12.51,13.686092,6
2020-06-20 21:00:00,MH008,10.75,12.466011,6
2020-06-20 22:00:00,MH008,10.72,12.231754,6
2020-06-20 23:00:00,MH008,13.97,12.883923,6
2020-06-21 00:00:00,MH008,16.02,13.080631,6
2020-06-21 01:00:00,MH008,13.0,13.78933,6
2020-06-21 02:00:00,MH008,13.98,14.137814,6
2020-06-21 03:00:00,MH008,15.53,14.4468975,6
2020-06-21 04:00:00,MH008,11.25,14.599379,6
2020-06-21 05:00:00,MH008,11.75,14.844946,6
2020-06-21 06:00:00,MH008,11.25,16.168692,6
2020-06-21 07:00:00,MH008,14.42,16.43529,6
2020-06-21 08:00:00,MH008,20.29,15.636274,6
2020-06-21 09:00:00,MH008,15.0,15.907469,6
2020-06-21 10:00:00,MH008,15.0,15.933359,6
2020-06-21 11:00:00,MH008,14.51,16.44496,6
2020-06-21 12:00:00,MH008,11.54,16.59939,6
2020-06-21 13:00:00,MH008,7.25,16.408922,6
2020-06-21 14:00:00,MH008,9.22,16.186733,6
2020-06-21 15:00:00,MH008,13.98,16.175245,6
2020-06-21 16:00:00,MH008,16.75,16.11771,6
2020-06-21 17:00:00,MH008,16.25,15.985664,6
2020-06-21 18:00:00,MH008,17.0,15.617819,6
2020-06-21 19:00:00,MH008,15.29,14.239101,6
2020-06-21 20:00:00,MH008,9.5,13.806236,6
2020-06-21 21:00:00,MH008,7.51,12.465408,6
2020-06-21 22:00:00,MH008,6.74,11.656837,6
2020-06-21 23:00:00,MH008,9.98,11.557732,6
2020-06-22 00:00:00,MH008,13.25,12.293297,6
2020-06-22 01:00:00,MH008,13.51,12.3630905,6
2020-06-22 02:00:00,MH008,12.73,13.380276,6
2020-06-22 03:00:00,MH008,15.0,12.959209,6
2020-06-22 04:00:00,MH008,14.01,13.888126,6
2020-06-22 05:00:00,MH008,11.0,13.897545,6
2020-06-22 06:00:00,MH008,11.0,15.439365,6
2020-06-22 07:00:00,MH008,11.98,16.092281,6
2020-06-22 08:00:00,MH008,13.53,16.62683,6
2020-06-22 09:00:00,MH008,10.47,16.96157,6
2020-06-22 10:00:00,MH008,14.51,17.259611,6
2020-06-22 11:00:00,MH008,12.51,17.198061,6
2020-06-22 12:00:00,MH008,11.0,17.211742,6
2020-06-22 13:00:00,MH008,10.02,17.293743,6
2020-06-22 14:00:00,MH008,7.99,17.097084,6
2020-06-22 15:00:00,MH008,11.99,17.161953,6
2020-06-22 16:00:00,MH008,15.73,17.015774,6
2020-06-22 17:00:00,MH008,17.27,16.427868,6
2020-06-22 18:00:00,MH008,14.52,15.712437,6
2020-06-22 19:00:00,MH008,14.22,14.814514,6
2020-06-22 20:00:00,MH008,17.27,13.673347,6
2020-06-22 21:00:00,MH008,14.02,13.191597,6
2020-06-22 22:00:00,MH008,10.26,12.822613,6
2020-06-22 23:00:00,MH008,11.71,12.718109,6
2020-06-23 00:00:00,MH008,19.58,13.140587,6
2020-06-23 01:00:00,MH008,10.47,13.50914,6
2020-06-23 02:00:00,MH008,14.5,14.623236,6
2020-06-23 03:00:00,MH008,13.0,14.15435,6
2020-06-23 04:00:00,MH008,13.0,14.657326,6
2020-06-23 05:00:00,MH008,16.51,14.82847,6
2020-06-23 06:00:00,MH008,14.26,15.932135,6
2020-06-23 07:00:00,MH008,12.25,15.83671,6
2020-06-23 08:00:00,MH008,13.99,16.119225,6
2020-06-23 09:00:00,MH008,15.52,16.843493,6
2020-06-23 10:00:00,MH008,11.0,16.862667,6
2020-06-23 11:00:00,MH008,9.77,17.467976,6
2020-06-23 12:00:00,MH008,6.0,17.533604,6
2020-06-23 13:00:00,MH008,5.51,17.608137,6
2020-06-23 14:00:00,MH008,4.99,16.846443,6
2020-06-23 15:00:00,MH008,8.25,16.90668,6
2020-06-23 16:00:00,MH008,9.25,16.53866,6
2020-06-23 17:00:00,MH008,11.47,16.265366,6
2020-06-23 18:00:00,MH008,12.82,15.639517,6
2020-06-23 19:00:00,MH008,5.93,14.863771,6
2020-06-23 20:00:00,MH008,13.27,14.573942,6
2020-06-23 21:00:00,MH008,8.0,14.278568,6
2020-06-23 22:00:00,MH008,7.75,13.648663,6
2020-06-23 23:00:00,MH008,7.74,13.923439,6
2020-06-24 00:00:00,MH008,10.98,13.690205,6
2020-06-24 01:00:00,MH008,12.52,14.053314,6
2020-06-24 02:00:00,MH008,8.0,14.420254,6
2020-06-24 03:00:00,MH008,8.5,14.555319,6
2020-06-24 04:00:00,MH008,9.75,13.952656,6
2020-06-24 05:00:00,MH008,8.75,14.393608,6
2020-06-24 06:00:00,MH008,8.0,16.317831,6
2020-06-24 07:00:00,MH008,8.73,15.612108,6
2020-06-24 08:00:00,MH008,11.99,15.789064,6
2020-06-24 09:00:00,MH008,14.26,16.305445,6
2020-06-24 10:00:00,MH008,11.75,16.515062,6
2020-06-24 11:00:00,MH008,9.77,16.751192,6
2020-06-24 12:00:00,MH008,4.77,16.94593,6
2020-06-24 13:00:00,MH008,1.74,16.820314,6
2020-06-24 14:00:00,MH008,4.25,16.584496,6
2020-06-24 15:00:00,MH008,4.5,16.244429,6
2020-06-24 16:00:00,MH008,4.48,15.822613,6
2020-06-24 17:00:00,MH008,10.22,15.2441845,6
2020-06-24 18:00:00,MH008,13.51,14.459991,6
2020-06-24 19:00:00,MH008,12.49,13.815723,6
2020-06-24 20:00:00,MH008,13.75,13.000099,6
2020-06-24 21:00:00,MH008,11.52,12.485214,6
2020-06-24 22:00:00,MH008,6.75,12.1399765,6
2020-06-24 23:00:00,MH008,6.73,12.2928505,6
2020-06-25 00:00:00,MH008,9.74,12.79195,6
2020-06-25 01:00:00,MH008,13.48,13.025845,6
2020-06-25 02:00:00,MH008,16.78,13.773811,6
2020-06-25 03:00:00,MH008,12.75,14.341667,6
2020-06-25 04:00:00,MH008,11.75,14.628679,6
2020-06-25 05:00:00,MH008,11.0,14.863035,6
2020-06-25 06:00:00,MH008,10.75,14.762852,6
2020-06-25 07:00:00,MH008,11.96,13.028076,6
2020-06-25 08:00:00,MH008,17.27,13.829639,6
2020-06-25 09:00:00,MH008,15.25,14.20467,6
2020-06-25 10:00:00,MH008,15.01,14.516813,6
2020-06-25 11:00:00,MH008,12.25,14.677649,6
2020-06-25 12:00:00,MH008,12.75,15.251265,6
2020-06-25 13:00:00,MH008,12.0,14.255917,6
2020-06-25 14:00:00,MH008,20.29,14.997873,6
2020-06-25 15:00:00,MH008,19.27,14.705746,6
2020-06-25 16:00:00,MH008,16.51,14.213654,6
2020-06-25 17:00:00,MH008,16.95,13.702755,6
2020-06-25 18:00:00,MH008,21.29,12.767712,6
2020-06-25 19:00:00,MH008,15.75,12.245502,6
2020-06-25 20:00:00,MH008,15.25,11.408695,6
2020-06-25 21:00:00,MH008,14.52,10.668972,6
2020-06-25 22:00:00,MH008,10.25,9.670765,6
2020-06-25 23:00:00,MH008,11.0,9.611496,6
2020-06-26 00:00:00,MH008,10.26,10.529556,6
2020-06-26 01:00:00,MH008,9.71,11.745312,6
2020-06-26 02:00:00,MH008,13.77,13.003262,6
2020-06-26 03:00:00,MH008,11.98,14.055748,6
2020-06-26 04:00:00,MH008,18.99,14.215599,6
2020-06-26 05:00:00,MH008,9.14,14.708227,6
2020-06-26 06:00:00,MH008,9.5,14.868826,6
2020-06-26 07:00:00,MH008,11.25,14.813047,6
2020-06-26 08:00:00,MH008,13.23,14.872585,6
2020-06-26 09:00:00,MH008,17.0,15.558287,6
2020-06-26 10:00:00,MH008,16.26,15.964989,6
2020-06-26 11:00:00,MH008,13.51,15.666225,6
2020-06-26 12:00:00,MH008,14.0,16.240501,6
2020-06-26 13:00:00,MH008,18.27,15.683802,6
2020-06-26 14:00:00,MH008,12.5,15.58124,6
2020-06-26 15:00:00,MH008,13.0,16.041706,6
2020-06-26 16:00:00,MH008,19.74,16.185024,6
2020-06-26 17:00:00,MH008,22.49,15.154974,6
2020-06-26 18:00:00,MH008,22.52,14.041489,6
2020-06-26 19:00:00,MH008,16.77,13.043777,6
2020-06-26 20:00:00,MH008,14.73,11.803669,6
2020-06-26 21:00:00,MH008,18.02,10.828148,6
2020-06-26 22:00:00,MH008,12.5,10.884491,6
2020-06-26 23:00:00,MH008,14.99,10.783215,6
2020-06-27 00:00:00,MH008,17.01,11.726162,6
2020-06-27 01:00:00,MH008,16.23,13.51598,6
2020-06-27 02:00:00,MH008,23.99,14.781895,6
2020-06-27 03:00:00,MH008,26.01,15.654707,6
2020-06-27 04:00:00,MH008,22.75,16.441414,6
2020-06-27 05:00:00,MH008,20.27,16.971664,6
2020-06-27 06:00:00,MH008,15.5,15.937294,6
2020-06-27 07:00:00,MH008,16.26,15.124981,6
2020-06-27 08:00:00,MH008,14.99,15.103346,6
2020-06-27 09:00:00,MH008,18.99,15.378864,6
2020-06-27 10:00:00,MH008,22.99,15.714502,6
2020-06-27 11:00:00,MH008,25.26,16.172617,6
2020-06-27 12:00:00,MH008,23.74,16.342129,6
2020-06-27 13:00:00,MH008,25.01,16.240997,6
2020-06-27 14:00:00,MH008,22.0,16.610174,6
2020-06-27 15:00:00,MH008,20.52,16.422678,6
2020-06-27 16:00:00,MH008,17.23,16.381535,6
2020-06-27 17:00:00,MH008,20.26,15.955145,6
2020-06-27 18:00:00,MH008,18.98,15.406723,6
2020-06-27 19:00:00,MH008,22.25,14.278957,6
2020-06-27 20:00:00,MH008,21.27,13.476952,6
2020-06-27 21:00:00,MH008,15.75,13.438885,6
2020-06-27 22:00:00,MH008,15.25,12.8167305,6
2020-06-27 23:00:00,MH008,13.28,12.723415,6
2020-06-28 00:00:00,MH008,5.25,14.362167,6
2020-06-28 01:00:00,MH008,7.73,16.27505,6
2020-06-28 02:00:00,MH008,13.0,18.987751,6
2020-06-28 03:00:00,MH008,12.01,20.256441,6
2020-06-28 04:00:00,MH008,9.0,18.010155,6
2020-06-28 05:00:00,MH008,20.26,19.337467,6
2020-06-28 06:00:00,MH008,18.0,20.072826,6
2020-06-28 07:00:00,MH008,18.25,19.518131,6
2020-06-28 08:00:00,MH008,17.77,19.121555,6
2020-06-28 09:00:00,MH008,12.77,19.61817,6
2020-06-28 10:00:00,MH008,12.21,19.95879,6
2020-06-28 11:00:00,MH008,20.52,20.677895,6
2020-06-28 12:00:00,MH008,15.25,20.320698,6
2020-06-28 13:00:00,MH008,12.75,19.83284,6
2020-06-28 14:00:00,MH008,12.5,19.6588,6
2020-06-28 15:00:00,MH008,13.25,18.96597,6
2020-06-28 16:00:00,MH008,10.26,17.839518,6
2020-06-28 17:00:00,MH008,8.5,17.881218,6
2020-06-28 18:00:00,MH008,12.47,16.271442,6
2020-06-28 19:00:00,MH008,17.53,15.358175,6
2020-06-28 20:00:00,MH008,10.5,13.999199,6
2020-06-28 21:00:00,MH008,12.25,12.685352,6
2020-06-28 22:00:00,MH008,11.52,12.007114,6
2020-06-28 23:00:00,MH008,6.75,11.649174,6
2020-06-29 00:00:00,MH008,5.0,11.366516,6
2020-06-29 01:00:00,MH008,1.5,12.689995,6
2020-06-29 02:00:00,MH008,7.91,13.600025,6
2020-06-29 03:00:00,MH008,7.5,14.746889,6
2020-06-29 04:00:00,MH008,6.75,15.504055,6
2020-06-29 05:00:00,MH008,8.5,15.24247,6
2020-06-29 06:00:00,MH008,5.77,16.462591,6
2020-06-29 07:00:00,MH008,2.0,16.427372,6
2020-06-29 08:00:00,MH008,2.5,15.726633,6
2020-06-29 09:00:00,MH008,4.0,16.089455,6
2020-06-29 10:00:00,MH008,8.06,16.192474,6
2020-06-29 11:00:00,MH008,8.5,16.127777,6
2020-06-29 12:00:00,MH008,10.0,15.856077,6
2020-06-29 13:00:00,MH008,9.75,15.620672,6
2020-06-29 14:00:00,MH008,8.75,15.428297,6
2020-06-29 15:00:00,MH008,7.5,15.282223,6
2020-06-29 16:00:00,MH008,5.75,14.874733,6
2020-06-29 17:00:00,MH008,4.5,14.583172,6
2020-06-29 18:00:00,MH008,3.0,14.051014,6
2020-06-29 19:00:00,MH008,3.0,12.786484,6
2020-06-29 20:00:00,MH008,3.0,11.81641,6
2020-06-29 21:00:00,MH008,3.0,11.016544,6
2020-05-07 00:00:00,MH009,10.02,17.808065,6
2020-05-07 01:00:00,MH009,11.99,17.943857,6
2020-05-07 02:00:00,MH009,10.0,17.926025,6
2020-05-07 03:00:00,MH009,10.02,17.28357,6
2020-05-07 04:00:00,MH009,13.03,16.720814,6
2020-05-07 05:00:00,MH009,16.0,16.42598,6
2020-05-07 06:00:00,MH009,17.0,15.959497,6
2020-05-07 07:00:00,MH009,15.99,15.802481,6
2020-05-07 08:00:00,MH009,14.97,16.161337,6
2020-05-07 09:00:00,MH009,11.04,14.09185,6
2020-05-07 10:00:00,MH009,15.05,15.696026,6
2020-05-07 11:00:00,MH009,23.01,16.792942,6
2020-05-07 12:00:00,MH009,24.0,17.513927,6
2020-05-07 13:00:00,MH009,24.92,18.058275,6
2020-05-07 14:00:00,MH009,12.02,18.838991,6
2020-05-07 15:00:00,MH009,14.0,19.837822,6
2020-05-07 16:00:00,MH009,14.02,20.144083,6
2020-05-07 17:00:00,MH009,16.98,19.531689,6
2020-05-07 18:00:00,MH009,14.02,19.40001,6
2020-05-07 19:00:00,MH009,15.95,19.194513,6
2020-05-07 20:00:00,MH009,9.96,18.705084,6
2020-05-07 21:00:00,MH009,6.04,18.191952,6
2020-05-07 22:00:00,MH009,10.0,17.871572,6
2020-05-07 23:00:00,MH009,8.97,17.842464,6
2020-05-08 00:00:00,MH009,6.0,17.557125,6
2020-05-08 01:00:00,MH009,6.04,17.220406,6
2020-05-08 02:00:00,MH009,11.99,17.126472,6
2020-05-08 03:00:00,MH009,11.02,18.998648,6
2020-05-08 04:00:00,MH009,13.03,20.820698,6
2020-05-08 05:00:00,MH009,16.95,21.916418,6
2020-05-08 06:00:00,MH009,13.0,20.910238,6
2020-05-08 07:00:00,MH009,11.98,19.999603,6
2020-05-08 08:00:00,MH009,10.03,19.523912,6
2020-05-08 09:00:00,MH009,12.97,17.240084,6
2020-05-08 10:00:00,MH009,9.01,18.338879,6
2020-05-08 11:00:00,MH009,10.01,19.655024,6
2020-05-08 12:00:00,MH009,11.98,19.782658,6
2020-05-08 13:00:00,MH009,10.0,21.399239,6
2020-05-08 14:00:00,MH009,9.99,21.281834,6
2020-05-08 15:00:00,MH009,8.99,22.424406,6
2020-05-08 16:00:00,MH009,7.04,22.395618,6
2020-05-08 17:00:00,MH009,10.97,21.232948,6
2020-05-08 18:00:00,MH009,7.97,20.167528,6
2020-05-08 19:00:00,MH009,4.0,19.499043,6
2020-05-08 20:00:00,MH009,5.03,18.871109,6
2020-05-08 21:00:00,MH009,9.99,18.067291,6
2020-05-08 22:00:00,MH009,7.99,17.470863,6
2020-05-08 23:00:00,MH009,5.99,17.043882,6
2020-05-09 00:00:00,MH009,4.01,17.21656,6
2020-05-09 01:00:00,MH009,5.04,18.293852,6
2020-05-09 02:00:00,MH009,9.99,18.939615,6
2020-05-09 03:00:00,MH009,9.0,20.694057,6
2020-05-09 04:00:00,MH009,9.03,22.440926,6
2020-05-09 05:00:00,MH009,12.97,23.948414,6
2020-05-09 06:00:00,MH009,10.02,23.170416,6
2020-05-09 07:00:00,MH009,12.01,21.588638,6
2020-05-09 08:00:00,MH009,13.0,20.1643,6
2020-05-09 09:00:00,MH009,13.02,19.94872,6
2020-05-09 10:00:00,MH009,15.11,15.856625,6
2020-05-09 11:00:00,MH009,26.96,14.434269,6
2020-05-09 12:00:00,MH009,21.1,14.326939,6
2020-05-09 13:00:00,MH009,37.84,14.134998,6
2020-05-09 14:00:00,MH009,10.99,14.891888,6
2020-05-09 15:00:00,MH009,10.09,15.712946,6
2020-05-09 16:00:00,MH009,19.95,15.763084,6
2020-05-09 17:00:00,MH009,14.07,15.4825,6
2020-05-09 18:00:00,MH009,21.92,15.17564,6
2020-05-09 19:00:00,MH009,8.0,14.726572,6
2020-05-09 20:00:00,MH009,7.99,14.505953,6
2020-05-09 21:00:00,MH009,6.99,14.301674,6
2020-05-09 22:00:00,MH009,4.97,14.758619,6
2020-05-09 23:00:00,MH009,2.03,15.616468,6
2020-05-10 00:00:00,MH009,5.01,16.229721,6
2020-05-10 01:00:00,MH009,6.05,17.607887,6
2020-05-10 02:00:00,MH009,13.96,20.029057,6
2020-05-10 03:00:00,MH009,7.99,22.183235,6
2020-05-10 04:00:00,MH009,7.0,24.991364,6
2020-05-10 05:00:00,MH009,6.04,26.671692,6
2020-05-10 06:00:00,MH009,11.02,28.75373,6
2020-05-10 07:00:00,MH009,13.02,24.934328,6
2020-05-10 08:00:00,MH009,15.96,20.963976,6
2020-05-10 09:00:00,MH009,12.02,16.890106,6
2020-05-10 10:00:00,MH009,13.95,16.131052,6
2020-05-10 11:00:00,MH009,8.05,16.227716,6
2020-05-10 12:00:00,MH009,13.96,16.922632,6
2020-05-10 13:00:00,MH009,8.97,16.971766,6
2020-05-10 14:00:00,MH009,6.0,17.031837,6
2020-05-10 15:00:00,MH009,6.01,17.241055,6
2020-05-10 16:00:00,MH009,7.0,17.075294,6
2020-05-10 17:00:00,MH009,7.0,16.885075,6
2020-05-10 18:00:00,MH009,7.0,16.84668,6
2020-05-10 19:00:00,MH009,7.0,15.833296,6
2020-05-11 05:00:00,MH009,16.98,28.832758,6
2020-05-11 06:00:00,MH009,14.0,23.390102,6
2020-05-11 07:00:00,MH009,13.97,19.760008,6
2020-05-13 16:00:00,MH009,6.0,21.315569,6
2020-05-13 17:00:00,MH009,6.0,20.531235,6
2020-05-13 18:00:00,MH009,6.0,20.076223,6
2020-05-16 19:00:00,MH009,31.92,21.026857,6
2020-05-16 20:00:00,MH009,25.06,20.774368,6
2020-05-16 21:00:00,MH009,30.03,20.873493,6
2020-05-16 22:00:00,MH009,32.97,21.951109,6
2020-05-16 23:00:00,MH009,29.98,23.147747,6
2020-05-17 00:00:00,MH009,28.02,25.22394,6
2020-05-17 01:00:00,MH009,29.98,25.908865,6
2020-05-17 02:00:00,MH009,27.99,26.09077,6
2020-05-17 03:00:00,MH009,27.03,26.42645,6
2020-05-17 04:00:00,MH009,30.95,27.717611,6
2020-05-17 05:00:00,MH009,25.03,29.451035,6
2020-05-17 06:00:00,MH009,27.95,29.495508,6
2020-05-17 07:00:00,MH009,23.0,29.934296,6
2020-05-17 08:00:00,MH009,22.99,29.627066,6
2020-05-17 09:00:00,MH009,21.98,29.842001,6
2020-05-17 10:00:00,MH009,19.96,30.457878,6
2020-05-17 11:00:00,MH009,16.14,27.634739,6
2020-05-17 12:00:00,MH009,27.96,26.489233,6
2020-05-17 13:00:00,MH009,22.01,26.841434,6
2020-05-17 14:00:00,MH009,22.94,27.35294,6
2020-05-17 15:00:00,MH009,18.06,27.280693,6
2020-05-17 16:00:00,MH009,24.94,27.368572,6
2020-05-17 17:00:00,MH009,18.0,27.190313,6
2020-05-17 18:00:00,MH009,17.98,25.781725,6
2020-05-17 19:00:00,MH009,16.01,24.710789,6
2020-05-17 20:00:00,MH009,17.09,23.350058,6
2020-05-17 21:00:00,MH009,24.88,22.615892,6
2020-05-17 22:00:00,MH009,15.03,22.168833,6
2020-05-17 23:00:00,MH009,17.98,21.901634,6
2020-05-18 00:00:00,MH009,16.02,22.04198,6
2020-05-18 01:00:00,MH009,18.04,22.602303,6
2020-05-18 02:00:00,MH009,20.96,23.394842,6
2020-05-18 03:00:00,MH009,16.97,24.458895,6
2020-05-18 04:00:00,MH009,13.14,25.873,6
2020-05-18 05:00:00,MH009,25.06,28.048582,6
2020-05-18 06:00:00,MH009,30.03,28.322676,6
2020-05-18 07:00:00,MH009,32.85,27.078642,6
2020-05-18 08:00:00,MH009,16.01,26.276844,6
2020-05-18 09:00:00,MH009,16.98,26.310968,6
2020-05-18 10:00:00,MH009,15.03,26.191298,6
2020-05-18 11:00:00,MH009,17.94,25.544657,6
2020-05-18 12:00:00,MH009,13.02,25.823334,6
2020-05-18 13:00:00,MH009,15.03,25.191813,6
2020-05-18 14:00:00,MH009,17.97,25.353994,6
2020-05-18 15:00:00,MH009,14.01,25.406578,6
2020-05-18 16:00:00,MH009,15.04,25.6821,6
2020-05-18 17:00:00,MH009,18.95,25.58448,6
2020-05-18 18:00:00,MH009,13.02,25.029684,6
2020-05-18 19:00:00,MH009,15.94,24.218338,6
2020-05-18 20:00:00,MH009,9.01,23.462772,6
2020-05-18 21:00:00,MH009,11.0,23.337381,6
2020-05-18 22:00:00,MH009,11.0,23.654768,6
2020-05-18 23:00:00,MH009,11.02,24.060488,6
2020-05-19 00:00:00,MH009,12.97,24.323332,6
2020-05-19 01:00:00,MH009,10.98,24.208864,6
2020-05-19 02:00:00,MH009,8.98,24.39298,6
2020-05-19 03:00:00,MH009,7.01,24.32566,6
2020-05-19 04:00:00,MH009,8.04,23.829378,6
2020-05-19 05:00:00,MH009,11.04,24.052128,6
2020-05-19 06:00:00,MH009,15.94,25.372173,6
2020-05-19 07:00:00,MH009,11.05,25.260532,6
2020-05-19 08:00:00,MH009,17.02,25.21763,6
2020-05-19 09:00:00,MH009,18.94,25.161512,6
2020-05-19 10:00:00,MH009,12.0,25.423412,6
2020-05-19 11:00:00,MH009,12.04,25.370754,6
2020-05-19 12:00:00,MH009,13.98,25.492035,6
2020-05-19 13:00:00,MH009,12.0,25.835733,6
2020-05-19 14:00:00,MH009,12.04,26.072155,6
2020-05-19 15:00:00,MH009,16.01,26.479002,6
2020-05-19 16:00:00,MH009,17.0,26.708586,6
2020-05-19 17:00:00,MH009,11.04,27.058132,6
2020-05-19 18:00:00,MH009,15.96,26.956665,6
2020-05-19 19:00:00,MH009,11.0,26.280443,6
2020-05-19 20:00:00,MH009,9.97,25.669462,6
2020-05-19 21:00:00,MH009,7.98,25.329062,6
2020-05-19 22:00:00,MH009,6.96,24.36726,6
2020-05-19 23:00:00,MH009,5.0,23.984444,6
2020-05-20 00:00:00,MH009,5.02,23.946154,6
2020-05-20 01:00:00,MH009,7.0,23.669596,6
2020-05-20 02:00:00,MH009,6.99,23.467493,6
2020-05-20 03:00:00,MH009,6.03,23.366652,6
2020-05-20 04:00:00,MH009,8.99,22.8819,6
2020-05-20 05:00:00,MH009,8.05,22.080763,6
2020-05-20 06:00:00,MH009,12.02,20.580566,6
2020-05-20 07:00:00,MH009,14.29,19.315723,6
2020-05-20 08:00:00,MH009,37.68,18.76598,6
2020-05-20 09:00:00,MH009,2.02,19.299192,6
2020-05-20 10:00:00,MH009,4.04,19.71986,6
2020-05-20 11:00:00,MH009,7.98,20.165955,6
2020-05-20 12:00:00,MH009,6.01,20.719164,6
2020-05-20 13:00:00,MH009,7.0,21.265501,6
2020-05-20 14:00:00,MH009,7.01,22.114138,6
2020-05-20 15:00:00,MH009,8.05,22.922546,6
2020-05-20 16:00:00,MH009,11.96,23.135607,6
2020-05-20 17:00:00,MH009,7.04,23.147413,6
2020-05-20 18:00:00,MH009,10.99,23.044703,6
2020-05-20 19:00:00,MH009,9.98,22.872902,6
2020-05-20 20:00:00,MH009,7.99,22.65284,6
2020-05-20 21:00:00,MH009,6.97,22.887611,6
2020-05-20 22:00:00,MH009,5.0,22.192366,6
2020-05-20 23:00:00,MH009,5.01,21.598772,6
2020-05-21 00:00:00,MH009,6.0,20.817692,6
2020-05-21 01:00:00,MH009,5.98,20.288342,6
2020-05-21 02:00:00,MH009,4.01,20.382883,6
2020-05-21 03:00:00,MH009,5.01,19.700851,6
2020-05-21 04:00:00,MH009,6.01,19.383839,6
2020-05-21 05:00:00,MH009,7.03,18.684406,6
2020-05-21 06:00:00,MH009,10.03,17.360666,6
2020-05-21 07:00:00,MH009,13.01,16.186884,6
2020-05-21 08:00:00,MH009,14.07,16.244812,6
2020-05-21 09:00:00,MH009,22.86,16.849072,6
2020-05-21 10:00:00,MH009,6.02,17.167538,6
2020-05-21 11:00:00,MH009,7.99,17.42761,6
2020-05-21 12:00:00,MH009,7.0,18.297583,6
2020-05-21 13:00:00,MH009,6.99,19.137636,6
2020-05-21 14:00:00,MH009,6.06,20.315603,6
2020-05-21 15:00:00,MH009,10.95,21.42539,6
2020-05-21 16:00:00,MH009,6.96,22.046188,6
2020-05-21 17:00:00,MH009,4.05,21.661354,6
2020-05-21 18:00:00,MH009,7.97,21.3466,6
2020-05-21 19:00:00,MH009,4.96,21.126112,6
2020-05-21 20:00:00,MH009,1.03,20.792196,6
2020-05-21 21:00:00,MH009,4.05,20.370419,6
2020-05-21 22:00:00,MH009,8.99,19.850403,6
2020-05-21 23:00:00,MH009,7.97,19.392984,6
2020-05-22 00:00:00,MH009,6.0,18.53303,6
2020-05-22 01:00:00,MH009,6.07,18.16762,6
2020-05-22 02:00:00,MH009,11.97,18.671581,6
2020-05-22 03:00:00,MH009,9.1,19.221083,6
2020-05-22 04:00:00,MH009,17.95,18.322851,6
2020-05-22 05:00:00,MH009,14.0,17.994137,6
2020-05-22 06:00:00,MH009,13.93,16.930838,6
2020-05-22 07:00:00,MH009,8.03,15.155165,6
2020-05-22 08:00:00,MH009,9.99,13.43018,6
2020-05-22 09:00:00,MH009,8.99,13.268936,6
2020-05-22 10:00:00,MH009,8.04,13.392918,6
2020-05-22 11:00:00,MH009,11.02,13.7253685,6
2020-05-22 12:00:00,MH009,12.99,14.350651,6
2020-05-22 13:00:00,MH009,11.98,15.216574,6
2020-05-22 14:00:00,MH009,9.98,16.144331,6
2020-05-22 15:00:00,MH009,9.02,17.363739,6
2020-05-22 16:00:00,MH009,10.99,18.463568,6
2020-05-22 17:00:00,MH009,10.06,18.861128,6
2020-05-22 18:00:00,MH009,14.9,18.65945,6
2020-05-22 19:00:00,MH009,6.44,18.514046,6
2020-05-22 20:00:00,MH009,42.58,18.255203,6
2020-05-22 21:00:00,MH009,7.99,18.118656,6
2020-05-22 22:00:00,MH009,7.04,17.983486,6
2020-05-22 23:00:00,MH009,10.01,18.282936,6
2020-05-23 00:00:00,MH009,11.02,18.86868,6
2020-05-23 01:00:00,MH009,12.99,19.349197,6
2020-05-23 02:00:00,MH009,11.98,19.721497,6
2020-05-23 03:00:00,MH009,10.01,20.074776,6
2020-05-23 04:00:00,MH009,10.97,21.526432,6
2020-05-23 05:00:00,MH009,9.07,22.213097,6
2020-05-23 06:00:00,MH009,15.03,23.230764,6
2020-05-23 07:00:00,MH009,16.94,22.42738,6
2020-05-23 08:00:00,MH009,10.99,22.286493,6
2020-05-23 09:00:00,MH009,9.97,23.475588,6
2020-05-23 10:00:00,MH009,8.03,17.326548,6
2020-05-23 11:00:00,MH009,11.07,16.447021,6
2020-05-23 12:00:00,MH009,19.0,16.041254,6
2020-05-23 13:00:00,MH009,19.21,16.061832,6
2020-05-23 14:00:00,MH009,34.88,17.829372,6
2020-05-23 15:00:00,MH009,24.88,18.681202,6
2020-05-23 16:00:00,MH009,15.01,18.29609,6
2020-05-23 17:00:00,MH009,15.9,18.458296,6
2020-05-23 18:00:00,MH009,7.99,17.564318,6
2020-05-23 19:00:00,MH009,6.98,17.141592,6
2020-05-23 20:00:00,MH009,5.03,17.380802,6
2020-05-23 21:00:00,MH009,7.96,16.891281,6
2020-05-23 22:00:00,MH009,4.97,16.832563,6
2020-05-23 23:00:00,MH009,3.0,16.560781,6
2020-05-24 00:00:00,MH009,3.01,16.504398,6
2020-05-24 01:00:00,MH009,4.05,17.16359,6
2020-05-24 02:00:00,MH009,9.15,18.418179,6
2020-05-24 03:00:00,MH009,19.89,20.718405,6
2020-05-24 04:00:00,MH009,11.96,22.270266,6
2020-05-24 05:00:00,MH009,9.03,24.765488,6
2020-05-24 06:00:00,MH009,10.98,27.006693,6
2020-05-24 07:00:00,MH009,10.0,26.900206,6
2020-05-24 08:00:00,MH009,9.98,27.235409,6
2020-05-24 09:00:00,MH009,8.0,26.155752,6
2020-05-24 10:00:00,MH009,8.08,25.31827,6
2020-05-24 11:00:00,MH009,14.96,24.28254,6
2020-05-24 12:00:00,MH009,11.05,24.411789,6
2020-05-24 13:00:00,MH009,15.96,24.373882,6
2020-05-24 14:00:00,MH009,12.95,25.166298,6
2020-05-24 15:00:00,MH009,8.07,25.372078,6
2020-05-24 16:00:00,MH009,13.96,24.618422,6
2020-05-24 17:00:00,MH009,9.96,23.339216,6
2020-05-24 18:00:00,MH009,6.01,21.971687,6
2020-05-24 19:00:00,MH009,6.99,20.330145,6
2020-05-24 20:00:00,MH009,6.01,19.155989,6
2020-05-24 21:00:00,MH009,6.97,19.272184,6
2020-05-24 22:00:00,MH009,5.01,19.02957,6
2020-05-24 23:00:00,MH009,6.0,19.229425,6
2020-05-25 00:00:00,MH009,6.0,18.85649,6
2020-05-25 01:00:00,MH009,6.03,19.801052,6
2020-05-25 02:00:00,MH009,8.97,21.571672,6
2020-05-25 03:00:00,MH009,7.12,23.560387,6
2020-05-25 04:00:00,MH009,15.98,24.55818,6
2020-05-25 05:00:00,MH009,13.99,25.158188,6
2020-05-25 06:00:00,MH009,13.01,24.137505,6
2020-05-25 07:00:00,MH009,13.93,23.827646,6
2020-05-25 08:00:00,MH009,7.96,24.19686,6
2020-05-25 09:00:00,MH009,5.01,23.714905,6
2020-05-25 10:00:00,MH009,6.0,16.149788,6
2020-05-25 11:00:00,MH009,6.07,14.653261,6
2020-05-25 12:00:00,MH009,12.02,14.289776,6
2020-05-25 13:00:00,MH009,14.0,14.592781,6
2020-05-25 14:00:00,MH009,13.96,17.535654,6
2020-05-25 15:00:00,MH009,11.02,18.627565,6
2020-05-25 16:00:00,MH009,13.07,19.275959,6
2020-05-25 17:00:00,MH009,17.85,19.092428,6
2020-05-25 18:00:00,MH009,6.99,18.679358,6
2020-05-25 19:00:00,MH009,6.0,18.885168,6
2020-05-25 20:00:00,MH009,6.04,19.10378,6
2020-05-25 21:00:00,MH009,10.02,19.13916,6
2020-05-25 22:00:00,MH009,12.02,19.508463,6
2020-05-25 23:00:00,MH009,13.92,19.616568,6
2020-05-26 00:00:00,MH009,6.96,19.436735,6
2020-05-26 01:00:00,MH009,3.04,19.325323,6
2020-05-26 02:00:00,MH009,6.11,19.625858,6
2020-05-26 03:00:00,MH009,14.12,19.50694,6
2020-05-26 04:00:00,MH009,22.89,19.726675,6
2020-05-26 05:00:00,MH009,13.03,20.065481,6
2020-05-26 06:00:00,MH009,14.97,19.649614,6
2020-05-26 07:00:00,MH009,11.97,18.408794,6
2020-05-26 08:00:00,MH009,10.05,18.306114,6
2020-05-26 09:00:00,MH009,13.97,18.349241,6
2020-05-26 10:00:00,MH009,12.03,18.858574,6
2020-05-26 11:00:00,MH009,14.99,20.054619,6
2020-05-26 12:00:00,MH009,13.98,20.892143,6
2020-05-26 13:00:00,MH009,12.98,21.592758,6
2020-05-26 14:00:00,MH009,12.08,22.011877,6
2020-05-26 15:00:00,MH009,17.95,22.023474,6
2020-05-26 16:00:00,MH009,13.92,22.193933,6
2020-05-26 17:00:00,MH009,8.04,22.45259,6
2020-05-26 18:00:00,MH009,12.01,22.129442,6
2020-05-26 19:00:00,MH009,12.93,22.07051,6
2020-05-26 20:00:00,MH009,7.0,21.69779,6
2020-05-26 21:00:00,MH009,6.98,21.55749,6
2020-05-26 22:00:00,MH009,6.0,21.58855,6
2020-05-26 23:00:00,MH009,5.95,21.193537,6
2020-05-27 00:00:00,MH009,2.03,20.613644,6
2020-05-27 01:00:00,MH009,4.08,19.790298,6
2020-05-27 02:00:00,MH009,11.04,19.3227,6
2020-05-27 03:00:00,MH009,14.04,19.483793,6
2020-05-27 04:00:00,MH009,16.96,19.806915,6
2020-05-27 05:00:00,MH009,13.99,19.767118,6
2020-05-27 06:00:00,MH009,12.97,18.547731,6
2020-05-27 07:00:00,MH009,11.03,17.098074,6
2020-05-27 08:00:00,MH009,13.05,16.415094,6
2020-05-27 09:00:00,MH009,16.95,16.612637,6
2020-05-27 10:00:00,MH009,12.93,17.367247,6
2020-05-27 11:00:00,MH009,7.17,18.084656,6
2020-05-27 12:00:00,MH009,18.89,19.066698,6
2020-05-27 13:00:00,MH009,8.98,19.812473,6
2020-05-27 14:00:00,MH009,7.99,20.293446,6
2020-05-27 15:00:00,MH009,7.04,20.98927,6
2020-05-27 16:00:00,MH009,11.05,21.123037,6
2020-05-27 17:00:00,MH009,14.99,21.527918,6
2020-05-27 18:00:00,MH009,13.96,21.494081,6
2020-05-27 19:00:00,MH009,10.0,21.31562,6
2020-05-27 20:00:00,MH009,9.95,21.055561,6
2020-05-27 21:00:00,MH009,6.11,20.997622,6
2020-05-27 22:00:00,MH009,14.93,20.803062,6
2020-05-27 23:00:00,MH009,10.02,20.370718,6
2020-05-28 00:00:00,MH009,10.99,19.95706,6
2020-05-28 01:00:00,MH009,9.98,19.441576,6
2020-05-28 02:00:00,MH009,9.01,18.978527,6
2020-05-28 03:00:00,MH009,9.98,18.817049,6
2020-05-28 04:00:00,MH009,9.02,17.944357,6
2020-05-28 05:00:00,MH009,10.02,17.25767,6
2020-05-28 06:00:00,MH009,11.03,16.269281,6
2020-05-28 07:00:00,MH009,13.04,14.724396,6
2020-05-28 08:00:00,MH009,15.93,14.2421875,6
2020-05-28 09:00:00,MH009,10.97,14.529123,6
2020-05-28 10:00:00,MH009,9.17,15.361895,6
2020-05-28 11:00:00,MH009,20.86,16.501617,6
2020-05-28 12:00:00,MH009,11.07,17.5089,6
2020-05-28 13:00:00,MH009,15.97,18.474491,6
2020-05-28 14:00:00,MH009,13.93,19.354757,6
2020-05-28 15:00:00,MH009,8.05,19.913126,6
2020-05-28 16:00:00,MH009,11.93,20.374897,6
2020-05-28 17:00:00,MH009,7.01,20.090927,6
2020-05-28 18:00:00,MH009,7.97,19.91805,6
2020-05-28 19:00:00,MH009,5.96,19.651215,6
2020-05-28 20:00:00,MH009,2.98,19.397186,6
2020-05-28 21:00:00,MH009,2.06,19.09819,6
2020-05-28 22:00:00,MH009,6.01,18.82405,6
2020-05-28 23:00:00,MH009,7.0,18.805716,6
2020-05-29 00:00:00,MH009,6.97,18.335508,6
2020-05-29 01:00:00,MH009,5.03,18.16899,6
2020-05-29 02:00:00,MH009,7.0,17.379694,6
2020-05-29 03:00:00,MH009,7.0,17.506907,6
2020-05-29 04:00:00,MH009,6.96,17.533926,6
2020-05-29 05:00:00,MH009,4.03,18.660393,6
2020-05-29 06:00:00,MH009,6.03,18.386675,6
2020-05-29 07:00:00,MH009,7.99,17.969004,6
2020-05-29 08:00:00,MH009,6.97,17.568594,6
2020-05-29 09:00:00,MH009,5.0,17.314419,6
2020-05-29 10:00:00,MH009,4.97,17.407093,6
2020-05-29 11:00:00,MH009,3.06,17.754774,6
2020-05-29 12:00:00,MH009,7.07,17.694721,6
2020-05-29 13:00:00,MH009,11.95,17.571892,6
2020-05-29 14:00:00,MH009,8.0,17.494535,6
2020-05-29 15:00:00,MH009,8.02,17.422762,6
2020-05-29 16:00:00,MH009,8.98,17.6073,6
2020-05-29 17:00:00,MH009,8.04,17.821198,6
2020-05-29 18:00:00,MH009,11.17,17.748293,6
2020-05-29 19:00:00,MH009,20.92,17.457142,6
2020-05-29 20:00:00,MH009,14.25,16.9575,6
2020-05-29 21:00:00,MH009,31.68,16.35848,6
2020-05-29 22:00:00,MH009,8.97,15.811274,6
2020-05-29 23:00:00,MH009,6.04,15.357086,6
2020-05-30 00:00:00,MH009,8.96,15.70488,6
2020-05-30 01:00:00,MH009,5.95,16.62668,6
2020-05-30 02:00:00,MH009,3.03,16.628223,6
2020-05-30 03:00:00,MH009,5.17,17.208324,6
2020-05-30 04:00:00,MH009,15.21,17.913082,6
2020-05-30 05:00:00,MH009,28.78,18.160795,6
2020-05-30 06:00:00,MH009,13.09,18.244766,6
2020-05-30 07:00:00,MH009,19.0,17.262749,6
2020-05-30 08:00:00,MH009,3.03,15.959482,6
2020-05-30 09:00:00,MH009,5.08,15.246174,6
2020-05-30 10:00:00,MH009,10.03,14.973169,6
2020-05-30 11:00:00,MH009,11.96,14.782223,6
2020-05-30 12:00:00,MH009,9.07,15.252262,6
2020-05-30 13:00:00,MH009,14.15,16.056639,6
2020-05-30 14:00:00,MH009,23.92,17.225506,6
2020-05-30 15:00:00,MH009,17.97,18.225857,6
2020-05-30 16:00:00,MH009,15.98,17.927921,6
2020-05-30 17:00:00,MH009,14.93,17.793737,6
2020-05-30 18:00:00,MH009,10.04,17.901379,6
2020-05-30 19:00:00,MH009,12.92,18.453154,6
2020-05-30 20:00:00,MH009,7.12,18.495852,6
2020-05-30 21:00:00,MH009,14.8,18.756683,6
2020-05-30 22:00:00,MH009,2.98,18.588572,6
2020-05-30 23:00:00,MH009,2.08,18.744541,6
2020-05-31 00:00:00,MH009,7.97,19.07792,6
2020-05-31 01:00:00,MH009,5.95,19.433588,6
2020-05-31 02:00:00,MH009,2.19,19.28707,6
2020-05-31 03:00:00,MH009,14.89,20.184465,6
2020-05-31 04:00:00,MH009,7.99,22.365683,6
2020-05-31 05:00:00,MH009,7.13,24.682251,6
2020-05-31 06:00:00,MH009,14.91,24.005474,6
2020-05-31 07:00:00,MH009,9.12,23.386574,6
2020-05-31 08:00:00,MH009,17.95,22.82423,6
2020-05-31 09:00:00,MH009,13.89,22.406973,6
2020-05-31 10:00:00,MH009,7.04,22.985203,6
2020-05-31 11:00:00,MH009,10.02,22.746916,6
2020-05-31 12:00:00,MH009,10.96,23.627243,6
2020-05-31 13:00:00,MH009,8.11,23.55619,6
2020-05-31 14:00:00,MH009,14.93,23.663866,6
2020-05-31 15:00:00,MH009,9.98,23.954357,6
2020-05-31 16:00:00,MH009,9.0,23.733725,6
2020-05-31 17:00:00,MH009,8.96,23.14263,6
2020-05-31 18:00:00,MH009,6.0,22.309105,6
2020-05-31 19:00:00,MH009,6.16,20.446472,6
2020-05-31 20:00:00,MH009,16.97,19.396162,6
2020-05-31 21:00:00,MH009,15.0,18.93538,6
2020-05-31 22:00:00,MH009,14.89,18.69842,6
2020-05-31 23:00:00,MH009,7.97,19.368752,6
2020-06-01 00:00:00,MH009,6.28,19.77426,6
2020-06-01 01:00:00,MH009,24.73,20.212023,6
2020-06-01 02:00:00,MH009,7.09,20.797277,6
2020-06-01 03:00:00,MH009,11.97,22.164299,6
2020-06-01 04:00:00,MH009,10.36,23.153738,6
2020-06-01 05:00:00,MH009,29.86,24.691288,6
2020-06-01 06:00:00,MH009,20.25,20.155083,6
2020-06-01 07:00:00,MH009,36.97,17.57869,6
2020-06-01 08:00:00,MH009,35.05,14.595657,6
2020-06-01 09:00:00,MH009,38.0,13.333561,6
2020-06-01 10:00:00,MH009,37.9,12.909897,6
2020-06-01 11:00:00,MH009,31.05,15.077084,6
2020-06-01 12:00:00,MH009,34.04,15.779835,6
2020-06-01 13:00:00,MH009,36.95,16.285866,6
2020-06-01 14:00:00,MH009,33.77,17.435738,6
2020-06-01 15:00:00,MH009,21.05,17.474371,6
2020-06-01 16:00:00,MH009,23.91,18.695797,6
2020-06-01 17:00:00,MH009,18.0,18.438435,6
2020-06-01 18:00:00,MH009,17.95,18.238222,6
2020-06-01 19:00:00,MH009,15.02,19.06414,6
2020-06-01 20:00:00,MH009,15.91,19.771336,6
2020-06-01 21:00:00,MH009,9.97,21.146948,6
2020-06-01 22:00:00,MH009,7.99,23.47937,6
2020-06-01 23:00:00,MH009,7.05,22.542837,6
2020-06-02 00:00:00,MH009,9.98,22.423666,6
2020-06-02 01:00:00,MH009,9.09,23.792068,6
2020-06-02 02:00:00,MH009,14.12,24.466795,6
2020-06-02 03:00:00,MH009,21.03,25.513607,6
2020-06-02 04:00:00,MH009,23.27,26.008036,6
2020-06-02 05:00:00,MH009,38.02,27.106651,6
2020-06-02 06:00:00,MH009,38.7,25.580317,6
2020-06-02 07:00:00,MH009,21.94,25.790024,6
2020-06-02 08:00:00,MH009,18.04,25.769459,6
2020-06-02 09:00:00,MH009,20.1,24.601595,6
2020-06-02 10:00:00,MH009,27.0,23.610983,6
2020-06-02 11:00:00,MH009,26.85,23.79329,6
2020-06-02 12:00:00,MH009,17.11,24.606504,6
2020-06-02 13:00:00,MH009,23.24,25.448694,6
2020-06-02 14:00:00,MH009,39.0,24.851803,6
2020-06-02 15:00:00,MH009,39.25,24.180233,6
2020-06-02 16:00:00,MH009,53.02,24.468365,6
2020-06-02 17:00:00,MH009,53.77,24.008017,6
2020-06-02 18:00:00,MH009,39.94,23.820572,6
2020-06-02 19:00:00,MH009,35.67,22.515656,6
2020-06-02 20:00:00,MH009,16.05,20.532965,6
2020-06-02 21:00:00,MH009,18.98,18.568672,6
2020-06-02 22:00:00,MH009,18.0,17.555498,6
2020-06-02 23:00:00,MH009,12.0,16.22445,6
2020-06-03 00:00:00,MH009,11.95,13.781818,6
2020-06-03 01:00:00,MH009,9.0,12.315964,6
2020-06-03 02:00:00,MH009,8.98,12.718315,6
2020-06-03 03:00:00,MH009,8.0,13.541737,6
2020-06-03 04:00:00,MH009,3.95,13.133858,6
2020-06-03 05:00:00,MH009,1.03,13.337349,6
2020-06-03 06:00:00,MH009,3.11,16.24785,6
2020-06-03 07:00:00,MH009,8.92,16.512262,6
2020-06-03 08:00:00,MH009,4.96,18.472057,6
2020-06-03 09:00:00,MH009,1.97,19.415466,6
2020-06-03 10:00:00,MH009,1.97,20.334217,6
2020-06-03 11:00:00,MH009,1.97,20.96303,6
2020-06-03 12:00:00,MH009,1.97,20.372015,6
2020-06-03 14:00:00,MH009,0.06,15.866854,6
2020-06-03 15:00:00,MH009,1.03,15.620964,6
2020-06-03 16:00:00,MH009,3.0,14.580757,6
2020-06-03 17:00:00,MH009,2.98,12.166466,6
2020-06-03 18:00:00,MH009,2.0,9.242924,6
2020-06-03 19:00:00,MH009,1.98,2.4423213,6
2020-06-03 20:00:00,MH009,1.0,-0.16515769,6
2020-06-03 21:00:00,MH009,1.02,-2.1720052,6
2020-06-03 22:00:00,MH009,2.1,-2.8080068,6
2020-06-03 23:00:00,MH009,8.05,3.2460475,6
2020-06-04 00:00:00,MH009,11.09,12.172718,6
2020-06-06 01:00:00,MH009,13.9,12.878677,6
2020-06-06 02:00:00,MH009,8.93,13.695229,6
2020-06-06 03:00:00,MH009,5.0,12.327732,6
2020-06-06 04:00:00,MH009,5.98,13.144493,6
2020-06-06 05:00:00,MH009,5.05,13.676559,6
2020-06-06 06:00:00,MH009,8.15,14.540218,6
2020-06-06 07:00:00,MH009,16.23,14.229584,6
2020-06-06 08:00:00,MH009,28.59,15.031252,6
2020-06-06 09:00:00,MH009,6.04,14.426054,6
2020-06-06 10:00:00,MH009,8.06,14.68059,6
2020-06-06 11:00:00,MH009,11.02,14.351551,6
2020-06-06 12:00:00,MH009,11.96,14.534506,6
2020-06-06 13:00:00,MH009,10.09,15.185217,6
2020-06-06 14:00:00,MH009,14.92,14.052826,6
2020-06-06 15:00:00,MH009,10.96,13.952877,6
2020-06-06 16:00:00,MH009,9.0,13.772644,6
2020-06-06 17:00:00,MH009,9.07,13.069191,6
2020-06-06 18:00:00,MH009,12.98,12.443134,6
2020-06-06 19:00:00,MH009,11.93,11.851376,6
2020-06-06 20:00:00,MH009,8.11,11.441269,6
2020-06-06 21:00:00,MH009,14.0,11.22842,6
2020-06-06 22:00:00,MH009,13.95,11.704285,6
2020-06-06 23:00:00,MH009,11.12,10.954464,6
2020-06-07 00:00:00,MH009,17.95,11.43602,6
2020-06-07 01:00:00,MH009,15.04,12.067131,6
2020-06-07 02:00:00,MH009,17.05,12.382561,6
2020-06-07 03:00:00,MH009,19.95,11.9769745,6
2020-06-07 04:00:00,MH009,16.86,13.129841,6
2020-06-07 05:00:00,MH009,8.98,13.493275,6
2020-06-07 06:00:00,MH009,8.02,15.766003,6
2020-06-07 07:00:00,MH009,9.11,15.112043,6
2020-06-07 08:00:00,MH009,13.89,15.8081665,6
2020-06-07 09:00:00,MH009,7.96,14.958216,6
2020-06-07 10:00:00,MH009,5.98,15.977978,6
2020-06-07 11:00:00,MH009,5.06,15.865604,6
2020-06-07 12:00:00,MH009,7.96,16.439926,6
2020-06-07 13:00:00,MH009,6.08,16.256863,6
2020-06-07 14:00:00,MH009,9.93,17.02445,6
2020-06-07 15:00:00,MH009,6.0,16.568419,6
2020-06-07 16:00:00,MH009,6.08,16.638447,6
2020-06-07 17:00:00,MH009,9.96,15.734859,6
2020-06-07 18:00:00,MH009,7.95,14.860727,6
2020-06-07 19:00:00,MH009,4.95,14.127487,6
2020-06-07 20:00:00,MH009,2.06,13.298748,6
2020-06-07 21:00:00,MH009,4.96,12.179005,6
2020-06-07 22:00:00,MH009,3.0,11.844749,6
2020-06-07 23:00:00,MH009,3.0,11.861889,6
2020-06-08 00:00:00,MH009,2.98,12.881523,6
2020-06-08 01:00:00,MH009,2.16,12.868523,6
2020-06-08 02:00:00,MH009,11.0,13.005806,6
2020-06-08 03:00:00,MH009,11.08,14.269089,6
2020-06-08 04:00:00,MH009,15.07,14.742231,6
2020-06-08 05:00:00,MH009,18.91,14.201332,6
2020-06-08 06:00:00,MH009,13.89,15.340277,6
2020-06-08 07:00:00,MH009,8.94,14.688845,6
2020-06-08 08:00:00,MH009,5.98,14.419796,6
2020-06-08 09:00:00,MH009,4.98,15.04352,6
2020-06-08 10:00:00,MH009,4.0,15.182964,6
2020-06-08 11:00:00,MH009,4.04,15.315601,6
2020-06-08 12:00:00,MH009,6.0,15.084923,6
2020-06-08 13:00:00,MH009,6.06,14.8108425,6
2020-06-08 14:00:00,MH009,9.11,14.591959,6
2020-06-08 15:00:00,MH009,14.08,14.435047,6
2020-06-08 16:00:00,MH009,18.73,14.285595,6
2020-06-08 17:00:00,MH009,5.98,14.023052,6
2020-06-08 18:00:00,MH009,5.02,13.823273,6
2020-06-08 19:00:00,MH009,5.95,12.937805,6
2020-06-08 20:00:00,MH009,3.0,12.638523,6
2020-06-08 21:00:00,MH009,3.06,12.587368,6
2020-06-08 22:00:00,MH009,6.06,12.476246,6
2020-06-08 23:00:00,MH009,8.93,12.547657,6
2020-06-09 00:00:00,MH009,5.02,12.462772,6
2020-06-09 01:00:00,MH009,6.07,13.260731,6
2020-06-09 02:00:00,MH009,10.25,13.641609,6
2020-06-09 03:00:00,MH009,21.88,14.226433,6
2020-06-09 04:00:00,MH009,14.85,15.29603,6
2020-06-09 05:00:00,MH009,6.0,15.909031,6
2020-06-09 06:00:00,MH009,6.07,15.292652,6
2020-06-09 07:00:00,MH009,9.98,15.575775,6
2020-06-09 08:00:00,MH009,9.0,14.558756,6
2020-06-09 09:00:00,MH009,8.98,14.611458,6
2020-06-09 10:00:00,MH009,8.07,14.685186,6
2020-06-09 11:00:00,MH009,12.08,14.25761,6
2020-06-09 12:00:00,MH009,16.12,15.148767,6
2020-06-09 13:00:00,MH009,22.98,14.094067,6
2020-06-09 14:00:00,MH009,21.75,14.322842,6
2020-06-09 15:00:00,MH009,9.98,14.585487,6
2020-06-09 16:00:00,MH009,8.98,15.078121,6
2020-06-09 17:00:00,MH009,7.96,14.082611,6
2020-06-09 18:00:00,MH009,6.05,13.727806,6
2020-06-09 19:00:00,MH009,8.98,13.027721,6
2020-06-09 20:00:00,MH009,7.96,12.533497,6
2020-06-09 21:00:00,MH009,5.96,11.735828,6
2020-06-09 22:00:00,MH009,4.06,11.365284,6
2020-06-09 23:00:00,MH009,7.04,11.290218,6
2020-06-10 00:00:00,MH009,9.0,12.054913,6
2020-06-10 01:00:00,MH009,9.14,13.09425,6
2020-06-10 02:00:00,MH009,16.98,14.0536,6
2020-06-10 03:00:00,MH009,16.02,14.757807,6
2020-06-10 04:00:00,MH009,16.96,15.198374,6
2020-06-10 05:00:00,MH009,15.02,15.847548,6
2020-06-10 06:00:00,MH009,15.91,15.180048,6
2020-06-10 07:00:00,MH009,10.98,14.867178,6
2020-06-10 08:00:00,MH009,10.21,14.823359,6
2020-06-10 09:00:00,MH009,19.87,14.614016,6
2020-06-10 10:00:00,MH009,12.0,14.662283,6
2020-06-10 11:00:00,MH009,11.98,14.6441555,6
2020-06-10 12:00:00,MH009,10.92,14.924385,6
2020-06-10 13:00:00,MH009,7.21,14.987989,6
2020-06-10 14:00:00,MH009,18.86,15.286177,6
2020-06-10 15:00:00,MH009,11.09,15.293129,6
2020-06-10 16:00:00,MH009,15.86,15.230875,6
2020-06-10 17:00:00,MH009,9.02,14.745747,6
2020-06-10 18:00:00,MH009,9.93,14.165344,6
2020-06-10 19:00:00,MH009,5.96,13.145313,6
2020-06-10 20:00:00,MH009,4.0,12.550735,6
2020-06-10 21:00:00,MH009,3.98,12.2752495,6
2020-06-10 22:00:00,MH009,3.02,11.066696,6
2020-06-10 23:00:00,MH009,4.08,10.767269,6
2020-06-11 00:00:00,MH009,8.0,12.013977,6
2020-06-11 01:00:00,MH009,7.96,11.301857,6
2020-06-11 02:00:00,MH009,5.92,13.302479,6
2020-06-11 03:00:00,MH009,2.04,14.503706,6
2020-06-11 04:00:00,MH009,4.12,14.787916,6
2020-06-11 05:00:00,MH009,9.98,15.378979,6
2020-06-11 06:00:00,MH009,9.17,15.344648,6
2020-06-11 07:00:00,MH009,17.21,15.186552,6
2020-06-11 08:00:00,MH009,27.06,15.152952,6
2020-06-11 09:00:00,MH009,29.67,15.478001,6
2020-06-11 10:00:00,MH009,13.94,15.307581,6
2020-06-11 11:00:00,MH009,10.96,14.863152,6
2020-06-11 12:00:00,MH009,8.98,14.64463,6
2020-06-11 13:00:00,MH009,8.0,14.440842,6
2020-06-11 14:00:00,MH009,11.88,14.883198,6
2020-06-11 15:00:00,MH009,10.06,14.570089,6
2020-06-11 16:00:00,MH009,13.02,14.395977,6
2020-06-11 17:00:00,MH009,13.89,13.951981,6
2020-06-11 18:00:00,MH009,8.98,13.286587,6
2020-06-11 19:00:00,MH009,7.98,12.408398,6
2020-06-11 20:00:00,MH009,7.08,11.7039795,6
2020-06-11 21:00:00,MH009,10.96,11.660023,6
2020-06-11 22:00:00,MH009,8.94,11.234608,6
2020-06-11 23:00:00,MH009,6.06,11.163475,6
2020-06-12 00:00:00,MH009,8.94,11.762726,6
2020-06-12 01:00:00,MH009,6.12,13.470852,6
2020-06-12 02:00:00,MH009,11.94,14.368217,6
2020-06-12 03:00:00,MH009,8.94,14.285049,6
2020-06-12 04:00:00,MH009,6.0,13.568916,6
2020-06-12 05:00:00,MH009,6.25,13.996597,6
2020-06-12 06:00:00,MH009,19.21,16.344856,6
2020-06-12 07:00:00,MH009,28.59,15.705236,6
2020-06-12 08:00:00,MH009,10.04,16.507414,6
2020-06-12 09:00:00,MH009,11.89,16.968016,6
2020-06-12 10:00:00,MH009,7.21,17.353437,6
2020-06-12 11:00:00,MH009,17.02,17.131054,6
2020-06-12 12:00:00,MH009,18.08,17.003353,6
2020-06-12 13:00:00,MH009,21.54,16.858685,6
2020-06-12 14:00:00,MH009,21.54,16.71927,6
2020-06-12 15:00:00,MH009,2.23,16.894878,6
2020-06-12 16:00:00,MH009,15.98,16.796017,6
2020-06-12 17:00:00,MH009,14.95,16.470448,6
2020-06-12 18:00:00,MH009,11.93,16.238829,6
2020-06-12 19:00:00,MH009,6.99,15.686028,6
2020-06-12 20:00:00,MH009,6.11,15.230976,6
2020-06-12 21:00:00,MH009,14.04,14.822014,6
2020-06-12 22:00:00,MH009,17.15,14.88937,6
2020-06-12 23:00:00,MH009,26.86,13.633911,6
2020-06-13 00:00:00,MH009,19.06,14.534765,6
2020-06-13 01:00:00,MH009,22.89,15.68569,6
2020-06-13 02:00:00,MH009,14.97,16.135952,6
2020-06-13 03:00:00,MH009,12.89,15.885178,6
2020-06-13 04:00:00,MH009,6.97,15.445282,6
2020-06-13 05:00:00,MH009,5.05,16.137732,6
2020-06-13 06:00:00,MH009,8.04,17.61392,6
2020-06-13 07:00:00,MH009,10.98,17.505205,6
2020-06-13 08:00:00,MH009,10.25,17.08071,6
2020-06-13 09:00:00,MH009,26.64,16.812105,6
2020-06-13 10:00:00,MH009,7.0,16.961643,6
2020-06-13 11:00:00,MH009,7.06,17.509834,6
2020-06-13 12:00:00,MH009,10.93,17.964985,6
2020-06-13 13:00:00,MH009,5.96,17.412443,6
2020-06-13 14:00:00,MH009,2.98,17.74446,6
2020-06-13 15:00:00,MH009,2.0,17.237915,6
2020-06-13 16:00:00,MH009,2.08,18.138588,6
2020-06-13 17:00:00,MH009,8.0,18.07557,6
2020-06-13 18:00:00,MH009,7.99,17.597084,6
2020-06-13 19:00:00,MH009,6.97,17.59864,6
2020-06-13 20:00:00,MH009,5.0,16.747314,6
2020-06-13 21:00:00,MH009,5.0,16.354734,6
2020-06-13 22:00:00,MH009,5.04,16.577642,6
2020-06-13 23:00:00,MH009,8.07,16.30092,6
2020-06-14 00:00:00,MH009,13.02,15.598581,6
2020-06-14 01:00:00,MH009,14.07,16.069548,6
2020-06-14 02:00:00,MH009,18.93,15.036848,6
2020-06-14 03:00:00,MH009,15.05,15.600279,6
2020-06-14 04:00:00,MH009,17.98,15.113956,6
2020-06-14 05:00:00,MH009,17.0,14.733765,6
2020-06-14 06:00:00,MH009,27.86,17.19027,6
2020-06-14 07:00:00,MH009,19.73,16.559298,6
2020-06-14 08:00:00,MH009,5.0,16.227499,6
2020-06-14 09:00:00,MH009,5.0,16.917076,6
2020-06-14 10:00:00,MH009,9.1,17.197369,6
2020-06-14 11:00:00,MH009,11.98,17.587276,6
2020-06-14 12:00:00,MH009,10.98,17.810766,6
2020-06-14 13:00:00,MH009,10.03,17.36911,6
2020-06-14 14:00:00,MH009,11.91,16.791124,6
2020-06-14 15:00:00,MH009,6.97,16.580034,6
2020-06-14 16:00:00,MH009,5.0,16.16902,6
2020-06-14 17:00:00,MH009,4.95,15.969429,6
2020-06-14 18:00:00,MH009,2.16,15.705584,6
2020-06-14 19:00:00,MH009,10.91,15.146465,6
2020-06-14 20:00:00,MH009,6.0,13.658604,6
2020-06-14 21:00:00,MH009,5.99,12.597427,6
2020-06-14 22:00:00,MH009,5.01,11.685688,6
2020-06-14 23:00:00,MH009,6.0,11.053246,6
2020-06-15 00:00:00,MH009,6.16,10.97496,6
2020-06-15 01:00:00,MH009,16.95,11.517452,6
2020-06-15 02:00:00,MH009,13.28,12.418995,6
2020-06-15 03:00:00,MH009,29.93,13.410358,6
2020-06-15 04:00:00,MH009,24.89,13.893517,6
2020-06-15 05:00:00,MH009,16.87,14.441099,6
2020-06-15 06:00:00,MH009,7.97,17.326456,6
2020-06-15 07:00:00,MH009,6.08,16.698605,6
2020-06-15 08:00:00,MH009,10.91,17.302061,6
2020-06-15 09:00:00,MH009,6.04,16.253075,6
2020-06-15 10:00:00,MH009,8.0,16.304428,6
2020-06-15 11:00:00,MH009,8.18,16.518211,6
2020-06-15 12:00:00,MH009,13.02,16.435946,6
2020-06-15 13:00:00,MH009,13.94,16.615131,6
2020-06-15 14:00:00,MH009,10.07,16.422415,6
2020-06-15 15:00:00,MH009,14.07,15.369825,6
2020-06-15 16:00:00,MH009,17.75,15.80451,6
2020-06-15 17:00:00,MH009,3.97,15.2787285,6
2020-06-15 18:00:00,MH009,1.97,14.388123,6
2020-06-15 19:00:00,MH009,0.36,13.40313,6
2020-06-15 20:00:00,MH009,5.05,12.238434,6
2020-06-15 21:00:00,MH009,8.07,10.87167,6
2020-06-15 22:00:00,MH009,12.96,10.857895,6
2020-06-15 23:00:00,MH009,9.98,10.966259,6
2020-06-16 00:00:00,MH009,9.04,10.82032,6
2020-06-16 01:00:00,MH009,12.03,11.065033,6
2020-06-16 02:00:00,MH009,13.91,11.668079,6
2020-06-16 03:00:00,MH009,9.05,11.204765,6
2020-06-16 04:00:00,MH009,13.0,11.957294,6
2020-06-16 05:00:00,MH009,12.96,10.040333,6
2020-06-16 06:00:00,MH009,10.03,12.454437,6
2020-06-16 07:00:00,MH009,12.14,13.223194,6
2020-06-16 08:00:00,MH009,19.84,12.502754,6
2020-06-16 09:00:00,MH009,10.93,13.49934,6
2020-06-16 10:00:00,MH009,6.96,14.014057,6
2020-06-16 11:00:00,MH009,5.2,13.29443,6
2020-06-16 12:00:00,MH009,15.84,14.050369,6
2020-06-16 13:00:00,MH009,7.04,14.611355,6
2020-06-16 14:00:00,MH009,9.05,14.432407,6
2020-06-16 15:00:00,MH009,11.96,13.020161,6
2020-06-16 16:00:00,MH009,10.0,12.499893,6
2020-06-16 17:00:00,MH009,9.91,11.987854,6
2020-06-16 18:00:00,MH009,4.96,11.343758,6
2020-06-16 19:00:00,MH009,2.17,10.853024,6
2020-06-16 20:00:00,MH009,11.96,10.151417,6
2020-06-16 21:00:00,MH009,9.96,10.222042,6
2020-06-16 22:00:00,MH009,7.97,10.24913,6
2020-06-16 23:00:00,MH009,5.96,9.536243,6
2020-06-17 00:00:00,MH009,3.02,9.779194,6
2020-06-17 01:00:00,MH009,4.05,10.537525,6
2020-06-17 02:00:00,MH009,7.0,11.160633,6
2020-06-17 03:00:00,MH009,7.18,11.725193,6
2020-06-17 04:00:00,MH009,18.88,11.861694,6
2020-06-17 05:00:00,MH009,11.98,12.53175,6
2020-06-17 06:00:00,MH009,11.0,13.664616,6
2020-06-17 07:00:00,MH009,11.02,13.517704,6
2020-06-17 08:00:00,MH009,11.89,14.154491,6
2020-06-17 09:00:00,MH009,5.93,14.618681,6
2020-06-17 10:00:00,MH009,2.03,14.924984,6
2020-06-17 11:00:00,MH009,3.95,15.4157715,6
2020-06-17 12:00:00,MH009,1.0,15.989624,6
2020-06-17 13:00:00,MH009,1.04,15.887249,6
2020-06-17 14:00:00,MH009,4.0,15.616966,6
2020-06-17 15:00:00,MH009,3.98,15.46619,6
2020-06-17 16:00:00,MH009,2.98,15.111061,6
2020-06-17 17:00:00,MH009,2.02,14.772627,6
2020-06-17 18:00:00,MH009,3.03,14.13715,6
2020-06-17 19:00:00,MH009,4.98,13.302406,6
2020-06-17 20:00:00,MH009,4.0,12.189922,6
2020-06-17 21:00:00,MH009,3.96,11.269875,6
2020-06-17 22:00:00,MH009,2.02,10.5501175,6
2020-06-17 23:00:00,MH009,3.0,9.583126,6
2020-06-18 00:00:00,MH009,3.05,8.653503,6
2020-06-18 01:00:00,MH009,6.02,7.949764,6
2020-06-18 02:00:00,MH009,7.09,7.9603457,6
2020-06-18 03:00:00,MH009,12.09,8.302948,6
2020-06-18 04:00:00,MH009,17.84,8.781353,6
2020-06-18 05:00:00,MH009,9.0,9.947304,6
2020-06-18 06:00:00,MH009,9.07,11.893509,6
2020-06-18 07:00:00,MH009,13.98,11.842091,6
2020-06-18 08:00:00,MH009,12.95,12.13216,6
2020-06-18 09:00:00,MH009,10.03,12.025478,6
2020-06-18 10:00:00,MH009,11.96,11.693481,6
2020-06-18 11:00:00,MH009,9.94,10.789364,6
2020-06-18 12:00:00,MH009,6.19,12.152134,6
2020-06-18 13:00:00,MH009,18.72,12.346371,6
2020-06-18 14:00:00,MH009,0.43,12.439777,6
2020-06-18 15:00:00,MH009,6.03,12.427353,6
2020-06-18 16:00:00,MH009,7.98,12.231422,6
2020-06-18 17:00:00,MH009,7.0,12.03186,6
2020-06-18 18:00:00,MH009,6.97,11.799828,6
2020-06-18 19:00:00,MH009,4.93,10.4614525,6
2020-06-18 20:00:00,MH009,1.04,9.827847,6
2020-06-18 21:00:00,MH009,4.25,10.31279,6
2020-06-18 22:00:00,MH009,17.79,10.0392,6
2020-06-18 23:00:00,MH009,6.18,10.403835,6
2020-06-19 00:00:00,MH009,16.18,9.833889,6
2020-06-19 01:00:00,MH009,26.0,10.273983,6
2020-06-19 02:00:00,MH009,26.0,10.293118,6
2020-06-19 03:00:00,MH009,25.95,10.858067,6
2020-06-19 04:00:00,MH009,23.05,12.063484,6
2020-06-19 05:00:00,MH009,26.0,12.081558,6
2020-06-19 06:00:00,MH009,25.93,13.022461,6
2020-06-19 07:00:00,MH009,21.07,13.022526,6
2020-06-19 08:00:00,MH009,24.89,12.967537,6
2020-06-19 09:00:00,MH009,19.05,13.076199,6
2020-06-19 10:00:00,MH009,21.95,13.376343,6
2020-06-19 11:00:00,MH009,19.03,14.003563,6
2020-06-19 12:00:00,MH009,21.05,13.906197,6
2020-06-19 13:00:00,MH009,24.09,14.777185,6
2020-06-19 14:00:00,MH009,29.77,14.458828,6
2020-06-19 15:00:00,MH009,17.02,14.474993,6
2020-06-19 16:00:00,MH009,18.0,14.789038,6
2020-06-19 17:00:00,MH009,18.33,14.668068,6
2020-06-19 18:00:00,MH009,39.48,14.342991,6
2020-06-19 19:00:00,MH009,11.0,13.669197,6
2020-06-19 20:00:00,MH009,10.96,13.104828,6
2020-06-19 21:00:00,MH009,9.02,12.806393,6
2020-06-19 22:00:00,MH009,10.02,12.083206,6
2020-06-19 23:00:00,MH009,10.98,11.596104,6
2020-06-20 00:00:00,MH009,9.98,11.542793,6
2020-06-20 01:00:00,MH009,9.11,12.12347,6
2020-06-20 02:00:00,MH009,14.98,13.00893,6
2020-06-20 03:00:00,MH009,13.98,13.764385,6
2020-06-20 04:00:00,MH009,13.2,14.439869,6
2020-06-20 05:00:00,MH009,23.8,15.69664,6
2020-06-20 06:00:00,MH009,12.12,17.439796,6
2020-06-20 07:00:00,MH009,18.96,17.686666,6
2020-06-20 08:00:00,MH009,17.04,18.019472,6
2020-06-20 09:00:00,MH009,19.0,18.662054,6
2020-06-20 10:00:00,MH009,18.97,18.617342,6
2020-06-20 11:00:00,MH009,17.07,18.8272,6
2020-06-20 12:00:00,MH009,19.02,19.31581,6
2020-06-20 13:00:00,MH009,19.86,18.827713,6
2020-06-20 14:00:00,MH009,12.0,18.8337,6
2020-06-20 15:00:00,MH009,12.07,18.12707,6
2020-06-20 16:00:00,MH009,16.02,17.480032,6
2020-06-20 17:00:00,MH009,16.95,16.892132,6
2020-06-20 18:00:00,MH009,13.91,17.400528,6
2020-06-20 19:00:00,MH009,7.95,15.514109,6
2020-06-20 20:00:00,MH009,5.0,14.293491,6
2020-06-20 21:00:00,MH009,5.0,12.811131,6
2020-06-20 22:00:00,MH009,5.02,12.531479,6
2020-06-20 23:00:00,MH009,5.98,13.012066,6
2020-06-21 00:00:00,MH009,4.98,12.794067,6
2020-06-21 01:00:00,MH009,4.04,13.412773,6
2020-06-21 02:00:00,MH009,6.12,13.960594,6
2020-06-21 03:00:00,MH009,12.93,14.525085,6
2020-06-21 04:00:00,MH009,9.0,14.793329,6
2020-06-21 05:00:00,MH009,9.08,15.124561,6
2020-06-21 06:00:00,MH009,13.91,16.419785,6
2020-06-21 07:00:00,MH009,9.0,16.966,6
2020-06-21 08:00:00,MH009,8.98,15.888884,6
2020-06-21 09:00:00,MH009,7.98,15.922733,6
2020-06-21 10:00:00,MH009,7.16,15.855103,6
2020-06-21 11:00:00,MH009,15.93,16.13328,6
2020-06-21 12:00:00,MH009,11.95,16.28229,6
2020-06-21 13:00:00,MH009,9.07,16.118952,6
2020-06-21 14:00:00,MH009,12.95,15.401773,6
2020-06-21 15:00:00,MH009,10.09,15.184301,6
2020-06-21 16:00:00,MH009,15.93,15.009857,6
2020-06-21 17:00:00,MH009,12.09,14.75535,6
2020-06-21 18:00:00,MH009,17.09,14.4956665,6
2020-06-21 19:00:00,MH009,21.88,13.540939,6
2020-06-21 20:00:00,MH009,15.1,13.025429,6
2020-06-21 21:00:00,MH009,20.93,12.321754,6
2020-06-21 22:00:00,MH009,17.3,11.608341,6
2020-06-21 23:00:00,MH009,33.55,11.416668,6
2020-06-22 00:00:00,MH009,4.25,11.872208,6
2020-06-22 01:00:00,MH009,18.04,11.359161,6
2020-06-22 02:00:00,MH009,19.93,12.502659,6
2020-06-22 03:00:00,MH009,16.27,12.2185135,6
2020-06-22 04:00:00,MH009,28.96,13.3853035,6
2020-06-22 05:00:00,MH009,26.86,13.326984,6
2020-06-22 06:00:00,MH009,19.0,14.954401,6
2020-06-22 07:00:00,MH009,17.88,15.202381,6
2020-06-22 08:00:00,MH009,11.07,15.604609,6
2020-06-22 09:00:00,MH009,15.0,16.013603,6
2020-06-22 10:00:00,MH009,15.0,16.694668,6
2020-06-22 11:00:00,MH009,15.02,17.096209,6
2020-06-22 12:00:00,MH009,16.04,17.63009,6
2020-06-22 13:00:00,MH009,17.89,17.844267,6
2020-06-22 14:00:00,MH009,12.05,18.237553,6
2020-06-22 15:00:00,MH009,14.96,18.046436,6
2020-06-22 16:00:00,MH009,12.98,18.012682,6
2020-06-22 17:00:00,MH009,11.98,17.521713,6
2020-06-22 18:00:00,MH009,11.03,16.624832,6
2020-06-22 19:00:00,MH009,12.93,16.021238,6
2020-06-22 20:00:00,MH009,9.05,15.002827,6
2020-06-22 21:00:00,MH009,11.95,14.404552,6
2020-06-22 22:00:00,MH009,9.0,14.062786,6
2020-06-22 23:00:00,MH009,9.02,13.747978,6
2020-06-23 00:00:00,MH009,10.08,13.834965,6
2020-06-23 01:00:00,MH009,13.88,14.207718,6
2020-06-23 02:00:00,MH009,8.12,15.34325,6
2020-06-23 03:00:00,MH009,15.0,14.729603,6
2020-06-23 04:00:00,MH009,14.91,15.964867,6
2020-06-23 05:00:00,MH009,10.08,16.367071,6
2020-06-23 06:00:00,MH009,13.95,17.017384,6
2020-06-23 07:00:00,MH009,11.02,16.666409,6
2020-06-23 08:00:00,MH009,12.0,16.635944,6
2020-06-23 09:00:00,MH009,11.96,17.225508,6
2020-06-23 10:00:00,MH009,9.95,16.993904,6
2020-06-23 11:00:00,MH009,6.95,17.382559,6
2020-06-23 12:00:00,MH009,4.06,17.452677,6
2020-06-23 13:00:00,MH009,7.0,17.400396,6
2020-06-23 14:00:00,MH009,6.98,16.492743,6
2020-06-23 15:00:00,MH009,6.05,16.412218,6
2020-06-23 16:00:00,MH009,9.03,16.060776,6
2020-06-23 17:00:00,MH009,10.93,15.718285,6
2020-06-23 18:00:00,MH009,7.0,15.007345,6
2020-06-23 19:00:00,MH009,7.0,14.473896,6
2020-06-23 20:00:00,MH009,6.98,13.972515,6
2020-06-23 21:00:00,MH009,6.22,13.837421,6
2020-06-23 22:00:00,MH009,18.92,13.397236,6
2020-06-23 23:00:00,MH009,14.96,13.579842,6
2020-06-24 00:00:00,MH009,12.05,13.349628,6
2020-06-24 01:00:00,MH009,15.05,13.869652,6
2020-06-24 02:00:00,MH009,17.89,13.832027,6
2020-06-24 03:00:00,MH009,12.05,14.171101,6
2020-06-24 04:00:00,MH009,14.91,13.763142,6
2020-06-24 05:00:00,MH009,9.98,14.04744,6
2020-06-24 06:00:00,MH009,9.02,15.918186,6
2020-06-24 07:00:00,MH009,9.95,15.242718,6
2020-06-24 08:00:00,MH009,7.09,15.454615,6
2020-06-24 09:00:00,MH009,12.02,15.686956,6
2020-06-24 10:00:00,MH009,12.92,16.029457,6
2020-06-24 11:00:00,MH009,7.93,16.320242,6
2020-06-24 12:00:00,MH009,4.04,16.529118,6
2020-06-24 13:00:00,MH009,6.07,16.758907,6
2020-06-24 14:00:00,MH009,9.95,16.617605,6
2020-06-24 15:00:00,MH009,6.98,16.354656,6
2020-06-24 16:00:00,MH009,6.06,16.101854,6
2020-06-24 17:00:00,MH009,8.95,15.700094,6
2020-06-24 18:00:00,MH009,6.09,14.712791,6
2020-06-24 19:00:00,MH009,10.95,14.105904,6
2020-06-24 20:00:00,MH009,8.11,13.298492,6
2020-06-24 21:00:00,MH009,12.94,12.68697,6
2020-06-24 22:00:00,MH009,9.96,12.545464,6
2020-06-24 23:00:00,MH009,8.02,12.613514,6
2020-06-25 00:00:00,MH009,9.0,12.974682,6
2020-06-25 01:00:00,MH009,9.0,13.322086,6
2020-06-25 02:00:00,MH009,9.12,14.116314,6
2020-06-25 03:00:00,MH009,15.95,14.637825,6
2020-06-25 04:00:00,MH009,13.09,15.057062,6
2020-06-25 05:00:00,MH009,18.0,15.421852,6
2020-06-25 06:00:00,MH009,18.07,15.227394,6
2020-06-25 07:00:00,MH009,22.08,13.447136,6
2020-06-25 08:00:00,MH009,27.0,14.083611,6
2020-06-25 09:00:00,MH009,26.98,14.198433,6
2020-06-25 10:00:00,MH009,26.43,14.586113,6
2020-06-25 11:00:00,MH009,49.55,14.644487,6
2020-06-25 12:00:00,MH009,24.86,15.156519,6
2020-06-25 13:00:00,MH009,17.04,14.355183,6
2020-06-25 14:00:00,MH009,19.0,15.042852,6
2020-06-25 15:00:00,MH009,18.94,14.772205,6
2020-06-25 16:00:00,MH009,16.02,14.278069,6
2020-06-25 17:00:00,MH009,16.93,13.556179,6
2020-06-25 18:00:00,MH009,13.04,12.768974,6
2020-06-25 19:00:00,MH009,15.0,12.313442,6
2020-06-25 20:00:00,MH009,14.83,11.816677,6
2020-06-25 21:00:00,MH009,7.05,11.357922,6
2020-06-25 22:00:00,MH009,10.18,10.663147,6
2020-06-25 23:00:00,MH009,19.88,11.178226,6
2020-06-26 00:00:00,MH009,12.95,12.387947,6
2020-06-26 01:00:00,MH009,9.98,13.334591,6
2020-06-26 02:00:00,MH009,9.25,15.171011,6
2020-06-26 03:00:00,MH009,21.02,16.353685,6
2020-06-26 04:00:00,MH009,22.09,16.401703,6
2020-06-26 05:00:00,MH009,27.2,16.999496,6
2020-06-26 06:00:00,MH009,38.07,17.118809,6
2020-06-26 07:00:00,MH009,41.64,16.888035,6
2020-06-26 08:00:00,MH009,22.11,16.751926,6
2020-06-26 09:00:00,MH009,26.75,17.3803,6
2020-06-26 10:00:00,MH009,13.32,17.723705,6
2020-06-26 11:00:00,MH009,30.79,18.014086,6
2020-06-26 12:00:00,MH009,21.25,18.187033,6
2020-06-26 13:00:00,MH009,80.05,17.473919,6
2020-06-26 14:00:00,MH009,81.86,17.420795,6
2020-06-26 15:00:00,MH009,18.89,17.671757,6
2020-06-26 16:00:00,MH009,14.07,18.158028,6
2020-06-26 17:00:00,MH009,18.05,17.241629,6
2020-06-26 18:00:00,MH009,20.95,16.656874,6
2020-06-26 19:00:00,MH009,18.12,16.196655,6
2020-06-26 20:00:00,MH009,24.92,14.936413,6
2020-06-26 21:00:00,MH009,20.86,14.137508,6
2020-06-26 22:00:00,MH009,13.98,14.15345,6
2020-06-26 23:00:00,MH009,13.38,13.628757,6
2020-06-27 00:00:00,MH009,30.79,14.597427,6
2020-06-27 01:00:00,MH009,21.17,16.817997,6
2020-06-27 02:00:00,MH009,28.71,18.5168,6
2020-06-27 03:00:00,MH009,15.18,19.268995,6
2020-06-27 04:00:00,MH009,25.46,19.633183,6
2020-06-27 05:00:00,MH009,46.95,22.119154,6
2020-06-27 06:00:00,MH009,43.75,22.235355,6
2020-06-27 07:00:00,MH009,32.5,22.53901,6
2020-06-27 08:00:00,MH009,45.78,22.1776,6
2020-06-27 09:00:00,MH009,34.3,20.994331,6
2020-06-27 10:00:00,MH009,50.82,20.39825,6
2020-06-27 11:00:00,MH009,41.0,21.714514,6
2020-06-27 12:00:00,MH009,40.75,21.412416,6
2020-06-27 13:00:00,MH009,28.81,23.186178,6
2020-06-27 14:00:00,MH009,20.05,24.808804,6
2020-06-27 15:00:00,MH009,22.93,23.686779,6
2020-06-27 16:00:00,MH009,18.93,22.926714,6
2020-06-27 17:00:00,MH009,15.04,22.607033,6
2020-06-27 18:00:00,MH009,17.0,22.000679,6
2020-06-27 19:00:00,MH009,16.86,20.82869,6
2020-06-27 20:00:00,MH009,9.06,20.113152,6
2020-06-27 21:00:00,MH009,11.92,19.554506,6
2020-06-27 22:00:00,MH009,8.08,18.933388,6
2020-06-27 23:00:00,MH009,12.04,19.656582,6
2020-06-28 00:00:00,MH009,13.96,21.40472,6
2020-06-28 01:00:00,MH009,12.29,22.141521,6
2020-06-28 02:00:00,MH009,27.73,23.160763,6
2020-06-28 03:00:00,MH009,12.95,23.744528,6
2020-06-28 04:00:00,MH009,10.16,22.02388,6
2020-06-28 05:00:00,MH009,19.43,23.548958,6
2020-06-28 06:00:00,MH009,41.14,24.114206,6
2020-06-28 07:00:00,MH009,48.0,23.43266,6
2020-06-28 08:00:00,MH009,64.19,23.232914,6
2020-06-28 09:00:00,MH009,26.25,23.39627,6
2020-06-28 10:00:00,MH009,41.09,23.693367,6
2020-06-28 11:00:00,MH009,45.56,23.861446,6
2020-06-28 12:00:00,MH009,25.0,23.439745,6
2020-06-28 13:00:00,MH009,24.67,22.160583,6
2020-06-28 14:00:00,MH009,9.14,21.158375,6
2020-06-28 15:00:00,MH009,16.87,20.7407,6
2020-06-28 16:00:00,MH009,9.04,19.687857,6
2020-06-28 17:00:00,MH009,11.06,20.07873,6
2020-06-28 18:00:00,MH009,14.0,18.921455,6
2020-06-28 19:00:00,MH009,14.15,17.909046,6
2020-06-28 20:00:00,MH009,22.77,15.81926,6
2020-06-28 21:00:00,MH009,12.17,14.741329,6
2020-06-28 22:00:00,MH009,21.84,13.288944,6
2020-06-28 23:00:00,MH009,12.9,13.539272,6
2020-06-29 00:00:00,MH009,8.04,13.293121,6
2020-06-29 01:00:00,MH009,9.97,15.279604,6
2020-06-29 02:00:00,MH009,7.95,17.23662,6
2020-06-29 03:00:00,MH009,5.04,17.542412,6
2020-06-29 04:00:00,MH009,7.18,18.617767,6
2020-06-29 05:00:00,MH009,18.38,17.893991,6
2020-06-29 06:00:00,MH009,33.64,19.451138,6
2020-06-29 07:00:00,MH009,14.38,19.37386,6
2020-06-29 08:00:00,MH009,34.64,19.450401,6
2020-06-29 09:00:00,MH009,18.21,19.830585,6
2020-06-29 10:00:00,MH009,29.59,19.870308,6
2020-06-29 11:00:00,MH009,13.05,20.023853,6
2020-06-29 12:00:00,MH009,15.85,19.198776,6
2020-06-29 13:00:00,MH009,8.98,18.917435,6
2020-06-29 14:00:00,MH009,7.98,18.355267,6
2020-06-29 15:00:00,MH009,7.08,17.535013,6
2020-06-29 16:00:00,MH009,11.04,16.81008,6
2020-06-29 17:00:00,MH009,12.89,16.434942,6
2020-06-29 18:00:00,MH009,7.91,16.780281,6
2020-06-29 19:00:00,MH009,2.94,15.344919,6
2020-06-29 20:00:00,MH009,2.94,14.54443,6
2020-06-29 21:00:00,MH009,2.94,13.890202,6
2020-06-29 22:00:00,MH009,2.94,13.361122,6
2020-06-30 00:00:00,MH009,0.14,11.948402,6
2020-06-30 01:00:00,MH009,1.98,14.314911,6
2020-06-30 02:00:00,MH009,1.0,14.812103,6
2020-06-30 03:00:00,MH009,1.02,14.554426,6
2020-06-30 04:00:00,MH009,2.0,15.317331,6
2020-06-30 05:00:00,MH009,2.04,14.873983,6
2020-06-30 06:00:00,MH009,4.19,15.684973,6
2020-06-30 07:00:00,MH009,12.93,15.260418,6
2020-06-30 08:00:00,MH009,8.95,15.585426,6
2020-06-30 09:00:00,MH009,6.02,15.935278,6
2020-06-30 10:00:00,MH009,6.95,15.93268,6
2020-05-04 08:00:00,MH010,11.33,25.259602,6
2020-05-04 09:00:00,MH010,14.0,19.533037,6
2020-05-04 10:00:00,MH010,10.0,16.177937,6
2020-05-04 11:00:00,MH010,16.42,14.245743,6
2020-05-04 12:00:00,MH010,12.43,13.899841,6
2020-05-04 13:00:00,MH010,11.09,13.521866,6
2020-05-04 14:00:00,MH010,11.66,16.705252,6
2020-05-04 15:00:00,MH010,13.66,17.817417,6
2020-05-04 16:00:00,MH010,9.0,18.12043,6
2020-05-04 17:00:00,MH010,7.08,18.462234,6
2020-05-04 18:00:00,MH010,7.0,19.04628,6
2020-05-04 19:00:00,MH010,14.31,19.420284,6
2020-05-04 20:00:00,MH010,12.26,19.769573,6
2020-05-04 21:00:00,MH010,12.26,19.976404,6
2020-05-04 22:00:00,MH010,6.0,20.249367,6
2020-05-04 23:00:00,MH010,3.25,20.539785,6
2020-05-05 00:00:00,MH010,3.92,20.545038,6
2020-05-05 01:00:00,MH010,9.5,20.036112,6
2020-05-05 02:00:00,MH010,10.91,19.86421,6
2020-05-05 03:00:00,MH010,15.0,19.874043,6
2020-05-05 04:00:00,MH010,14.09,20.082287,6
2020-05-05 05:00:00,MH010,13.08,20.565529,6
2020-05-05 06:00:00,MH010,9.33,19.782911,6
2020-05-05 07:00:00,MH010,9.0,18.774622,6
2020-05-05 08:00:00,MH010,9.0,18.280336,6
2020-05-05 09:00:00,MH010,10.83,18.178812,6
2020-05-05 10:00:00,MH010,7.33,18.277851,6
2020-05-05 11:00:00,MH010,7.0,17.79815,6
2020-05-05 12:00:00,MH010,7.92,18.481295,6
2020-05-05 13:00:00,MH010,9.83,17.999594,6
2020-05-05 14:00:00,MH010,10.91,21.24723,6
2020-05-05 15:00:00,MH010,14.0,21.229973,6
2020-05-05 16:00:00,MH010,14.0,20.779263,6
2020-05-05 17:00:00,MH010,14.0,20.51142,6
2020-05-05 18:00:00,MH010,15.0,20.402283,6
2020-05-05 19:00:00,MH010,14.09,20.355776,6
2020-05-05 20:00:00,MH010,9.43,20.129808,6
2020-05-05 21:00:00,MH010,6.26,19.865551,6
2020-05-05 22:00:00,MH010,8.74,19.804695,6
2020-05-05 23:00:00,MH010,5.34,19.56567,6
2020-05-06 00:00:00,MH010,1.34,19.468683,6
2020-05-06 01:00:00,MH010,2.83,19.265074,6
2020-05-06 02:00:00,MH010,3.92,19.460176,6
2020-05-06 03:00:00,MH010,3.08,20.034983,6
2020-05-06 04:00:00,MH010,9.42,20.372864,6
2020-05-06 05:00:00,MH010,9.42,20.202936,6
2020-05-06 06:00:00,MH010,14.83,19.985638,6
2020-05-06 07:00:00,MH010,15.0,16.93986,6
2020-05-06 08:00:00,MH010,15.91,17.494614,6
2020-05-06 09:00:00,MH010,7.75,17.48633,6
2020-05-06 10:00:00,MH010,10.31,17.825033,6
2020-05-06 11:00:00,MH010,13.0,18.160004,6
2020-05-06 12:00:00,MH010,9.42,18.42422,6
2020-05-06 13:00:00,MH010,15.4,18.550833,6
2020-05-06 14:00:00,MH010,11.43,19.171858,6
2020-05-06 15:00:00,MH010,15.58,19.66772,6
2020-05-06 16:00:00,MH010,18.75,19.813477,6
2020-05-06 17:00:00,MH010,14.42,19.525093,6
2020-05-06 18:00:00,MH010,18.57,19.218855,6
2020-05-06 19:00:00,MH010,7.0,19.184538,6
2020-05-06 20:00:00,MH010,7.0,18.73527,6
2020-05-06 21:00:00,MH010,7.0,18.260721,6
2020-05-06 22:00:00,MH010,5.17,18.308308,6
2020-05-06 23:00:00,MH010,5.0,18.306767,6
2020-05-07 00:00:00,MH010,6.83,18.107302,6
2020-05-07 01:00:00,MH010,8.83,18.127583,6
2020-05-07 02:00:00,MH010,6.25,18.26781,6
2020-05-07 03:00:00,MH010,4.17,17.698893,6
2020-05-07 04:00:00,MH010,7.67,17.40794,6
2020-05-07 05:00:00,MH010,7.67,17.35654,6
2020-05-07 06:00:00,MH010,18.0,17.177324,6
2020-05-07 07:00:00,MH010,17.34,17.275524,6
2020-05-07 08:00:00,MH010,15.17,17.390121,6
2020-05-07 09:00:00,MH010,11.0,15.248192,6
2020-05-07 10:00:00,MH010,8.0,16.743874,6
2020-05-07 11:00:00,MH010,8.0,17.421082,6
2020-05-07 12:00:00,MH010,6.17,18.253632,6
2020-05-07 13:00:00,MH010,12.0,18.429491,6
2020-05-07 14:00:00,MH010,12.0,19.337772,6
2020-05-07 15:00:00,MH010,12.0,20.193247,6
2020-05-07 16:00:00,MH010,12.91,20.223627,6
2020-05-07 17:00:00,MH010,13.83,19.78097,6
2020-05-07 18:00:00,MH010,13.17,19.421278,6
2020-05-07 19:00:00,MH010,15.48,19.1156,6
2020-05-07 20:00:00,MH010,10.52,18.547487,6
2020-05-07 21:00:00,MH010,16.4,18.085669,6
2020-05-07 22:00:00,MH010,11.52,17.672256,6
2020-05-07 23:00:00,MH010,11.91,17.563074,6
2020-05-08 00:00:00,MH010,10.17,17.4256,6
2020-05-08 01:00:00,MH010,10.0,17.11161,6
2020-05-08 02:00:00,MH010,11.83,17.028408,6
2020-05-08 03:00:00,MH010,10.17,18.024958,6
2020-05-08 04:00:00,MH010,10.0,18.836637,6
2020-05-08 05:00:00,MH010,14.0,19.323212,6
2020-05-08 06:00:00,MH010,17.67,18.582426,6
2020-05-08 07:00:00,MH010,15.52,17.90728,6
2020-05-08 08:00:00,MH010,17.73,17.717085,6
2020-05-08 09:00:00,MH010,11.58,15.778212,6
2020-05-08 10:00:00,MH010,10.17,16.350016,6
2020-05-08 11:00:00,MH010,11.66,17.640354,6
2020-05-08 12:00:00,MH010,14.0,17.07234,6
2020-05-08 13:00:00,MH010,11.35,18.953367,6
2020-05-08 14:00:00,MH010,11.0,18.705605,6
2020-05-08 15:00:00,MH010,12.83,20.327055,6
2020-05-08 16:00:00,MH010,12.08,20.219625,6
2020-05-08 17:00:00,MH010,12.91,19.56207,6
2020-05-08 18:00:00,MH010,10.0,18.717388,6
2020-05-08 19:00:00,MH010,11.0,18.268276,6
2020-05-08 20:00:00,MH010,8.0,17.769312,6
2020-05-08 21:00:00,MH010,6.17,17.316395,6
2020-05-08 22:00:00,MH010,7.65,16.541536,6
2020-05-08 23:00:00,MH010,7.08,16.421206,6
2020-05-09 00:00:00,MH010,4.26,17.227371,6
2020-05-09 01:00:00,MH010,4.0,18.33959,6
2020-05-09 02:00:00,MH010,7.66,18.986622,6
2020-05-09 03:00:00,MH010,8.91,20.601646,6
2020-05-09 04:00:00,MH010,13.57,22.248869,6
2020-05-09 05:00:00,MH010,13.09,23.808626,6
2020-05-09 06:00:00,MH010,19.42,23.338177,6
2020-05-09 07:00:00,MH010,15.43,22.27324,6
2020-05-09 08:00:00,MH010,16.83,21.102726,6
2020-05-09 09:00:00,MH010,15.17,20.683544,6
2020-05-09 10:00:00,MH010,16.83,16.581175,6
2020-05-09 11:00:00,MH010,12.86,14.459253,6
2020-05-09 12:00:00,MH010,10.17,14.4319,6
2020-05-09 13:00:00,MH010,7.26,14.474575,6
2020-05-09 14:00:00,MH010,13.42,15.089849,6
2020-05-09 15:00:00,MH010,20.4,15.835159,6
2020-05-09 16:00:00,MH010,21.0,16.049637,6
2020-05-09 17:00:00,MH010,14.58,15.6956215,6
2020-05-09 18:00:00,MH010,18.57,15.414377,6
2020-05-09 19:00:00,MH010,16.26,15.03248,6
2020-05-09 20:00:00,MH010,9.58,14.638947,6
2020-05-09 21:00:00,MH010,7.17,14.5072975,6
2020-05-09 22:00:00,MH010,6.08,15.077204,6
2020-05-09 23:00:00,MH010,7.83,15.957258,6
2020-05-10 00:00:00,MH010,7.09,16.757668,6
2020-05-10 01:00:00,MH010,13.4,18.23703,6
2020-05-10 02:00:00,MH010,10.35,20.244864,6
2020-05-10 03:00:00,MH010,11.0,22.626587,6
2020-05-10 04:00:00,MH010,9.17,25.153656,6
2020-05-10 05:00:00,MH010,12.67,26.397877,6
2020-05-10 06:00:00,MH010,13.92,29.115913,6
2020-05-10 07:00:00,MH010,16.74,25.008398,6
2020-05-10 08:00:00,MH010,17.0,21.849117,6
2020-05-10 09:00:00,MH010,7.86,17.742472,6
2020-05-10 10:00:00,MH010,10.65,16.762777,6
2020-05-10 11:00:00,MH010,10.09,16.255184,6
2020-05-10 12:00:00,MH010,13.0,16.425457,6
2020-05-10 13:00:00,MH010,15.74,15.689333,6
2020-05-10 14:00:00,MH010,7.78,15.876314,6
2020-05-10 15:00:00,MH010,11.57,16.117733,6
2020-05-10 16:00:00,MH010,17.0,16.234781,6
2020-05-10 17:00:00,MH010,14.26,16.163715,6
2020-05-10 18:00:00,MH010,12.0,16.27895,6
2020-05-10 19:00:00,MH010,14.65,15.684311,6
2020-05-10 20:00:00,MH010,16.83,15.307928,6
2020-05-10 21:00:00,MH010,17.0,15.318258,6
2020-05-10 22:00:00,MH010,8.78,15.44939,6
2020-05-10 23:00:00,MH010,8.0,15.781937,6
2020-05-11 00:00:00,MH010,13.48,16.156313,6
2020-05-11 01:00:00,MH010,10.35,18.466558,6
2020-05-11 02:00:00,MH010,15.5,21.774483,6
2020-05-11 03:00:00,MH010,18.67,25.207195,6
2020-05-11 04:00:00,MH010,19.08,28.246605,6
2020-05-11 05:00:00,MH010,21.74,29.542038,6
2020-05-11 06:00:00,MH010,21.08,23.758926,6
2020-05-11 07:00:00,MH010,21.91,20.53264,6
2020-05-11 08:00:00,MH010,17.42,17.398039,6
2020-05-11 09:00:00,MH010,16.09,16.444908,6
2020-05-11 10:00:00,MH010,16.92,18.735088,6
2020-05-11 11:00:00,MH010,15.17,16.698895,6
2020-05-11 12:00:00,MH010,13.17,19.74713,6
2020-05-11 13:00:00,MH010,12.09,17.172022,6
2020-05-11 14:00:00,MH010,17.5,17.01867,6
2020-05-11 15:00:00,MH010,15.25,21.049744,6
2020-05-11 16:00:00,MH010,15.91,21.360899,6
2020-05-11 17:00:00,MH010,16.0,21.248228,6
2020-05-11 18:00:00,MH010,9.6,21.370697,6
2020-05-11 19:00:00,MH010,9.91,21.7295,6
2020-05-11 20:00:00,MH010,10.0,21.932049,6
2020-05-11 21:00:00,MH010,12.75,21.806875,6
2020-05-11 22:00:00,MH010,8.4,21.642548,6
2020-05-11 23:00:00,MH010,6.17,21.257704,6
2020-05-12 00:00:00,MH010,6.0,21.063162,6
2020-05-12 01:00:00,MH010,6.92,21.098267,6
2020-05-12 02:00:00,MH010,7.92,21.470955,6
2020-05-12 03:00:00,MH010,17.14,21.911354,6
2020-05-12 04:00:00,MH010,8.83,22.620188,6
2020-05-12 05:00:00,MH010,8.0,21.185371,6
2020-05-12 06:00:00,MH010,14.42,21.315258,6
2020-05-12 07:00:00,MH010,20.48,19.6548,6
2020-05-12 08:00:00,MH010,13.79,18.58932,6
2020-05-12 09:00:00,MH010,11.17,18.065918,6
2020-05-12 10:00:00,MH010,13.75,17.937712,6
2020-05-12 11:00:00,MH010,13.08,17.97752,6
2020-05-12 12:00:00,MH010,11.17,18.464188,6
2020-05-12 13:00:00,MH010,11.0,18.204863,6
2020-05-12 14:00:00,MH010,19.23,17.72342,6
2020-05-12 15:00:00,MH010,17.26,18.475471,6
2020-05-12 16:00:00,MH010,11.52,20.47928,6
2020-05-12 17:00:00,MH010,15.57,20.682444,6
2020-05-12 18:00:00,MH010,12.35,20.58341,6
2020-05-12 19:00:00,MH010,12.92,20.775803,6
2020-05-12 20:00:00,MH010,9.33,20.453257,6
2020-05-12 21:00:00,MH010,7.17,20.092018,6
2020-05-12 22:00:00,MH010,12.48,19.721243,6
2020-05-12 23:00:00,MH010,11.17,19.299252,6
2020-05-13 00:00:00,MH010,8.26,18.914349,6
2020-05-13 01:00:00,MH010,6.17,18.836624,6
2020-05-13 02:00:00,MH010,11.48,19.300602,6
2020-05-13 03:00:00,MH010,13.83,20.447258,6
2020-05-13 04:00:00,MH010,14.91,20.559248,6
2020-05-13 05:00:00,MH010,14.09,20.332758,6
2020-05-13 06:00:00,MH010,16.74,19.586246,6
2020-05-13 07:00:00,MH010,17.91,18.764013,6
2020-05-13 08:00:00,MH010,14.35,16.98439,6
2020-05-13 09:00:00,MH010,13.09,17.848755,6
2020-05-13 10:00:00,MH010,11.17,18.382204,6
2020-05-13 11:00:00,MH010,9.17,18.423012,6
2020-05-13 12:00:00,MH010,7.17,19.150816,6
2020-05-13 13:00:00,MH010,8.83,19.365314,6
2020-05-13 14:00:00,MH010,11.75,19.98182,6
2020-05-13 15:00:00,MH010,15.65,21.974659,6
2020-05-13 16:00:00,MH010,14.17,22.5413,6
2020-05-13 17:00:00,MH010,17.67,21.57899,6
2020-05-13 18:00:00,MH010,18.91,20.883097,6
2020-05-13 19:00:00,MH010,9.83,20.428244,6
2020-05-13 20:00:00,MH010,7.17,19.825096,6
2020-05-13 21:00:00,MH010,11.0,19.186523,6
2020-05-13 22:00:00,MH010,10.0,18.58408,6
2020-05-13 23:00:00,MH010,9.09,18.018826,6
2020-05-14 00:00:00,MH010,10.83,17.794846,6
2020-05-14 01:00:00,MH010,11.0,17.490612,6
2020-05-14 02:00:00,MH010,10.08,17.660545,6
2020-05-14 03:00:00,MH010,12.74,18.564589,6
2020-05-14 04:00:00,MH010,17.57,19.339094,6
2020-05-14 05:00:00,MH010,12.5,19.721237,6
2020-05-14 06:00:00,MH010,17.48,19.375639,6
2020-05-14 07:00:00,MH010,19.83,16.365303,6
2020-05-14 08:00:00,MH010,13.58,15.82197,6
2020-05-14 09:00:00,MH010,9.35,15.691788,6
2020-05-14 10:00:00,MH010,16.0,16.416945,6
2020-05-14 11:00:00,MH010,9.0,15.883848,6
2020-05-14 12:00:00,MH010,15.42,16.439293,6
2020-05-14 13:00:00,MH010,15.17,16.146944,6
2020-05-14 14:00:00,MH010,13.17,19.35867,6
2020-05-14 15:00:00,MH010,16.66,19.531181,6
2020-05-14 16:00:00,MH010,22.5,19.728321,6
2020-05-14 17:00:00,MH010,23.0,19.42598,6
2020-05-14 18:00:00,MH010,19.34,18.934015,6
2020-05-14 19:00:00,MH010,17.17,18.745678,6
2020-05-14 20:00:00,MH010,10.6,18.216278,6
2020-05-14 21:00:00,MH010,21.0,17.639656,6
2020-05-14 22:00:00,MH010,12.0,17.409391,6
2020-05-14 23:00:00,MH010,8.33,17.277369,6
2020-05-15 00:00:00,MH010,6.17,17.251543,6
2020-05-15 01:00:00,MH010,10.57,17.703135,6
2020-05-15 02:00:00,MH010,20.18,18.192589,6
2020-05-15 03:00:00,MH010,10.0,19.48576,6
2020-05-15 04:00:00,MH010,11.97,21.083475,6
2020-05-15 05:00:00,MH010,25.0,21.928263,6
2020-05-15 06:00:00,MH010,22.26,21.097889,6
2020-05-15 07:00:00,MH010,15.6,20.380304,6
2020-05-15 08:00:00,MH010,15.0,19.470238,6
2020-05-15 09:00:00,MH010,9.52,19.33772,6
2020-05-15 10:00:00,MH010,13.55,20.289446,6
2020-05-15 11:00:00,MH010,16.46,21.163687,6
2020-05-15 12:00:00,MH010,11.52,18.342218,6
2020-05-15 13:00:00,MH010,17.62,18.639929,6
2020-05-15 14:00:00,MH010,23.96,19.84458,6
2020-05-15 15:00:00,MH010,16.77,22.949219,6
2020-05-15 16:00:00,MH010,18.74,22.07207,6
2020-05-15 17:00:00,MH010,19.91,21.369337,6
2020-05-15 18:00:00,MH010,34.62,21.219526,6
2020-05-15 19:00:00,MH010,27.8,20.947712,6
2020-05-15 20:00:00,MH010,12.42,20.435946,6
2020-05-15 21:00:00,MH010,5.53,20.216671,6
2020-05-15 22:00:00,MH010,5.0,19.60553,6
2020-05-15 23:00:00,MH010,4.08,18.358736,6
2020-05-16 00:00:00,MH010,6.74,18.312143,6
2020-05-16 01:00:00,MH010,6.08,18.509628,6
2020-05-16 02:00:00,MH010,16.93,19.777403,6
2020-05-16 03:00:00,MH010,7.03,20.846754,6
2020-05-16 04:00:00,MH010,15.0,22.895718,6
2020-05-16 05:00:00,MH010,20.48,25.28936,6
2020-05-16 06:00:00,MH010,25.57,26.37771,6
2020-05-16 07:00:00,MH010,33.29,26.094454,6
2020-05-16 08:00:00,MH010,42.2,25.433592,6
2020-05-16 09:00:00,MH010,51.23,24.82779,6
2020-05-16 10:00:00,MH010,50.18,24.451769,6
2020-05-16 11:00:00,MH010,40.89,21.672411,6
2020-05-16 12:00:00,MH010,40.0,22.05578,6
2020-05-16 13:00:00,MH010,47.31,23.552704,6
2020-05-16 14:00:00,MH010,40.71,24.087898,6
2020-05-16 15:00:00,MH010,47.29,24.13429,6
2020-05-16 16:00:00,MH010,39.8,23.54198,6
2020-05-16 17:00:00,MH010,40.82,23.13107,6
2020-05-16 18:00:00,MH010,33.69,22.458616,6
2020-05-16 19:00:00,MH010,32.09,22.19842,6
2020-05-16 20:00:00,MH010,32.91,21.701479,6
2020-05-16 21:00:00,MH010,33.0,21.468733,6
2020-05-16 22:00:00,MH010,37.57,22.145975,6
2020-05-16 23:00:00,MH010,38.91,23.264498,6
2020-05-17 00:00:00,MH010,33.53,25.336924,6
2020-05-17 01:00:00,MH010,38.48,25.766037,6
2020-05-17 02:00:00,MH010,34.45,26.21678,6
2020-05-17 03:00:00,MH010,35.83,26.43328,6
2020-05-17 04:00:00,MH010,32.36,28.10344,6
2020-05-17 05:00:00,MH010,38.42,29.934702,6
2020-05-17 06:00:00,MH010,35.36,30.237923,6
2020-05-17 07:00:00,MH010,32.26,30.318766,6
2020-05-17 08:00:00,MH010,31.09,30.030865,6
2020-05-17 09:00:00,MH010,30.09,31.577694,6
2020-05-17 10:00:00,MH010,21.8,32.14486,6
2020-05-17 11:00:00,MH010,27.4,28.99968,6
2020-05-17 12:00:00,MH010,27.09,27.51592,6
2020-05-17 13:00:00,MH010,27.91,27.68714,6
2020-05-17 14:00:00,MH010,28.0,28.546026,6
2020-05-17 15:00:00,MH010,30.74,28.654064,6
2020-05-17 16:00:00,MH010,28.26,28.556913,6
2020-05-17 17:00:00,MH010,24.36,28.411367,6
2020-05-17 18:00:00,MH010,21.26,26.881836,6
2020-05-17 19:00:00,MH010,21.91,25.32863,6
2020-05-17 20:00:00,MH010,20.69,24.055523,6
2020-05-17 21:00:00,MH010,20.69,23.05513,6
2020-05-17 22:00:00,MH010,22.17,23.113474,6
2020-05-17 23:00:00,MH010,21.09,22.975866,6
2020-05-18 00:00:00,MH010,21.91,23.072859,6
2020-05-18 01:00:00,MH010,17.43,23.362236,6
2020-05-18 02:00:00,MH010,17.91,24.62646,6
2020-05-18 03:00:00,MH010,18.0,25.348312,6
2020-05-18 04:00:00,MH010,21.64,26.78126,6
2020-05-18 05:00:00,MH010,24.74,29.397919,6
2020-05-18 06:00:00,MH010,20.45,29.59528,6
2020-05-18 07:00:00,MH010,20.91,28.183722,6
2020-05-18 08:00:00,MH010,22.82,27.5777,6
2020-05-18 09:00:00,MH010,20.27,27.521173,6
2020-05-18 10:00:00,MH010,19.09,27.180788,6
2020-05-18 11:00:00,MH010,18.09,26.598415,6
2020-05-18 12:00:00,MH010,19.82,25.981703,6
2020-05-18 13:00:00,MH010,20.91,25.474836,6
2020-05-18 14:00:00,MH010,21.91,25.3638,6
2020-05-18 15:00:00,MH010,17.45,25.506468,6
2020-05-18 16:00:00,MH010,18.82,25.512257,6
2020-05-18 17:00:00,MH010,17.07,25.247898,6
2020-05-18 18:00:00,MH010,10.0,24.590204,6
2020-05-18 19:00:00,MH010,10.91,24.105846,6
2020-05-18 20:00:00,MH010,11.91,23.539171,6
2020-05-18 21:00:00,MH010,12.0,23.286964,6
2020-05-18 22:00:00,MH010,14.46,23.443428,6
2020-05-18 23:00:00,MH010,14.09,23.928858,6
2020-05-19 00:00:00,MH010,14.0,24.189299,6
2020-05-19 01:00:00,MH010,14.0,24.347176,6
2020-05-19 02:00:00,MH010,11.26,24.510218,6
2020-05-19 03:00:00,MH010,20.14,24.600313,6
2020-05-19 04:00:00,MH010,12.78,24.464203,6
2020-05-19 05:00:00,MH010,18.38,24.58006,6
2020-05-19 06:00:00,MH010,12.6,25.691113,6
2020-05-19 07:00:00,MH010,12.91,25.688951,6
2020-05-19 08:00:00,MH010,12.09,25.882635,6
2020-05-19 09:00:00,MH010,12.0,25.732798,6
2020-05-19 10:00:00,MH010,9.54,26.019505,6
2020-05-19 11:00:00,MH010,10.83,25.813797,6
2020-05-19 12:00:00,MH010,9.17,26.01716,6
2020-05-19 13:00:00,MH010,11.75,26.302732,6
2020-05-19 14:00:00,MH010,12.91,26.52572,6
2020-05-19 15:00:00,MH010,15.74,26.658356,6
2020-05-19 16:00:00,MH010,16.91,26.771332,6
2020-05-19 17:00:00,MH010,14.26,26.694344,6
2020-05-19 18:00:00,MH010,14.91,26.439936,6
2020-05-19 19:00:00,MH010,17.73,25.807432,6
2020-05-19 20:00:00,MH010,11.6,25.30989,6
2020-05-19 21:00:00,MH010,8.26,24.992403,6
2020-05-19 22:00:00,MH010,6.17,24.356403,6
2020-05-19 23:00:00,MH010,7.82,24.042128,6
2020-05-20 00:00:00,MH010,6.18,23.846552,6
2020-05-20 01:00:00,MH010,5.36,23.65824,6
2020-05-20 02:00:00,MH010,8.2,23.457325,6
2020-05-20 03:00:00,MH010,8.2,23.416346,6
2020-05-20 04:00:00,MH010,9.0,22.867067,6
2020-05-20 05:00:00,MH010,10.82,22.03113,6
2020-05-20 06:00:00,MH010,16.47,20.308586,6
2020-05-20 07:00:00,MH010,14.27,19.026669,6
2020-05-20 08:00:00,MH010,13.18,18.662054,6
2020-05-20 09:00:00,MH010,10.27,19.179188,6
2020-05-20 10:00:00,MH010,8.17,19.794958,6
2020-05-20 11:00:00,MH010,8.91,20.326265,6
2020-05-20 12:00:00,MH010,11.73,20.824074,6
2020-05-20 13:00:00,MH010,7.43,21.544764,6
2020-05-20 14:00:00,MH010,13.4,22.365192,6
2020-05-20 15:00:00,MH010,11.27,23.050894,6
2020-05-20 16:00:00,MH010,16.48,23.292131,6
2020-05-20 17:00:00,MH010,10.6,23.415527,6
2020-05-20 18:00:00,MH010,12.73,23.310389,6
2020-05-20 19:00:00,MH010,18.9,23.14316,6
2020-05-20 20:00:00,MH010,8.0,22.95835,6
2020-05-20 21:00:00,MH010,8.0,22.956732,6
2020-05-20 22:00:00,MH010,6.0,22.42238,6
2020-05-20 23:00:00,MH010,6.0,21.372963,6
2020-05-21 00:00:00,MH010,7.73,20.838564,6
2020-05-21 01:00:00,MH010,5.26,20.282331,6
2020-05-21 02:00:00,MH010,7.73,19.938301,6
2020-05-21 03:00:00,MH010,9.82,19.733109,6
2020-05-21 04:00:00,MH010,6.36,19.542048,6
2020-05-21 05:00:00,MH010,6.0,19.009811,6
2020-05-21 06:00:00,MH010,6.92,17.967089,6
2020-05-21 07:00:00,MH010,8.66,16.891401,6
2020-05-21 08:00:00,MH010,8.09,17.204653,6
2020-05-21 09:00:00,MH010,8.0,17.648127,6
2020-05-21 10:00:00,MH010,7.09,18.171566,6
2020-05-21 11:00:00,MH010,8.82,18.345663,6
2020-05-21 12:00:00,MH010,6.52,19.182304,6
2020-05-21 13:00:00,MH010,10.0,20.178806,6
2020-05-21 14:00:00,MH010,10.0,21.182339,6
2020-05-21 15:00:00,MH010,12.73,22.277294,6
2020-05-21 16:00:00,MH010,12.09,22.67106,6
2020-05-21 17:00:00,MH010,8.35,22.271166,6
2020-05-21 18:00:00,MH010,8.0,22.00118,6
2020-05-21 19:00:00,MH010,6.18,21.8048,6
2020-05-21 20:00:00,MH010,6.0,21.217358,6
2020-05-21 21:00:00,MH010,6.92,20.755764,6
2020-05-21 22:00:00,MH010,7.0,20.286999,6
2020-05-21 23:00:00,MH010,5.18,19.91377,6
2020-05-22 00:00:00,MH010,5.0,18.811,6
2020-05-22 01:00:00,MH010,11.0,18.293596,6
2020-05-22 02:00:00,MH010,14.65,18.803894,6
2020-05-22 03:00:00,MH010,8.62,19.111609,6
2020-05-22 04:00:00,MH010,8.0,18.620085,6
2020-05-22 05:00:00,MH010,8.91,18.370388,6
2020-05-22 06:00:00,MH010,10.83,17.473894,6
2020-05-22 07:00:00,MH010,11.0,15.932629,6
2020-05-22 08:00:00,MH010,6.45,14.331371,6
2020-05-22 09:00:00,MH010,9.65,13.904804,6
2020-05-22 10:00:00,MH010,7.27,13.939293,6
2020-05-22 11:00:00,MH010,7.0,14.2078705,6
2020-05-22 12:00:00,MH010,9.73,14.84157,6
2020-05-22 13:00:00,MH010,14.57,15.797554,6
2020-05-22 14:00:00,MH010,12.0,16.914648,6
2020-05-22 15:00:00,MH010,14.74,18.19427,6
2020-05-22 16:00:00,MH010,10.0,19.315321,6
2020-05-22 17:00:00,MH010,10.0,19.61371,6
2020-05-22 18:00:00,MH010,10.09,19.305527,6
2020-05-22 19:00:00,MH010,13.64,19.045637,6
2020-05-22 20:00:00,MH010,9.0,18.772638,6
2020-05-22 21:00:00,MH010,10.0,18.454863,6
2020-05-22 22:00:00,MH010,6.36,18.239124,6
2020-05-22 23:00:00,MH010,4.18,18.406693,6
2020-05-23 00:00:00,MH010,4.0,18.905397,6
2020-05-23 01:00:00,MH010,4.91,19.547863,6
2020-05-23 02:00:00,MH010,9.55,19.774462,6
2020-05-23 03:00:00,MH010,10.0,20.036558,6
2020-05-23 04:00:00,MH010,11.82,20.595793,6
2020-05-23 05:00:00,MH010,14.73,21.02126,6
2020-05-23 06:00:00,MH010,16.82,22.688305,6
2020-05-23 07:00:00,MH010,20.64,22.394663,6
2020-05-23 08:00:00,MH010,17.36,21.832891,6
2020-05-23 09:00:00,MH010,14.27,22.110708,6
2020-05-23 10:00:00,MH010,14.91,16.849062,6
2020-05-23 11:00:00,MH010,14.09,14.486437,6
2020-05-23 12:00:00,MH010,10.36,14.397312,6
2020-05-23 13:00:00,MH010,7.26,15.314903,6
2020-05-23 14:00:00,MH010,8.82,16.078861,6
2020-05-23 15:00:00,MH010,9.91,17.999626,6
2020-05-23 16:00:00,MH010,14.55,17.684544,6
2020-05-23 17:00:00,MH010,8.62,17.52736,6
2020-05-23 18:00:00,MH010,8.0,16.774664,6
2020-05-23 19:00:00,MH010,8.91,16.515177,6
2020-05-23 20:00:00,MH010,6.27,16.53861,6
2020-05-23 21:00:00,MH010,7.82,16.497892,6
2020-05-23 22:00:00,MH010,7.09,16.477457,6
2020-05-23 23:00:00,MH010,6.09,16.204609,6
2020-05-24 00:00:00,MH010,6.92,16.13525,6
2020-05-24 01:00:00,MH010,5.18,16.817009,6
2020-05-24 02:00:00,MH010,8.64,18.332872,6
2020-05-24 03:00:00,MH010,8.09,20.551804,6
2020-05-24 04:00:00,MH010,9.82,22.132227,6
2020-05-24 05:00:00,MH010,10.0,24.551535,6
2020-05-24 06:00:00,MH010,10.0,26.20175,6
2020-05-24 07:00:00,MH010,11.82,26.335047,6
2020-05-24 08:00:00,MH010,12.0,26.034924,6
2020-05-24 09:00:00,MH010,8.36,24.608856,6
2020-05-24 10:00:00,MH010,11.64,24.351547,6
2020-05-24 11:00:00,MH010,10.17,23.49827,6
2020-05-24 12:00:00,MH010,13.3,23.261063,6
2020-05-24 13:00:00,MH010,12.18,22.94861,6
2020-05-24 14:00:00,MH010,12.0,22.99317,6
2020-05-24 15:00:00,MH010,19.29,23.002934,6
2020-05-24 16:00:00,MH010,16.13,22.610636,6
2020-05-24 17:00:00,MH010,13.0,21.276485,6
2020-05-24 18:00:00,MH010,9.36,20.177086,6
2020-05-24 19:00:00,MH010,9.36,19.278318,6
2020-05-24 20:00:00,MH010,5.0,18.361395,6
2020-05-24 21:00:00,MH010,5.91,18.466118,6
2020-05-24 22:00:00,MH010,6.0,18.505804,6
2020-05-24 23:00:00,MH010,5.09,18.877607,6
2020-05-25 00:00:00,MH010,5.0,18.777424,6
2020-05-25 01:00:00,MH010,5.91,19.808157,6
2020-05-25 02:00:00,MH010,5.09,21.430647,6
2020-05-25 03:00:00,MH010,4.09,22.605122,6
2020-05-25 04:00:00,MH010,7.64,23.78061,6
2020-05-25 05:00:00,MH010,8.0,24.295307,6
2020-05-25 06:00:00,MH010,11.65,24.212278,6
2020-05-25 07:00:00,MH010,13.82,23.965393,6
2020-05-25 08:00:00,MH010,18.55,24.662716,6
2020-05-25 09:00:00,MH010,9.92,24.14752,6
2020-05-25 10:00:00,MH010,12.0,16.438189,6
2020-05-25 11:00:00,MH010,12.91,14.620895,6
2020-05-25 12:00:00,MH010,10.27,14.328117,6
2020-05-25 13:00:00,MH010,11.82,14.698692,6
2020-05-25 14:00:00,MH010,12.0,17.514656,6
2020-05-25 15:00:00,MH010,12.0,18.572117,6
2020-05-25 16:00:00,MH010,12.0,19.178818,6
2020-05-25 17:00:00,MH010,8.36,18.88793,6
2020-05-25 18:00:00,MH010,7.09,18.48315,6
2020-05-25 19:00:00,MH010,8.82,18.655996,6
2020-05-25 20:00:00,MH010,8.09,18.783579,6
2020-05-25 21:00:00,MH010,11.64,18.85021,6
2020-05-25 22:00:00,MH010,10.18,19.168964,6
2020-05-25 23:00:00,MH010,8.18,19.413137,6
2020-05-26 00:00:00,MH010,5.27,19.244131,6
2020-05-26 01:00:00,MH010,5.91,19.170927,6
2020-05-26 02:00:00,MH010,9.64,19.63378,6
2020-05-26 03:00:00,MH010,11.82,19.467306,6
2020-05-26 04:00:00,MH010,12.91,19.670542,6
2020-05-26 05:00:00,MH010,13.0,19.9918,6
2020-05-26 06:00:00,MH010,13.0,19.612064,6
2020-05-26 07:00:00,MH010,10.27,18.490961,6
2020-05-26 08:00:00,MH010,10.91,18.338718,6
2020-05-26 09:00:00,MH010,7.36,18.449024,6
2020-05-26 10:00:00,MH010,7.0,18.961987,6
2020-05-26 11:00:00,MH010,10.64,19.908709,6
2020-05-26 12:00:00,MH010,11.0,20.730825,6
2020-05-26 13:00:00,MH010,11.0,21.442072,6
2020-05-26 14:00:00,MH010,9.18,21.7923,6
2020-05-26 15:00:00,MH010,14.48,21.908964,6
2020-05-26 16:00:00,MH010,10.45,21.975285,6
2020-05-26 17:00:00,MH010,8.18,21.822014,6
2020-05-26 18:00:00,MH010,7.09,21.678324,6
2020-05-26 19:00:00,MH010,7.0,21.603449,6
2020-05-26 20:00:00,MH010,7.0,21.470276,6
2020-05-26 21:00:00,MH010,7.91,21.335201,6
2020-05-26 22:00:00,MH010,7.09,21.181326,6
2020-05-26 23:00:00,MH010,6.09,20.93657,6
2020-05-27 00:00:00,MH010,6.91,20.370247,6
2020-05-27 01:00:00,MH010,7.91,19.66639,6
2020-05-27 02:00:00,MH010,18.02,19.250721,6
2020-05-27 03:00:00,MH010,12.62,19.128405,6
2020-05-27 04:00:00,MH010,8.36,19.093603,6
2020-05-27 05:00:00,MH010,12.55,18.811968,6
2020-05-27 06:00:00,MH010,9.35,17.456146,6
2020-05-27 07:00:00,MH010,9.0,15.883297,6
2020-05-27 08:00:00,MH010,8.09,15.229748,6
2020-05-27 09:00:00,MH010,8.0,15.4238205,6
2020-05-27 10:00:00,MH010,12.54,16.120914,6
2020-05-27 11:00:00,MH010,8.45,16.95178,6
2020-05-27 12:00:00,MH010,12.55,17.918062,6
2020-05-27 13:00:00,MH010,10.27,18.982632,6
2020-05-27 14:00:00,MH010,10.0,19.579634,6
2020-05-27 15:00:00,MH010,8.18,20.413647,6
2020-05-27 16:00:00,MH010,6.18,20.471106,6
2020-05-27 17:00:00,MH010,6.0,20.907934,6
2020-05-27 18:00:00,MH010,5.36,20.921917,6
2020-05-27 19:00:00,MH010,5.0,20.591146,6
2020-05-27 20:00:00,MH010,5.63,20.508644,6
2020-05-27 21:00:00,MH010,5.0,20.326159,6
2020-05-27 22:00:00,MH010,5.91,20.040348,6
2020-05-27 23:00:00,MH010,4.18,19.776428,6
2020-05-28 00:00:00,MH010,6.72,19.360586,6
2020-05-28 01:00:00,MH010,12.48,18.863712,6
2020-05-28 02:00:00,MH010,9.36,18.534761,6
2020-05-28 03:00:00,MH010,8.09,17.793554,6
2020-05-28 04:00:00,MH010,9.83,16.818247,6
2020-05-28 05:00:00,MH010,11.82,16.189163,6
2020-05-28 06:00:00,MH010,9.28,14.972443,6
2020-05-28 07:00:00,MH010,11.72,13.455841,6
2020-05-28 08:00:00,MH010,12.0,12.845219,6
2020-05-28 09:00:00,MH010,12.91,13.038902,6
2020-05-28 10:00:00,MH010,9.35,13.588062,6
2020-05-28 11:00:00,MH010,9.0,14.573082,6
2020-05-28 12:00:00,MH010,9.0,15.649107,6
2020-05-28 13:00:00,MH010,8.09,16.58416,6
2020-05-28 14:00:00,MH010,6.18,17.554848,6
2020-05-28 15:00:00,MH010,8.46,18.279804,6
2020-05-28 16:00:00,MH010,7.0,18.703297,6
2020-05-28 17:00:00,MH010,5.0,18.573503,6
2020-05-28 18:00:00,MH010,5.0,18.59287,6
2020-05-28 19:00:00,MH010,5.91,18.565317,6
2020-05-28 20:00:00,MH010,6.91,18.414675,6
2020-05-28 21:00:00,MH010,3.37,18.219467,6
2020-05-28 22:00:00,MH010,2.09,17.96691,6
2020-05-28 23:00:00,MH010,2.91,17.905235,6
2020-05-29 00:00:00,MH010,3.91,17.594786,6
2020-05-29 01:00:00,MH010,3.09,17.66488,6
2020-05-29 02:00:00,MH010,3.0,16.931395,6
2020-05-29 03:00:00,MH010,4.82,17.153719,6
2020-05-29 04:00:00,MH010,5.0,17.139383,6
2020-05-29 05:00:00,MH010,3.18,17.530754,6
2020-05-29 06:00:00,MH010,3.91,17.041422,6
2020-05-29 07:00:00,MH010,6.73,16.107443,6
2020-05-29 08:00:00,MH010,4.27,15.323101,6
2020-05-29 09:00:00,MH010,5.82,15.314409,6
2020-05-29 10:00:00,MH010,5.09,15.579327,6
2020-05-29 11:00:00,MH010,1.35,15.9874115,6
2020-05-29 12:00:00,MH010,5.55,15.99526,6
2020-05-29 13:00:00,MH010,6.0,15.939787,6
2020-05-29 14:00:00,MH010,6.0,16.240164,6
2020-05-29 15:00:00,MH010,7.0,16.310915,6
2020-05-29 16:00:00,MH010,6.09,16.52209,6
2020-05-29 17:00:00,MH010,5.09,16.742376,6
2020-05-29 18:00:00,MH010,5.91,16.482365,6
2020-05-29 19:00:00,MH010,5.08,16.33413,6
2020-05-29 20:00:00,MH010,5.0,15.903837,6
2020-05-29 21:00:00,MH010,4.09,15.694433,6
2020-05-29 22:00:00,MH010,4.91,15.216818,6
2020-05-29 23:00:00,MH010,7.73,14.788641,6
2020-05-30 00:00:00,MH010,5.27,14.982563,6
2020-05-30 01:00:00,MH010,3.18,15.922096,6
2020-05-30 02:00:00,MH010,5.73,15.875166,6
2020-05-30 03:00:00,MH010,8.73,16.478765,6
2020-05-30 04:00:00,MH010,9.0,16.880774,6
2020-05-30 05:00:00,MH010,6.27,17.104477,6
2020-05-30 06:00:00,MH010,5.09,17.096964,6
2020-05-30 07:00:00,MH010,5.0,15.823021,6
2020-05-30 08:00:00,MH010,5.0,14.449266,6
2020-05-30 09:00:00,MH010,3.18,13.5722275,6
2020-05-30 10:00:00,MH010,4.82,12.953789,6
2020-05-30 11:00:00,MH010,6.64,13.152531,6
2020-05-30 12:00:00,MH010,6.64,13.278568,6
2020-05-30 13:00:00,MH010,6.09,13.775265,6
2020-05-30 14:00:00,MH010,7.82,14.887983,6
2020-05-30 15:00:00,MH010,8.82,15.539415,6
2020-05-30 16:00:00,MH010,9.0,15.792664,6
2020-05-30 17:00:00,MH010,7.18,15.967529,6
2020-05-30 18:00:00,MH010,7.0,16.22161,6
2020-05-30 19:00:00,MH010,5.18,16.460941,6
2020-05-30 20:00:00,MH010,3.18,16.3401,6
2020-05-30 21:00:00,MH010,3.0,16.15578,6
2020-05-30 22:00:00,MH010,4.82,16.384111,6
2020-05-30 23:00:00,MH010,7.72,16.88241,6
2020-05-31 00:00:00,MH010,6.18,17.41881,6
2020-05-31 01:00:00,MH010,6.18,17.933374,6
2020-05-31 02:00:00,MH010,6.18,18.075981,6
2020-05-31 03:00:00,MH010,6.0,19.1562,6
2020-05-31 04:00:00,MH010,7.82,20.685127,6
2020-05-31 05:00:00,MH010,12.0,21.472284,6
2020-05-31 06:00:00,MH010,8.0,21.775946,6
2020-05-31 07:00:00,MH010,8.0,20.642014,6
2020-05-31 08:00:00,MH010,9.82,20.039963,6
2020-05-31 09:00:00,MH010,10.91,19.933283,6
2020-05-31 10:00:00,MH010,10.09,20.236511,6
2020-05-31 11:00:00,MH010,10.64,20.664343,6
2020-05-31 12:00:00,MH010,7.36,21.456087,6
2020-05-31 13:00:00,MH010,8.82,21.425833,6
2020-05-31 14:00:00,MH010,7.18,21.588606,6
2020-05-31 15:00:00,MH010,7.0,21.680754,6
2020-05-31 16:00:00,MH010,5.18,21.524532,6
2020-05-31 17:00:00,MH010,5.91,20.675566,6
2020-05-31 18:00:00,MH010,5.09,19.793589,6
2020-05-31 19:00:00,MH010,5.81,18.455221,6
2020-05-31 20:00:00,MH010,7.83,17.868496,6
2020-05-31 21:00:00,MH010,9.82,17.117203,6
2020-05-31 22:00:00,MH010,9.09,17.419222,6
2020-05-31 23:00:00,MH010,9.0,18.25588,6
2020-06-01 00:00:00,MH010,9.0,18.58735,6
2020-06-01 01:00:00,MH010,8.09,19.367266,6
2020-06-01 02:00:00,MH010,9.82,20.172335,6
2020-06-01 03:00:00,MH010,29.98,20.905558,6
2020-06-01 04:00:00,MH010,18.33,22.298866,6
2020-06-01 05:00:00,MH010,10.64,23.50084,6
2020-06-01 06:00:00,MH010,10.91,18.514624,6
2020-06-01 07:00:00,MH010,23.75,15.700367,6
2020-06-01 08:00:00,MH010,41.35,12.607937,6
2020-06-01 09:00:00,MH010,33.92,11.2921715,6
2020-06-01 10:00:00,MH010,32.09,11.175938,6
2020-06-01 11:00:00,MH010,29.27,13.59272,6
2020-06-01 12:00:00,MH010,26.27,14.487274,6
2020-06-01 13:00:00,MH010,25.09,14.992519,6
2020-06-01 14:00:00,MH010,20.45,15.681944,6
2020-06-01 15:00:00,MH010,20.0,16.302113,6
2020-06-01 16:00:00,MH010,20.0,17.771137,6
2020-06-01 17:00:00,MH010,18.18,17.781088,6
2020-06-01 18:00:00,MH010,20.73,17.346018,6
2020-06-01 19:00:00,MH010,23.73,18.207615,6
2020-06-01 20:00:00,MH010,24.0,18.544283,6
2020-06-01 21:00:00,MH010,20.36,20.561335,6
2020-06-01 22:00:00,MH010,13.64,22.801962,6
2020-06-01 23:00:00,MH010,19.38,21.88697,6
2020-06-02 00:00:00,MH010,63.6,21.779016,6
2020-06-02 01:00:00,MH010,41.66,22.530842,6
2020-06-02 02:00:00,MH010,33.53,23.442966,6
2020-06-02 03:00:00,MH010,21.19,25.027178,6
2020-06-02 04:00:00,MH010,29.11,25.562056,6
2020-06-02 05:00:00,MH010,36.38,25.69065,6
2020-06-02 06:00:00,MH010,33.37,24.416906,6
2020-06-02 07:00:00,MH010,25.73,24.666842,6
2020-06-02 08:00:00,MH010,19.53,24.887383,6
2020-06-02 09:00:00,MH010,21.73,24.221937,6
2020-06-02 10:00:00,MH010,21.09,23.50108,6
2020-06-02 11:00:00,MH010,18.27,24.192434,6
2020-06-02 12:00:00,MH010,14.37,26.38046,6
2020-06-02 13:00:00,MH010,24.02,28.535606,6
2020-06-02 14:00:00,MH010,24.09,28.07278,6
2020-06-02 15:00:00,MH010,27.63,28.518549,6
2020-06-02 16:00:00,MH010,37.11,27.784288,6
2020-06-02 17:00:00,MH010,40.73,27.10823,6
2020-06-02 18:00:00,MH010,35.0,27.177973,6
2020-06-02 19:00:00,MH010,33.19,25.549957,6
2020-06-02 20:00:00,MH010,22.12,23.603325,6
2020-06-02 21:00:00,MH010,16.45,20.955774,6
2020-06-02 22:00:00,MH010,16.91,19.81232,6
2020-06-02 23:00:00,MH010,10.62,18.02725,6
2020-06-03 00:00:00,MH010,10.0,16.020424,6
2020-06-03 01:00:00,MH010,10.0,14.73484,6
2020-06-03 02:00:00,MH010,8.18,14.764338,6
2020-06-03 03:00:00,MH010,7.09,14.5145855,6
2020-06-03 04:00:00,MH010,4.28,14.459879,6
2020-06-03 05:00:00,MH010,4.0,14.101467,6
2020-06-03 06:00:00,MH010,6.0,16.666466,6
2020-06-03 07:00:00,MH010,4.0,16.29134,6
2020-06-03 08:00:00,MH010,4.0,17.536757,6
2020-06-03 09:00:00,MH010,4.0,18.188774,6
2020-06-03 10:00:00,MH010,4.0,18.771917,6
2020-06-03 11:00:00,MH010,1.27,19.1628,6
2020-06-03 12:00:00,MH010,4.63,17.720469,6
2020-06-03 13:00:00,MH010,4.09,13.718159,6
2020-06-03 14:00:00,MH010,2.18,12.773346,6
2020-06-03 15:00:00,MH010,3.82,12.869694,6
2020-06-03 16:00:00,MH010,5.82,11.947002,6
2020-06-03 17:00:00,MH010,6.0,9.712265,6
2020-06-03 18:00:00,MH010,3.0,7.343513,6
2020-06-03 19:00:00,MH010,1.18,1.1734425,6
2020-06-03 20:00:00,MH010,2.82,-0.9936832,6
2020-06-03 21:00:00,MH010,2.09,-2.1980214,6
2020-06-03 22:00:00,MH010,1.09,-3.1498952,6
2020-06-03 23:00:00,MH010,5.54,3.087791,6
2020-06-04 00:00:00,MH010,6.91,12.009342,6
2020-06-04 01:00:00,MH010,7.0,12.1483,6
2020-06-04 02:00:00,MH010,8.82,12.29203,6
2020-06-04 03:00:00,MH010,10.0,12.629414,6
2020-06-04 04:00:00,MH010,8.0,12.952751,6
2020-06-04 05:00:00,MH010,7.09,13.41264,6
2020-06-04 06:00:00,MH010,8.8,15.737009,6
2020-06-04 07:00:00,MH010,14.0,16.549076,6
2020-06-04 08:00:00,MH010,11.0,17.483902,6
2020-06-04 09:00:00,MH010,12.0,18.04044,6
2020-06-04 10:00:00,MH010,12.0,18.38963,6
2020-06-04 11:00:00,MH010,10.0,18.82691,6
2020-06-04 12:00:00,MH010,9.09,19.262373,6
2020-06-04 13:00:00,MH010,8.0,18.431332,6
2020-06-04 14:00:00,MH010,13.45,18.219849,6
2020-06-04 15:00:00,MH010,16.0,18.699274,6
2020-06-04 16:00:00,MH010,21.0,17.977896,6
2020-06-04 17:00:00,MH010,21.0,17.22222,6
2020-06-04 18:00:00,MH010,21.0,16.961887,6
2020-06-04 19:00:00,MH010,25.45,15.880394,6
2020-06-04 20:00:00,MH010,31.71,14.588821,6
2020-06-04 21:00:00,MH010,20.66,12.557926,6
2020-06-04 22:00:00,MH010,8.96,11.81646,6
2020-06-04 23:00:00,MH010,7.0,11.646381,6
2020-06-05 00:00:00,MH010,8.82,11.9170265,6
2020-06-05 01:00:00,MH010,4.46,12.998894,6
2020-06-05 02:00:00,MH010,1.42,12.893524,6
2020-06-05 03:00:00,MH010,3.63,12.836929,6
2020-06-05 04:00:00,MH010,9.45,12.712002,6
2020-06-05 05:00:00,MH010,10.91,13.115494,6
2020-06-05 06:00:00,MH010,8.27,16.069164,6
2020-06-05 07:00:00,MH010,6.18,15.708704,6
2020-06-05 08:00:00,MH010,8.58,16.03463,6
2020-06-05 09:00:00,MH010,11.27,17.351057,6
2020-06-05 10:00:00,MH010,11.27,18.369787,6
2020-06-05 11:00:00,MH010,8.45,18.275347,6
2020-06-05 12:00:00,MH010,8.91,18.009436,6
2020-06-05 13:00:00,MH010,12.63,18.189463,6
2020-06-05 14:00:00,MH010,8.4,17.670341,6
2020-06-05 15:00:00,MH010,10.72,16.874296,6
2020-06-05 16:00:00,MH010,8.28,16.053219,6
2020-06-05 17:00:00,MH010,6.18,15.150257,6
2020-06-05 18:00:00,MH010,9.64,14.493551,6
2020-06-05 19:00:00,MH010,8.19,13.692776,6
2020-06-05 20:00:00,MH010,10.72,13.126575,6
2020-06-05 21:00:00,MH010,9.18,12.482414,6
2020-06-05 22:00:00,MH010,15.36,11.921646,6
2020-06-05 23:00:00,MH010,14.0,12.11541,6
2020-06-06 00:00:00,MH010,20.0,12.480843,6
2020-06-06 01:00:00,MH010,10.01,12.886532,6
2020-06-06 02:00:00,MH010,6.0,13.502781,6
2020-06-06 03:00:00,MH010,3.27,12.244949,6
2020-06-06 04:00:00,MH010,3.0,13.0907135,6
2020-06-06 05:00:00,MH010,3.0,13.689278,6
2020-06-06 06:00:00,MH010,3.0,14.796276,6
2020-06-06 07:00:00,MH010,12.99,14.387756,6
2020-06-06 08:00:00,MH010,10.37,14.988384,6
2020-06-06 09:00:00,MH010,10.0,14.764536,6
2020-06-06 10:00:00,MH010,12.72,14.865227,6
2020-06-06 11:00:00,MH010,12.09,14.740616,6
2020-06-06 12:00:00,MH010,9.28,14.974152,6
2020-06-06 13:00:00,MH010,8.09,15.650532,6
2020-06-06 14:00:00,MH010,8.91,14.640774,6
2020-06-06 15:00:00,MH010,11.72,14.5821495,6
2020-06-06 16:00:00,MH010,11.09,14.229435,6
2020-06-06 17:00:00,MH010,14.63,13.439331,6
2020-06-06 18:00:00,MH010,8.62,12.830643,6
2020-06-06 19:00:00,MH010,14.0,11.798714,6
2020-06-06 20:00:00,MH010,14.91,11.5171585,6
2020-06-06 21:00:00,MH010,22.27,11.07531,6
2020-06-06 22:00:00,MH010,31.15,11.775219,6
2020-06-06 23:00:00,MH010,24.73,10.808559,6
2020-06-07 00:00:00,MH010,27.63,11.699627,6
2020-06-07 01:00:00,MH010,19.82,11.996292,6
2020-06-07 02:00:00,MH010,20.82,12.146683,6
2020-06-07 03:00:00,MH010,19.19,11.819214,6
2020-06-07 04:00:00,MH010,18.09,13.036499,6
2020-06-07 05:00:00,MH010,13.46,13.229271,6
2020-06-07 06:00:00,MH010,9.37,15.514246,6
2020-06-07 07:00:00,MH010,9.91,14.987564,6
2020-06-07 08:00:00,MH010,10.91,15.447596,6
2020-06-07 09:00:00,MH010,8.55,14.876514,6
2020-06-07 10:00:00,MH010,8.91,16.384762,6
2020-06-07 11:00:00,MH010,8.09,16.752398,6
2020-06-07 12:00:00,MH010,5.28,17.229046,6
2020-06-07 13:00:00,MH010,3.18,17.279665,6
2020-06-07 14:00:00,MH010,6.63,18.171455,6
2020-06-07 15:00:00,MH010,13.38,17.652206,6
2020-06-07 16:00:00,MH010,9.91,17.761053,6
2020-06-07 17:00:00,MH010,7.18,16.452755,6
2020-06-07 18:00:00,MH010,7.0,15.102238,6
2020-06-07 19:00:00,MH010,6.09,14.437178,6
2020-06-07 20:00:00,MH010,9.63,13.852673,6
2020-06-07 21:00:00,MH010,6.37,12.722454,6
2020-06-07 22:00:00,MH010,3.0,12.627216,6
2020-06-07 23:00:00,MH010,1.1,12.566177,6
2020-06-08 00:00:00,MH010,1.1,13.577885,6
2020-06-08 01:00:00,MH010,6.34,13.526722,6
2020-06-08 02:00:00,MH010,7.0,13.964405,6
2020-06-08 03:00:00,MH010,7.91,14.923359,6
2020-06-08 04:00:00,MH010,9.82,15.289021,6
2020-06-08 05:00:00,MH010,16.36,14.702154,6
2020-06-08 06:00:00,MH010,13.0,15.863642,6
2020-06-08 07:00:00,MH010,15.0,15.259144,6
2020-06-08 08:00:00,MH010,15.0,14.840158,6
2020-06-08 09:00:00,MH010,5.0,15.727867,6
2020-06-08 10:00:00,MH010,4.09,15.944166,6
2020-06-08 11:00:00,MH010,2.18,16.173767,6
2020-06-08 12:00:00,MH010,4.72,15.752733,6
2020-06-08 13:00:00,MH010,5.91,15.351896,6
2020-06-08 14:00:00,MH010,8.72,15.151613,6
2020-06-08 15:00:00,MH010,9.91,15.069506,6
2020-06-08 16:00:00,MH010,7.27,14.885231,6
2020-06-08 17:00:00,MH010,10.63,14.2288475,6
2020-06-08 18:00:00,MH010,7.37,14.011944,6
2020-06-08 19:00:00,MH010,3.37,13.099625,6
2020-06-08 20:00:00,MH010,2.09,12.971928,6
2020-06-08 21:00:00,MH010,2.91,12.924065,6
2020-06-08 22:00:00,MH010,7.54,12.7664795,6
2020-06-08 23:00:00,MH010,7.19,12.887409,6
2020-06-09 00:00:00,MH010,18.43,12.661186,6
2020-06-09 01:00:00,MH010,14.64,13.615322,6
2020-06-09 02:00:00,MH010,18.54,13.889015,6
2020-06-09 03:00:00,MH010,17.19,14.268562,6
2020-06-09 04:00:00,MH010,21.54,15.151449,6
2020-06-09 05:00:00,MH010,12.92,15.77589,6
2020-06-09 06:00:00,MH010,9.0,15.18157,6
2020-06-09 07:00:00,MH010,10.0,15.491116,6
2020-06-09 08:00:00,MH010,6.38,14.661825,6
2020-06-09 09:00:00,MH010,5.0,14.626173,6
2020-06-09 10:00:00,MH010,4.09,14.490406,6
2020-06-09 11:00:00,MH010,6.72,14.18951,6
2020-06-09 12:00:00,MH010,5.19,15.121857,6
2020-06-09 13:00:00,MH010,1.37,14.227379,6
2020-06-09 14:00:00,MH010,5.53,14.505447,6
2020-06-09 15:00:00,MH010,6.0,14.9302635,6
2020-06-09 16:00:00,MH010,10.53,15.105253,6
2020-06-09 17:00:00,MH010,11.91,14.526548,6
2020-06-09 18:00:00,MH010,10.18,14.111729,6
2020-06-09 19:00:00,MH010,10.0,13.495804,6
2020-06-09 20:00:00,MH010,7.28,13.015472,6
2020-06-09 21:00:00,MH010,6.09,12.021183,6
2020-06-09 22:00:00,MH010,6.81,11.636051,6
2020-06-09 23:00:00,MH010,6.09,11.413963,6
2020-06-10 00:00:00,MH010,6.0,12.25956,6
2020-06-10 01:00:00,MH010,12.36,13.113354,6
2020-06-10 02:00:00,MH010,13.0,13.982292,6
2020-06-10 03:00:00,MH010,11.19,14.3243065,6
2020-06-10 04:00:00,MH010,19.2,14.619019,6
2020-06-10 05:00:00,MH010,17.27,15.092339,6
2020-06-10 06:00:00,MH010,11.55,14.216576,6
2020-06-10 07:00:00,MH010,6.46,13.754486,6
2020-06-10 08:00:00,MH010,6.91,13.743145,6
2020-06-10 09:00:00,MH010,6.09,13.742943,6
2020-06-10 10:00:00,MH010,4.0,13.936722,6
2020-06-10 11:00:00,MH010,7.63,13.969044,6
2020-06-10 12:00:00,MH010,8.91,14.086777,6
2020-06-10 13:00:00,MH010,6.28,13.850937,6
2020-06-10 14:00:00,MH010,4.18,14.060978,6
2020-06-10 15:00:00,MH010,6.72,14.26173,6
2020-06-10 16:00:00,MH010,7.91,14.411007,6
2020-06-10 17:00:00,MH010,4.37,14.1889,6
2020-06-10 18:00:00,MH010,4.0,13.64632,6
2020-06-10 19:00:00,MH010,4.0,12.7486,6
2020-06-10 20:00:00,MH010,1.47,12.141392,6
2020-06-10 21:00:00,MH010,1.47,11.54092,6
2020-06-10 22:00:00,MH010,2.73,10.370613,6
2020-06-10 23:00:00,MH010,3.91,10.073555,6
2020-06-11 00:00:00,MH010,5.82,11.119518,6
2020-06-11 01:00:00,MH010,5.82,10.717415,6
2020-06-11 02:00:00,MH010,6.0,12.587528,6
2020-06-11 03:00:00,MH010,2.0,13.27726,6
2020-06-11 04:00:00,MH010,1.09,13.688187,6
2020-06-11 05:00:00,MH010,4.63,14.097084,6
2020-06-11 06:00:00,MH010,13.18,13.964897,6
2020-06-11 07:00:00,MH010,17.63,13.70726,6
2020-06-11 08:00:00,MH010,14.37,13.595997,6
2020-06-11 09:00:00,MH010,17.63,13.814926,6
2020-06-11 10:00:00,MH010,6.6,13.668785,6
2020-06-11 11:00:00,MH010,2.73,13.414436,6
2020-06-11 12:00:00,MH010,3.91,13.325211,6
2020-06-11 13:00:00,MH010,4.91,13.275032,6
2020-06-11 14:00:00,MH010,6.0,13.469448,6
2020-06-11 15:00:00,MH010,6.91,13.2969055,6
2020-06-11 16:00:00,MH010,7.91,13.13863,6
2020-06-11 17:00:00,MH010,6.18,12.847988,6
2020-06-11 18:00:00,MH010,5.0,12.448166,6
2020-06-11 19:00:00,MH010,5.0,11.868309,6
2020-06-11 20:00:00,MH010,8.0,11.070759,6
2020-06-11 21:00:00,MH010,12.0,11.094151,6
2020-06-11 22:00:00,MH010,8.37,10.604912,6
2020-06-11 23:00:00,MH010,5.28,10.288147,6
2020-06-12 00:00:00,MH010,6.81,10.772457,6
2020-06-12 01:00:00,MH010,9.72,12.250725,6
2020-06-12 02:00:00,MH010,12.72,13.0426445,6
2020-06-12 03:00:00,MH010,8.46,13.173786,6
2020-06-12 04:00:00,MH010,5.28,12.706974,6
2020-06-12 05:00:00,MH010,13.16,13.014168,6
2020-06-12 06:00:00,MH010,44.07,14.9092655,6
2020-06-12 07:00:00,MH010,8.0,14.301842,6
2020-06-12 08:00:00,MH010,8.9,14.81769,6
2020-06-12 09:00:00,MH010,7.18,15.220303,6
2020-06-12 10:00:00,MH010,3.36,15.683611,6
2020-06-12 11:00:00,MH010,3.91,15.429695,6
2020-06-12 12:00:00,MH010,7.0,15.455824,6
2020-06-12 13:00:00,MH010,8.82,15.396561,6
2020-06-12 14:00:00,MH010,9.0,15.369154,6
2020-06-12 15:00:00,MH010,6.28,15.556694,6
2020-06-12 16:00:00,MH010,6.0,15.487696,6
2020-06-12 17:00:00,MH010,10.53,15.127001,6
2020-06-12 18:00:00,MH010,14.63,15.165581,6
2020-06-12 19:00:00,MH010,13.19,14.716919,6
2020-06-12 20:00:00,MH010,10.28,14.119564,6
2020-06-12 21:00:00,MH010,21.77,14.361271,6
2020-06-12 22:00:00,MH010,21.18,13.450275,6
2020-06-12 23:00:00,MH010,20.09,12.544125,6
2020-06-13 00:00:00,MH010,22.72,13.6347275,6
2020-06-13 01:00:00,MH010,16.66,14.59104,6
2020-06-13 02:00:00,MH010,18.73,15.442102,6
2020-06-13 03:00:00,MH010,22.63,15.519411,6
2020-06-13 04:00:00,MH010,7.56,15.223427,6
2020-06-13 05:00:00,MH010,6.0,15.64102,6
2020-06-13 06:00:00,MH010,10.54,16.77674,6
2020-06-13 07:00:00,MH010,8.28,15.87624,6
2020-06-13 08:00:00,MH010,5.28,15.733198,6
2020-06-13 09:00:00,MH010,4.09,15.771566,6
2020-06-13 10:00:00,MH010,3.09,15.393627,6
2020-06-13 11:00:00,MH010,2.09,16.001368,6
2020-06-13 12:00:00,MH010,1.09,16.597408,6
2020-06-13 13:00:00,MH010,0.38,16.337835,6
2020-06-13 14:00:00,MH010,0.38,16.367706,6
2020-06-13 15:00:00,MH010,1.81,16.617155,6
2020-06-13 16:00:00,MH010,2.0,17.172047,6
2020-06-13 17:00:00,MH010,1.09,17.168282,6
2020-06-13 18:00:00,MH010,1.91,17.531235,6
2020-06-13 19:00:00,MH010,4.72,17.352898,6
2020-06-13 20:00:00,MH010,5.91,16.497417,6
2020-06-13 21:00:00,MH010,5.09,16.320862,6
2020-06-13 22:00:00,MH010,5.91,16.31027,6
2020-06-13 23:00:00,MH010,9.62,16.162056,6
2020-06-14 00:00:00,MH010,10.91,15.334791,6
2020-06-14 01:00:00,MH010,11.91,15.460579,6
2020-06-14 02:00:00,MH010,17.43,14.814791,6
2020-06-14 03:00:00,MH010,14.37,15.290792,6
2020-06-14 04:00:00,MH010,10.37,14.833073,6
2020-06-14 05:00:00,MH010,7.28,14.443182,6
2020-06-14 06:00:00,MH010,16.96,16.720013,6
2020-06-14 07:00:00,MH010,20.72,15.85021,6
2020-06-14 08:00:00,MH010,25.53,15.500193,6
2020-06-14 09:00:00,MH010,13.32,15.731802,6
2020-06-14 10:00:00,MH010,5.0,16.344223,6
2020-06-14 11:00:00,MH010,1.78,16.61788,6
2020-06-14 12:00:00,MH010,1.82,16.725346,6
2020-06-14 13:00:00,MH010,3.81,16.36574,6
2020-06-14 14:00:00,MH010,5.0,16.01917,6
2020-06-14 15:00:00,MH010,4.09,15.812338,6
2020-06-14 16:00:00,MH010,4.09,15.396414,6
2020-06-14 17:00:00,MH010,5.19,14.936844,6
2020-06-14 18:00:00,MH010,1.38,14.556591,6
2020-06-14 19:00:00,MH010,6.43,13.889343,6
2020-06-14 20:00:00,MH010,7.0,12.430378,6
2020-06-14 21:00:00,MH010,17.9,12.20079,6
2020-06-14 22:00:00,MH010,14.91,11.318951,6
2020-06-14 23:00:00,MH010,11.28,11.016079,6
2020-06-15 00:00:00,MH010,11.0,11.024654,6
2020-06-15 01:00:00,MH010,11.0,11.521042,6
2020-06-15 02:00:00,MH010,21.87,12.2736435,6
2020-06-15 03:00:00,MH010,16.66,13.047123,6
2020-06-15 04:00:00,MH010,7.85,13.04715,6
2020-06-15 05:00:00,MH010,16.5,13.21529,6
2020-06-15 06:00:00,MH010,11.0,15.95969,6
2020-06-15 07:00:00,MH010,7.37,15.377192,6
2020-06-15 08:00:00,MH010,3.38,16.607445,6
2020-06-15 09:00:00,MH010,1.13,15.855053,6
2020-06-15 10:00:00,MH010,1.82,15.950821,6
2020-06-15 11:00:00,MH010,5.0,16.104631,6
2020-06-15 12:00:00,MH010,3.0,16.237871,6
2020-06-15 13:00:00,MH010,3.0,16.427727,6
2020-06-15 14:00:00,MH010,7.54,16.251516,6
2020-06-15 15:00:00,MH010,11.63,15.591198,6
2020-06-15 16:00:00,MH010,11.09,15.73472,6
2020-06-15 17:00:00,MH010,7.38,15.2257805,6
2020-06-15 18:00:00,MH010,6.09,14.151512,6
2020-06-15 19:00:00,MH010,6.0,12.879395,6
2020-06-15 20:00:00,MH010,5.09,11.623554,6
2020-06-15 21:00:00,MH010,14.08,10.212715,6
2020-06-15 22:00:00,MH010,12.28,10.465218,6
2020-06-15 23:00:00,MH010,15.62,10.452705,6
2020-06-16 00:00:00,MH010,10.56,10.327587,6
2020-06-16 01:00:00,MH010,12.72,10.274227,6
2020-06-16 02:00:00,MH010,22.05,11.075653,6
2020-06-16 03:00:00,MH010,27.54,10.37616,6
2020-06-16 04:00:00,MH010,10.0,10.522903,6
2020-06-16 05:00:00,MH010,9.09,8.8331375,6
2020-06-16 06:00:00,MH010,9.0,11.606632,6
2020-06-16 07:00:00,MH010,5.37,12.362503,6
2020-06-16 08:00:00,MH010,5.0,11.767792,6
2020-06-16 09:00:00,MH010,8.0,12.930767,6
2020-06-16 10:00:00,MH010,9.0,13.515141,6
2020-06-16 11:00:00,MH010,14.43,12.691849,6
2020-06-16 12:00:00,MH010,7.75,13.728004,6
2020-06-16 13:00:00,MH010,3.37,14.168179,6
2020-06-16 14:00:00,MH010,3.92,14.113792,6
2020-06-16 15:00:00,MH010,3.09,13.1792145,6
2020-06-16 16:00:00,MH010,10.25,12.814133,6
2020-06-16 17:00:00,MH010,9.19,12.321934,6
2020-06-16 18:00:00,MH010,5.37,12.008659,6
2020-06-16 19:00:00,MH010,4.09,11.186333,6
2020-06-16 20:00:00,MH010,8.87,10.228645,6
2020-06-16 21:00:00,MH010,8.37,10.19524,6
2020-06-16 22:00:00,MH010,9.81,10.351501,6
2020-06-16 23:00:00,MH010,12.72,9.487755,6
2020-06-17 00:00:00,MH010,8.46,9.835735,6
2020-06-17 01:00:00,MH010,5.28,10.439644,6
2020-06-17 02:00:00,MH010,3.19,11.312012,6
2020-06-17 03:00:00,MH010,5.72,11.801544,6
2020-06-17 04:00:00,MH010,6.91,11.725414,6
2020-06-17 05:00:00,MH010,6.09,12.259338,6
2020-06-17 06:00:00,MH010,3.29,13.000397,6
2020-06-17 07:00:00,MH010,1.13,12.893032,6
2020-06-17 08:00:00,MH010,1.13,13.408123,6
2020-06-17 09:00:00,MH010,4.54,13.825016,6
2020-06-17 10:00:00,MH010,4.09,14.37178,6
2020-06-17 11:00:00,MH010,1.29,15.067404,6
2020-06-17 12:00:00,MH010,1.0,15.611549,6
2020-06-17 13:00:00,MH010,0.37,15.62225,6
2020-06-17 14:00:00,MH010,0.37,15.313091,6
2020-06-17 15:00:00,MH010,0.37,15.005217,6
2020-06-17 16:00:00,MH010,2.73,14.840261,6
2020-06-17 17:00:00,MH010,2.09,14.38604,6
2020-06-17 18:00:00,MH010,0.73,13.662533,6
2020-06-17 19:00:00,MH010,5.39,12.70536,6
2020-06-17 20:00:00,MH010,6.0,11.664879,6
2020-06-17 21:00:00,MH010,4.18,10.575745,6
2020-06-17 22:00:00,MH010,5.82,9.6954,6
2020-06-17 23:00:00,MH010,4.19,8.684113,6
2020-06-18 00:00:00,MH010,4.19,8.0839615,6
2020-06-18 01:00:00,MH010,8.81,7.630962,6
2020-06-18 02:00:00,MH010,7.18,7.6075015,6
2020-06-18 03:00:00,MH010,6.09,7.986976,6
2020-06-18 04:00:00,MH010,9.62,8.429745,6
2020-06-18 05:00:00,MH010,17.27,9.542984,6
2020-06-18 06:00:00,MH010,7.13,11.416195,6
2020-06-18 07:00:00,MH010,15.96,11.333878,6
2020-06-18 08:00:00,MH010,4.28,11.536907,6
2020-06-18 09:00:00,MH010,1.19,11.538044,6
2020-06-18 10:00:00,MH010,3.72,11.3616905,6
2020-06-18 11:00:00,MH010,3.09,10.556038,6
2020-06-18 12:00:00,MH010,1.12,11.972988,6
2020-06-18 13:00:00,MH010,3.62,12.2728615,6
2020-06-18 14:00:00,MH010,4.91,12.378838,6
2020-06-18 15:00:00,MH010,5.0,12.314968,6
2020-06-18 16:00:00,MH010,8.62,12.239727,6
2020-06-18 17:00:00,MH010,7.19,11.89819,6
2020-06-18 18:00:00,MH010,9.72,11.65136,6
2020-06-18 19:00:00,MH010,8.19,10.269222,6
2020-06-18 20:00:00,MH010,4.38,10.054245,6
2020-06-18 21:00:00,MH010,3.09,10.268425,6
2020-06-18 22:00:00,MH010,5.72,9.938477,6
2020-06-18 23:00:00,MH010,8.72,10.070694,6
2020-06-19 00:00:00,MH010,9.9,9.392792,6
2020-06-19 01:00:00,MH010,11.81,9.690258,6
2020-06-19 02:00:00,MH010,21.05,9.634354,6
2020-06-19 03:00:00,MH010,12.92,10.253361,6
2020-06-19 04:00:00,MH010,14.72,10.917389,6
2020-06-19 05:00:00,MH010,24.05,11.549431,6
2020-06-19 06:00:00,MH010,22.28,12.521542,6
2020-06-19 07:00:00,MH010,16.57,12.506569,6
2020-06-19 08:00:00,MH010,9.66,12.596657,6
2020-06-19 09:00:00,MH010,16.25,12.6825485,6
2020-06-19 10:00:00,MH010,13.37,12.90464,6
2020-06-19 11:00:00,MH010,12.09,13.404343,6
2020-06-19 12:00:00,MH010,18.0,13.388779,6
2020-06-19 13:00:00,MH010,16.0,13.688469,6
2020-06-19 14:00:00,MH010,13.28,13.766144,6
2020-06-19 15:00:00,MH010,14.81,13.589916,6
2020-06-19 16:00:00,MH010,13.18,13.4629135,6
2020-06-19 17:00:00,MH010,10.28,13.524181,6
2020-06-19 18:00:00,MH010,11.81,13.447582,6
2020-06-19 19:00:00,MH010,8.39,13.143829,6
2020-06-19 20:00:00,MH010,8.0,12.993584,6
2020-06-19 21:00:00,MH010,6.18,12.548786,6
2020-06-19 22:00:00,MH010,6.91,11.8660965,6
2020-06-19 23:00:00,MH010,8.81,11.424599,6
2020-06-20 00:00:00,MH010,7.19,11.32687,6
2020-06-20 01:00:00,MH010,9.72,11.526539,6
2020-06-20 02:00:00,MH010,10.9,12.125069,6
2020-06-20 03:00:00,MH010,11.9,12.744991,6
2020-06-20 04:00:00,MH010,12.9,13.077282,6
2020-06-20 05:00:00,MH010,17.53,13.97662,6
2020-06-20 06:00:00,MH010,9.85,16.0417,6
2020-06-20 07:00:00,MH010,9.9,15.85779,6
2020-06-20 08:00:00,MH010,9.9,15.875792,6
2020-06-20 09:00:00,MH010,9.9,16.081238,6
2020-06-20 10:00:00,MH010,9.9,16.011879,6
2020-06-27 00:00:00,MH010,16.91,11.255726,6
2020-06-27 01:00:00,MH010,17.91,13.097164,6
2020-06-27 02:00:00,MH010,19.81,14.395721,6
2020-06-27 03:00:00,MH010,19.09,15.4520035,6
2020-06-27 04:00:00,MH010,17.19,16.360277,6
2020-06-27 05:00:00,MH010,17.0,16.98074,6
2020-06-27 06:00:00,MH010,17.91,15.670216,6
2020-06-27 07:00:00,MH010,20.71,15.084583,6
2020-06-27 08:00:00,MH010,13.78,14.834948,6
2020-06-27 09:00:00,MH010,10.28,14.99638,6
2020-06-27 10:00:00,MH010,12.71,15.408152,6
2020-06-27 11:00:00,MH010,18.42,15.618689,6
2020-06-27 12:00:00,MH010,16.29,15.542328,6
2020-06-27 13:00:00,MH010,21.42,15.524424,6
2020-06-27 14:00:00,MH010,17.47,16.074907,6
2020-06-27 15:00:00,MH010,30.54,16.202477,6
2020-06-27 16:00:00,MH010,21.13,16.436378,6
2020-06-27 17:00:00,MH010,17.29,15.767363,6
2020-06-27 18:00:00,MH010,17.0,15.270304,6
2020-06-27 19:00:00,MH010,12.48,14.436615,6
2020-06-27 20:00:00,MH010,10.19,13.816162,6
2020-06-27 21:00:00,MH010,7.28,13.494236,6
2020-06-27 22:00:00,MH010,7.0,13.148415,6
2020-06-27 23:00:00,MH010,11.53,13.034767,6
2020-06-28 00:00:00,MH010,12.0,14.727846,6
2020-06-28 01:00:00,MH010,11.1,16.2277,6
2020-06-28 02:00:00,MH010,8.28,17.70625,6
2020-06-28 03:00:00,MH010,6.2,18.912188,6
2020-06-28 04:00:00,MH010,8.72,16.70827,6
2020-06-28 05:00:00,MH010,11.71,17.713871,6
2020-06-28 06:00:00,MH010,15.61,18.814825,6
2020-06-28 07:00:00,MH010,25.05,18.720116,6
2020-06-28 08:00:00,MH010,16.95,18.025345,6
2020-06-28 09:00:00,MH010,13.28,18.3335,6
2020-06-28 10:00:00,MH010,9.39,18.341177,6
2020-06-28 11:00:00,MH010,9.9,18.70633,6
2020-06-28 12:00:00,MH010,10.9,18.39146,6
2020-06-28 13:00:00,MH010,10.1,17.914047,6
2020-06-28 14:00:00,MH010,10.9,17.61326,6
2020-06-28 15:00:00,MH010,7.38,17.584965,6
2020-06-28 16:00:00,MH010,10.61,16.556211,6
2020-06-28 17:00:00,MH010,14.61,16.461683,6
2020-06-28 18:00:00,MH010,15.9,14.930475,6
2020-06-28 19:00:00,MH010,8.78,14.226902,6
2020-06-28 20:00:00,MH010,6.19,12.705368,6
2020-06-28 21:00:00,MH010,2.38,11.389996,6
2020-06-28 22:00:00,MH010,8.34,11.139999,6
2020-06-28 23:00:00,MH010,6.29,10.875198,6
2020-06-29 00:00:00,MH010,10.28,10.897049,6
2020-06-29 01:00:00,MH010,11.2,12.524242,6
2020-06-29 02:00:00,MH010,13.71,13.280056,6
2020-06-29 03:00:00,MH010,10.38,14.215931,6
2020-06-29 04:00:00,MH010,16.34,14.978151,6
2020-06-29 05:00:00,MH010,9.77,14.538256,6
2020-06-29 06:00:00,MH010,5.37,15.843954,6
2020-06-29 07:00:00,MH010,2.29,15.888615,6
2020-06-29 08:00:00,MH010,4.72,15.233574,6
2020-06-29 09:00:00,MH010,4.1,15.380482,6
2020-06-29 10:00:00,MH010,1.29,15.398111,6
2020-06-29 11:00:00,MH010,0.39,15.178324,6
2020-06-29 12:00:00,MH010,0.39,14.988304,6
2020-06-29 13:00:00,MH010,0.39,14.949236,6
2020-06-29 14:00:00,MH010,0.39,14.991617,6
2020-06-29 15:00:00,MH010,0.9,14.87743,6
2020-06-29 16:00:00,MH010,1.0,15.102713,6
2020-06-29 17:00:00,MH010,1.0,15.2387905,6
2020-06-29 18:00:00,MH010,3.71,14.858133,6
2020-06-29 19:00:00,MH010,4.0,13.467957,6
2020-06-29 20:00:00,MH010,2.19,12.5285225,6
2020-06-29 21:00:00,MH010,0.78,11.419052,6
2020-06-29 22:00:00,MH010,0.78,10.870697,6
2020-06-29 23:00:00,MH010,0.78,10.009838,6
2020-06-30 00:00:00,MH010,0.78,9.965378,6
2020-06-30 01:00:00,MH010,4.53,11.378231,6
2020-06-30 02:00:00,MH010,4.09,12.055431,6
2020-06-30 03:00:00,MH010,2.19,11.707809,6
2020-06-30 04:00:00,MH010,4.71,12.081173,6
2020-06-30 05:00:00,MH010,4.09,10.933353,6
2020-06-30 06:00:00,MH010,4.9,11.582409,6
2020-06-30 07:00:00,MH010,8.63,11.1345825,6
2020-06-30 08:00:00,MH010,7.19,11.281712,6
2020-06-30 09:00:00,MH010,4.28,11.662907,6
2020-06-30 10:00:00,MH010,4.0,11.444809,6
2020-06-30 11:00:00,MH010,4.9,10.8974,6
2020-06-30 12:00:00,MH010,5.0,11.195999,6
2020-06-30 13:00:00,MH010,5.0,11.428795,6
2020-06-30 14:00:00,MH010,4.1,11.449463,6
2020-06-30 15:00:00,MH010,2.19,11.459965,6
2020-06-30 16:00:00,MH010,3.81,11.322891,6
2020-06-30 17:00:00,MH010,4.0,11.229137,6
2020-06-30 18:00:00,MH010,4.0,10.92754,6
2020-05-04 08:00:00,MH011,13.65,25.202787,6
2020-05-04 09:00:00,MH011,14.0,19.577026,6
2020-05-04 10:00:00,MH011,12.23,16.160217,6
2020-05-04 11:00:00,MH011,12.88,14.207432,6
2020-05-04 12:00:00,MH011,13.0,14.038082,6
2020-05-04 13:00:00,MH011,12.12,13.706432,6
2020-05-04 14:00:00,MH011,12.0,17.072237,6
2020-05-04 15:00:00,MH011,12.0,18.46012,6
2020-05-04 16:00:00,MH011,11.0,19.073126,6
2020-05-04 17:00:00,MH011,7.48,19.36416,6
2020-05-04 18:00:00,MH011,7.0,19.879301,6
2020-05-04 19:00:00,MH011,7.88,20.047081,6
2020-05-04 20:00:00,MH011,10.64,20.305153,6
2020-05-04 21:00:00,MH011,7.47,20.460752,6
2020-05-04 22:00:00,MH011,5.23,20.625458,6
2020-05-04 23:00:00,MH011,6.76,21.068373,6
2020-05-05 00:00:00,MH011,7.0,21.255434,6
2020-05-05 01:00:00,MH011,14.95,20.890636,6
2020-05-05 02:00:00,MH011,16.0,20.541576,6
2020-05-05 03:00:00,MH011,16.88,20.537697,6
2020-05-05 04:00:00,MH011,11.7,20.776512,6
2020-05-05 05:00:00,MH011,10.12,20.870146,6
2020-05-05 06:00:00,MH011,12.64,20.02961,6
2020-05-05 07:00:00,MH011,10.35,18.86714,6
2020-05-05 08:00:00,MH011,8.24,18.217419,6
2020-05-05 09:00:00,MH011,11.53,18.075624,6
2020-05-05 10:00:00,MH011,11.12,18.137737,6
2020-05-05 11:00:00,MH011,8.35,17.776848,6
2020-05-05 12:00:00,MH011,10.65,18.507824,6
2020-05-05 13:00:00,MH011,11.0,18.096222,6
2020-05-05 14:00:00,MH011,10.12,21.440445,6
2020-05-05 15:00:00,MH011,16.18,21.386932,6
2020-05-05 16:00:00,MH011,14.35,21.11108,6
2020-05-05 17:00:00,MH011,15.76,20.853558,6
2020-05-05 18:00:00,MH011,12.48,20.780807,6
2020-05-05 19:00:00,MH011,13.76,20.731812,6
2020-05-05 20:00:00,MH011,19.3,20.49609,6
2020-05-05 21:00:00,MH011,18.24,20.250158,6
2020-05-05 22:00:00,MH011,10.93,20.148813,6
2020-05-05 23:00:00,MH011,10.0,19.892815,6
2020-05-06 00:00:00,MH011,10.88,19.8556,6
2020-05-06 01:00:00,MH011,9.23,19.77302,6
2020-05-06 02:00:00,MH011,15.16,19.864555,6
2020-05-06 03:00:00,MH011,13.36,20.444632,6
2020-05-06 04:00:00,MH011,11.23,20.728153,6
2020-05-06 05:00:00,MH011,13.64,20.465963,6
2020-05-06 06:00:00,MH011,14.88,20.45167,6
2020-05-06 07:00:00,MH011,12.36,17.324701,6
2020-05-06 08:00:00,MH011,12.88,18.086246,6
2020-05-06 09:00:00,MH011,11.24,18.256632,6
2020-05-06 10:00:00,MH011,15.4,18.54263,6
2020-05-06 11:00:00,MH011,13.36,18.910557,6
2020-05-06 12:00:00,MH011,13.88,19.14962,6
2020-05-06 13:00:00,MH011,16.64,19.412191,6
2020-05-06 14:00:00,MH011,16.12,20.238697,6
2020-05-06 15:00:00,MH011,16.0,21.035496,6
2020-05-06 16:00:00,MH011,15.12,21.052877,6
2020-05-06 17:00:00,MH011,11.48,20.490269,6
2020-05-06 18:00:00,MH011,22.45,20.233297,6
2020-05-06 19:00:00,MH011,16.1,19.924719,6
2020-05-06 20:00:00,MH011,10.58,19.453772,6
2020-05-06 21:00:00,MH011,11.76,18.968758,6
2020-05-06 22:00:00,MH011,12.88,19.035757,6
2020-05-06 23:00:00,MH011,13.88,19.0581,6
2020-05-07 00:00:00,MH011,13.12,19.066574,6
2020-05-07 01:00:00,MH011,15.64,19.073343,6
2020-05-07 02:00:00,MH011,30.13,19.257074,6
2020-05-07 03:00:00,MH011,22.32,18.988459,6
2020-05-07 04:00:00,MH011,15.72,18.763847,6
2020-05-07 05:00:00,MH011,16.76,19.065996,6
2020-05-07 06:00:00,MH011,26.72,18.772776,6
2020-05-07 07:00:00,MH011,15.63,18.553883,6
2020-05-07 08:00:00,MH011,13.12,18.574266,6
2020-05-07 09:00:00,MH011,14.77,16.511871,6
2020-05-07 10:00:00,MH011,13.24,18.027502,6
2020-05-07 11:00:00,MH011,15.65,18.50999,6
2020-05-07 12:00:00,MH011,16.0,19.449743,6
2020-05-07 13:00:00,MH011,20.42,19.655596,6
2020-05-07 14:00:00,MH011,23.65,20.123173,6
2020-05-07 15:00:00,MH011,21.35,21.615177,6
2020-05-07 16:00:00,MH011,21.88,21.455973,6
2020-05-07 17:00:00,MH011,24.65,21.069101,6
2020-05-07 18:00:00,MH011,26.77,20.832952,6
2020-05-07 19:00:00,MH011,23.48,20.534508,6
2020-05-07 20:00:00,MH011,17.7,19.93263,6
2020-05-07 21:00:00,MH011,21.42,19.508476,6
2020-05-07 22:00:00,MH011,26.42,18.942232,6
2020-05-07 23:00:00,MH011,19.07,18.74285,6
2020-05-08 00:00:00,MH011,29.45,18.391247,6
2020-05-08 01:00:00,MH011,38.07,18.082388,6
2020-05-08 02:00:00,MH011,34.6,19.129543,6
2020-05-08 03:00:00,MH011,27.82,20.98023,6
2020-05-08 04:00:00,MH011,20.82,22.286364,6
2020-05-08 05:00:00,MH011,26.16,23.715828,6
2020-05-08 06:00:00,MH011,23.47,22.962128,6
2020-05-08 07:00:00,MH011,16.82,21.898176,6
2020-05-08 08:00:00,MH011,14.23,21.554604,6
2020-05-08 09:00:00,MH011,12.24,19.779202,6
2020-05-08 10:00:00,MH011,10.23,21.109756,6
2020-05-08 11:00:00,MH011,10.0,22.375006,6
2020-05-08 12:00:00,MH011,10.88,22.166216,6
2020-05-08 13:00:00,MH011,7.47,23.84067,6
2020-05-08 14:00:00,MH011,9.64,24.278008,6
2020-05-08 15:00:00,MH011,12.64,26.10977,6
2020-05-08 16:00:00,MH011,16.53,26.05129,6
2020-05-08 17:00:00,MH011,15.23,24.27503,6
2020-05-08 18:00:00,MH011,8.82,23.69995,6
2020-05-08 19:00:00,MH011,6.24,22.977318,6
2020-05-08 20:00:00,MH011,9.52,21.604362,6
2020-05-08 21:00:00,MH011,9.12,20.463236,6
2020-05-08 22:00:00,MH011,9.0,19.51408,6
2020-05-08 23:00:00,MH011,8.12,19.2688,6
2020-05-09 00:00:00,MH011,6.23,20.264387,6
2020-05-09 01:00:00,MH011,12.16,21.952152,6
2020-05-09 02:00:00,MH011,24.45,22.746819,6
2020-05-09 03:00:00,MH011,21.58,24.421465,6
2020-05-09 04:00:00,MH011,15.72,26.188076,6
2020-05-09 05:00:00,MH011,19.42,27.715065,6
2020-05-09 06:00:00,MH011,19.12,26.82798,6
2020-05-09 07:00:00,MH011,15.48,25.081684,6
2020-05-09 08:00:00,MH011,16.76,23.294985,6
2020-05-09 09:00:00,MH011,9.93,22.310186,6
2020-05-09 10:00:00,MH011,12.53,17.516542,6
2020-05-09 11:00:00,MH011,9.47,16.108345,6
2020-05-09 12:00:00,MH011,13.42,15.57958,6
2020-05-09 13:00:00,MH011,12.24,15.725283,6
2020-05-09 14:00:00,MH011,14.64,16.970694,6
2020-05-09 15:00:00,MH011,12.35,17.762836,6
2020-05-09 16:00:00,MH011,12.0,17.7866,6
2020-05-09 17:00:00,MH011,15.53,17.426237,6
2020-05-09 18:00:00,MH011,21.28,17.04073,6
2020-05-09 19:00:00,MH011,14.96,16.416138,6
2020-05-09 20:00:00,MH011,11.35,16.294584,6
2020-05-09 21:00:00,MH011,10.12,16.005146,6
2020-05-09 22:00:00,MH011,10.0,16.840687,6
2020-05-09 23:00:00,MH011,9.12,17.378971,6
2020-05-10 00:00:00,MH011,16.05,17.770975,6
2020-05-10 01:00:00,MH011,25.8,19.223446,6
2020-05-10 02:00:00,MH011,13.79,21.416538,6
2020-05-10 03:00:00,MH011,9.36,23.837477,6
2020-05-10 04:00:00,MH011,12.52,25.933296,6
2020-05-10 05:00:00,MH011,13.88,27.176056,6
2020-05-10 06:00:00,MH011,16.65,29.239098,6
2020-05-10 07:00:00,MH011,10.82,24.855923,6
2020-05-10 08:00:00,MH011,11.76,21.293125,6
2020-05-10 09:00:00,MH011,8.48,16.92754,6
2020-05-10 10:00:00,MH011,10.65,16.349947,6
2020-05-10 11:00:00,MH011,13.64,16.214977,6
2020-05-10 12:00:00,MH011,12.23,16.733105,6
2020-05-10 13:00:00,MH011,8.47,16.541481,6
2020-05-10 14:00:00,MH011,8.0,16.90651,6
2020-05-10 15:00:00,MH011,13.28,17.038664,6
2020-05-10 16:00:00,MH011,10.47,16.922846,6
2020-05-10 17:00:00,MH011,15.28,17.028023,6
2020-05-10 18:00:00,MH011,11.58,17.12935,6
2020-05-10 19:00:00,MH011,15.4,16.41368,6
2020-05-10 20:00:00,MH011,18.0,15.799438,6
2020-05-10 21:00:00,MH011,14.47,15.818277,6
2020-05-10 22:00:00,MH011,11.35,15.738379,6
2020-05-10 23:00:00,MH011,18.93,15.9265995,6
2020-05-11 00:00:00,MH011,18.23,16.54961,6
2020-05-11 01:00:00,MH011,29.45,18.983097,6
2020-05-11 02:00:00,MH011,55.66,22.262503,6
2020-05-11 03:00:00,MH011,24.66,25.418486,6
2020-05-11 04:00:00,MH011,20.88,28.257763,6
2020-05-11 05:00:00,MH011,17.47,29.647182,6
2020-05-11 06:00:00,MH011,20.53,23.840351,6
2020-05-11 07:00:00,MH011,16.58,20.120846,6
2020-05-11 08:00:00,MH011,11.58,17.82531,6
2020-05-11 09:00:00,MH011,8.36,17.218672,6
2020-05-11 10:00:00,MH011,8.0,19.324116,6
2020-05-11 11:00:00,MH011,6.23,17.394503,6
2020-05-11 12:00:00,MH011,6.88,20.643465,6
2020-05-11 13:00:00,MH011,12.28,17.765495,6
2020-05-11 14:00:00,MH011,13.88,18.408424,6
2020-05-11 15:00:00,MH011,11.36,22.43475,6
2020-05-11 16:00:00,MH011,16.3,22.800808,6
2020-05-11 17:00:00,MH011,14.35,23.101522,6
2020-05-11 18:00:00,MH011,11.36,22.870031,6
2020-05-11 19:00:00,MH011,10.12,23.159037,6
2020-05-11 20:00:00,MH011,12.64,23.33819,6
2020-05-11 21:00:00,MH011,8.6,22.698984,6
2020-05-11 22:00:00,MH011,11.53,22.199036,6
2020-05-11 23:00:00,MH011,12.0,21.661034,6
2020-05-12 00:00:00,MH011,19.95,21.323105,6
2020-05-12 01:00:00,MH011,21.0,21.535334,6
2020-05-12 02:00:00,MH011,29.83,22.388832,6
2020-05-12 03:00:00,MH011,26.58,22.348993,6
2020-05-12 04:00:00,MH011,13.67,22.73605,6
2020-05-12 05:00:00,MH011,19.07,20.55585,6
2020-05-12 06:00:00,MH011,20.0,20.25297,6
2020-05-12 07:00:00,MH011,15.58,18.689392,6
2020-05-12 08:00:00,MH011,8.84,17.644297,6
2020-05-12 09:00:00,MH011,7.12,17.284306,6
2020-05-12 10:00:00,MH011,7.88,17.260832,6
2020-05-12 11:00:00,MH011,14.16,17.548965,6
2020-05-12 12:00:00,MH011,10.58,18.097174,6
2020-05-12 13:00:00,MH011,14.4,18.246939,6
2020-05-12 14:00:00,MH011,12.35,18.50431,6
2020-05-12 15:00:00,MH011,14.64,19.689543,6
2020-05-12 16:00:00,MH011,12.35,21.856966,6
2020-05-12 17:00:00,MH011,11.12,22.394297,6
2020-05-12 18:00:00,MH011,10.12,21.95984,6
2020-05-12 19:00:00,MH011,8.23,21.912289,6
2020-05-12 20:00:00,MH011,11.53,21.54937,6
2020-05-12 21:00:00,MH011,8.47,20.853285,6
2020-05-12 22:00:00,MH011,9.76,20.195051,6
2020-05-12 23:00:00,MH011,10.0,19.786634,6
2020-05-13 00:00:00,MH011,9.12,19.412949,6
2020-05-13 01:00:00,MH011,9.0,19.230684,6
2020-05-13 02:00:00,MH011,21.37,19.869616,6
2020-05-13 03:00:00,MH011,22.12,20.798073,6
2020-05-13 04:00:00,MH011,18.48,20.771372,6
2020-05-13 05:00:00,MH011,18.88,20.501839,6
2020-05-13 06:00:00,MH011,20.77,19.270006,6
2020-05-13 07:00:00,MH011,13.96,18.304337,6
2020-05-13 08:00:00,MH011,13.0,16.25303,6
2020-05-13 09:00:00,MH011,10.35,17.333118,6
2020-05-13 10:00:00,MH011,6.48,17.907028,6
2020-05-13 11:00:00,MH011,6.88,17.90249,6
2020-05-13 12:00:00,MH011,7.88,18.655737,6
2020-05-13 13:00:00,MH011,8.88,18.896488,6
2020-05-13 14:00:00,MH011,9.0,19.633938,6
2020-05-13 15:00:00,MH011,11.65,21.88957,6
2020-05-13 16:00:00,MH011,9.36,22.744665,6
2020-05-13 17:00:00,MH011,8.12,21.889788,6
2020-05-13 18:00:00,MH011,8.0,21.346462,6
2020-05-13 19:00:00,MH011,9.76,20.815626,6
2020-05-13 20:00:00,MH011,9.12,20.27603,6
2020-05-13 21:00:00,MH011,9.88,19.682482,6
2020-05-13 22:00:00,MH011,9.12,18.866312,6
2020-05-13 23:00:00,MH011,9.88,18.261,6
2020-05-14 00:00:00,MH011,11.77,18.074114,6
2020-05-14 01:00:00,MH011,15.53,17.638893,6
2020-05-14 02:00:00,MH011,16.88,17.926498,6
2020-05-14 03:00:00,MH011,12.6,18.799097,6
2020-05-14 04:00:00,MH011,9.35,19.426287,6
2020-05-14 05:00:00,MH011,15.16,19.672928,6
2020-05-14 06:00:00,MH011,14.23,18.60912,6
2020-05-14 07:00:00,MH011,10.48,15.453758,6
2020-05-14 08:00:00,MH011,13.52,14.833477,6
2020-05-14 09:00:00,MH011,9.58,14.666449,6
2020-05-14 10:00:00,MH011,9.77,15.493959,6
2020-05-14 11:00:00,MH011,9.77,14.949226,6
2020-05-14 12:00:00,MH011,10.0,15.4843445,6
2020-05-14 13:00:00,MH011,10.0,15.39986,6
2020-05-14 14:00:00,MH011,10.0,18.767551,6
2020-05-14 15:00:00,MH011,10.0,19.055538,6
2020-05-14 22:00:00,MH011,12.0,17.009787,6
2020-05-14 23:00:00,MH011,12.0,17.032131,6
2020-05-15 00:00:00,MH011,8.48,16.975452,6
2020-05-15 01:00:00,MH011,15.02,17.366796,6
2020-05-15 02:00:00,MH011,16.0,18.294098,6
2020-05-15 03:00:00,MH011,13.36,19.326912,6
2020-05-17 09:00:00,MH011,24.0,31.096571,6
2020-05-17 10:00:00,MH011,18.73,31.476877,6
2020-05-17 11:00:00,MH011,18.73,28.969175,6
2020-05-17 12:00:00,MH011,18.73,27.27108,6
2020-05-17 13:00:00,MH011,18.73,27.466658,6
2020-05-17 14:00:00,MH011,19.0,28.130163,6
2020-05-17 15:00:00,MH011,19.0,28.146963,6
2020-05-17 16:00:00,MH011,19.0,28.193256,6
2020-05-17 17:00:00,MH011,19.0,28.346083,6
2020-05-17 18:00:00,MH011,19.0,26.887402,6
2020-05-17 19:00:00,MH011,20.0,25.516188,6
2020-05-17 20:00:00,MH011,20.0,24.196402,6
2020-05-17 21:00:00,MH011,20.0,23.220701,6
2020-05-17 22:00:00,MH011,20.0,23.460096,6
2020-05-18 05:00:00,MH011,20.0,28.245195,6
2020-05-18 06:00:00,MH011,20.0,28.679255,6
2020-05-18 07:00:00,MH011,20.0,27.349878,6
2020-05-18 08:00:00,MH011,20.0,26.354536,6
2020-05-22 07:00:00,MH011,11.49,18.553473,6
2020-05-22 08:00:00,MH011,12.75,16.390207,6
2020-05-22 09:00:00,MH011,10.37,16.260275,6
2020-05-22 10:00:00,MH011,10.88,16.49382,6
2020-05-22 11:00:00,MH011,14.51,16.991304,6
2020-05-22 12:00:00,MH011,10.61,17.994228,6
2020-05-22 13:00:00,MH011,11.75,19.13688,6
2020-05-22 14:00:00,MH011,12.0,20.224833,6
2020-05-22 15:00:00,MH011,13.75,21.699537,6
2020-05-22 16:00:00,MH011,16.62,22.191809,6
2020-05-22 17:00:00,MH011,13.5,22.080624,6
2020-05-22 18:00:00,MH011,10.38,21.689312,6
2020-05-22 19:00:00,MH011,16.12,21.178736,6
2020-05-22 20:00:00,MH011,14.37,20.777388,6
2020-05-22 21:00:00,MH011,14.0,20.381037,6
2020-05-22 22:00:00,MH011,13.12,19.810148,6
2020-05-22 23:00:00,MH011,11.25,19.702414,6
2020-05-23 00:00:00,MH011,15.38,20.342743,6
2020-05-23 01:00:00,MH011,17.75,20.75774,6
2020-05-23 02:00:00,MH011,15.37,21.211206,6
2020-05-23 03:00:00,MH011,20.27,21.516533,6
2020-05-23 04:00:00,MH011,16.61,22.060446,6
2020-05-23 05:00:00,MH011,12.49,22.485094,6
2020-05-23 06:00:00,MH011,13.75,23.69372,6
2020-05-23 07:00:00,MH011,17.48,23.292498,6
2020-05-23 08:00:00,MH011,17.12,23.010248,6
2020-05-23 09:00:00,MH011,10.86,22.976263,6
2020-05-23 10:00:00,MH011,9.12,18.300062,6
2020-05-23 11:00:00,MH011,10.75,16.9569,6
2020-05-23 12:00:00,MH011,16.27,16.47837,6
2020-05-23 13:00:00,MH011,16.12,17.231848,6
2020-05-23 14:00:00,MH011,15.12,17.989695,6
2020-05-23 15:00:00,MH011,12.36,19.719425,6
2020-05-23 16:00:00,MH011,12.0,19.645987,6
2020-05-23 17:00:00,MH011,12.0,19.378876,6
2020-05-23 18:00:00,MH011,9.37,18.359173,6
2020-05-23 19:00:00,MH011,8.12,18.095907,6
2020-05-23 20:00:00,MH011,10.62,17.96045,6
2020-05-23 21:00:00,MH011,9.25,17.551426,6
2020-05-23 22:00:00,MH011,11.63,17.430742,6
2020-05-23 23:00:00,MH011,13.75,17.188797,6
2020-05-24 00:00:00,MH011,12.25,17.2007,6
2020-05-24 01:00:00,MH011,10.25,17.896889,6
2020-05-24 02:00:00,MH011,12.62,19.179049,6
2020-05-24 03:00:00,MH011,13.0,21.736506,6
2020-05-24 04:00:00,MH011,13.0,23.281635,6
2020-05-24 05:00:00,MH011,11.25,25.384161,6
2020-05-24 06:00:00,MH011,11.88,26.896639,6
2020-05-24 07:00:00,MH011,10.25,26.895454,6
2020-05-24 08:00:00,MH011,12.62,26.885727,6
2020-05-24 09:00:00,MH011,10.38,25.616455,6
2020-05-24 10:00:00,MH011,10.0,24.966288,6
2020-05-24 11:00:00,MH011,7.38,24.30954,6
2020-05-24 12:00:00,MH011,8.75,24.652882,6
2020-05-24 13:00:00,MH011,10.75,25.01955,6
2020-05-24 14:00:00,MH011,8.38,25.604727,6
2020-05-24 15:00:00,MH011,8.88,25.667442,6
2020-05-24 16:00:00,MH011,16.02,25.293541,6
2020-05-24 17:00:00,MH011,10.86,23.993713,6
2020-05-24 18:00:00,MH011,9.12,22.41648,6
2020-05-24 19:00:00,MH011,9.0,20.71268,6
2020-05-24 20:00:00,MH011,9.0,19.67209,6
2020-05-24 21:00:00,MH011,7.25,19.66307,6
2020-05-24 22:00:00,MH011,15.78,19.65302,6
2020-05-24 23:00:00,MH011,8.25,20.097055,6
2020-05-25 00:00:00,MH011,9.62,19.858547,6
2020-05-25 01:00:00,MH011,10.0,20.74567,6
2020-05-25 02:00:00,MH011,18.78,22.229452,6
2020-05-25 03:00:00,MH011,14.75,23.504326,6
2020-05-25 04:00:00,MH011,20.06,24.553331,6
2020-05-25 05:00:00,MH011,14.86,24.865805,6
2020-05-25 06:00:00,MH011,13.12,23.911814,6
2020-05-25 07:00:00,MH011,10.37,23.558151,6
2020-05-25 08:00:00,MH011,16.12,24.026865,6
2020-05-25 09:00:00,MH011,13.5,23.574049,6
2020-05-25 10:00:00,MH011,13.0,16.213264,6
2020-05-25 11:00:00,MH011,10.37,14.968929,6
2020-05-25 12:00:00,MH011,9.12,14.653488,6
2020-05-25 13:00:00,MH011,11.62,15.241064,6
2020-05-25 14:00:00,MH011,12.88,18.382689,6
2020-05-25 15:00:00,MH011,14.75,19.534256,6
2020-05-25 16:00:00,MH011,15.0,20.324715,6
2020-05-25 17:00:00,MH011,19.38,20.068209,6
2020-05-25 18:00:00,MH011,19.12,19.538002,6
2020-05-25 19:00:00,MH011,12.02,19.613964,6
2020-05-25 20:00:00,MH011,17.12,19.75574,6
2020-05-25 21:00:00,MH011,11.0,19.814022,6
2020-05-25 22:00:00,MH011,12.63,20.181026,6
2020-05-25 23:00:00,MH011,16.5,20.196047,6
2020-05-26 00:00:00,MH011,16.12,19.988777,6
2020-05-26 01:00:00,MH011,16.88,19.874866,6
2020-05-26 02:00:00,MH011,14.38,20.496952,6
2020-05-26 03:00:00,MH011,14.88,20.391703,6
2020-05-26 04:00:00,MH011,18.5,20.597906,6
2020-05-26 05:00:00,MH011,14.61,20.85435,6
2020-05-26 06:00:00,MH011,14.0,20.506227,6
2020-05-26 07:00:00,MH011,12.25,19.475582,6
2020-05-26 08:00:00,MH011,12.0,19.519255,6
2020-05-26 09:00:00,MH011,9.38,19.939503,6
2020-05-26 10:00:00,MH011,12.51,20.469038,6
2020-05-26 11:00:00,MH011,9.49,21.709826,6
2020-05-26 12:00:00,MH011,8.12,22.636927,6
2020-05-26 13:00:00,MH011,7.12,23.102695,6
2020-05-26 14:00:00,MH011,8.75,23.55748,6
2020-05-26 15:00:00,MH011,10.75,23.596872,6
2020-05-26 16:00:00,MH011,10.12,23.73327,6
2020-05-26 17:00:00,MH011,10.0,23.75383,6
2020-05-26 18:00:00,MH011,9.12,23.564789,6
2020-05-26 19:00:00,MH011,11.62,23.306414,6
2020-05-26 20:00:00,MH011,12.0,22.932224,6
2020-05-26 21:00:00,MH011,9.37,22.592016,6
2020-05-26 22:00:00,MH011,11.62,22.442144,6
2020-05-26 23:00:00,MH011,12.0,22.111269,6
2020-05-27 00:00:00,MH011,9.38,21.49114,6
2020-05-27 01:00:00,MH011,9.88,20.87505,6
2020-05-27 02:00:00,MH011,10.88,20.366306,6
2020-05-27 03:00:00,MH011,11.88,20.150478,6
2020-05-27 04:00:00,MH011,11.12,20.136827,6
2020-05-27 05:00:00,MH011,11.88,19.744007,6
2020-05-27 06:00:00,MH011,9.38,18.287683,6
2020-05-27 07:00:00,MH011,8.12,16.755573,6
2020-05-27 08:00:00,MH011,7.12,16.293266,6
2020-05-27 09:00:00,MH011,6.12,16.53351,6
2020-05-27 10:00:00,MH011,6.88,17.340841,6
2020-05-27 11:00:00,MH011,8.75,18.37732,6
2020-05-27 12:00:00,MH011,10.75,19.406933,6
2020-05-27 13:00:00,MH011,13.62,20.057837,6
2020-05-27 14:00:00,MH011,15.75,20.786678,6
2020-05-27 15:00:00,MH011,9.0,21.442272,6
2020-05-27 16:00:00,MH011,10.63,21.65128,6
2020-05-27 17:00:00,MH011,11.88,22.09274,6
2020-05-27 18:00:00,MH011,12.0,22.082354,6
2020-05-27 19:00:00,MH011,11.12,21.848825,6
2020-05-27 20:00:00,MH011,8.38,21.588552,6
2020-05-27 21:00:00,MH011,8.0,21.312145,6
2020-05-27 22:00:00,MH011,9.75,21.035698,6
2020-05-27 23:00:00,MH011,10.0,20.725079,6
2020-05-28 00:00:00,MH011,10.88,20.138165,6
2020-05-28 01:00:00,MH011,11.88,19.521486,6
2020-05-28 02:00:00,MH011,12.88,18.961737,6
2020-05-28 03:00:00,MH011,11.25,18.117046,6
2020-05-28 04:00:00,MH011,12.75,17.071623,6
2020-05-28 05:00:00,MH011,11.25,16.618662,6
2020-05-28 06:00:00,MH011,8.37,15.501446,6
2020-05-28 07:00:00,MH011,7.12,14.268669,6
2020-05-28 08:00:00,MH011,7.0,13.884296,6
2020-05-28 09:00:00,MH011,4.38,14.127659,6
2020-05-28 10:00:00,MH011,6.63,14.935484,6
2020-05-28 11:00:00,MH011,12.27,15.994787,6
2020-05-28 12:00:00,MH011,9.51,17.1694,6
2020-05-28 13:00:00,MH011,11.63,18.160877,6
2020-05-28 14:00:00,MH011,13.75,19.191576,6
2020-05-28 15:00:00,MH011,11.37,19.866817,6
2020-05-28 16:00:00,MH011,13.63,20.23027,6
2020-05-28 17:00:00,MH011,8.74,20.03282,6
2020-05-28 18:00:00,MH011,8.0,19.879442,6
2020-05-28 19:00:00,MH011,5.38,19.676313,6
2020-05-28 20:00:00,MH011,5.0,19.349463,6
2020-05-28 21:00:00,MH011,6.75,18.93608,6
2020-05-28 22:00:00,MH011,7.88,18.596523,6
2020-05-28 23:00:00,MH011,9.75,18.48617,6
2020-05-29 00:00:00,MH011,6.5,18.03506,6
2020-05-29 01:00:00,MH011,6.0,17.915604,6
2020-05-29 02:00:00,MH011,5.12,17.309614,6
2020-05-29 03:00:00,MH011,7.62,17.299072,6
2020-05-29 04:00:00,MH011,8.88,17.26811,6
2020-05-29 05:00:00,MH011,7.25,18.019777,6
2020-05-29 06:00:00,MH011,9.63,17.685001,6
2020-05-29 07:00:00,MH011,8.25,17.175402,6
2020-05-29 08:00:00,MH011,6.25,16.55288,6
2020-05-29 09:00:00,MH011,5.12,16.478085,6
2020-05-29 10:00:00,MH011,3.25,16.803421,6
2020-05-29 11:00:00,MH011,3.0,17.15072,6
2020-05-29 12:00:00,MH011,6.51,17.186632,6
2020-05-29 13:00:00,MH011,4.38,17.074162,6
2020-05-29 14:00:00,MH011,6.62,17.167803,6
2020-05-29 15:00:00,MH011,10.5,17.224752,6
2020-05-29 16:00:00,MH011,8.38,17.544886,6
2020-05-29 17:00:00,MH011,5.37,17.824024,6
2020-05-29 18:00:00,MH011,6.75,17.730032,6
2020-05-29 19:00:00,MH011,7.0,17.379509,6
2020-05-29 20:00:00,MH011,6.12,16.856882,6
2020-05-29 21:00:00,MH011,7.75,16.474405,6
2020-05-29 22:00:00,MH011,7.12,15.946938,6
2020-05-29 23:00:00,MH011,12.24,15.596252,6
2020-05-30 00:00:00,MH011,9.5,15.772524,6
2020-05-30 01:00:00,MH011,6.37,16.630737,6
2020-05-30 02:00:00,MH011,11.25,16.654327,6
2020-05-30 03:00:00,MH011,10.25,17.265415,6
2020-05-30 04:00:00,MH011,7.37,17.766495,6
2020-05-30 05:00:00,MH011,5.25,18.136763,6
2020-05-30 06:00:00,MH011,5.0,18.178722,6
2020-05-30 07:00:00,MH011,5.88,16.712547,6
2020-05-30 08:00:00,MH011,5.12,15.199944,6
2020-05-30 09:00:00,MH011,3.25,14.139923,6
2020-05-30 10:00:00,MH011,5.62,13.4852295,6
2020-05-30 11:00:00,MH011,4.25,13.743881,6
2020-05-30 12:00:00,MH011,6.62,13.980946,6
2020-05-30 13:00:00,MH011,6.12,14.409716,6
2020-05-30 14:00:00,MH011,6.0,15.803204,6
2020-05-30 15:00:00,MH011,5.12,16.644472,6
2020-05-30 16:00:00,MH011,8.5,16.786102,6
2020-05-30 17:00:00,MH011,8.12,16.81956,6
2020-05-30 18:00:00,MH011,7.12,16.962437,6
2020-05-30 19:00:00,MH011,7.87,17.098417,6
2020-05-30 20:00:00,MH011,8.0,16.92505,6
2020-05-30 21:00:00,MH011,6.25,16.845642,6
2020-05-30 22:00:00,MH011,6.0,16.968054,6
2020-05-30 23:00:00,MH011,6.88,17.442974,6
2020-05-31 00:00:00,MH011,8.75,17.963095,6
2020-05-31 01:00:00,MH011,7.25,18.455484,6
2020-05-31 02:00:00,MH011,9.62,18.65701,6
2020-05-31 03:00:00,MH011,14.38,19.641546,6
2020-05-31 04:00:00,MH011,10.62,20.852865,6
2020-05-31 05:00:00,MH011,10.88,21.396132,6
2020-05-31 06:00:00,MH011,9.25,21.694695,6
2020-05-31 07:00:00,MH011,6.38,20.578814,6
2020-05-31 08:00:00,MH011,8.62,20.052431,6
2020-05-31 09:00:00,MH011,9.0,20.006346,6
2020-05-31 10:00:00,MH011,9.0,20.450676,6
2020-05-31 11:00:00,MH011,6.38,20.8077,6
2020-05-31 12:00:00,MH011,9.5,21.607859,6
2020-05-31 13:00:00,MH011,9.12,21.669136,6
2020-05-31 14:00:00,MH011,11.62,21.911457,6
2020-05-31 15:00:00,MH011,7.62,22.050766,6
2020-05-31 16:00:00,MH011,7.0,22.172842,6
2020-05-31 17:00:00,MH011,6.12,21.64585,6
2020-05-31 18:00:00,MH011,6.88,20.919464,6
2020-05-31 19:00:00,MH011,5.25,19.283571,6
2020-05-31 20:00:00,MH011,12.88,18.50472,6
2020-05-31 21:00:00,MH011,8.75,17.717943,6
2020-05-31 22:00:00,MH011,6.25,17.89625,6
2020-05-31 23:00:00,MH011,11.27,18.535719,6
2020-06-01 00:00:00,MH011,8.5,18.89938,6
2020-06-01 01:00:00,MH011,6.25,19.521244,6
2020-06-01 02:00:00,MH011,5.12,20.477499,6
2020-06-01 03:00:00,MH011,5.88,21.487732,6
2020-06-01 04:00:00,MH011,6.0,22.738304,6
2020-06-01 05:00:00,MH011,6.0,23.798777,6
2020-06-01 06:00:00,MH011,11.25,18.844343,6
2020-06-01 07:00:00,MH011,25.12,15.835184,6
2020-06-01 08:00:00,MH011,24.38,12.914051,6
2020-06-01 09:00:00,MH011,20.5,11.645271,6
2020-06-01 10:00:00,MH011,19.12,11.360645,6
2020-06-01 11:00:00,MH011,19.0,13.778252,6
2020-06-01 12:00:00,MH011,17.25,14.828024,6
2020-06-01 13:00:00,MH011,17.88,15.1474,6
2020-06-01 14:00:00,MH011,15.38,16.021053,6
2020-06-01 15:00:00,MH011,13.26,16.184776,6
2020-06-01 16:00:00,MH011,11.25,17.21638,6
2020-06-01 17:00:00,MH011,16.25,17.092089,6
2020-06-01 18:00:00,MH011,11.75,16.577402,6
2020-06-01 19:00:00,MH011,10.13,17.220703,6
2020-06-01 20:00:00,MH011,12.62,17.549923,6
2020-06-01 21:00:00,MH011,12.12,18.775333,6
2020-06-01 22:00:00,MH011,8.5,20.811085,6
2020-06-01 23:00:00,MH011,12.39,19.671791,6
2020-06-02 00:00:00,MH011,14.75,19.390701,6
2020-06-02 01:00:00,MH011,11.49,20.047924,6
2020-06-02 02:00:00,MH011,14.51,20.898834,6
2020-06-02 03:00:00,MH011,15.88,21.909374,6
2020-06-02 04:00:00,MH011,21.24,22.684755,6
2020-06-02 05:00:00,MH011,32.5,23.081781,6
2020-06-02 06:00:00,MH011,31.38,22.056866,6
2020-06-02 07:00:00,MH011,24.86,21.847754,6
2020-06-02 08:00:00,MH011,25.75,21.423775,6
2020-06-02 09:00:00,MH011,24.25,20.569023,6
2020-06-02 10:00:00,MH011,18.75,19.95633,6
2020-06-02 11:00:00,MH011,17.12,20.784426,6
2020-06-02 12:00:00,MH011,11.75,21.757494,6
2020-06-02 13:00:00,MH011,17.12,22.125721,6
2020-06-02 14:00:00,MH011,17.12,22.152937,6
2020-06-02 15:00:00,MH011,14.37,22.142818,6
2020-06-02 16:00:00,MH011,20.12,22.317383,6
2020-06-02 17:00:00,MH011,17.5,22.067816,6
2020-06-02 18:00:00,MH011,20.5,22.312763,6
2020-06-02 19:00:00,MH011,18.38,21.076258,6
2020-06-02 20:00:00,MH011,7.47,19.401545,6
2020-06-02 21:00:00,MH011,12.12,17.458773,6
2020-06-02 22:00:00,MH011,9.49,16.20932,6
2020-06-02 23:00:00,MH011,10.75,15.029425,6
2020-06-03 00:00:00,MH011,9.25,13.226978,6
2020-06-03 01:00:00,MH011,6.38,12.164085,6
2020-06-03 02:00:00,MH011,6.0,12.557205,6
2020-06-03 03:00:00,MH011,4.25,12.741619,6
2020-06-03 04:00:00,MH011,4.88,13.342693,6
2020-06-03 05:00:00,MH011,6.75,13.437302,6
2020-06-03 06:00:00,MH011,4.38,15.128971,6
2020-06-03 07:00:00,MH011,1.38,14.727118,6
2020-06-03 08:00:00,MH011,1.87,15.139181,6
2020-06-03 09:00:00,MH011,1.0,15.177134,6
2020-06-03 10:00:00,MH011,0.88,15.374018,6
2020-06-03 11:00:00,MH011,1.88,15.337355,6
2020-06-03 12:00:00,MH011,4.5,14.482599,6
2020-06-03 13:00:00,MH011,3.51,10.578037,6
2020-06-03 14:00:00,MH011,1.25,10.122112,6
2020-06-03 15:00:00,MH011,0.51,11.077007,6
2020-06-03 16:00:00,MH011,1.75,10.523628,6
2020-06-03 17:00:00,MH011,2.88,8.7678795,6
2020-06-03 18:00:00,MH011,3.0,6.6307406,6
2020-06-03 19:00:00,MH011,3.0,0.7596737,6
2020-06-03 20:00:00,MH011,3.88,-1.1588482,6
2020-06-03 21:00:00,MH011,4.0,-1.7364696,6
2020-06-03 22:00:00,MH011,2.25,-3.059483,6
2020-06-03 23:00:00,MH011,13.38,2.872436,6
2020-06-04 00:00:00,MH011,12.38,11.711639,6
2020-06-04 01:00:00,MH011,12.87,11.815056,6
2020-06-04 02:00:00,MH011,10.38,12.037273,6
2020-06-04 03:00:00,MH011,13.5,12.350216,6
2020-06-04 04:00:00,MH011,15.75,12.75407,6
2020-06-04 05:00:00,MH011,9.0,13.338341,6
2020-06-04 06:00:00,MH011,6.25,15.34737,6
2020-06-04 07:00:00,MH011,8.62,16.10431,6
2020-06-04 08:00:00,MH011,6.38,17.039078,6
2020-06-04 09:00:00,MH011,4.25,17.544119,6
2020-06-04 10:00:00,MH011,5.75,17.954285,6
2020-06-04 11:00:00,MH011,4.25,18.474407,6
2020-06-04 12:00:00,MH011,3.12,19.067902,6
2020-06-04 13:00:00,MH011,4.75,18.404404,6
2020-06-04 14:00:00,MH011,5.87,18.231476,6
2020-06-04 15:00:00,MH011,15.6,18.746086,6
2020-06-04 16:00:00,MH011,17.87,18.074423,6
2020-06-04 17:00:00,MH011,15.38,17.393473,6
2020-06-04 18:00:00,MH011,19.38,17.266905,6
2020-06-04 19:00:00,MH011,21.75,16.293747,6
2020-06-04 20:00:00,MH011,22.0,14.5475235,6
2020-06-04 21:00:00,MH011,6.25,12.350269,6
2020-06-04 22:00:00,MH011,7.0,11.4687805,6
2020-06-04 23:00:00,MH011,6.5,11.335003,6
2020-06-05 00:00:00,MH011,7.75,11.521614,6
2020-06-05 01:00:00,MH011,8.0,12.597279,6
2020-06-05 02:00:00,MH011,7.12,12.678436,6
2020-06-05 03:00:00,MH011,9.62,12.708878,6
2020-06-05 04:00:00,MH011,10.0,12.858009,6
2020-06-05 05:00:00,MH011,10.0,12.952,6
2020-06-05 06:00:00,MH011,7.38,15.460396,6
2020-06-05 07:00:00,MH011,7.0,14.971304,6
2020-06-05 08:00:00,MH011,5.25,15.062206,6
2020-06-05 09:00:00,MH011,3.25,15.719965,6
2020-06-05 10:00:00,MH011,2.13,16.43264,6
2020-06-05 11:00:00,MH011,5.5,16.09148,6
2020-06-05 12:00:00,MH011,6.88,15.762896,6
2020-06-05 13:00:00,MH011,7.0,16.230396,6
2020-06-05 14:00:00,MH011,9.62,15.636013,6
2020-06-05 15:00:00,MH011,8.25,15.094076,6
2020-06-05 16:00:00,MH011,6.25,14.817251,6
2020-06-05 17:00:00,MH011,6.0,14.121899,6
2020-06-05 18:00:00,MH011,6.0,13.664124,6
2020-06-05 19:00:00,MH011,6.88,12.849304,6
2020-06-05 20:00:00,MH011,9.62,12.23415,6
2020-06-05 21:00:00,MH011,9.13,11.599567,6
2020-06-05 22:00:00,MH011,6.38,11.196087,6
2020-06-05 23:00:00,MH011,5.12,11.444439,6
2020-06-06 00:00:00,MH011,7.62,11.784332,6
2020-06-06 01:00:00,MH011,14.98,12.122883,6
2020-06-06 02:00:00,MH011,8.15,13.030849,6
2020-06-06 03:00:00,MH011,5.25,12.131222,6
2020-06-06 04:00:00,MH011,2.0,12.765907,6
2020-06-06 05:00:00,MH011,1.12,13.457367,6
2020-06-06 06:00:00,MH011,5.38,14.109901,6
2020-06-06 07:00:00,MH011,4.25,13.665089,6
2020-06-06 08:00:00,MH011,3.12,14.303043,6
2020-06-06 09:00:00,MH011,3.0,13.80698,6
2020-06-06 10:00:00,MH011,3.0,13.763172,6
2020-06-06 11:00:00,MH011,3.0,13.665466,6
2020-06-06 12:00:00,MH011,3.87,13.838261,6
2020-06-06 13:00:00,MH011,5.75,14.326206,6
2020-06-06 14:00:00,MH011,6.87,13.569836,6
2020-06-06 15:00:00,MH011,6.12,13.414539,6
2020-06-06 16:00:00,MH011,6.87,13.243263,6
2020-06-06 17:00:00,MH011,8.75,12.504406,6
2020-06-06 18:00:00,MH011,10.75,12.01598,6
2020-06-06 19:00:00,MH011,7.51,11.209152,6
2020-06-06 20:00:00,MH011,9.62,10.908878,6
2020-06-06 21:00:00,MH011,7.38,10.647095,6
2020-06-06 22:00:00,MH011,9.62,10.955006,6
2020-06-06 23:00:00,MH011,10.87,10.243755,6
2020-06-07 00:00:00,MH011,13.62,11.034531,6
2020-06-07 01:00:00,MH011,17.49,11.590179,6
2020-06-07 02:00:00,MH011,17.12,11.65287,6
2020-06-07 03:00:00,MH011,17.0,11.280281,6
2020-06-07 04:00:00,MH011,12.62,12.435841,6
2020-06-07 05:00:00,MH011,6.75,12.593422,6
2020-06-07 06:00:00,MH011,6.0,14.657269,6
2020-06-07 07:00:00,MH011,6.0,13.686607,6
2020-06-07 08:00:00,MH011,4.25,13.9873085,6
2020-06-07 09:00:00,MH011,3.12,13.482498,6
2020-06-07 10:00:00,MH011,6.5,14.476469,6
2020-06-07 11:00:00,MH011,6.13,14.39484,6
2020-06-07 12:00:00,MH011,7.75,14.792234,6
2020-06-07 13:00:00,MH011,8.0,14.58729,6
2020-06-07 14:00:00,MH011,6.25,15.459402,6
2020-06-07 15:00:00,MH011,5.13,14.814398,6
2020-06-07 16:00:00,MH011,5.87,15.119728,6
2020-06-07 17:00:00,MH011,8.62,14.491478,6
2020-06-07 18:00:00,MH011,9.0,14.026051,6
2020-06-07 19:00:00,MH011,5.51,13.420349,6
2020-06-07 20:00:00,MH011,9.36,12.8079605,6
2020-06-07 21:00:00,MH011,7.38,11.760349,6
2020-06-07 22:00:00,MH011,5.25,11.570915,6
2020-06-07 23:00:00,MH011,2.38,11.542221,6
2020-06-08 00:00:00,MH011,2.0,12.415695,6
2020-06-08 01:00:00,MH011,2.88,12.512379,6
2020-06-08 02:00:00,MH011,2.12,12.585152,6
2020-06-08 03:00:00,MH011,3.75,13.769562,6
2020-06-08 04:00:00,MH011,5.75,14.223705,6
2020-06-08 05:00:00,MH011,7.75,13.600861,6
2020-06-08 06:00:00,MH011,7.75,14.72047,6
2020-06-08 07:00:00,MH011,7.75,14.17448,6
2020-06-08 08:00:00,MH011,7.75,13.768101,6
2020-06-28 20:00:00,MH011,10.0,13.957989,6
2020-06-28 21:00:00,MH011,10.0,12.385529,6
2020-06-28 22:00:00,MH011,5.65,11.419567,6
2020-06-28 23:00:00,MH011,6.74,10.977879,6
2020-06-29 00:00:00,MH011,7.86,10.897461,6
2020-06-29 01:00:00,MH011,8.0,12.500595,6
2020-06-29 02:00:00,MH011,5.39,13.336929,6
2020-06-29 03:00:00,MH011,4.13,14.55871,6
2020-06-29 04:00:00,MH011,3.13,15.260494,6
2020-06-29 05:00:00,MH011,2.13,14.629356,6
2020-06-29 06:00:00,MH011,2.0,15.507616,6
2020-06-29 07:00:00,MH011,6.35,15.28903,6
2020-06-29 08:00:00,MH011,5.25,14.778135,6
2020-06-29 09:00:00,MH011,2.39,15.084942,6
2020-06-29 10:00:00,MH011,2.0,15.203373,6
2020-06-29 11:00:00,MH011,1.13,15.0228405,6
2020-06-29 12:00:00,MH011,3.61,14.809713,6
2020-06-29 13:00:00,MH011,4.87,14.667379,6
2020-06-29 14:00:00,MH011,3.28,14.774153,6
2020-06-29 15:00:00,MH011,6.48,14.638538,6
2020-06-29 16:00:00,MH011,11.35,14.535254,6
2020-06-29 17:00:00,MH011,7.65,14.233471,6
2020-06-29 18:00:00,MH011,4.39,13.678848,6
2020-06-29 19:00:00,MH011,1.38,12.474007,6
2020-06-29 20:00:00,MH011,0.53,11.746643,6
2020-06-29 21:00:00,MH011,0.53,10.898159,6
2020-06-29 22:00:00,MH011,1.74,10.32637,6
2020-06-29 23:00:00,MH011,1.04,9.568962,6
2020-06-30 00:00:00,MH011,1.04,9.577885,6
2020-06-30 01:00:00,MH011,1.04,11.138138,6
2020-06-30 02:00:00,MH011,1.04,11.713474,6
2020-06-30 03:00:00,MH011,3.48,11.375141,6
2020-06-30 04:00:00,MH011,4.87,11.835209,6
2020-06-30 05:00:00,MH011,3.26,10.726513,6
2020-06-30 06:00:00,MH011,3.0,11.6553955,6
2020-06-30 07:00:00,MH011,4.74,11.507496,6
2020-06-30 08:00:00,MH011,2.4,11.675453,6
2020-06-30 09:00:00,MH011,1.04,11.997902,6
2020-06-30 10:00:00,MH011,6.96,11.865921,6
2020-06-30 11:00:00,MH011,6.26,11.292446,6
2020-06-30 12:00:00,MH011,3.4,11.517815,6
2020-06-30 13:00:00,MH011,5.61,11.713776,6
2020-06-30 14:00:00,MH011,7.74,11.657967,6
2020-06-30 15:00:00,MH011,5.39,11.747353,6
2020-06-30 16:00:00,MH011,5.0,11.780739,6
2020-06-30 17:00:00,MH011,4.13,11.651333,6
2020-06-30 18:00:00,MH011,2.26,11.060867,6
2020-05-04 08:00:00,MH014,13.32,25.154837,6
2020-05-04 09:00:00,MH014,8.12,19.427862,6
2020-05-04 10:00:00,MH014,9.8,16.026257,6
2020-05-04 11:00:00,MH014,16.7,13.944805,6
2020-05-04 12:00:00,MH014,21.2,13.633675,6
2020-05-04 13:00:00,MH014,14.09,13.369129,6
2020-05-04 14:00:00,MH014,7.8,16.584604,6
2020-05-04 15:00:00,MH014,14.0,17.741787,6
2020-05-04 16:00:00,MH014,13.77,18.32181,6
2020-05-04 17:00:00,MH014,11.77,18.866182,6
2020-05-04 18:00:00,MH014,10.91,19.442215,6
2020-05-04 19:00:00,MH014,16.98,19.839294,6
2020-05-04 20:00:00,MH014,8.77,20.097975,6
2020-05-04 21:00:00,MH014,7.0,20.370144,6
2020-05-04 22:00:00,MH014,6.65,20.45303,6
2020-05-04 23:00:00,MH014,3.77,20.798994,6
2020-05-05 00:00:00,MH014,2.23,20.684237,6
2020-05-05 01:00:00,MH014,4.46,20.308369,6
2020-05-05 02:00:00,MH014,8.47,20.102932,6
2020-05-05 03:00:00,MH014,12.23,20.106234,6
2020-05-05 04:00:00,MH014,13.43,20.62796,6
2020-05-05 05:00:00,MH014,10.17,20.896152,6
2020-05-05 06:00:00,MH014,18.43,20.409538,6
2020-05-05 07:00:00,MH014,14.34,19.250702,6
2020-05-05 08:00:00,MH014,16.43,18.594608,6
2020-05-05 09:00:00,MH014,11.66,18.432959,6
2020-05-05 10:00:00,MH014,9.58,18.538116,6
2020-05-05 11:00:00,MH014,14.23,18.244595,6
2020-05-05 12:00:00,MH014,16.0,18.962477,6
2020-05-05 13:00:00,MH014,15.88,18.660316,6
2020-05-05 14:00:00,MH014,14.66,21.315493,6
2020-05-05 15:00:00,MH014,11.88,21.313017,6
2020-05-05 16:00:00,MH014,11.0,21.081404,6
2020-05-05 17:00:00,MH014,10.66,20.904066,6
2020-05-05 18:00:00,MH014,8.45,20.76547,6
2020-05-05 19:00:00,MH014,12.58,20.798025,6
2020-05-05 20:00:00,MH014,17.0,20.537819,6
2020-05-05 21:00:00,MH014,16.43,20.351782,6
2020-05-05 22:00:00,MH014,11.3,20.153612,6
2020-05-05 23:00:00,MH014,5.43,19.962698,6
2020-05-06 00:00:00,MH014,1.34,19.95436,6
2020-05-06 01:00:00,MH014,4.8,19.710758,6
2020-05-06 02:00:00,MH014,10.77,19.531416,6
2020-05-06 03:00:00,MH014,9.58,20.234764,6
2020-05-06 04:00:00,MH014,13.88,20.938673,6
2020-05-06 05:00:00,MH014,13.35,20.855513,6
2020-05-06 06:00:00,MH014,14.86,21.249823,6
2020-05-06 07:00:00,MH014,5.88,18.004467,6
2020-05-06 08:00:00,MH014,5.35,18.63486,6
2020-05-06 09:00:00,MH014,10.45,18.686165,6
2020-05-06 10:00:00,MH014,28.65,18.93991,6
2020-05-06 11:00:00,MH014,26.68,19.098017,6
2020-05-06 12:00:00,MH014,31.11,19.317991,6
2020-05-06 13:00:00,MH014,22.86,19.599314,6
2020-05-06 14:00:00,MH014,13.65,20.262695,6
2020-05-06 15:00:00,MH014,10.54,20.823557,6
2020-05-06 16:00:00,MH014,7.23,20.831554,6
2020-05-06 17:00:00,MH014,9.7,20.308388,6
2020-05-06 18:00:00,MH014,15.0,19.994642,6
2020-05-06 19:00:00,MH014,14.66,19.982605,6
2020-05-06 20:00:00,MH014,12.0,19.486797,6
2020-05-06 21:00:00,MH014,11.77,19.139004,6
2020-05-06 22:00:00,MH014,9.88,19.339777,6
2020-05-06 23:00:00,MH014,8.77,19.309587,6
2020-05-07 00:00:00,MH014,7.0,19.268114,6
2020-05-07 01:00:00,MH014,7.68,19.374166,6
2020-05-07 02:00:00,MH014,12.88,19.470943,6
2020-05-07 03:00:00,MH014,12.47,19.561691,6
2020-05-07 04:00:00,MH014,16.12,19.850601,6
2020-05-07 05:00:00,MH014,16.88,19.989212,6
2020-05-07 06:00:00,MH014,15.88,19.58836,6
2020-05-07 07:00:00,MH014,13.95,18.547247,6
2020-05-07 08:00:00,MH014,6.91,18.19531,6
2020-05-07 09:00:00,MH014,14.8,16.473139,6
2020-05-07 10:00:00,MH014,20.55,18.053308,6
2020-05-07 11:00:00,MH014,17.23,18.758284,6
2020-05-07 12:00:00,MH014,18.88,19.70071,6
2020-05-07 13:00:00,MH014,18.68,20.001911,6
2020-05-07 14:00:00,MH014,23.2,20.408617,6
2020-05-07 15:00:00,MH014,16.77,21.365541,6
2020-05-07 16:00:00,MH014,14.88,20.946274,6
2020-05-07 17:00:00,MH014,14.12,20.552624,6
2020-05-07 18:00:00,MH014,14.54,20.323902,6
2020-05-07 19:00:00,MH014,11.47,20.127249,6
2020-05-07 20:00:00,MH014,14.88,19.623846,6
2020-05-07 21:00:00,MH014,14.46,19.117605,6
2020-05-07 22:00:00,MH014,17.09,18.742117,6
2020-05-07 23:00:00,MH014,9.88,18.483826,6
2020-05-08 00:00:00,MH014,9.46,17.880041,6
2020-05-08 01:00:00,MH014,12.77,17.592285,6
2020-05-08 02:00:00,MH014,11.68,17.709278,6
2020-05-08 03:00:00,MH014,16.43,19.916706,6
2020-05-08 04:00:00,MH014,12.8,21.953888,6
2020-05-08 05:00:00,MH014,20.59,23.451363,6
2020-05-08 06:00:00,MH014,32.43,22.235344,6
2020-05-08 07:00:00,MH014,26.29,20.937151,6
2020-05-08 08:00:00,MH014,12.77,20.33198,6
2020-05-08 09:00:00,MH014,11.12,18.27066,6
2020-05-08 10:00:00,MH014,12.58,19.542034,6
2020-05-08 11:00:00,MH014,16.65,20.912827,6
2020-05-08 12:00:00,MH014,15.17,20.66231,6
2020-05-08 13:00:00,MH014,22.98,22.231771,6
2020-05-08 14:00:00,MH014,15.46,22.571634,6
2020-05-08 15:00:00,MH014,18.32,23.770681,6
2020-05-08 16:00:00,MH014,12.88,23.723099,6
2020-05-08 17:00:00,MH014,11.77,22.219202,6
2020-05-08 18:00:00,MH014,10.0,21.410177,6
2020-05-08 19:00:00,MH014,10.0,20.981876,6
2020-05-08 20:00:00,MH014,10.57,20.245188,6
2020-05-08 21:00:00,MH014,14.77,19.639406,6
2020-05-08 22:00:00,MH014,12.53,18.888523,6
2020-05-08 23:00:00,MH014,9.68,18.236683,6
2020-05-09 00:00:00,MH014,14.42,18.465761,6
2020-05-09 01:00:00,MH014,9.77,19.8086,6
2020-05-09 02:00:00,MH014,8.34,20.357512,6
2020-05-09 03:00:00,MH014,11.46,22.300823,6
2020-05-09 04:00:00,MH014,15.8,24.04503,6
2020-05-09 05:00:00,MH014,21.88,26.301233,6
2020-05-09 06:00:00,MH014,21.23,26.634977,6
2020-05-09 07:00:00,MH014,22.88,25.432575,6
2020-05-09 08:00:00,MH014,21.55,23.444712,6
2020-05-09 09:00:00,MH014,17.88,22.841198,6
2020-05-09 10:00:00,MH014,17.12,18.500908,6
2020-05-09 11:00:00,MH014,17.88,16.878448,6
2020-05-09 12:00:00,MH014,17.8,17.053051,6
2020-05-09 13:00:00,MH014,23.18,17.738457,6
2020-05-09 14:00:00,MH014,17.12,18.544575,6
2020-05-09 15:00:00,MH014,18.12,19.729427,6
2020-05-09 16:00:00,MH014,18.09,19.724993,6
2020-05-09 17:00:00,MH014,11.0,18.98663,6
2020-05-09 18:00:00,MH014,11.45,18.249626,6
2020-05-09 19:00:00,MH014,14.88,17.425331,6
2020-05-09 20:00:00,MH014,14.23,17.014265,6
2020-05-09 21:00:00,MH014,15.09,16.776184,6
2020-05-09 22:00:00,MH014,8.57,17.722088,6
2020-05-09 23:00:00,MH014,12.32,17.750769,6
2020-05-10 00:00:00,MH014,6.53,18.450888,6
2020-05-10 01:00:00,MH014,3.91,19.639315,6
2020-05-10 02:00:00,MH014,10.77,21.413826,6
2020-05-10 03:00:00,MH014,10.05,23.867754,6
2020-05-10 04:00:00,MH014,18.0,26.552902,6
2020-05-10 05:00:00,MH014,18.45,28.31617,6
2020-05-10 06:00:00,MH014,21.53,30.297663,6
2020-05-10 07:00:00,MH014,18.47,26.357662,6
2020-05-10 08:00:00,MH014,20.41,22.669676,6
2020-05-10 09:00:00,MH014,8.0,18.318195,6
2020-05-10 10:00:00,MH014,8.7,18.54059,6
2020-05-10 11:00:00,MH014,14.0,18.65138,6
2020-05-10 12:00:00,MH014,13.54,19.514774,6
2020-05-10 13:00:00,MH014,10.91,19.121468,6
2020-05-10 14:00:00,MH014,18.0,19.239904,6
2020-05-10 15:00:00,MH014,18.0,20.389645,6
2020-05-10 16:00:00,MH014,16.52,20.006063,6
2020-05-10 17:00:00,MH014,5.91,19.516378,6
2020-05-10 18:00:00,MH014,29.17,18.651005,6
2020-05-10 19:00:00,MH014,139.36,17.862598,6
2020-05-10 20:00:00,MH014,16.32,17.351892,6
2020-05-10 21:00:00,MH014,12.03,16.979326,6
2020-05-10 22:00:00,MH014,19.32,16.548885,6
2020-05-10 23:00:00,MH014,13.53,16.965153,6
2020-05-11 00:00:00,MH014,9.88,17.14683,6
2020-05-11 01:00:00,MH014,10.25,18.849503,6
2020-05-11 02:00:00,MH014,18.95,22.56399,6
2020-05-11 03:00:00,MH014,12.82,25.71719,6
2020-05-11 04:00:00,MH014,26.88,29.031584,6
2020-05-11 05:00:00,MH014,26.12,30.896635,6
2020-05-11 06:00:00,MH014,26.53,25.041912,6
2020-05-11 07:00:00,MH014,22.3,24.042435,6
2020-05-11 08:00:00,MH014,16.77,25.105785,6
2020-05-11 09:00:00,MH014,14.43,22.03929,6
2020-05-11 10:00:00,MH014,10.12,26.120058,6
2020-05-11 11:00:00,MH014,11.23,22.176945,6
2020-05-11 12:00:00,MH014,12.88,25.100046,6
2020-05-11 13:00:00,MH014,12.47,24.704655,6
2020-05-11 14:00:00,MH014,16.23,23.413149,6
2020-05-11 15:00:00,MH014,18.0,25.35894,6
2020-05-11 16:00:00,MH014,17.43,24.604298,6
2020-05-11 17:00:00,MH014,12.54,23.808504,6
2020-05-11 18:00:00,MH014,9.12,23.718412,6
2020-05-11 19:00:00,MH014,9.65,24.881788,6
2020-05-11 20:00:00,MH014,6.88,24.328264,6
2020-05-11 21:00:00,MH014,6.68,23.84338,6
2020-05-11 22:00:00,MH014,12.12,23.507326,6
2020-05-11 23:00:00,MH014,13.58,22.755058,6
2020-05-12 00:00:00,MH014,17.43,22.318317,6
2020-05-12 01:00:00,MH014,12.42,22.21424,6
2020-05-12 02:00:00,MH014,8.0,22.657953,6
2020-05-12 03:00:00,MH014,8.84,23.007753,6
2020-05-12 04:00:00,MH014,14.65,24.11966,6
2020-05-12 05:00:00,MH014,12.57,22.431587,6
2020-05-12 06:00:00,MH014,17.0,22.544033,6
2020-05-12 07:00:00,MH014,16.88,21.283026,6
2020-05-12 08:00:00,MH014,15.2,20.263046,6
2020-05-12 09:00:00,MH014,9.47,19.352606,6
2020-05-12 10:00:00,MH014,12.77,19.058746,6
2020-05-12 11:00:00,MH014,11.12,18.987461,6
2020-05-12 12:00:00,MH014,12.35,19.473013,6
2020-05-12 13:00:00,MH014,15.0,19.78519,6
2020-05-12 14:00:00,MH014,15.23,19.867958,6
2020-05-12 15:00:00,MH014,17.12,20.708519,6
2020-05-12 16:00:00,MH014,17.65,23.623466,6
2020-05-12 17:00:00,MH014,14.43,23.364698,6
2020-05-12 18:00:00,MH014,9.66,22.78,6
2020-05-12 19:00:00,MH014,7.12,22.80974,6
2020-05-12 20:00:00,MH014,8.23,22.14104,6
2020-05-12 21:00:00,MH014,10.34,21.49402,6
2020-05-12 22:00:00,MH014,13.68,21.090498,6
2020-05-12 23:00:00,MH014,18.18,20.73858,6
2020-05-13 00:00:00,MH014,12.35,20.103598,6
2020-05-13 01:00:00,MH014,14.88,19.815702,6
2020-05-13 02:00:00,MH014,13.88,19.994936,6
2020-05-13 03:00:00,MH014,13.57,20.902664,6
2020-05-13 04:00:00,MH014,18.12,21.222424,6
2020-05-13 05:00:00,MH014,19.12,20.961748,6
2020-05-13 06:00:00,MH014,19.88,19.962605,6
2020-05-13 07:00:00,MH014,18.43,19.066166,6
2020-05-13 08:00:00,MH014,14.12,16.990051,6
2020-05-13 09:00:00,MH014,14.88,18.009567,6
2020-05-13 10:00:00,MH014,13.53,18.67987,6
2020-05-13 11:00:00,MH014,10.23,18.683243,6
2020-05-13 12:00:00,MH014,11.77,19.394398,6
2020-05-13 13:00:00,MH014,10.8,19.65202,6
2020-05-13 14:00:00,MH014,17.7,20.626604,6
2020-05-13 15:00:00,MH014,22.3,22.584192,6
2020-05-13 16:00:00,MH014,16.53,23.242077,6
2020-05-13 17:00:00,MH014,12.54,22.33835,6
2020-05-13 18:00:00,MH014,8.54,21.539728,6
2020-05-13 19:00:00,MH014,5.0,20.934877,6
2020-05-13 20:00:00,MH014,5.46,20.237877,6
2020-05-13 21:00:00,MH014,8.88,19.635775,6
2020-05-13 22:00:00,MH014,8.7,19.01633,6
2020-05-13 23:00:00,MH014,13.77,18.507933,6
2020-05-14 00:00:00,MH014,11.88,18.231216,6
2020-05-14 01:00:00,MH014,11.12,18.057121,6
2020-05-14 02:00:00,MH014,11.54,18.191765,6
2020-05-14 03:00:00,MH014,7.88,19.138144,6
2020-05-14 04:00:00,MH014,8.25,20.102278,6
2020-05-14 05:00:00,MH014,17.53,20.69074,6
2020-05-14 06:00:00,MH014,14.82,20.480076,6
2020-05-14 07:00:00,MH014,21.0,17.35754,6
2020-05-14 08:00:00,MH014,20.77,17.046776,6
2020-05-14 09:00:00,MH014,18.43,16.672096,6
2020-05-14 10:00:00,MH014,13.66,17.251045,6
2020-05-14 11:00:00,MH014,11.23,16.676716,6
2020-05-14 12:00:00,MH014,13.0,17.228174,6
2020-05-14 13:00:00,MH014,12.77,17.135418,6
2020-05-14 14:00:00,MH014,12.82,20.35523,6
2020-05-14 15:00:00,MH014,25.6,20.4329,6
2020-05-14 16:00:00,MH014,15.46,20.385038,6
2020-05-14 17:00:00,MH014,20.05,20.010412,6
2020-05-14 18:00:00,MH014,26.72,19.559834,6
2020-05-14 19:00:00,MH014,15.75,19.192875,6
2020-05-14 20:00:00,MH014,6.67,18.900198,6
2020-05-14 21:00:00,MH014,10.12,18.0907,6
2020-05-14 22:00:00,MH014,10.88,17.69654,6
2020-05-14 23:00:00,MH014,11.0,17.778114,6
2020-05-15 00:00:00,MH014,18.55,17.744585,6
2020-05-15 01:00:00,MH014,15.0,18.015394,6
2020-05-15 02:00:00,MH014,14.66,18.670794,6
2020-05-15 03:00:00,MH014,12.57,19.81171,6
2020-05-15 04:00:00,MH014,17.55,20.858105,6
2020-05-15 05:00:00,MH014,21.55,22.330376,6
2020-05-15 06:00:00,MH014,17.89,21.926643,6
2020-05-15 07:00:00,MH014,17.12,21.05611,6
2020-05-15 08:00:00,MH014,17.88,20.2068,6
2020-05-15 09:00:00,MH014,17.23,20.461412,6
2020-05-15 10:00:00,MH014,18.77,20.65059,6
2020-05-15 11:00:00,MH014,16.33,21.65356,6
2020-05-15 12:00:00,MH014,11.45,18.73601,6
2020-05-15 13:00:00,MH014,15.57,19.250824,6
2020-05-15 14:00:00,MH014,19.88,20.483953,6
2020-05-15 15:00:00,MH014,19.34,23.56302,6
2020-05-15 16:00:00,MH014,22.12,22.536114,6
2020-05-15 17:00:00,MH014,23.68,21.831064,6
2020-05-15 18:00:00,MH014,27.55,21.851725,6
2020-05-15 19:00:00,MH014,15.77,21.397156,6
2020-05-15 20:00:00,MH014,13.32,20.730425,6
2020-05-15 21:00:00,MH014,8.0,20.37995,6
2020-05-15 22:00:00,MH014,7.88,19.859425,6
2020-05-15 23:00:00,MH014,8.37,18.51227,6
2020-05-16 00:00:00,MH014,19.22,18.78405,6
2020-05-16 01:00:00,MH014,21.11,19.002863,6
2020-05-16 02:00:00,MH014,22.0,19.987535,6
2020-05-16 03:00:00,MH014,21.43,21.24575,6
2020-05-16 04:00:00,MH014,17.57,23.598364,6
2020-05-16 05:00:00,MH014,23.89,25.439173,6
2020-05-16 06:00:00,MH014,39.68,26.421837,6
2020-05-16 07:00:00,MH014,47.85,26.252161,6
2020-05-16 08:00:00,MH014,68.86,25.465921,6
2020-05-16 09:00:00,MH014,61.02,24.833284,6
2020-05-16 10:00:00,MH014,68.11,24.512476,6
2020-05-16 11:00:00,MH014,59.89,21.957403,6
2020-05-16 12:00:00,MH014,50.78,22.288631,6
2020-05-16 13:00:00,MH014,48.78,23.665085,6
2020-05-16 14:00:00,MH014,46.43,24.529171,6
2020-05-16 15:00:00,MH014,42.57,24.908155,6
2020-05-16 16:00:00,MH014,47.57,24.935562,6
2020-05-16 17:00:00,MH014,51.66,24.563347,6
2020-05-16 18:00:00,MH014,48.67,24.119003,6
2020-05-16 19:00:00,MH014,45.2,23.021355,6
2020-05-16 20:00:00,MH014,38.89,22.675648,6
2020-05-16 21:00:00,MH014,38.0,22.937094,6
2020-05-16 22:00:00,MH014,38.34,24.640015,6
2020-05-16 23:00:00,MH014,41.55,26.053144,6
2020-05-17 00:00:00,MH014,46.45,28.86134,6
2020-05-17 01:00:00,MH014,48.98,29.428444,6
2020-05-17 02:00:00,MH014,40.55,29.972126,6
2020-05-17 03:00:00,MH014,36.43,30.273573,6
2020-05-17 04:00:00,MH014,32.34,30.901724,6
2020-05-17 05:00:00,MH014,36.11,32.795986,6
2020-05-17 06:00:00,MH014,44.11,32.309383,6
2020-05-17 07:00:00,MH014,37.22,32.32115,6
2020-05-17 08:00:00,MH014,38.45,33.512756,6
2020-05-17 09:00:00,MH014,33.45,34.28837,6
2020-05-17 10:00:00,MH014,29.67,35.076134,6
2020-05-17 11:00:00,MH014,34.89,32.23322,6
2020-05-17 12:00:00,MH014,32.89,30.358503,6
2020-05-17 13:00:00,MH014,24.45,29.113024,6
2020-05-17 14:00:00,MH014,28.57,28.442091,6
2020-05-17 15:00:00,MH014,33.68,27.962294,6
2020-05-17 16:00:00,MH014,38.0,27.850855,6
2020-05-17 17:00:00,MH014,31.55,27.874628,6
2020-05-17 18:00:00,MH014,41.72,26.890112,6
2020-05-17 19:00:00,MH014,24.11,25.836157,6
2020-05-17 20:00:00,MH014,24.55,24.726683,6
2020-05-17 21:00:00,MH014,21.34,24.067545,6
2020-05-17 22:00:00,MH014,24.0,23.931564,6
2020-05-17 23:00:00,MH014,24.0,23.531345,6
2020-05-18 00:00:00,MH014,24.23,24.283083,6
2020-05-18 01:00:00,MH014,25.89,24.906052,6
2020-05-18 02:00:00,MH014,25.0,26.315458,6
2020-05-18 03:00:00,MH014,24.77,26.351038,6
2020-05-18 04:00:00,MH014,22.77,27.346737,6
2020-05-18 05:00:00,MH014,22.11,29.883814,6
2020-05-18 06:00:00,MH014,29.75,30.459822,6
2020-05-18 07:00:00,MH014,20.89,29.364857,6
2020-05-18 08:00:00,MH014,28.22,28.783154,6
2020-05-18 09:00:00,MH014,29.78,28.60044,6
2020-05-18 10:00:00,MH014,27.55,27.634737,6
2020-05-18 11:00:00,MH014,24.33,26.731874,6
2020-05-18 12:00:00,MH014,26.55,26.034533,6
2020-05-18 13:00:00,MH014,22.45,25.364454,6
2020-05-18 14:00:00,MH014,18.55,25.078808,6
2020-05-18 15:00:00,MH014,22.77,24.960625,6
2020-05-18 16:00:00,MH014,21.57,24.993229,6
2020-05-18 17:00:00,MH014,26.0,24.704237,6
2020-05-18 18:00:00,MH014,25.21,24.354939,6
2020-05-18 19:00:00,MH014,18.78,23.745481,6
2020-05-18 20:00:00,MH014,16.11,23.140327,6
2020-05-18 21:00:00,MH014,10.37,23.149435,6
2020-05-18 22:00:00,MH014,21.0,23.118776,6
2020-05-18 23:00:00,MH014,20.55,23.375624,6
2020-05-19 00:00:00,MH014,17.91,23.657034,6
2020-05-19 01:00:00,MH014,24.66,24.652346,6
2020-05-19 02:00:00,MH014,21.55,25.387848,6
2020-05-19 03:00:00,MH014,18.12,25.579248,6
2020-05-19 04:00:00,MH014,19.22,25.468248,6
2020-05-19 05:00:00,MH014,20.67,25.437967,6
2020-05-19 06:00:00,MH014,17.77,26.750736,6
2020-05-19 07:00:00,MH014,15.67,26.700857,6
2020-05-19 08:00:00,MH014,13.22,26.948647,6
2020-05-19 09:00:00,MH014,15.55,26.883577,6
2020-05-19 10:00:00,MH014,19.88,26.913773,6
2020-05-19 11:00:00,MH014,19.0,26.524042,6
2020-05-19 12:00:00,MH014,18.78,26.538067,6
2020-05-19 13:00:00,MH014,16.55,26.52709,6
2020-05-19 14:00:00,MH014,13.46,26.25753,6
2020-05-19 15:00:00,MH014,16.78,26.1278,6
2020-05-19 16:00:00,MH014,15.33,26.233395,6
2020-05-19 17:00:00,MH014,18.45,26.242258,6
2020-05-19 18:00:00,MH014,20.33,25.990385,6
2020-05-19 19:00:00,MH014,7.57,25.409035,6
2020-05-19 20:00:00,MH014,11.45,24.82259,6
2020-05-19 21:00:00,MH014,6.66,24.50241,6
2020-05-19 22:00:00,MH014,4.33,24.494696,6
2020-05-19 23:00:00,MH014,7.11,24.42734,6
2020-05-20 00:00:00,MH014,8.22,24.286692,6
2020-05-20 01:00:00,MH014,10.91,24.475958,6
2020-05-20 02:00:00,MH014,17.2,24.502203,6
2020-05-20 03:00:00,MH014,11.0,24.476171,6
2020-05-20 04:00:00,MH014,11.22,24.429968,6
2020-05-20 05:00:00,MH014,15.27,24.0799,6
2020-05-20 06:00:00,MH014,31.75,23.14474,6
2020-05-20 07:00:00,MH014,20.22,21.667553,6
2020-05-20 08:00:00,MH014,7.22,20.80185,6
2020-05-20 09:00:00,MH014,17.12,21.069971,6
2020-05-20 10:00:00,MH014,17.45,21.088022,6
2020-05-20 11:00:00,MH014,13.32,21.56443,6
2020-05-20 12:00:00,MH014,15.33,21.977884,6
2020-05-20 13:00:00,MH014,10.45,22.353266,6
2020-05-20 14:00:00,MH014,13.89,23.32541,6
2020-05-20 15:00:00,MH014,12.66,24.055573,6
2020-05-20 16:00:00,MH014,10.12,24.220663,6
2020-05-20 17:00:00,MH014,11.22,24.405947,6
2020-05-20 18:00:00,MH014,12.78,24.308851,6
2020-05-20 19:00:00,MH014,10.67,24.148874,6
2020-05-20 20:00:00,MH014,7.89,23.72518,6
2020-05-20 21:00:00,MH014,6.67,23.72393,6
2020-05-20 22:00:00,MH014,3.56,23.358564,6
2020-05-20 23:00:00,MH014,0.91,22.593395,6
2020-05-21 00:00:00,MH014,2.23,22.140463,6
2020-05-21 01:00:00,MH014,5.0,21.713255,6
2020-05-21 02:00:00,MH014,13.11,21.497131,6
2020-05-21 03:00:00,MH014,13.54,21.206747,6
2020-05-21 04:00:00,MH014,10.33,21.197182,6
2020-05-21 05:00:00,MH014,12.43,20.910215,6
2020-05-21 06:00:00,MH014,7.67,20.02296,6
2020-05-21 07:00:00,MH014,5.0,18.655703,6
2020-05-21 08:00:00,MH014,5.78,18.552084,6
2020-05-21 09:00:00,MH014,12.78,18.96813,6
2020-05-21 10:00:00,MH014,18.33,19.074278,6
2020-05-21 11:00:00,MH014,13.0,19.296513,6
2020-05-21 12:00:00,MH014,13.67,19.989708,6
2020-05-21 13:00:00,MH014,17.75,20.537764,6
2020-05-21 14:00:00,MH014,8.33,21.544409,6
2020-05-21 15:00:00,MH014,13.0,22.64851,6
2020-05-21 16:00:00,MH014,27.0,22.781042,6
2020-05-21 17:00:00,MH014,11.0,22.499962,6
2020-05-21 18:00:00,MH014,10.67,22.339163,6
2020-05-21 19:00:00,MH014,8.22,22.087132,6
2020-05-21 20:00:00,MH014,9.89,21.579481,6
2020-05-21 21:00:00,MH014,8.77,20.885454,6
2020-05-21 22:00:00,MH014,6.78,20.399683,6
2020-05-21 23:00:00,MH014,5.0,19.853848,6
2020-05-22 00:00:00,MH014,5.33,18.489044,6
2020-05-22 01:00:00,MH014,8.33,18.081568,6
2020-05-22 02:00:00,MH014,11.34,18.752209,6
2020-05-22 03:00:00,MH014,14.0,19.67344,6
2020-05-22 04:00:00,MH014,14.0,19.808289,6
2020-05-22 05:00:00,MH014,13.89,19.707674,6
2020-05-22 06:00:00,MH014,12.78,18.66398,6
2020-05-22 07:00:00,MH014,11.54,17.155094,6
2020-05-22 08:00:00,MH014,15.45,15.0703125,6
2020-05-22 09:00:00,MH014,12.59,14.594797,6
2020-05-22 10:00:00,MH014,23.89,14.952023,6
2020-05-22 11:00:00,MH014,15.23,14.903313,6
2020-05-22 12:00:00,MH014,17.0,15.62393,6
2020-05-22 13:00:00,MH014,16.55,16.60222,6
2020-05-22 14:00:00,MH014,13.12,17.568459,6
2020-05-22 15:00:00,MH014,13.45,18.758728,6
2020-05-22 16:00:00,MH014,9.22,19.972897,6
2020-05-22 17:00:00,MH014,11.55,19.908215,6
2020-05-22 18:00:00,MH014,15.89,19.386011,6
2020-05-22 19:00:00,MH014,15.0,19.034166,6
2020-05-22 20:00:00,MH014,14.45,18.930643,6
2020-05-22 21:00:00,MH014,9.89,18.683552,6
2020-05-22 22:00:00,MH014,8.77,18.490532,6
2020-05-22 23:00:00,MH014,6.78,18.532206,6
2020-05-23 00:00:00,MH014,5.11,18.97834,6
2020-05-23 01:00:00,MH014,6.45,19.869629,6
2020-05-23 02:00:00,MH014,11.3,20.553427,6
2020-05-23 03:00:00,MH014,22.0,21.317596,6
2020-05-23 04:00:00,MH014,22.22,23.172554,6
2020-05-23 05:00:00,MH014,23.11,23.666187,6
2020-05-23 06:00:00,MH014,15.33,24.788702,6
2020-05-23 07:00:00,MH014,10.78,24.039232,6
2020-05-23 08:00:00,MH014,16.43,23.742725,6
2020-05-23 09:00:00,MH014,12.0,23.650238,6
2020-05-23 10:00:00,MH014,12.55,18.703192,6
2020-05-23 11:00:00,MH014,17.11,17.31604,6
2020-05-23 12:00:00,MH014,17.88,17.024796,6
2020-05-23 13:00:00,MH014,16.89,17.296915,6
2020-05-23 14:00:00,MH014,15.78,18.011297,6
2020-05-23 15:00:00,MH014,13.54,19.526073,6
2020-05-23 16:00:00,MH014,10.12,19.182878,6
2020-05-23 17:00:00,MH014,10.78,19.103842,6
2020-05-23 18:00:00,MH014,9.54,18.298037,6
2020-05-23 19:00:00,MH014,13.89,17.94454,6
2020-05-23 20:00:00,MH014,12.88,18.23483,6
2020-05-23 21:00:00,MH014,11.78,17.834635,6
2020-05-23 22:00:00,MH014,9.55,17.466986,6
2020-05-23 23:00:00,MH014,5.67,17.159864,6
2020-05-24 00:00:00,MH014,3.33,16.884428,6
2020-05-24 01:00:00,MH014,6.11,17.482647,6
2020-05-24 02:00:00,MH014,8.45,19.063295,6
2020-05-24 03:00:00,MH014,20.11,21.783102,6
2020-05-24 04:00:00,MH014,20.43,23.636772,6
2020-05-24 05:00:00,MH014,15.32,26.090528,6
2020-05-24 06:00:00,MH014,10.11,27.360142,6
2020-05-24 07:00:00,MH014,10.77,26.893003,6
2020-05-24 08:00:00,MH014,9.22,26.984474,6
2020-05-24 09:00:00,MH014,11.33,25.878778,6
2020-05-24 10:00:00,MH014,14.33,25.295837,6
2020-05-24 11:00:00,MH014,17.2,24.641014,6
2020-05-24 12:00:00,MH014,18.78,24.684021,6
2020-05-24 13:00:00,MH014,16.67,24.8032,6
2020-05-24 14:00:00,MH014,14.0,25.11435,6
2020-05-24 15:00:00,MH014,14.67,25.224356,6
2020-05-24 16:00:00,MH014,18.33,24.986755,6
2020-05-24 17:00:00,MH014,5.11,23.983078,6
2020-05-24 18:00:00,MH014,7.0,22.566837,6
2020-05-24 19:00:00,MH014,15.11,21.191977,6
2020-05-24 20:00:00,MH014,15.22,20.098839,6
2020-05-24 21:00:00,MH014,9.45,20.12116,6
2020-05-24 22:00:00,MH014,12.33,19.939695,6
2020-05-24 23:00:00,MH014,6.67,20.016264,6
2020-05-25 00:00:00,MH014,4.45,19.615595,6
2020-05-25 01:00:00,MH014,8.67,20.58402,6
2020-05-25 02:00:00,MH014,13.66,22.149536,6
2020-05-25 03:00:00,MH014,12.67,24.031498,6
2020-05-25 04:00:00,MH014,26.23,25.569618,6
2020-05-25 05:00:00,MH014,27.33,26.013634,6
2020-05-25 06:00:00,MH014,21.67,25.166004,6
2020-05-25 07:00:00,MH014,18.0,24.639818,6
2020-05-25 08:00:00,MH014,9.89,24.96262,6
2020-05-25 09:00:00,MH014,9.45,24.715305,6
2020-05-25 10:00:00,MH014,13.0,17.36989,6
2020-05-25 11:00:00,MH014,13.34,15.887524,6
2020-05-25 12:00:00,MH014,17.22,15.877035,6
2020-05-25 13:00:00,MH014,26.22,16.580296,6
2020-05-25 14:00:00,MH014,19.66,19.78045,6
2020-05-25 15:00:00,MH014,16.11,20.7616,6
2020-05-25 16:00:00,MH014,9.22,21.334017,6
2020-05-25 17:00:00,MH014,10.78,20.90477,6
2020-05-25 18:00:00,MH014,8.89,20.316374,6
2020-05-25 19:00:00,MH014,9.45,20.524975,6
2020-05-25 20:00:00,MH014,20.0,20.723372,6
2020-05-25 21:00:00,MH014,11.88,20.772211,6
2020-05-25 22:00:00,MH014,11.22,21.26726,6
2020-05-25 23:00:00,MH014,12.45,21.31483,6
2020-05-26 00:00:00,MH014,7.89,21.074528,6
2020-05-26 01:00:00,MH014,7.11,21.063879,6
2020-05-26 02:00:00,MH014,8.45,21.476944,6
2020-05-26 03:00:00,MH014,13.33,21.23375,6
2020-05-26 04:00:00,MH014,23.22,21.901936,6
2020-05-26 05:00:00,MH014,17.0,22.36408,6
2020-05-26 06:00:00,MH014,17.55,22.02203,6
2020-05-26 07:00:00,MH014,20.33,21.060192,6
2020-05-26 08:00:00,MH014,8.0,20.81283,6
2020-05-26 09:00:00,MH014,15.67,20.939417,6
2020-05-26 10:00:00,MH014,13.67,21.16157,6
2020-05-26 11:00:00,MH014,19.22,22.256525,6
2020-05-26 12:00:00,MH014,21.55,22.947792,6
2020-05-26 13:00:00,MH014,25.56,23.644266,6
2020-05-26 14:00:00,MH014,22.0,23.97359,6
2020-05-26 15:00:00,MH014,21.0,23.751066,6
2020-05-26 16:00:00,MH014,12.55,23.700804,6
2020-05-26 17:00:00,MH014,8.78,23.89058,6
2020-05-26 18:00:00,MH014,7.89,23.684439,6
2020-05-26 19:00:00,MH014,15.45,23.64659,6
2020-05-26 20:00:00,MH014,18.24,23.417503,6
2020-05-26 21:00:00,MH014,12.45,23.117983,6
2020-05-26 22:00:00,MH014,15.46,23.199251,6
2020-05-26 23:00:00,MH014,10.78,22.63967,6
2020-05-27 00:00:00,MH014,8.55,21.798843,6
2020-05-27 01:00:00,MH014,5.33,21.140505,6
2020-05-27 02:00:00,MH014,8.55,20.543055,6
2020-05-27 03:00:00,MH014,12.89,20.712517,6
2020-05-27 04:00:00,MH014,12.68,21.422197,6
2020-05-27 05:00:00,MH014,18.22,21.813719,6
2020-05-27 06:00:00,MH014,19.78,20.945564,6
2020-05-27 07:00:00,MH014,17.55,19.615372,6
2020-05-27 08:00:00,MH014,13.55,19.051706,6
2020-05-27 09:00:00,MH014,10.78,19.245813,6
2020-05-27 10:00:00,MH014,17.0,19.846884,6
2020-05-27 11:00:00,MH014,16.78,20.717499,6
2020-05-27 12:00:00,MH014,15.11,21.422163,6
2020-05-27 13:00:00,MH014,15.89,21.972881,6
2020-05-27 14:00:00,MH014,15.0,22.477331,6
2020-05-27 15:00:00,MH014,14.11,22.956402,6
2020-05-27 16:00:00,MH014,6.89,22.963566,6
2020-05-27 17:00:00,MH014,6.11,23.271698,6
2020-05-27 18:00:00,MH014,7.11,23.240377,6
2020-05-27 19:00:00,MH014,8.11,23.088259,6
2020-05-27 20:00:00,MH014,9.71,22.864017,6
2020-05-27 21:00:00,MH014,15.34,22.64662,6
2020-05-27 22:00:00,MH014,10.12,22.360767,6
2020-05-27 23:00:00,MH014,11.0,21.867527,6
2020-05-28 00:00:00,MH014,10.78,21.029058,6
2020-05-28 01:00:00,MH014,9.11,20.492004,6
2020-05-28 02:00:00,MH014,9.89,20.222904,6
2020-05-28 03:00:00,MH014,9.57,20.402283,6
2020-05-28 04:00:00,MH014,14.67,19.904552,6
2020-05-28 05:00:00,MH014,20.33,19.247686,6
2020-05-28 06:00:00,MH014,22.89,17.8223,6
2020-05-28 07:00:00,MH014,21.57,16.441412,6
2020-05-28 08:00:00,MH014,16.78,15.895393,6
2020-05-28 09:00:00,MH014,7.45,16.260288,6
2020-05-28 10:00:00,MH014,11.22,16.964256,6
2020-05-28 11:00:00,MH014,12.89,17.902271,6
2020-05-28 12:00:00,MH014,12.78,19.095144,6
2020-05-28 13:00:00,MH014,19.11,20.063103,6
2020-05-28 14:00:00,MH014,19.67,20.865389,6
2020-05-28 15:00:00,MH014,16.89,21.675432,6
2020-05-28 16:00:00,MH014,14.78,21.901377,6
2020-05-28 17:00:00,MH014,4.89,21.66461,6
2020-05-28 18:00:00,MH014,4.0,21.566767,6
2020-05-28 19:00:00,MH014,3.78,21.423271,6
2020-05-28 20:00:00,MH014,2.55,21.291739,6
2020-05-28 21:00:00,MH014,7.22,20.927528,6
2020-05-28 22:00:00,MH014,9.0,20.707897,6
2020-05-28 23:00:00,MH014,8.89,20.454397,6
2020-05-29 00:00:00,MH014,7.55,19.872913,6
2020-05-29 01:00:00,MH014,3.56,19.537449,6
2020-05-29 02:00:00,MH014,1.78,18.445793,6
2020-05-29 03:00:00,MH014,4.67,18.290295,6
2020-05-29 04:00:00,MH014,10.0,18.490376,6
2020-05-29 05:00:00,MH014,10.11,19.630575,6
2020-05-29 06:00:00,MH014,10.89,19.838753,6
2020-05-29 07:00:00,MH014,9.45,19.45991,6
2020-05-29 08:00:00,MH014,4.78,18.905035,6
2020-05-29 09:00:00,MH014,3.33,18.57012,6
2020-05-29 10:00:00,MH014,6.22,18.568737,6
2020-05-29 11:00:00,MH014,7.89,19.082148,6
2020-05-29 12:00:00,MH014,7.11,19.053265,6
2020-05-29 13:00:00,MH014,8.66,18.9776,6
2020-05-29 14:00:00,MH014,13.67,18.818369,6
2020-05-29 15:00:00,MH014,11.33,18.79648,6
2020-05-29 16:00:00,MH014,13.34,18.906963,6
2020-05-29 17:00:00,MH014,7.22,18.936058,6
2020-05-29 18:00:00,MH014,0.89,18.806307,6
2020-05-29 19:00:00,MH014,1.73,18.423437,6
2020-05-29 20:00:00,MH014,4.0,17.650105,6
2020-05-29 21:00:00,MH014,4.78,17.108477,6
2020-05-29 22:00:00,MH014,10.89,16.564758,6
2020-05-29 23:00:00,MH014,9.89,16.195778,6
2020-05-30 00:00:00,MH014,8.67,16.258974,6
2020-05-30 01:00:00,MH014,5.67,17.018454,6
2020-05-30 02:00:00,MH014,3.11,16.989851,6
2020-05-30 03:00:00,MH014,4.22,17.510714,6
2020-05-30 04:00:00,MH014,6.55,18.47153,6
2020-05-30 05:00:00,MH014,11.67,19.149967,6
2020-05-30 06:00:00,MH014,16.68,19.043,6
2020-05-30 07:00:00,MH014,13.55,17.652725,6
2020-05-30 08:00:00,MH014,10.0,16.12717,6
2020-05-30 09:00:00,MH014,9.78,14.709635,6
2020-05-30 10:00:00,MH014,8.0,14.29031,6
2020-05-30 11:00:00,MH014,7.89,14.671837,6
2020-05-30 12:00:00,MH014,7.33,14.433212,6
2020-05-30 13:00:00,MH014,10.32,15.101824,6
2020-05-30 14:00:00,MH014,13.45,16.628897,6
2020-05-30 15:00:00,MH014,16.13,16.945196,6
2020-05-30 16:00:00,MH014,9.44,17.220104,6
2020-05-30 17:00:00,MH014,12.11,16.904062,6
2020-05-30 18:00:00,MH014,5.33,16.842478,6
2020-05-30 19:00:00,MH014,7.78,16.799461,6
2020-05-30 20:00:00,MH014,5.78,16.712103,6
2020-05-30 21:00:00,MH014,5.33,16.81376,6
2020-05-30 22:00:00,MH014,16.11,17.30018,6
2020-05-30 23:00:00,MH014,16.67,17.81397,6
2020-05-31 00:00:00,MH014,14.0,18.584024,6
2020-05-31 01:00:00,MH014,13.22,18.90577,6
2020-05-31 02:00:00,MH014,6.78,19.02284,6
2020-05-31 03:00:00,MH014,5.11,19.989065,6
2020-05-31 04:00:00,MH014,6.11,21.448204,6
2020-05-31 05:00:00,MH014,8.0,22.796507,6
2020-05-31 06:00:00,MH014,16.76,23.468008,6
2020-05-31 07:00:00,MH014,22.24,22.084078,6
2020-05-31 08:00:00,MH014,15.13,21.509436,6
2020-05-31 09:00:00,MH014,7.89,21.31516,6
2020-05-31 10:00:00,MH014,7.0,21.52524,6
2020-05-31 11:00:00,MH014,6.89,21.995886,6
2020-05-31 12:00:00,MH014,5.89,22.701643,6
2020-05-31 13:00:00,MH014,6.37,23.181005,6
2020-05-31 14:00:00,MH014,16.89,23.122942,6
2020-05-31 15:00:00,MH014,15.89,23.364838,6
2020-05-31 16:00:00,MH014,14.68,23.658493,6
2020-05-31 17:00:00,MH014,11.45,22.905504,6
2020-05-31 18:00:00,MH014,6.57,21.894165,6
2020-05-31 19:00:00,MH014,3.89,20.589546,6
2020-05-31 20:00:00,MH014,10.78,19.245047,6
2020-05-31 21:00:00,MH014,9.11,18.46359,6
2020-05-31 22:00:00,MH014,9.57,19.171062,6
2020-05-31 23:00:00,MH014,6.78,19.873371,6
2020-06-01 00:00:00,MH014,12.46,19.940222,6
2020-06-01 01:00:00,MH014,7.78,20.58872,6
2020-06-01 02:00:00,MH014,6.33,21.19121,6
2020-06-01 03:00:00,MH014,9.22,21.631893,6
2020-06-01 04:00:00,MH014,10.55,22.635843,6
2020-06-01 05:00:00,MH014,6.78,24.30361,6
2020-06-01 06:00:00,MH014,6.59,20.124763,6
2020-06-01 07:00:00,MH014,19.87,17.741417,6
2020-06-01 08:00:00,MH014,27.11,14.71336,6
2020-06-01 09:00:00,MH014,27.46,13.080383,6
2020-06-01 10:00:00,MH014,23.43,12.738068,6
2020-06-01 11:00:00,MH014,26.55,14.841066,6
2020-06-01 12:00:00,MH014,23.33,15.568703,6
2020-06-01 13:00:00,MH014,25.78,15.902464,6
2020-06-01 14:00:00,MH014,23.67,16.727245,6
2020-06-01 15:00:00,MH014,20.57,17.027733,6
2020-06-01 16:00:00,MH014,16.89,18.234146,6
2020-06-01 17:00:00,MH014,15.78,17.910027,6
2020-06-01 18:00:00,MH014,14.0,17.375856,6
2020-06-01 19:00:00,MH014,13.23,17.479023,6
2020-06-01 20:00:00,MH014,6.67,17.622168,6
2020-06-01 21:00:00,MH014,4.33,18.738977,6
2020-06-01 22:00:00,MH014,7.54,20.845324,6
2020-06-01 23:00:00,MH014,11.67,19.806786,6
2020-06-02 00:00:00,MH014,9.0,19.901167,6
2020-06-02 01:00:00,MH014,9.55,20.512594,6
2020-06-02 02:00:00,MH014,15.45,21.47547,6
2020-06-02 03:00:00,MH014,26.78,22.697361,6
2020-06-02 04:00:00,MH014,25.11,23.66633,6
2020-06-02 05:00:00,MH014,27.55,24.056946,6
2020-06-02 06:00:00,MH014,39.57,22.582203,6
2020-06-02 07:00:00,MH014,35.13,22.632307,6
2020-06-02 08:00:00,MH014,28.32,22.625023,6
2020-06-02 09:00:00,MH014,30.68,21.415987,6
2020-06-02 10:00:00,MH014,28.0,20.778927,6
2020-06-02 11:00:00,MH014,27.35,21.240969,6
2020-06-02 12:00:00,MH014,22.43,22.156986,6
2020-06-02 13:00:00,MH014,27.0,22.471258,6
2020-06-02 14:00:00,MH014,34.35,22.397312,6
2020-06-02 15:00:00,MH014,29.67,22.434246,6
2020-06-02 16:00:00,MH014,34.67,23.126482,6
2020-06-02 17:00:00,MH014,32.33,22.117504,6
2020-06-02 18:00:00,MH014,34.46,22.29324,6
2020-06-02 19:00:00,MH014,28.55,21.54578,6
2020-06-02 20:00:00,MH014,16.89,19.997467,6
2020-06-02 21:00:00,MH014,15.78,18.536488,6
2020-06-02 22:00:00,MH014,13.77,17.807037,6
2020-06-02 23:00:00,MH014,12.22,16.447763,6
2020-06-03 00:00:00,MH014,13.55,14.706579,6
2020-06-03 01:00:00,MH014,9.78,13.550758,6
2020-06-03 02:00:00,MH014,7.67,13.725086,6
2020-06-03 03:00:00,MH014,4.89,13.946861,6
2020-06-03 04:00:00,MH014,3.78,13.864922,6
2020-06-03 05:00:00,MH014,2.11,14.145538,6
2020-06-03 06:00:00,MH014,3.11,16.729141,6
2020-06-03 07:00:00,MH014,4.11,16.843302,6
2020-06-03 08:00:00,MH014,4.55,18.202084,6
2020-06-03 09:00:00,MH014,1.0,18.913424,6
2020-06-03 10:00:00,MH014,1.22,19.421831,6
2020-06-03 11:00:00,MH014,2.78,19.723347,6
2020-06-03 12:00:00,MH014,1.67,18.856106,6
2020-06-03 13:00:00,MH014,6.67,15.133837,6
2020-06-03 14:00:00,MH014,4.22,14.159996,6
2020-06-03 15:00:00,MH014,6.22,14.273293,6
2020-06-03 16:00:00,MH014,7.57,13.090904,6
2020-06-03 17:00:00,MH014,4.0,10.834511,6
2020-06-03 18:00:00,MH014,4.0,8.135902,6
2020-06-03 19:00:00,MH014,4.11,1.7456204,6
2020-06-03 20:00:00,MH014,5.22,-0.68653524,6
2020-06-03 21:00:00,MH014,6.89,-2.0446362,6
2020-06-03 22:00:00,MH014,6.33,-2.9567037,6
2020-06-03 23:00:00,MH014,9.78,3.1898456,6
2020-06-04 00:00:00,MH014,15.11,12.063118,6
2020-06-04 01:00:00,MH014,8.11,12.03577,6
2020-06-04 02:00:00,MH014,8.78,12.41608,6
2020-06-04 03:00:00,MH014,6.78,12.599731,6
2020-06-04 04:00:00,MH014,6.19,12.935322,6
2020-06-04 05:00:00,MH014,15.78,13.447758,6
2020-06-04 06:00:00,MH014,13.2,15.789879,6
2020-06-04 07:00:00,MH014,8.08,16.671335,6
2020-06-04 08:00:00,MH014,16.13,17.648296,6
2020-06-04 09:00:00,MH014,9.11,18.271097,6
2020-06-04 10:00:00,MH014,9.89,18.775074,6
2020-06-04 11:00:00,MH014,8.89,19.312746,6
2020-06-04 12:00:00,MH014,7.57,19.764452,6
2020-06-04 13:00:00,MH014,4.54,19.287285,6
2020-06-04 14:00:00,MH014,10.22,19.15782,6
2020-06-04 15:00:00,MH014,20.78,21.655684,6
2020-06-04 16:00:00,MH014,26.68,22.702337,6
2020-06-04 17:00:00,MH014,23.0,23.433271,6
2020-06-04 18:00:00,MH014,16.19,22.4737,6
2020-06-04 19:00:00,MH014,25.11,20.773907,6
2020-06-04 20:00:00,MH014,16.55,19.34548,6
2020-06-04 21:00:00,MH014,4.89,16.137333,6
2020-06-04 22:00:00,MH014,4.11,14.442747,6
2020-06-04 23:00:00,MH014,4.89,13.850929,6
2020-06-05 00:00:00,MH014,4.33,13.624596,6
2020-06-05 01:00:00,MH014,7.0,13.938103,6
2020-06-05 02:00:00,MH014,7.22,13.585403,6
2020-06-05 03:00:00,MH014,8.55,13.1563835,6
2020-06-05 04:00:00,MH014,4.55,12.883453,6
2020-06-05 05:00:00,MH014,1.0,13.506859,6
2020-06-05 06:00:00,MH014,1.78,16.382122,6
2020-06-05 07:00:00,MH014,8.22,15.792074,6
2020-06-05 08:00:00,MH014,9.78,16.15756,6
2020-06-05 09:00:00,MH014,7.55,16.446093,6
2020-06-05 10:00:00,MH014,4.11,17.278917,6
2020-06-05 11:00:00,MH014,5.33,16.840345,6
2020-06-05 12:00:00,MH014,7.78,16.303082,6
2020-06-05 13:00:00,MH014,5.67,16.645115,6
2020-06-05 14:00:00,MH014,3.34,15.992439,6
2020-06-05 15:00:00,MH014,6.0,15.355278,6
2020-06-05 16:00:00,MH014,6.45,15.04734,6
2020-06-05 17:00:00,MH014,10.0,14.177479,6
2020-06-05 18:00:00,MH014,9.46,13.437649,6
2020-06-05 19:00:00,MH014,4.57,12.515064,6
2020-06-05 20:00:00,MH014,1.33,11.669811,6
2020-06-05 21:00:00,MH014,4.0,11.112438,6
2020-06-05 22:00:00,MH014,3.89,10.834221,6
2020-06-05 23:00:00,MH014,3.46,11.206158,6
2020-06-06 00:00:00,MH014,7.0,11.593506,6
2020-06-06 01:00:00,MH014,6.89,11.89172,6
2020-06-06 02:00:00,MH014,5.67,12.821823,6
2020-06-06 03:00:00,MH014,5.67,12.003681,6
2020-06-06 04:00:00,MH014,1.0,12.537785,6
2020-06-06 05:00:00,MH014,1.11,12.8077965,6
2020-06-06 06:00:00,MH014,2.89,13.680889,6
2020-06-06 07:00:00,MH014,10.11,13.377476,6
2020-06-06 08:00:00,MH014,10.68,14.164764,6
2020-06-06 09:00:00,MH014,7.89,13.724331,6
2020-06-06 10:00:00,MH014,6.89,13.652523,6
2020-06-06 11:00:00,MH014,6.0,13.466827,6
2020-06-06 12:00:00,MH014,6.54,13.667278,6
2020-06-06 13:00:00,MH014,10.78,14.022144,6
2020-06-06 14:00:00,MH014,8.57,12.889999,6
2020-06-06 15:00:00,MH014,5.65,12.874722,6
2020-06-06 16:00:00,MH014,10.57,12.848766,6
2020-06-06 17:00:00,MH014,7.0,12.247749,6
2020-06-06 18:00:00,MH014,7.0,12.003941,6
2020-06-06 19:00:00,MH014,7.11,10.983948,6
2020-06-06 20:00:00,MH014,8.11,10.638042,6
2020-06-06 21:00:00,MH014,9.11,10.337898,6
2020-06-06 22:00:00,MH014,9.67,10.807323,6
2020-06-06 23:00:00,MH014,7.0,10.192753,6
2020-06-07 00:00:00,MH014,7.0,10.920551,6
2020-06-07 01:00:00,MH014,7.11,11.393852,6
2020-06-07 02:00:00,MH014,7.67,11.607811,6
2020-06-07 03:00:00,MH014,5.65,11.334545,6
2020-06-07 04:00:00,MH014,10.67,12.507706,6
2020-06-07 05:00:00,MH014,8.45,12.633118,6
2020-06-07 06:00:00,MH014,11.68,14.54344,6
2020-06-07 07:00:00,MH014,8.78,13.822857,6
2020-06-07 08:00:00,MH014,6.67,14.078152,6
2020-06-07 09:00:00,MH014,4.0,13.40696,6
2020-06-07 10:00:00,MH014,4.55,14.498747,6
2020-06-07 11:00:00,MH014,8.78,14.276173,6
2020-06-07 12:00:00,MH014,6.89,14.533445,6
2020-06-07 13:00:00,MH014,6.11,14.337128,6
2020-06-07 14:00:00,MH014,7.0,14.918245,6
2020-06-07 15:00:00,MH014,7.11,14.08773,6
2020-06-07 16:00:00,MH014,8.34,14.255123,6
2020-06-07 17:00:00,MH014,10.67,13.411324,6
2020-06-07 18:00:00,MH014,7.79,12.835266,6
2020-06-07 19:00:00,MH014,5.89,12.608128,6
2020-06-07 20:00:00,MH014,5.0,12.18132,6
2020-06-07 21:00:00,MH014,5.0,11.684063,6
2020-06-07 22:00:00,MH014,5.0,11.614765,6
2020-06-07 23:00:00,MH014,4.89,11.483692,6
2020-06-08 00:00:00,MH014,4.33,12.265221,6
2020-06-08 01:00:00,MH014,7.11,12.073963,6
2020-06-08 02:00:00,MH014,7.67,11.980206,6
2020-06-08 03:00:00,MH014,5.11,13.000877,6
2020-06-08 04:00:00,MH014,6.55,13.547596,6
2020-06-08 05:00:00,MH014,11.54,13.3093605,6
2020-06-08 06:00:00,MH014,14.55,14.616346,6
2020-06-08 07:00:00,MH014,3.11,14.063923,6
2020-06-08 08:00:00,MH014,3.78,13.660233,6
2020-06-08 09:00:00,MH014,1.89,14.330063,6
2020-06-08 10:00:00,MH014,0.89,14.563038,6
2020-06-08 11:00:00,MH014,0.89,14.877886,6
2020-06-08 12:00:00,MH014,1.3,14.622623,6
2020-06-08 13:00:00,MH014,3.33,14.45261,6
2020-06-08 14:00:00,MH014,6.0,14.282841,6
2020-06-08 15:00:00,MH014,5.78,14.105686,6
2020-06-08 16:00:00,MH014,3.67,13.983261,6
2020-06-08 17:00:00,MH014,0.89,13.61092,6
2020-06-08 18:00:00,MH014,0.89,13.296871,6
2020-06-08 19:00:00,MH014,0.89,12.389328,6
2020-06-08 20:00:00,MH014,0.89,11.9243355,6
2020-06-08 21:00:00,MH014,0.89,11.800018,6
2020-06-08 22:00:00,MH014,2.11,11.573162,6
2020-06-08 23:00:00,MH014,3.33,11.701206,6
2020-06-09 00:00:00,MH014,5.78,11.632973,6
2020-06-09 01:00:00,MH014,3.89,12.417,6
2020-06-09 02:00:00,MH014,3.22,12.607758,6
2020-06-09 03:00:00,MH014,5.11,12.645832,6
2020-06-09 04:00:00,MH014,6.11,13.412289,6
2020-06-09 05:00:00,MH014,7.0,13.954884,6
2020-06-09 06:00:00,MH014,6.78,13.337162,6
2020-06-09 07:00:00,MH014,5.11,13.637131,6
2020-06-09 08:00:00,MH014,6.22,12.703247,6
2020-06-09 09:00:00,MH014,7.89,12.894951,6
2020-06-09 10:00:00,MH014,6.89,12.949757,6
2020-06-09 11:00:00,MH014,6.0,12.677032,6
2020-06-09 12:00:00,MH014,5.89,13.669632,6
2020-06-09 13:00:00,MH014,4.89,12.573944,6
2020-06-09 14:00:00,MH014,4.33,12.823833,6
2020-06-09 15:00:00,MH014,7.11,12.839836,6
2020-06-09 16:00:00,MH014,8.0,13.056866,6
2020-06-09 17:00:00,MH014,7.78,12.216946,6
2020-06-09 18:00:00,MH014,5.78,12.028881,6
2020-06-09 19:00:00,MH014,3.78,11.416935,6
2020-06-09 20:00:00,MH014,2.0,11.223431,6
2020-06-09 21:00:00,MH014,2.11,10.6419525,6
2020-06-09 22:00:00,MH014,3.76,10.316872,6
2020-06-09 23:00:00,MH014,9.78,10.320633,6
2020-06-10 00:00:00,MH014,8.11,11.081753,6
2020-06-10 01:00:00,MH014,9.54,11.985878,6
2020-06-10 02:00:00,MH014,14.0,12.769234,6
2020-06-10 03:00:00,MH014,14.87,13.263199,6
2020-06-10 04:00:00,MH014,20.89,13.374809,6
2020-06-10 05:00:00,MH014,12.22,14.016903,6
2020-06-10 06:00:00,MH014,13.68,13.324196,6
2020-06-10 07:00:00,MH014,10.89,12.939991,6
2020-06-10 08:00:00,MH014,10.33,12.957176,6
2020-06-10 09:00:00,MH014,12.46,13.100849,6
2020-06-10 10:00:00,MH014,8.11,13.29475,6
2020-06-10 11:00:00,MH014,8.67,13.295822,6
2020-06-10 12:00:00,MH014,6.43,13.545662,6
2020-06-10 13:00:00,MH014,9.55,13.329086,6
2020-06-10 14:00:00,MH014,6.11,13.556324,6
2020-06-10 15:00:00,MH014,10.9,13.915089,6
2020-06-10 16:00:00,MH014,38.67,13.777065,6
2020-06-10 17:00:00,MH014,3.33,13.48497,6
2020-06-10 18:00:00,MH014,5.67,13.0472145,6
2020-06-10 19:00:00,MH014,2.67,12.174919,6
2020-06-10 20:00:00,MH014,1.73,11.559418,6
2020-06-10 21:00:00,MH014,4.0,11.289097,6
2020-06-10 22:00:00,MH014,4.33,10.266903,6
2020-06-10 23:00:00,MH014,6.89,10.048939,6
2020-06-11 00:00:00,MH014,6.22,11.207821,6
2020-06-11 01:00:00,MH014,7.57,10.98188,6
2020-06-11 02:00:00,MH014,3.57,12.982456,6
2020-06-11 03:00:00,MH014,0.87,13.912037,6
2020-06-11 04:00:00,MH014,2.33,14.796867,6
2020-06-11 05:00:00,MH014,6.19,15.0945015,6
2020-06-11 06:00:00,MH014,15.67,14.84181,6
2020-06-11 07:00:00,MH014,12.55,15.156748,6
2020-06-11 08:00:00,MH014,8.89,14.770117,6
2020-06-11 09:00:00,MH014,8.11,14.992834,6
2020-06-11 10:00:00,MH014,8.78,15.240337,6
2020-06-11 11:00:00,MH014,6.67,14.541927,6
2020-06-11 12:00:00,MH014,4.0,14.287117,6
2020-06-11 13:00:00,MH014,4.11,14.223072,6
2020-06-11 14:00:00,MH014,5.43,14.393074,6
2020-06-11 15:00:00,MH014,8.89,14.194645,6
2020-06-11 16:00:00,MH014,7.89,14.791042,6
2020-06-11 17:00:00,MH014,7.97,13.855663,6
2020-06-11 18:00:00,MH014,14.92,13.061901,6
2020-06-11 19:00:00,MH014,5.89,12.266182,6
2020-06-11 20:00:00,MH014,5.33,11.1030655,6
2020-06-11 21:00:00,MH014,9.19,11.025139,6
2020-06-11 22:00:00,MH014,18.68,10.4965515,6
2020-06-11 23:00:00,MH014,16.54,10.314613,6
2020-06-12 00:00:00,MH014,20.78,10.794765,6
2020-06-12 01:00:00,MH014,18.0,12.448738,6
2020-06-12 02:00:00,MH014,11.19,15.140966,6
2020-06-12 03:00:00,MH014,19.92,13.583523,6
2020-06-12 04:00:00,MH014,10.57,13.659721,6
2020-06-12 05:00:00,MH014,7.33,14.3164215,6
2020-06-12 06:00:00,MH014,9.57,16.656786,6
2020-06-12 07:00:00,MH014,6.0,15.869778,6
2020-06-12 08:00:00,MH014,5.89,16.236635,6
2020-06-12 09:00:00,MH014,5.33,16.730118,6
2020-06-12 10:00:00,MH014,8.11,17.275211,6
2020-06-12 11:00:00,MH014,8.68,17.28998,6
2020-06-12 12:00:00,MH014,5.57,17.479773,6
2020-06-12 13:00:00,MH014,1.89,17.581627,6
2020-06-12 14:00:00,MH014,0.89,17.65284,6
2020-06-12 15:00:00,MH014,1.33,17.955214,6
2020-06-12 16:00:00,MH014,3.67,18.31254,6
2020-06-12 17:00:00,MH014,9.65,17.654333,6
2020-06-12 18:00:00,MH014,14.68,17.579454,6
2020-06-12 19:00:00,MH014,11.89,16.538752,6
2020-06-12 20:00:00,MH014,11.78,15.636734,6
2020-06-12 21:00:00,MH014,18.65,15.0792465,6
2020-06-12 22:00:00,MH014,22.58,14.952274,6
2020-06-12 23:00:00,MH014,9.67,14.22253,6
2020-06-13 00:00:00,MH014,6.89,15.128574,6
2020-06-13 01:00:00,MH014,5.89,15.9929905,6
2020-06-13 02:00:00,MH014,4.55,15.075075,6
2020-06-13 03:00:00,MH014,0.89,15.354214,6
2020-06-13 04:00:00,MH014,0.89,15.650854,6
2020-06-13 05:00:00,MH014,0.89,15.633949,6
2020-06-13 06:00:00,MH014,0.89,16.109587,6
2020-06-13 07:00:00,MH014,1.32,15.380598,6
2020-06-13 08:00:00,MH014,3.11,15.113165,6
2020-06-13 09:00:00,MH014,3.78,15.248512,6
2020-06-13 10:00:00,MH014,2.33,15.113323,6
2020-06-13 11:00:00,MH014,4.45,15.79023,6
2020-06-13 12:00:00,MH014,4.45,16.61198,6
2020-06-13 13:00:00,MH014,6.07,16.519556,6
2020-06-13 14:00:00,MH014,13.24,16.14804,6
2020-06-13 15:00:00,MH014,6.89,15.670094,6
2020-06-13 16:00:00,MH014,5.89,15.452803,6
2020-06-13 17:00:00,MH014,5.22,14.881439,6
2020-06-13 18:00:00,MH014,6.67,14.311993,6
2020-06-13 19:00:00,MH014,3.58,14.127769,6
2020-06-13 20:00:00,MH014,3.58,13.485031,6
2020-06-13 21:00:00,MH014,1.73,13.047226,6
2020-06-13 22:00:00,MH014,4.33,13.281826,6
2020-06-13 23:00:00,MH014,7.87,13.702877,6
2020-06-14 00:00:00,MH014,14.37,13.125004,6
2020-06-14 01:00:00,MH014,8.57,13.36784,6
2020-06-14 02:00:00,MH014,5.76,12.691078,6
2020-06-14 03:00:00,MH014,12.0,12.920635,6
2020-06-14 04:00:00,MH014,11.68,12.95364,6
2020-06-14 05:00:00,MH014,9.0,13.166473,6
2020-06-14 06:00:00,MH014,8.57,15.478165,6
2020-06-14 07:00:00,MH014,4.67,14.919012,6
2020-06-14 08:00:00,MH014,2.44,14.887571,6
2020-06-14 09:00:00,MH014,6.0,15.100174,6
2020-06-14 10:00:00,MH014,5.78,15.814383,6
2020-06-14 11:00:00,MH014,3.78,16.200974,6
2020-06-14 12:00:00,MH014,2.21,16.262482,6
2020-06-14 13:00:00,MH014,4.33,16.06805,6
2020-06-14 14:00:00,MH014,6.78,16.120869,6
2020-06-14 15:00:00,MH014,4.57,15.968517,6
2020-06-14 16:00:00,MH014,1.21,15.750858,6
2020-06-14 17:00:00,MH014,3.0,15.169144,6
2020-06-14 18:00:00,MH014,3.21,14.940779,6
2020-06-14 19:00:00,MH014,4.68,13.914234,6
2020-06-14 20:00:00,MH014,1.78,13.866066,6
2020-06-14 21:00:00,MH014,1.78,11.914436,6
2020-06-14 22:00:00,MH014,0.87,11.38747,6
2020-06-14 23:00:00,MH014,1.78,10.773205,6
2020-06-15 00:00:00,MH014,2.6,10.824699,6
2020-06-15 01:00:00,MH014,6.11,10.950077,6
2020-06-15 02:00:00,MH014,6.89,11.0131645,6
2020-06-15 03:00:00,MH014,7.3,11.820515,6
2020-06-15 04:00:00,MH014,16.05,12.098911,6
2020-06-15 05:00:00,MH014,16.05,13.251694,6
2020-06-15 06:00:00,MH014,0.84,16.821869,6
2020-06-15 07:00:00,MH014,2.21,16.646688,6
2020-06-15 08:00:00,MH014,4.22,17.359056,6
2020-06-15 09:00:00,MH014,5.67,16.405748,6
2020-06-15 10:00:00,MH014,2.78,16.308521,6
2020-06-15 11:00:00,MH014,1.54,16.375317,6
2020-06-15 12:00:00,MH014,5.89,16.502142,6
2020-06-15 13:00:00,MH014,4.78,16.458755,6
2020-06-15 14:00:00,MH014,3.43,15.958382,6
2020-06-15 15:00:00,MH014,7.43,14.722393,6
2020-06-15 16:00:00,MH014,11.32,14.6272545,6
2020-06-15 17:00:00,MH014,13.79,14.391781,6
2020-06-15 18:00:00,MH014,11.78,13.367596,6
2020-06-15 19:00:00,MH014,9.78,12.497528,6
2020-06-15 20:00:00,MH014,8.0,11.069393,6
2020-06-15 21:00:00,MH014,8.65,9.690186,6
2020-06-15 22:00:00,MH014,13.35,9.87315,6
2020-06-15 23:00:00,MH014,7.68,9.821449,6
2020-06-16 00:00:00,MH014,5.21,9.67157,6
2020-06-16 01:00:00,MH014,7.22,9.667763,6
2020-06-16 02:00:00,MH014,8.68,10.381958,6
2020-06-16 03:00:00,MH014,5.67,11.31591,6
2020-06-16 04:00:00,MH014,2.78,12.039162,6
2020-06-16 05:00:00,MH014,1.0,10.557442,6
2020-06-16 06:00:00,MH014,0.89,12.677624,6
2020-06-16 07:00:00,MH014,0.89,13.435516,6
2020-06-16 08:00:00,MH014,0.43,12.663956,6
2020-06-16 09:00:00,MH014,1.0,14.110966,6
2020-06-16 10:00:00,MH014,1.87,14.617544,6
2020-06-16 11:00:00,MH014,8.68,13.62468,6
2020-06-16 12:00:00,MH014,5.78,14.332245,6
2020-06-16 13:00:00,MH014,4.11,14.937687,6
2020-06-16 14:00:00,MH014,4.89,14.824152,6
2020-06-16 15:00:00,MH014,4.74,13.373222,6
2020-06-16 16:00:00,MH014,10.57,12.527622,6
2020-06-16 17:00:00,MH014,6.67,11.8347435,6
2020-06-16 18:00:00,MH014,4.43,11.112141,6
2020-06-16 19:00:00,MH014,7.79,10.652493,6
2020-06-16 20:00:00,MH014,5.47,10.844845,6
2020-06-16 21:00:00,MH014,0.89,11.057194,6
2020-06-16 22:00:00,MH014,0.89,12.3768425,6
2020-06-16 23:00:00,MH014,1.3,9.885342,6
2020-06-17 00:00:00,MH014,2.78,10.352631,6
2020-06-17 01:00:00,MH014,1.0,10.809494,6
2020-06-17 02:00:00,MH014,1.43,11.238281,6
2020-06-17 03:00:00,MH014,5.54,11.303936,6
2020-06-17 04:00:00,MH014,9.46,11.404816,6
2020-06-17 05:00:00,MH014,4.79,11.934193,6
2020-06-17 06:00:00,MH014,3.33,12.969631,6
2020-06-17 07:00:00,MH014,5.67,13.138695,6
2020-06-17 08:00:00,MH014,2.67,13.749443,6
2020-06-17 09:00:00,MH014,2.67,14.088348,6
2020-06-17 10:00:00,MH014,0.87,14.51614,6
2020-06-17 11:00:00,MH014,1.89,14.985342,6
2020-06-17 12:00:00,MH014,0.89,15.31039,6
2020-06-17 13:00:00,MH014,0.89,15.369326,6
2020-06-17 14:00:00,MH014,0.89,14.937315,6
2020-06-17 15:00:00,MH014,0.89,14.688995,6
2020-06-17 17:00:00,MH014,1.27,14.00037,6
2020-06-17 18:00:00,MH014,3.1,13.443245,6
2020-06-17 19:00:00,MH014,3.89,12.704449,6
2020-06-17 20:00:00,MH014,3.32,11.51152,6
2020-06-17 21:00:00,MH014,6.45,10.375977,6
2020-06-17 22:00:00,MH014,10.22,9.444954,6
2020-06-17 23:00:00,MH014,12.11,8.4127655,6
2020-06-18 00:00:00,MH014,12.89,7.7950854,6
2020-06-18 01:00:00,MH014,12.0,7.307079,6
2020-06-18 02:00:00,MH014,11.57,7.3589206,6
2020-06-18 03:00:00,MH014,8.0,7.770187,6
2020-06-20 04:00:00,MH014,12.75,13.90453,6
2020-06-20 05:00:00,MH014,19.0,14.775166,6
2020-06-20 06:00:00,MH014,18.78,16.686283,6
2020-06-20 07:00:00,MH014,17.0,16.51459,6
2020-06-20 08:00:00,MH014,17.32,16.805883,6
2020-06-20 09:00:00,MH014,19.47,17.196613,6
2020-06-20 10:00:00,MH014,15.76,17.38281,6
2020-06-20 11:00:00,MH014,21.37,17.743372,6
2020-06-20 12:00:00,MH014,15.78,17.944601,6
2020-06-20 13:00:00,MH014,14.54,17.764057,6
2020-06-20 14:00:00,MH014,18.55,17.595661,6
2020-06-20 15:00:00,MH014,14.47,17.336065,6
2020-06-20 16:00:00,MH014,9.67,16.820498,6
2020-06-20 17:00:00,MH014,7.0,16.337519,6
2020-06-20 18:00:00,MH014,7.62,15.827772,6
2020-06-20 19:00:00,MH014,12.68,15.043629,6
2020-06-20 20:00:00,MH014,9.89,13.6420555,6
2020-06-20 21:00:00,MH014,9.0,12.623451,6
2020-06-20 22:00:00,MH014,8.68,12.235584,6
2020-06-20 23:00:00,MH014,6.11,12.785641,6
2020-06-21 00:00:00,MH014,7.11,12.837074,6
2020-06-21 01:00:00,MH014,8.0,13.39394,6
2020-06-21 02:00:00,MH014,8.22,13.997856,6
2020-06-21 03:00:00,MH014,10.75,14.405251,6
2020-06-21 04:00:00,MH014,17.11,14.550661,6
2020-06-21 05:00:00,MH014,17.78,15.077847,6
2020-06-21 06:00:00,MH014,15.25,16.499617,6
2020-06-21 07:00:00,MH014,9.11,16.588648,6
2020-06-21 08:00:00,MH014,9.89,15.765457,6
2020-06-21 09:00:00,MH014,8.89,15.892948,6
2020-06-21 10:00:00,MH014,8.0,15.854227,6
2020-06-21 11:00:00,MH014,8.22,16.284113,6
2020-06-21 12:00:00,MH014,10.53,16.377668,6
2020-06-21 13:00:00,MH014,14.68,16.388865,6
2020-06-21 14:00:00,MH014,12.0,16.059217,6
2020-06-21 15:00:00,MH014,12.96,15.904823,6
2020-06-21 16:00:00,MH014,19.95,15.5624485,6
2020-06-21 17:00:00,MH014,10.89,15.136181,6
2020-06-21 18:00:00,MH014,10.11,14.72484,6
2020-06-21 19:00:00,MH014,11.21,13.993607,6
2020-06-21 20:00:00,MH014,12.9,13.635773,6
2020-06-21 21:00:00,MH014,11.58,12.484333,6
2020-06-21 22:00:00,MH014,8.0,11.776489,6
2020-06-21 23:00:00,MH014,7.89,11.390049,6
2020-06-22 00:00:00,MH014,7.0,12.072876,6
2020-06-22 01:00:00,MH014,6.89,11.802837,6
2020-06-22 02:00:00,MH014,6.22,12.575485,6
2020-06-22 03:00:00,MH014,7.89,12.042198,6
2020-06-22 04:00:00,MH014,7.85,13.69249,6
2020-06-22 05:00:00,MH014,14.37,13.926334,6
2020-06-22 06:00:00,MH014,9.74,15.369543,6
2020-06-22 07:00:00,MH014,15.28,15.86013,6
2020-06-22 08:00:00,MH014,9.11,16.053867,6
2020-06-22 09:00:00,MH014,10.32,16.291618,6
2020-06-22 10:00:00,MH014,13.0,16.668716,6
2020-06-22 11:00:00,MH014,13.43,16.5928,6
2020-06-22 12:00:00,MH014,16.79,16.669947,6
2020-06-22 13:00:00,MH014,14.89,16.897251,6
2020-06-22 14:00:00,MH014,13.78,16.721119,6
2020-06-22 15:00:00,MH014,11.57,16.633726,6
2020-06-22 16:00:00,MH014,8.11,16.40359,6
2020-06-22 17:00:00,MH014,9.21,15.707191,6
2020-06-22 18:00:00,MH014,10.68,14.991032,6
2020-06-22 19:00:00,MH014,8.32,14.128227,6
2020-06-22 20:00:00,MH014,11.0,13.40881,6
2020-06-22 21:00:00,MH014,11.42,12.860645,6
2020-06-22 22:00:00,MH014,14.68,12.670437,6
2020-06-22 23:00:00,MH014,12.21,12.392059,6
2020-06-23 00:00:00,MH014,14.43,12.804184,6
2020-06-23 01:00:00,MH014,17.68,13.182278,6
2020-06-23 02:00:00,MH014,14.26,14.225643,6
2020-06-23 03:00:00,MH014,8.74,13.704823,6
2020-06-23 04:00:00,MH014,14.79,14.214592,6
2020-06-23 05:00:00,MH014,13.43,14.842369,6
2020-06-23 06:00:00,MH014,16.11,15.925072,6
2020-06-23 07:00:00,MH014,9.0,15.701199,6
2020-06-23 08:00:00,MH014,8.58,15.768034,6
2020-06-23 09:00:00,MH014,5.11,16.408276,6
2020-06-23 10:00:00,MH014,6.0,16.223883,6
2020-06-23 11:00:00,MH014,5.89,16.876602,6
2020-06-23 12:00:00,MH014,5.11,17.158308,6
2020-06-23 13:00:00,MH014,6.42,17.254185,6
2020-06-23 14:00:00,MH014,9.68,16.707066,6
2020-06-23 15:00:00,MH014,6.89,16.660694,6
2020-06-23 16:00:00,MH014,5.89,16.353321,6
2020-06-23 17:00:00,MH014,5.0,16.021465,6
2020-06-23 18:00:00,MH014,5.11,15.203884,6
2020-06-23 19:00:00,MH014,6.43,14.677374,6
2020-06-23 20:00:00,MH014,10.11,14.34911,6
2020-06-23 21:00:00,MH014,11.0,14.153458,6
2020-06-23 22:00:00,MH014,10.68,13.58009,6
2020-06-23 23:00:00,MH014,7.78,13.737312,6
2020-06-24 00:00:00,MH014,5.79,13.422417,6
2020-06-24 01:00:00,MH014,4.11,13.971348,6
2020-06-24 02:00:00,MH014,4.89,13.993519,6
2020-06-24 03:00:00,MH014,4.11,14.012157,6
2020-06-24 04:00:00,MH014,5.76,13.667713,6
2020-06-24 05:00:00,MH014,12.0,14.182194,6
2020-06-24 06:00:00,MH014,12.42,15.945831,6
2020-06-24 07:00:00,MH014,14.95,15.134573,6
2020-06-24 08:00:00,MH014,6.22,15.298498,6
2020-06-24 09:00:00,MH014,7.67,15.5166645,6
2020-06-24 10:00:00,MH014,4.47,15.8469925,6
2020-06-24 11:00:00,MH014,2.11,16.078001,6
2020-06-24 12:00:00,MH014,5.11,16.38402,6
2020-06-24 13:00:00,MH014,6.32,16.44686,6
2020-06-24 14:00:00,MH014,8.78,16.250717,6
2020-06-24 15:00:00,MH014,6.68,15.862461,6
2020-06-24 16:00:00,MH014,4.0,15.277058,6
2020-06-24 17:00:00,MH014,3.9,14.686363,6
2020-06-24 18:00:00,MH014,3.1,13.838833,6
2020-06-24 19:00:00,MH014,4.0,13.2403145,6
2020-06-24 20:00:00,MH014,4.74,12.738567,6
2020-06-24 21:00:00,MH014,10.68,12.352947,6
2020-06-24 22:00:00,MH014,7.89,12.211185,6
2020-06-24 23:00:00,MH014,7.53,12.170925,6
2020-06-25 00:00:00,MH014,11.79,12.499378,6
2020-06-25 01:00:00,MH014,10.42,12.629105,6
2020-06-25 02:00:00,MH014,14.32,13.187347,6
2020-06-25 03:00:00,MH014,16.68,13.791294,6
2020-06-25 04:00:00,MH014,14.42,13.9553795,6
2020-06-25 05:00:00,MH014,17.68,14.456207,6
2020-06-25 06:00:00,MH014,14.46,14.536671,6
2020-06-25 07:00:00,MH014,9.89,12.975597,6
2020-06-25 08:00:00,MH014,9.0,13.500214,6
2020-06-25 09:00:00,MH014,8.58,13.591713,6
2020-06-25 10:00:00,MH014,5.32,13.809612,6
2020-06-25 11:00:00,MH014,8.0,13.781559,6
2020-06-25 12:00:00,MH014,8.53,14.4706135,6
2020-06-25 13:00:00,MH014,13.43,13.665665,6
2020-06-25 14:00:00,MH014,17.32,14.4833355,6
2020-06-25 15:00:00,MH014,19.13,14.32682,6
2020-06-25 16:00:00,MH014,11.79,13.81826,6
2020-06-25 17:00:00,MH014,9.79,13.156113,6
2020-06-25 18:00:00,MH014,7.89,12.36441,6
2020-06-25 19:00:00,MH014,7.0,11.849331,6
2020-06-25 20:00:00,MH014,7.85,11.2664795,6
2020-06-25 21:00:00,MH014,14.89,10.6369095,6
2020-06-25 22:00:00,MH014,13.58,9.608231,6
2020-06-25 23:00:00,MH014,10.11,9.385838,6
2020-06-26 00:00:00,MH014,10.68,10.250256,6
2020-06-26 01:00:00,MH014,7.89,11.230892,6
2020-06-26 02:00:00,MH014,8.48,12.41663,6
2020-06-26 03:00:00,MH014,20.35,13.547749,6
2020-06-26 04:00:00,MH014,15.0,13.705891,6
2020-06-26 05:00:00,MH014,14.68,14.334076,6
2020-06-26 06:00:00,MH014,12.32,14.277164,6
2020-06-26 07:00:00,MH014,15.21,13.889645,6
2020-06-26 08:00:00,MH014,16.02,13.758064,6
2020-06-26 09:00:00,MH014,8.22,14.250404,6
2020-06-26 10:00:00,MH014,9.68,14.675726,6
2020-06-26 11:00:00,MH014,7.85,14.449411,6
2020-06-26 12:00:00,MH014,15.0,15.042183,6
2020-06-26 13:00:00,MH014,15.62,14.688435,6
2020-06-26 14:00:00,MH014,20.37,14.341187,6
2020-06-26 15:00:00,MH014,15.32,15.183611,6
2020-06-26 16:00:00,MH014,17.47,15.437529,6
2020-06-26 17:00:00,MH014,12.58,14.338055,6
2020-06-26 18:00:00,MH014,9.63,13.624683,6
2020-06-26 19:00:00,MH014,15.32,12.546848,6
2020-06-26 20:00:00,MH014,18.0,11.630543,6
2020-06-26 21:00:00,MH014,17.79,10.697575,6
2020-06-26 22:00:00,MH014,15.46,10.675709,6
2020-06-26 23:00:00,MH014,11.0,10.678986,6
2020-06-27 00:00:00,MH014,11.0,11.45628,6
2020-06-27 01:00:00,MH014,11.0,13.131916,6
2020-06-27 02:00:00,MH014,11.74,14.261219,6
2020-06-27 03:00:00,MH014,19.16,15.3183155,6
2020-06-27 04:00:00,MH014,26.68,15.964548,6
2020-06-27 05:00:00,MH014,8.37,16.810661,6
2020-06-27 06:00:00,MH014,19.13,15.851824,6
2020-06-27 07:00:00,MH014,12.53,14.768534,6
2020-06-27 08:00:00,MH014,16.89,14.951141,6
2020-06-27 09:00:00,MH014,16.11,14.861399,6
2020-06-27 10:00:00,MH014,17.0,15.207033,6
2020-06-27 11:00:00,MH014,17.32,15.646925,6
2020-06-27 12:00:00,MH014,19.58,15.76536,6
2020-06-27 13:00:00,MH014,21.97,15.845444,6
2020-06-27 14:00:00,MH014,65.98,16.388723,6
2020-06-27 15:00:00,MH014,14.89,16.110577,6
2020-06-27 16:00:00,MH014,14.21,15.953373,6
2020-06-27 17:00:00,MH014,15.89,15.358873,6
2020-06-27 18:00:00,MH014,14.68,14.563208,6
2020-06-27 19:00:00,MH014,12.11,14.248497,6
2020-06-27 20:00:00,MH014,13.32,13.085114,6
2020-06-27 21:00:00,MH014,15.68,13.345581,6
2020-06-27 22:00:00,MH014,13.0,12.83662,6
2020-06-27 23:00:00,MH014,12.58,12.6633415,6
2020-06-28 00:00:00,MH014,9.21,14.197815,6
2020-06-28 01:00:00,MH014,10.58,15.852612,6
2020-06-28 02:00:00,MH014,7.11,18.272766,6
2020-06-28 03:00:00,MH014,8.11,19.790232,6
2020-06-28 04:00:00,MH014,9.42,16.851042,6
2020-06-28 05:00:00,MH014,13.74,18.839453,6
2020-06-28 06:00:00,MH014,19.78,19.523272,6
2020-06-28 07:00:00,MH014,17.89,18.978214,6
2020-06-28 08:00:00,MH014,16.59,19.533377,6
2020-06-28 09:00:00,MH014,12.58,19.262539,6
2020-06-28 10:00:00,MH014,8.68,19.304293,6
2020-06-28 11:00:00,MH014,5.89,19.618717,6
2020-06-28 12:00:00,MH014,5.42,19.420374,6
2020-06-28 13:00:00,MH014,9.11,18.876724,6
2020-06-28 14:00:00,MH014,10.11,20.195364,6
2020-06-28 15:00:00,MH014,11.0,18.895544,6
2020-06-28 16:00:00,MH014,11.11,17.746527,6
2020-06-28 17:00:00,MH014,11.58,17.40411,6
2020-06-28 18:00:00,MH014,8.41,15.881966,6
2020-06-28 19:00:00,MH014,11.58,14.870054,6
2020-06-28 20:00:00,MH014,8.0,13.313076,6
2020-06-28 21:00:00,MH014,8.0,12.346119,6
2020-06-28 22:00:00,MH014,8.0,11.766014,6
2020-06-28 23:00:00,MH014,7.59,11.410858,6
2020-06-29 00:00:00,MH014,3.79,11.292889,6
2020-06-29 01:00:00,MH014,3.0,12.848572,6
2020-06-29 02:00:00,MH014,2.68,12.969971,6
2020-06-29 03:00:00,MH014,0.84,14.232445,6
2020-06-29 04:00:00,MH014,2.0,14.966576,6
2020-06-29 05:00:00,MH014,1.9,14.496693,6
2020-06-29 06:00:00,MH014,1.32,15.627192,6
2020-06-29 07:00:00,MH014,4.11,15.600908,6
2020-06-29 08:00:00,MH014,4.57,14.908598,6
2020-06-29 09:00:00,MH014,0.89,15.113083,6
2020-06-29 10:00:00,MH014,0.89,15.1685505,6
2020-06-29 11:00:00,MH014,0.89,14.905264,6
2020-06-29 12:00:00,MH014,0.42,14.550539,6
2020-06-29 13:00:00,MH014,1.0,14.474421,6
2020-06-29 14:00:00,MH014,1.0,14.412708,6
2020-06-29 15:00:00,MH014,132.8,14.224056,6
2020-06-29 16:00:00,MH014,43.71,14.126324,6
2020-06-29 17:00:00,MH014,8.58,13.8677025,6
2020-06-29 18:00:00,MH014,4.47,13.202847,6
2020-06-29 19:00:00,MH014,4.47,12.046505,6
2020-06-29 20:00:00,MH014,4.47,11.233265,6
2020-06-29 21:00:00,MH014,4.47,10.469955,6
2020-06-30 03:00:00,MH014,2.31,12.513828,6
2020-06-30 04:00:00,MH014,2.31,14.213871,6
2020-06-30 05:00:00,MH014,2.31,11.494095,6
2020-06-30 06:00:00,MH014,1.69,14.739216,6
2020-06-30 07:00:00,MH014,4.0,15.273308,6
2020-06-30 08:00:00,MH014,3.68,15.102331,6
2020-06-30 09:00:00,MH014,0.9,15.887304,6
