Datetime,StationId,actual_PM25,predicted_PM25,horizon
2020-05-07 02:00:00,MH007,12.92,11.479276,1
2020-05-07 03:00:00,MH007,10.03,11.373021,1
2020-05-07 04:00:00,MH007,11.0,13.025239,1
2020-05-07 05:00:00,MH007,8.67,13.919526,1
2020-05-07 06:00:00,MH007,5.97,15.270732,1
2020-05-07 07:00:00,MH007,5.0,15.711194,1
2020-05-07 08:00:00,MH007,5.18,15.830806,1
2020-05-07 09:00:00,MH007,10.91,16.249989,1
2020-05-07 10:00:00,MH007,8.03,16.236525,1
2020-05-07 11:00:00,MH007,8.89,16.104666,1
2020-05-07 12:00:00,MH007,4.78,15.1323,1
2020-05-07 13:00:00,MH007,4.78,14.561614,1
2020-05-07 14:00:00,MH007,5.0,13.467538,1
2020-05-07 15:00:00,MH007,4.0,13.062272,1
2020-05-07 16:00:00,MH007,4.0,13.223367,1
2020-05-07 17:00:00,MH007,3.94,13.601258,1
2020-05-07 18:00:00,MH007,2.0,13.470181,1
2020-05-07 19:00:00,MH007,2.0,13.082414,1
2020-05-07 20:00:00,MH007,0.98,12.10933,1
2020-05-07 21:00:00,MH007,8.0,11.110467,1
2020-05-07 22:00:00,MH007,6.0,9.906556,1
2020-05-07 23:00:00,MH007,3.0,10.216874,1
2020-05-08 00:00:00,MH007,3.0,10.344003,1
2020-05-08 01:00:00,MH007,3.0,10.117246,1
2020-05-08 02:00:00,MH007,3.0,9.305249,1
2020-05-08 03:00:00,MH007,2.0,8.925946,1
2020-05-08 04:00:00,MH007,6.91,10.499471,1
2020-05-08 05:00:00,MH007,4.0,12.055287,1
2020-05-08 06:00:00,MH007,3.0,13.704129,1
2020-05-08 07:00:00,MH007,5.0,15.935485,1
2020-05-08 08:00:00,MH007,1.95,15.546258,1
2020-05-08 09:00:00,MH007,0.12,17.777262,1
2020-05-08 10:00:00,MH007,1.0,16.803259,1
2020-05-08 11:00:00,MH007,1.0,15.213962,1
2020-05-08 12:00:00,MH007,1.0,13.848306,1
2020-05-08 13:00:00,MH007,3.78,12.654428,1
2020-05-08 14:00:00,MH007,2.22,11.704705,1
2020-05-08 15:00:00,MH007,5.95,11.688844,1
2020-05-08 16:00:00,MH007,5.95,11.418717,1
2020-05-08 17:00:00,MH007,5.67,11.840108,1
2020-05-08 18:00:00,MH007,3.0,12.216611,1
2020-05-08 19:00:00,MH007,3.0,12.287915,1
2020-05-08 20:00:00,MH007,5.88,11.375493,1
2020-05-08 21:00:00,MH007,5.0,10.299787,1
2020-05-08 22:00:00,MH007,5.0,10.008485,1
2020-05-08 23:00:00,MH007,13.0,9.790345,1
2020-05-09 00:00:00,MH007,7.0,9.574208,1
2020-05-09 01:00:00,MH007,7.0,10.903611,1
2020-05-09 02:00:00,MH007,7.0,10.132665,1
2020-05-09 03:00:00,MH007,7.0,9.746095,1
2020-05-09 04:00:00,MH007,0.37,10.05338,1
2020-05-09 05:00:00,MH007,3.0,12.886659,1
2020-05-09 06:00:00,MH007,4.0,13.49059,1
2020-05-09 07:00:00,MH007,6.0,14.457183,1
2020-05-09 08:00:00,MH007,6.0,15.572671,1
2020-05-09 09:00:00,MH007,7.0,17.090662,1
2020-05-09 10:00:00,MH007,6.97,16.532436,1
2020-05-09 11:00:00,MH007,5.95,15.621644,1
2020-05-09 12:00:00,MH007,5.0,14.247762,1
2020-05-09 13:00:00,MH007,4.97,13.00475,1
2020-05-09 14:00:00,MH007,4.0,11.921636,1
2020-05-09 15:00:00,MH007,3.12,11.8890505,1
2020-05-09 16:00:00,MH007,5.0,12.008626,1
2020-05-09 17:00:00,MH007,4.92,12.309049,1
2020-05-09 18:00:00,MH007,2.15,13.052152,1
2020-05-09 19:00:00,MH007,7.0,13.09261,1
2020-05-09 20:00:00,MH007,8.15,12.364572,1
2020-05-09 21:00:00,MH007,11.0,12.070306,1
2020-05-09 22:00:00,MH007,11.0,11.75641,1
2020-05-09 23:00:00,MH007,12.0,11.946385,1
2020-05-10 00:00:00,MH007,5.91,11.646199,1
2020-05-10 01:00:00,MH007,3.0,11.972962,1
2020-05-10 02:00:00,MH007,5.97,12.4311495,1
2020-05-10 03:00:00,MH007,5.28,11.923673,1
2020-05-10 04:00:00,MH007,9.85,12.519761,1
2020-05-10 05:00:00,MH007,5.0,13.488244,1
2020-05-10 06:00:00,MH007,0.22,14.630385,1
2020-05-10 07:00:00,MH007,2.0,14.750302,1
2020-05-10 08:00:00,MH007,2.21,14.451398,1
2020-05-10 09:00:00,MH007,9.0,15.149917,1
2020-05-10 10:00:00,MH007,6.03,14.037156,1
2020-05-10 11:00:00,MH007,6.97,14.123807,1
2020-05-10 12:00:00,MH007,6.0,13.103593,1
2020-05-10 13:00:00,MH007,7.94,12.398824,1
2020-05-10 14:00:00,MH007,6.95,11.557855,1
2020-05-10 15:00:00,MH007,5.95,11.929296,1
2020-05-10 16:00:00,MH007,4.0,12.162583,1
2020-05-10 17:00:00,MH007,3.0,12.713006,1
2020-05-10 18:00:00,MH007,3.08,12.763818,1
2020-05-10 19:00:00,MH007,6.06,12.685784,1
2020-05-10 20:00:00,MH007,7.0,12.250955,1
2020-05-10 21:00:00,MH007,6.0,12.086083,1
2020-05-10 22:00:00,MH007,7.33,12.042748,1
2020-05-10 23:00:00,MH007,18.0,11.921666,1
2020-05-11 00:00:00,MH007,15.7,11.541535,1
2020-05-11 01:00:00,MH007,5.08,14.556874,1
2020-05-11 02:00:00,MH007,8.18,14.128083,1
2020-05-11 03:00:00,MH007,14.0,12.612691,1
2020-05-11 04:00:00,MH007,16.66,13.030667,1
2020-05-11 05:00:00,MH007,10.97,12.942128,1
2020-05-11 06:00:00,MH007,10.22,15.26493,1
2020-05-11 07:00:00,MH007,14.0,15.13173,1
2020-05-11 08:00:00,MH007,10.39,17.037035,1
2020-05-11 09:00:00,MH007,16.33,20.32845,1
2020-05-11 10:00:00,MH007,6.0,18.331598,1
2020-05-11 11:00:00,MH007,6.0,18.388342,1
2020-05-11 12:00:00,MH007,7.0,16.036503,1
2020-05-11 13:00:00,MH007,7.0,14.610318,1
2020-05-11 14:00:00,MH007,7.0,14.627379,1
2020-05-11 15:00:00,MH007,7.0,15.084985,1
2020-05-11 17:00:00,MH007,4.0,15.14631,1
2020-05-14 04:00:00,MH007,8.95,13.060887,1
2020-05-18 05:00:00,MH007,13.88,9.591863,1
2020-05-18 06:00:00,MH007,9.17,9.704812,1
2020-05-18 07:00:00,MH007,15.0,10.618093,1
2020-05-18 08:00:00,MH007,15.07,11.378716,1
2020-05-18 09:00:00,MH007,18.0,13.018674,1
2020-05-18 10:00:00,MH007,17.9,14.431582,1
2020-05-18 11:00:00,MH007,13.95,15.401433,1
2020-05-18 12:00:00,MH007,12.11,16.338263,1
2020-05-18 13:00:00,MH007,15.89,16.685236,1
2020-05-18 14:00:00,MH007,11.94,16.68774,1
2020-05-18 15:00:00,MH007,11.05,16.912077,1
2020-05-18 16:00:00,MH007,13.15,16.34738,1
2020-05-18 17:00:00,MH007,18.95,15.862653,1
2020-05-18 18:00:00,MH007,16.95,16.17722,1
2020-05-18 19:00:00,MH007,15.13,17.292032,1
2020-05-18 20:00:00,MH007,19.85,17.560282,1
2020-05-18 21:00:00,MH007,13.97,16.924292,1
2020-05-18 22:00:00,MH007,13.0,16.741014,1
2020-05-18 23:00:00,MH007,13.0,15.050956,1
2020-05-19 00:00:00,MH007,13.0,13.783761,1
2020-05-19 01:00:00,MH007,12.95,12.247548,1
2020-05-19 02:00:00,MH007,10.9,11.182981,1
2020-05-19 03:00:00,MH007,7.0,10.544797,1
2020-05-19 04:00:00,MH007,6.97,10.282186,1
2020-05-19 05:00:00,MH007,5.84,10.3094225,1
2020-05-19 06:00:00,MH007,5.84,10.96568,1
2020-05-19 07:00:00,MH007,5.84,12.271817,1
2020-05-19 08:00:00,MH007,5.84,13.278325,1
2020-05-19 09:00:00,MH007,1.1,13.809751,1
2020-05-19 10:00:00,MH007,10.7,14.365422,1
2020-05-19 11:00:00,MH007,10.7,13.795175,1
2020-05-19 12:00:00,MH007,10.7,14.687346,1
2020-05-19 13:00:00,MH007,0.4,14.994685,1
2020-05-19 14:00:00,MH007,4.22,15.101138,1
2020-05-19 15:00:00,MH007,11.7,13.998662,1
2020-05-19 16:00:00,MH007,11.7,14.113816,1
2020-05-19 17:00:00,MH007,11.7,14.998998,1
2020-05-19 18:00:00,MH007,11.7,15.685191,1
2020-05-19 19:00:00,MH007,0.33,15.874488,1
2020-05-19 20:00:00,MH007,3.14,15.884282,1
2020-05-19 21:00:00,MH007,7.78,13.91031,1
2020-05-19 22:00:00,MH007,0.67,12.995244,1
2020-05-19 23:00:00,MH007,5.85,13.129991,1
2020-05-20 00:00:00,MH007,5.85,11.26954,1
2020-05-20 01:00:00,MH007,5.85,10.627278,1
2020-05-20 02:00:00,MH007,5.85,10.214555,1
2020-05-22 10:00:00,MH007,28.05,26.191145,1
2020-05-22 11:00:00,MH007,29.9,27.985481,1
2020-05-22 12:00:00,MH007,25.8,25.603756,1
2020-05-22 13:00:00,MH007,19.3,24.679214,1
2020-05-22 14:00:00,MH007,30.93,23.628948,1
2020-05-22 15:00:00,MH007,28.0,22.689507,1
2020-05-22 16:00:00,MH007,27.98,24.2191,1
2020-05-22 17:00:00,MH007,26.95,24.959034,1
2020-05-22 18:00:00,MH007,25.5,25.555914,1
2020-05-22 19:00:00,MH007,43.0,26.0584,1
2020-05-22 20:00:00,MH007,26.44,26.105658,1
2020-05-22 21:00:00,MH007,5.1,30.05036,1
2020-05-22 22:00:00,MH007,8.95,27.700747,1
2020-05-22 23:00:00,MH007,6.96,21.432259,1
2020-05-23 00:00:00,MH007,5.14,18.989191,1
2020-05-23 01:00:00,MH007,10.25,18.03611,1
2020-05-23 02:00:00,MH007,20.07,16.240282,1
2020-05-23 03:00:00,MH007,20.07,17.285501,1
2020-05-23 04:00:00,MH007,28.9,18.532846,1
2020-05-23 05:00:00,MH007,24.16,20.390024,1
2020-05-23 06:00:00,MH007,10.0,23.844717,1
2020-05-23 07:00:00,MH007,5.0,24.462376,1
2020-05-23 08:00:00,MH007,5.0,22.044788,1
2020-05-23 09:00:00,MH007,5.0,20.836634,1
2020-05-23 10:00:00,MH007,5.28,18.81359,1
2020-05-23 11:00:00,MH007,5.28,17.581062,1
2020-05-23 12:00:00,MH007,5.0,16.126173,1
2020-05-23 13:00:00,MH007,5.0,14.932939,1
2020-05-23 14:00:00,MH007,5.0,13.704537,1
2020-05-23 15:00:00,MH007,5.0,13.218194,1
2020-05-23 16:00:00,MH007,5.0,13.262219,1
2020-05-23 17:00:00,MH007,5.0,13.364739,1
2020-05-23 18:00:00,MH007,5.0,13.368108,1
2020-05-23 19:00:00,MH007,5.64,13.562444,1
2020-05-23 20:00:00,MH007,29.0,13.69386,1
2020-05-23 21:00:00,MH007,5.0,13.493798,1
2020-05-23 22:00:00,MH007,5.0,15.830651,1
2020-05-23 23:00:00,MH007,5.0,13.407388,1
2020-05-24 00:00:00,MH007,5.0,11.266221,1
2020-05-24 01:00:00,MH007,5.0,10.340478,1
2020-05-24 02:00:00,MH007,5.0,9.894788,1
2020-05-24 03:00:00,MH007,5.0,9.782807,1
2020-05-24 04:00:00,MH007,5.0,10.887456,1
2020-05-24 05:00:00,MH007,5.0,11.442052,1
2020-05-24 06:00:00,MH007,5.14,12.56722,1
2020-05-24 07:00:00,MH007,10.25,13.130685,1
2020-05-24 08:00:00,MH007,19.7,13.087228,1
2020-05-24 09:00:00,MH007,8.0,13.666074,1
2020-05-24 10:00:00,MH007,5.1,15.345527,1
2020-05-24 11:00:00,MH007,8.9,14.093511,1
2020-05-24 12:00:00,MH007,5.0,12.681867,1
2020-05-24 13:00:00,MH007,5.38,12.453397,1
2020-05-24 14:00:00,MH007,5.38,12.440537,1
2020-05-24 15:00:00,MH007,13.78,12.852929,1
2020-05-24 16:00:00,MH007,5.0,13.03526,1
2020-05-24 17:00:00,MH007,5.0,14.034661,1
2020-05-24 18:00:00,MH007,5.0,13.58841,1
2020-05-24 19:00:00,MH007,5.38,13.597634,1
2020-05-24 20:00:00,MH007,20.0,13.214555,1
2020-05-24 21:00:00,MH007,14.85,12.738072,1
2020-05-24 22:00:00,MH007,9.2,14.236974,1
2020-05-24 23:00:00,MH007,15.72,14.383,1
2020-05-25 00:00:00,MH007,5.0,12.748147,1
2020-05-25 01:00:00,MH007,5.25,11.325276,1
2020-05-25 02:00:00,MH007,14.97,8.8814745,1
2020-05-25 03:00:00,MH007,13.78,7.725068,1
2020-05-25 04:00:00,MH007,5.0,9.281556,1
2020-05-25 05:00:00,MH007,5.0,12.773316,1
2020-05-25 06:00:00,MH007,5.0,12.936337,1
2020-05-25 07:00:00,MH007,5.0,13.895017,1
2020-05-25 08:00:00,MH007,5.0,15.550218,1
2020-05-25 09:00:00,MH007,5.0,15.137334,1
2020-05-25 10:00:00,MH007,5.0,15.557948,1
2020-05-25 11:00:00,MH007,5.0,15.024617,1
2020-05-25 12:00:00,MH007,5.0,13.545117,1
2020-05-25 13:00:00,MH007,5.0,13.581929,1
2020-05-25 14:00:00,MH007,5.0,14.198812,1
2020-05-25 15:00:00,MH007,5.0,14.675092,1
2020-05-25 16:00:00,MH007,5.0,14.721047,1
2020-05-25 17:00:00,MH007,5.0,14.739343,1
2020-05-25 18:00:00,MH007,5.0,14.534911,1
2020-05-25 19:00:00,MH007,5.0,13.929418,1
2020-05-25 20:00:00,MH007,5.0,13.109925,1
2020-05-25 21:00:00,MH007,5.0,12.28391,1
2020-05-25 22:00:00,MH007,5.0,11.336389,1
2020-05-25 23:00:00,MH007,5.0,10.528401,1
2020-05-26 00:00:00,MH007,5.0,9.761731,1
2020-05-26 01:00:00,MH007,5.0,9.291223,1
2020-05-26 02:00:00,MH007,5.0,8.187272,1
2020-05-26 03:00:00,MH007,5.0,7.715131,1
2020-05-26 04:00:00,MH007,5.0,7.920327,1
2020-05-26 05:00:00,MH007,5.0,8.453534,1
2020-05-26 06:00:00,MH007,5.0,9.3113985,1
2020-05-26 07:00:00,MH007,5.0,10.47828,1
2020-05-26 08:00:00,MH007,5.0,11.698319,1
2020-05-26 09:00:00,MH007,5.0,12.232476,1
2020-05-26 10:00:00,MH007,5.0,12.4448595,1
2020-05-26 11:00:00,MH007,5.0,12.914231,1
2020-05-26 12:00:00,MH007,5.0,13.408509,1
2020-05-26 13:00:00,MH007,5.0,13.782792,1
2020-05-26 14:00:00,MH007,5.0,14.077554,1
2020-05-26 15:00:00,MH007,5.0,14.276719,1
2020-05-26 16:00:00,MH007,5.0,14.3929205,1
2020-05-26 17:00:00,MH007,5.0,14.468453,1
2020-05-26 18:00:00,MH007,5.08,14.331962,1
2020-05-26 19:00:00,MH007,8.07,13.882749,1
2020-05-26 20:00:00,MH007,10.83,13.101876,1
2020-05-26 21:00:00,MH007,5.0,12.647794,1
2020-05-26 22:00:00,MH007,5.0,12.468034,1
2020-05-26 23:00:00,MH007,5.09,11.093171,1
2020-05-27 00:00:00,MH007,6.95,9.9017725,1
2020-05-27 01:00:00,MH007,5.09,9.5159235,1
2020-05-27 02:00:00,MH007,9.03,9.285985,1
2020-05-27 03:00:00,MH007,9.95,8.806935,1
2020-05-27 04:00:00,MH007,8.15,9.168195,1
2020-05-27 05:00:00,MH007,13.8,9.430318,1
2020-05-27 06:00:00,MH007,5.97,9.583848,1
2020-05-27 07:00:00,MH007,5.0,10.524247,1
2020-05-27 08:00:00,MH007,5.0,10.647443,1
2020-05-27 09:00:00,MH007,5.0,10.832967,1
2020-05-27 10:00:00,MH007,5.0,11.589276,1
2020-05-27 11:00:00,MH007,5.0,12.221459,1
2020-05-27 12:00:00,MH007,5.0,12.733956,1
2020-05-27 13:00:00,MH007,5.0,13.351781,1
2020-05-27 14:00:00,MH007,5.0,13.609136,1
2020-05-27 15:00:00,MH007,5.0,13.937928,1
2020-05-27 16:00:00,MH007,5.0,14.174935,1
2020-05-27 17:00:00,MH007,5.0,14.3530245,1
2020-05-27 18:00:00,MH007,5.0,14.301772,1
2020-05-27 19:00:00,MH007,5.22,13.9962435,1
2020-05-27 20:00:00,MH007,5.22,13.609517,1
2020-05-27 21:00:00,MH007,5.0,13.1018,1
2020-05-27 22:00:00,MH007,5.0,12.267491,1
2020-05-27 23:00:00,MH007,5.0,11.302064,1
2020-05-28 00:00:00,MH007,5.0,10.500543,1
2020-05-28 01:00:00,MH007,5.03,9.656171,1
2020-05-28 02:00:00,MH007,6.05,8.53436,1
2020-05-28 03:00:00,MH007,8.2,7.9080286,1
2020-05-28 04:00:00,MH007,15.72,7.742894,1
2020-05-28 05:00:00,MH007,5.0,8.256906,1
2020-05-28 06:00:00,MH007,5.0,9.548619,1
2020-05-28 07:00:00,MH007,5.0,9.584226,1
2020-05-28 08:00:00,MH007,5.0,10.018788,1
2020-05-28 09:00:00,MH007,5.0,10.736402,1
2020-05-28 10:00:00,MH007,5.05,11.497777,1
2020-05-28 11:00:00,MH007,7.11,11.974923,1
2020-05-28 12:00:00,MH007,10.7,12.396562,1
2020-05-28 13:00:00,MH007,5.0,12.74764,1
2020-05-28 14:00:00,MH007,5.0,13.544766,1
2020-05-28 15:00:00,MH007,5.0,13.461087,1
2020-05-28 16:00:00,MH007,5.0,13.578786,1
2020-05-28 17:00:00,MH007,5.0,13.779569,1
2020-05-28 18:00:00,MH007,5.0,13.885194,1
2020-05-28 19:00:00,MH007,5.3,13.86921,1
2020-05-28 20:00:00,MH007,17.0,13.701894,1
2020-05-28 21:00:00,MH007,6.96,12.605699,1
2020-05-28 22:00:00,MH007,5.0,12.951882,1
2020-05-28 23:00:00,MH007,5.0,11.361093,1
2020-05-29 00:00:00,MH007,5.05,9.928571,1
2020-05-29 01:00:00,MH007,7.1,8.533296,1
2020-05-29 02:00:00,MH007,11.2,7.8677416,1
2020-05-29 03:00:00,MH007,11.2,7.7539606,1
2020-05-29 04:00:00,MH007,11.2,8.557275,1
2020-05-29 05:00:00,MH007,17.05,8.911725,1
2020-05-29 06:00:00,MH007,18.18,9.923718,1
2020-05-29 07:00:00,MH007,22.05,12.479852,1
2020-05-29 08:00:00,MH007,23.05,14.202481,1
2020-05-29 09:00:00,MH007,24.0,15.295983,1
2020-05-29 10:00:00,MH007,21.82,15.725013,1
2020-05-29 11:00:00,MH007,15.0,16.210917,1
2020-05-29 12:00:00,MH007,14.97,16.316114,1
2020-05-29 13:00:00,MH007,13.8,15.761588,1
2020-05-29 14:00:00,MH007,6.08,16.034739,1
2020-05-29 15:00:00,MH007,9.0,16.3345,1
2020-05-29 16:00:00,MH007,10.95,15.789084,1
2020-05-29 17:00:00,MH007,9.1,15.915404,1
2020-05-29 18:00:00,MH007,13.1,16.201197,1
2020-05-29 19:00:00,MH007,17.15,15.651454,1
2020-05-29 20:00:00,MH007,22.98,15.765418,1
2020-05-29 21:00:00,MH007,22.1,16.268032,1
2020-05-29 22:00:00,MH007,25.93,17.312103,1
2020-05-29 23:00:00,MH007,22.57,17.68032,1
2020-05-30 00:00:00,MH007,6.0,18.167469,1
2020-05-30 01:00:00,MH007,6.28,17.312424,1
2020-05-30 02:00:00,MH007,17.0,14.865376,1
2020-05-30 03:00:00,MH007,16.85,14.026742,1
2020-05-30 04:00:00,MH007,11.0,16.554253,1
2020-05-30 05:00:00,MH007,11.15,17.511112,1
2020-05-30 06:00:00,MH007,17.07,17.171585,1
2020-05-30 07:00:00,MH007,20.07,17.703629,1
2020-05-30 08:00:00,MH007,22.6,18.263027,1
2020-05-30 09:00:00,MH007,19.0,19.652634,1
2020-05-30 10:00:00,MH007,5.0,20.708185,1
2020-05-30 11:00:00,MH007,5.12,19.612045,1
2020-05-30 12:00:00,MH007,10.1,16.314394,1
2020-05-30 13:00:00,MH007,13.96,14.218804,1
2020-05-30 14:00:00,MH007,10.18,14.486781,1
2020-05-30 15:00:00,MH007,16.95,15.341456,1
2020-05-30 16:00:00,MH007,14.54,15.185206,1
2020-05-30 17:00:00,MH007,5.02,16.19394,1
2020-05-30 18:00:00,MH007,6.38,16.508715,1
2020-05-30 19:00:00,MH007,21.07,15.347478,1
2020-05-30 20:00:00,MH007,21.07,14.95979,1
2020-05-30 21:00:00,MH007,8.0,16.777548,1
2020-05-30 22:00:00,MH007,8.1,17.507015,1
2020-05-30 23:00:00,MH007,11.82,15.914565,1
2020-05-31 00:00:00,MH007,5.0,14.644401,1
2020-05-31 01:00:00,MH007,5.09,14.295644,1
2020-05-31 02:00:00,MH007,5.09,12.358335,1
2020-05-31 03:00:00,MH007,5.09,11.691445,1
2020-05-31 04:00:00,MH007,5.09,11.465718,1
2020-06-03 07:00:00,MH007,5.0,8.114072,1
2020-06-03 08:00:00,MH007,5.11,9.083032,1
2020-06-03 09:00:00,MH007,10.05,7.3437243,1
2020-06-03 10:00:00,MH007,10.05,5.529454,1
2020-06-03 11:00:00,MH007,5.0,7.419591,1
2020-06-03 12:00:00,MH007,5.0,8.20564,1
2020-06-03 13:00:00,MH007,5.0,8.216573,1
2020-06-03 14:00:00,MH007,5.0,7.8893824,1
2020-06-03 15:00:00,MH007,5.0,7.1050425,1
2020-06-05 23:00:00,MH007,10.18,18.15395,1
2020-06-06 00:00:00,MH007,16.78,16.866947,1
2020-06-06 01:00:00,MH007,6.95,14.047681,1
2020-06-06 02:00:00,MH007,5.04,13.755723,1
2020-06-06 03:00:00,MH007,6.96,12.701898,1
2020-06-06 04:00:00,MH007,5.0,12.464231,1
2020-06-06 05:00:00,MH007,5.16,12.44056,1
2020-06-06 06:00:00,MH007,12.11,12.391347,1
2020-06-06 07:00:00,MH007,16.89,11.847138,1
2020-06-06 08:00:00,MH007,11.84,13.128182,1
2020-06-06 09:00:00,MH007,5.0,14.089696,1
2020-06-06 10:00:00,MH007,5.0,13.230042,1
2020-06-06 11:00:00,MH007,5.05,11.523877,1
2020-06-06 12:00:00,MH007,7.31,10.72292,1
2020-06-06 13:00:00,MH007,14.33,10.940274,1
2020-06-06 14:00:00,MH007,28.98,11.810731,1
2020-06-06 15:00:00,MH007,27.86,12.915963,1
2020-06-06 16:00:00,MH007,24.9,14.906911,1
2020-06-06 17:00:00,MH007,21.18,15.33385,1
2020-06-06 18:00:00,MH007,28.98,15.349643,1
2020-06-06 19:00:00,MH007,28.11,15.349486,1
2020-06-06 20:00:00,MH007,32.95,16.957577,1
2020-06-06 21:00:00,MH007,31.0,18.187487,1
2020-06-06 22:00:00,MH007,29.95,19.27928,1
2020-06-06 23:00:00,MH007,28.05,19.496414,1
2020-06-07 00:00:00,MH007,29.89,19.125074,1
2020-06-07 01:00:00,MH007,24.98,16.85179,1
2020-06-07 02:00:00,MH007,24.23,16.758238,1
2020-06-07 03:00:00,MH007,32.88,15.747281,1
2020-06-07 04:00:00,MH007,28.32,15.697606,1
2020-06-07 05:00:00,MH007,40.89,17.445604,1
2020-06-07 06:00:00,MH007,36.15,19.13815,1
2020-06-07 07:00:00,MH007,41.7,21.793959,1
2020-06-07 08:00:00,MH007,35.98,24.198017,1
2020-06-07 09:00:00,MH007,34.6,27.174156,1
2020-06-07 10:00:00,MH007,17.02,28.180727,1
2020-06-07 11:00:00,MH007,17.86,26.7641,1
2020-06-07 12:00:00,MH007,10.96,22.556974,1
2020-06-07 13:00:00,MH007,9.13,21.423386,1
2020-06-07 14:00:00,MH007,14.78,20.418821,1
2020-06-07 15:00:00,MH007,5.98,20.292276,1
2020-06-07 16:00:00,MH007,5.0,20.890158,1
2020-06-07 17:00:00,MH007,12.2,19.824125,1
2020-06-07 18:00:00,MH007,21.13,18.412664,1
2020-06-07 19:00:00,MH007,27.13,18.275906,1
2020-06-07 20:00:00,MH007,32.85,18.573706,1
2020-06-07 21:00:00,MH007,26.87,19.342615,1
2020-06-07 22:00:00,MH007,21.0,20.283176,1
2020-06-07 23:00:00,MH007,21.16,19.662258,1
2020-06-08 00:00:00,MH007,27.95,18.320549,1
2020-06-08 01:00:00,MH007,25.87,15.148606,1
2020-06-08 02:00:00,MH007,22.87,14.622191,1
2020-06-08 03:00:00,MH007,17.95,14.363317,1
2020-06-08 04:00:00,MH007,16.05,14.7643385,1
2020-06-08 05:00:00,MH007,18.07,14.654206,1
2020-06-08 06:00:00,MH007,21.0,15.617942,1
2020-06-08 07:00:00,MH007,21.27,16.769325,1
2020-06-08 08:00:00,MH007,32.98,18.232239,1
2020-06-08 09:00:00,MH007,32.08,18.98678,1
2020-06-08 10:00:00,MH007,35.05,21.245756,1
2020-06-08 11:00:00,MH007,36.51,22.838081,1
2020-06-08 12:00:00,MH007,16.18,22.158176,1
2020-06-08 13:00:00,MH007,23.02,23.472744,1
2020-06-08 14:00:00,MH007,23.91,22.07942,1
2020-06-08 15:00:00,MH007,19.87,21.895971,1
2020-06-08 16:00:00,MH007,13.98,23.500847,1
2020-06-08 17:00:00,MH007,13.1,23.41295,1
2020-06-08 18:00:00,MH007,17.14,22.157745,1
2020-06-08 19:00:00,MH007,23.16,20.991545,1
2020-06-08 20:00:00,MH007,29.91,20.201345,1
2020-06-08 21:00:00,MH007,25.95,20.983957,1
2020-06-08 22:00:00,MH007,23.98,20.726088,1
2020-06-08 23:00:00,MH007,22.92,19.9288,1
2020-06-09 00:00:00,MH007,18.98,18.544874,1
2020-06-09 01:00:00,MH007,18.07,17.872812,1
2020-06-09 02:00:00,MH007,21.07,15.440017,1
2020-06-09 03:00:00,MH007,24.0,15.120145,1
2020-06-09 04:00:00,MH007,21.0,15.555497,1
2020-06-09 05:00:00,MH007,21.11,16.460873,1
2020-06-09 06:00:00,MH007,25.8,16.716642,1
2020-06-09 07:00:00,MH007,17.61,17.115446,1
2020-06-09 08:00:00,MH007,42.67,19.168327,1
2020-06-09 09:00:00,MH007,27.98,19.119858,1
2020-06-09 10:00:00,MH007,26.84,23.01942,1
2020-06-09 11:00:00,MH007,19.67,23.92896,1
2020-06-09 12:00:00,MH007,5.0,23.338009,1
2020-06-09 13:00:00,MH007,5.0,21.887089,1
2020-06-09 14:00:00,MH007,5.0,20.616074,1
2020-06-09 15:00:00,MH007,5.0,18.95043,1
2020-06-09 16:00:00,MH007,5.0,19.27885,1
2020-06-09 17:00:00,MH007,5.0,18.39431,1
2020-06-09 18:00:00,MH007,5.0,17.358358,1
2020-06-09 19:00:00,MH007,5.22,16.179798,1
2020-06-09 20:00:00,MH007,15.0,14.727939,1
2020-06-09 21:00:00,MH007,18.93,13.674539,1
2020-06-09 22:00:00,MH007,15.91,13.464311,1
2020-06-09 23:00:00,MH007,11.85,13.480824,1
2020-06-10 00:00:00,MH007,5.02,12.848905,1
2020-06-10 01:00:00,MH007,5.98,11.863477,1
2020-06-10 02:00:00,MH007,5.0,9.38178,1
2020-06-10 03:00:00,MH007,5.16,8.672555,1
2020-06-10 04:00:00,MH007,12.04,8.614007,1
2020-06-10 05:00:00,MH007,14.62,9.323312,1
2020-06-10 06:00:00,MH007,45.55,11.375295,1
2020-06-10 07:00:00,MH007,26.36,13.316258,1
2020-06-10 08:00:00,MH007,41.6,18.830929,1
2020-06-10 09:00:00,MH007,32.86,19.09669,1
2020-06-10 10:00:00,MH007,29.93,20.184298,1
2020-06-10 11:00:00,MH007,26.91,20.302877,1
2020-06-10 12:00:00,MH007,22.95,20.416002,1
2020-06-10 13:00:00,MH007,21.0,20.367424,1
2020-06-10 14:00:00,MH007,10.87,20.330538,1
2020-06-10 15:00:00,MH007,5.0,19.846178,1
2020-06-10 16:00:00,MH007,5.0,19.701359,1
2020-06-10 17:00:00,MH007,5.04,17.332048,1
2020-06-10 18:00:00,MH007,7.02,15.98721,1
2020-06-10 19:00:00,MH007,7.93,14.915572,1
2020-06-10 20:00:00,MH007,5.11,12.290391,1
2020-06-10 21:00:00,MH007,9.95,12.757283,1
2020-06-10 22:00:00,MH007,8.91,12.06025,1
2020-06-10 23:00:00,MH007,5.13,12.021588,1
2020-06-11 00:00:00,MH007,10.89,11.396245,1
2020-06-11 01:00:00,MH007,5.98,9.486722,1
2020-06-11 02:00:00,MH007,5.0,8.906995,1
2020-06-11 03:00:00,MH007,5.0,8.289399,1
2020-06-11 04:00:00,MH007,5.0,8.081994,1
2020-06-11 05:00:00,MH007,5.0,8.751454,1
2020-06-11 06:00:00,MH007,5.07,9.658345,1
2020-06-11 07:00:00,MH007,8.07,10.264363,1
2020-06-11 08:00:00,MH007,11.04,11.803113,1
2020-06-11 09:00:00,MH007,13.0,13.713105,1
2020-06-11 10:00:00,MH007,22.93,15.025203,1
2020-06-11 11:00:00,MH007,19.71,15.390817,1
2020-06-11 12:00:00,MH007,7.26,16.475271,1
2020-06-11 13:00:00,MH007,17.84,16.480526,1
2020-06-11 14:00:00,MH007,10.87,14.399995,1
2020-06-11 15:00:00,MH007,5.0,14.107949,1
2020-06-11 16:00:00,MH007,5.0,14.981919,1
2020-06-11 17:00:00,MH007,5.09,13.833142,1
2020-06-11 18:00:00,MH007,9.25,13.161012,1
2020-06-11 19:00:00,MH007,19.95,12.478166,1
2020-06-11 20:00:00,MH007,17.93,12.680989,1
2020-06-11 21:00:00,MH007,14.91,14.642137,1
2020-06-11 22:00:00,MH007,11.0,14.21222,1
2020-06-11 23:00:00,MH007,11.11,11.875386,1
2020-06-12 00:00:00,MH007,15.97,9.970731,1
2020-06-12 01:00:00,MH007,15.02,8.497155,1
2020-06-12 02:00:00,MH007,16.07,8.950646,1
2020-06-12 03:00:00,MH007,18.91,10.013257,1
2020-06-12 04:00:00,MH007,14.98,10.959367,1
2020-06-12 05:00:00,MH007,14.0,13.078305,1
2020-06-12 06:00:00,MH007,12.13,12.860528,1
2020-06-12 07:00:00,MH007,18.02,12.43747,1
2020-06-12 08:00:00,MH007,18.94,12.652833,1
2020-06-12 09:00:00,MH007,16.07,14.17553,1
2020-06-12 10:00:00,MH007,19.27,15.807956,1
2020-06-12 11:00:00,MH007,30.88,15.763398,1
2020-06-12 12:00:00,MH007,25.93,15.908774,1
2020-06-12 13:00:00,MH007,22.91,18.783226,1
2020-06-12 14:00:00,MH007,22.91,19.587017,1
2020-06-12 15:00:00,MH007,22.91,19.267199,1
2020-06-12 16:00:00,MH007,15.09,19.951334,1
2020-06-12 17:00:00,MH007,19.05,20.884087,1
2020-06-12 18:00:00,MH007,20.87,19.804945,1
2020-06-12 19:00:00,MH007,15.0,21.27945,1
2020-06-12 20:00:00,MH007,15.03,24.066385,1
2020-06-12 21:00:00,MH007,15.78,25.168188,1
2020-06-12 22:00:00,MH007,6.22,23.316612,1
2020-06-12 23:00:00,MH007,16.1,21.245518,1
2020-06-13 00:00:00,MH007,21.02,17.375406,1
2020-06-13 01:00:00,MH007,22.0,16.212694,1
2020-06-13 02:00:00,MH007,25.11,16.685978,1
2020-06-13 03:00:00,MH007,25.11,17.141197,1
2020-06-13 04:00:00,MH007,24.84,18.089712,1
2020-06-13 05:00:00,MH007,13.11,18.222958,1
2020-06-13 06:00:00,MH007,18.05,18.885744,1
2020-06-13 07:00:00,MH007,19.78,18.94383,1
2020-06-13 08:00:00,MH007,10.02,17.9334,1
2020-06-13 09:00:00,MH007,11.11,18.085537,1
2020-06-13 10:00:00,MH007,15.98,17.3683,1
2020-06-13 11:00:00,MH007,15.0,17.436413,1
2020-06-13 12:00:00,MH007,14.96,17.657251,1
2020-06-13 13:00:00,MH007,12.94,17.250946,1
2020-06-13 14:00:00,MH007,10.0,17.40373,1
2020-06-13 15:00:00,MH007,10.0,16.796597,1
2020-06-13 16:00:00,MH007,21.0,16.374748,1
2020-06-13 17:00:00,MH007,7.4,16.767723,1
2020-06-13 18:00:00,MH007,6.0,18.455194,1
2020-06-13 19:00:00,MH007,6.0,17.386953,1
2020-06-13 20:00:00,MH007,6.0,15.786656,1
2020-06-13 21:00:00,MH007,6.0,13.373025,1
2020-06-13 22:00:00,MH007,6.02,12.138646,1
2020-06-13 23:00:00,MH007,6.98,11.166173,1
2020-06-14 00:00:00,MH007,6.0,10.082982,1
2020-06-14 01:00:00,MH007,6.0,9.421124,1
2020-06-14 02:00:00,MH007,6.02,9.62016,1
2020-06-14 03:00:00,MH007,6.98,9.522367,1
2020-06-14 04:00:00,MH007,6.0,9.916951,1
2020-06-14 05:00:00,MH007,6.0,10.357438,1
2020-06-14 06:00:00,MH007,6.47,11.662927,1
2020-06-14 07:00:00,MH007,6.47,12.612889,1
2020-06-14 08:00:00,MH007,6.0,13.413056,1
2020-06-14 09:00:00,MH007,6.0,13.989633,1
2020-06-14 10:00:00,MH007,6.0,14.354775,1
2020-06-14 11:00:00,MH007,6.0,14.67549,1
2020-06-14 12:00:00,MH007,6.0,14.644605,1
2020-06-14 13:00:00,MH007,6.0,14.597251,1
2020-06-14 14:00:00,MH007,6.0,14.306956,1
2020-06-14 15:00:00,MH007,6.0,12.169015,1
2020-06-14 16:00:00,MH007,6.0,11.208127,1
2020-06-14 17:00:00,MH007,6.0,11.0357065,1
2020-06-14 18:00:00,MH007,6.0,11.56424,1
2020-06-14 19:00:00,MH007,6.0,11.298356,1
2020-06-14 20:00:00,MH007,6.0,10.802781,1
2020-06-14 21:00:00,MH007,6.0,10.0287485,1
2020-06-14 22:00:00,MH007,6.0,9.400155,1
2020-06-14 23:00:00,MH007,6.0,8.471307,1
2020-06-15 00:00:00,MH007,6.0,7.486409,1
2020-06-15 01:00:00,MH007,6.09,5.207635,1
2020-06-15 02:00:00,MH007,10.0,4.267537,1
2020-06-15 03:00:00,MH007,10.27,4.867631,1
2020-06-15 04:00:00,MH007,21.64,6.0280123,1
2020-06-15 05:00:00,MH007,6.04,7.1731997,1
2020-06-15 06:00:00,MH007,8.0,9.5473795,1
2020-06-15 07:00:00,MH007,9.15,10.048429,1
2020-06-15 08:00:00,MH007,16.2,11.039548,1
2020-06-15 09:00:00,MH007,24.84,12.638318,1
2020-06-15 10:00:00,MH007,17.87,13.051522,1
2020-06-15 11:00:00,MH007,11.93,14.811276,1
2020-06-15 12:00:00,MH007,8.96,15.092732,1
2020-06-15 13:00:00,MH007,6.98,13.371789,1
2020-06-15 14:00:00,MH007,6.0,12.766427,1
2020-06-15 15:00:00,MH007,6.18,12.346997,1
2020-06-15 16:00:00,MH007,10.02,11.474278,1
2020-06-15 17:00:00,MH007,10.93,12.117677,1
2020-06-15 18:00:00,MH007,8.02,12.861104,1
2020-06-15 19:00:00,MH007,9.07,13.21882,1
2020-06-15 20:00:00,MH007,9.07,12.753354,1
2020-06-15 21:00:00,MH007,9.07,12.598176,1
2020-06-15 22:00:00,MH007,18.86,10.791211,1
2020-06-15 23:00:00,MH007,11.82,9.746034,1
2020-06-16 00:00:00,MH007,10.04,9.671105,1
2020-06-16 01:00:00,MH007,10.04,7.812722,1
2020-06-16 02:00:00,MH007,10.04,7.0790224,1
2020-06-16 03:00:00,MH007,10.04,6.7233477,1
2020-06-18 08:00:00,MH007,16.0,6.8915987,1
2020-06-18 09:00:00,MH007,16.0,7.7968264,1
2020-06-18 10:00:00,MH007,6.0,9.432485,1
2020-06-18 11:00:00,MH007,6.0,10.778359,1
2020-06-18 12:00:00,MH007,6.04,10.592553,1
2020-06-18 13:00:00,MH007,7.96,10.001386,1
2020-06-18 14:00:00,MH007,6.0,9.903966,1
2020-06-18 15:00:00,MH007,6.0,9.710473,1
2020-06-18 16:00:00,MH007,6.0,9.915025,1
2020-06-18 17:00:00,MH007,6.0,10.211953,1
2020-06-18 18:00:00,MH007,6.0,9.924035,1
2020-06-18 19:00:00,MH007,6.0,9.31923,1
2020-06-18 20:00:00,MH007,6.02,8.589395,1
2020-06-18 21:00:00,MH007,7.0,7.4037333,1
2020-06-18 22:00:00,MH007,6.98,7.077424,1
2020-06-18 23:00:00,MH007,6.0,7.4057436,1
2020-06-19 00:00:00,MH007,6.0,7.1497583,1
2020-06-19 01:00:00,MH007,6.0,5.751893,1
2020-06-19 02:00:00,MH007,6.22,5.180318,1
2020-06-19 03:00:00,MH007,15.84,5.0923853,1
2020-06-19 04:00:00,MH007,13.82,5.137288,1
2020-06-19 05:00:00,MH007,6.0,6.8673754,1
2020-06-19 06:00:00,MH007,6.35,8.549375,1
2020-06-19 07:00:00,MH007,23.8,8.384023,1
2020-06-19 08:00:00,MH007,15.91,9.096707,1
2020-06-19 09:00:00,MH007,12.07,12.775842,1
2020-06-19 10:00:00,MH007,14.96,13.974843,1
2020-06-19 11:00:00,MH007,12.98,13.673074,1
2020-06-19 12:00:00,MH007,12.18,13.99722,1
2020-06-19 13:00:00,MH007,18.87,14.164136,1
2020-06-19 14:00:00,MH007,12.9,13.740777,1
2020-06-19 15:00:00,MH007,8.27,15.069304,1
2020-06-19 16:00:00,MH007,19.89,14.905433,1
2020-06-19 17:00:00,MH007,15.04,13.831716,1
2020-06-19 18:00:00,MH007,16.94,14.735465,1
2020-06-19 19:00:00,MH007,13.96,14.900746,1
2020-06-19 20:00:00,MH007,11.98,14.793622,1
2020-06-19 21:00:00,MH007,11.04,14.1089945,1
2020-06-19 22:00:00,MH007,12.87,12.461648,1
2020-06-19 23:00:00,MH007,6.0,11.125451,1
2020-06-20 00:00:00,MH007,7.0,10.683949,1
2020-06-20 01:00:00,MH007,6.98,9.18324,1
2020-06-20 02:00:00,MH007,6.0,8.569863,1
2020-06-20 03:00:00,MH007,6.0,7.931058,1
2020-06-20 04:00:00,MH007,6.0,7.937478,1
2020-06-20 05:00:00,MH007,6.0,8.142045,1
2020-06-20 06:00:00,MH007,6.0,8.881806,1
2020-06-20 07:00:00,MH007,6.0,9.449906,1
2020-06-20 08:00:00,MH007,6.0,10.11131,1
2020-06-20 09:00:00,MH007,6.0,11.633031,1
2020-06-20 10:00:00,MH007,6.0,12.292817,1
2020-06-20 11:00:00,MH007,6.0,12.310201,1
2020-06-20 12:00:00,MH007,6.0,12.398446,1
2020-06-20 13:00:00,MH007,6.0,11.872052,1
2020-06-20 14:00:00,MH007,6.0,11.368077,1
2020-06-22 19:00:00,MH007,8.04,11.461747,1
2020-06-22 20:00:00,MH007,9.92,10.820767,1
2020-06-22 21:00:00,MH007,6.0,9.743226,1
2020-06-22 22:00:00,MH007,6.0,9.064244,1
2020-06-22 23:00:00,MH007,6.0,8.06857,1
2020-06-23 00:00:00,MH007,6.07,6.955659,1
2020-06-23 01:00:00,MH007,9.09,5.2189264,1
2020-06-23 02:00:00,MH007,12.96,4.2605715,1
2020-06-23 03:00:00,MH007,11.02,4.4148645,1
2020-06-23 04:00:00,MH007,11.87,5.426263,1
2020-06-23 05:00:00,MH007,6.0,5.855096,1
2020-06-23 06:00:00,MH007,6.02,6.68134,1
2020-06-23 07:00:00,MH007,7.02,7.2235537,1
2020-06-23 08:00:00,MH007,8.02,7.852147,1
2020-06-23 09:00:00,MH007,8.93,9.046342,1
2020-06-23 10:00:00,MH007,6.0,10.280065,1
2020-06-23 11:00:00,MH007,6.0,11.00686,1
2020-06-23 12:00:00,MH007,6.0,11.090966,1
2020-06-23 13:00:00,MH007,6.0,11.173009,1
2020-06-23 14:00:00,MH007,6.0,11.666722,1
2020-06-23 15:00:00,MH007,6.0,12.008405,1
2020-06-23 16:00:00,MH007,6.0,12.1807375,1
2020-06-23 17:00:00,MH007,6.0,11.790601,1
2020-06-23 18:00:00,MH007,6.0,11.434754,1
2020-06-23 19:00:00,MH007,6.0,10.917222,1
2020-06-23 20:00:00,MH007,6.0,10.207978,1
2020-06-23 21:00:00,MH007,6.0,9.360093,1
2020-06-23 22:00:00,MH007,6.0,8.522435,1
2020-06-23 23:00:00,MH007,6.0,7.6151896,1
2020-06-24 00:00:00,MH007,6.0,6.7727327,1
2020-06-24 01:00:00,MH007,6.0,5.797452,1
2020-06-24 02:00:00,MH007,6.0,5.347684,1
2020-06-24 03:00:00,MH007,6.0,5.025033,1
2020-06-24 04:00:00,MH007,6.0,5.1287127,1
2020-06-24 05:00:00,MH007,6.0,5.9909754,1
2020-06-24 06:00:00,MH007,6.0,7.1797953,1
2020-06-24 07:00:00,MH007,6.16,7.980603,1
2020-06-24 08:00:00,MH007,12.89,8.745141,1
2020-06-24 09:00:00,MH007,7.96,9.666024,1
2020-06-24 10:00:00,MH007,6.08,10.768086,1
2020-06-24 11:00:00,MH007,9.92,10.913861,1
2020-06-24 12:00:00,MH007,6.12,10.566209,1
2020-06-24 13:00:00,MH007,11.98,11.0951395,1
2020-06-24 14:00:00,MH007,11.04,11.267083,1
2020-06-24 15:00:00,MH007,12.9,11.823785,1
2020-06-24 16:00:00,MH007,7.96,12.358407,1
2020-06-24 17:00:00,MH007,6.04,12.832059,1
2020-06-24 18:00:00,MH007,7.98,12.517556,1
2020-06-24 19:00:00,MH007,6.98,12.082723,1
2020-06-24 20:00:00,MH007,6.09,11.729428,1
2020-06-24 21:00:00,MH007,10.0,11.23544,1
2020-06-24 22:00:00,MH007,10.0,10.101796,1
2020-06-24 23:00:00,MH007,10.02,9.537232,1
2020-06-25 00:00:00,MH007,11.0,8.994351,1
2020-06-25 01:00:00,MH007,10.92,7.5036707,1
2020-06-25 02:00:00,MH007,7.0,5.5720377,1
2020-06-25 03:00:00,MH007,7.08,5.749566,1
2020-06-25 04:00:00,MH007,11.06,6.6864176,1
2020-06-25 05:00:00,MH007,14.18,7.398629,1
2020-06-25 06:00:00,MH007,21.8,8.858777,1
2020-06-25 07:00:00,MH007,12.31,10.752774,1
2020-06-25 08:00:00,MH007,25.87,13.267793,1
2020-06-25 09:00:00,MH007,17.98,12.491345,1
2020-06-25 10:00:00,MH007,16.94,14.318412,1
2020-06-25 11:00:00,MH007,14.04,14.474809,1
2020-06-25 12:00:00,MH007,16.07,13.96663,1
2020-06-25 13:00:00,MH007,19.89,13.902482,1
2020-06-25 14:00:00,MH007,14.92,14.532554,1
2020-06-25 15:00:00,MH007,10.92,15.741796,1
2020-06-25 16:00:00,MH007,7.1,16.054947,1
2020-06-25 17:00:00,MH007,11.88,15.062345,1
2020-06-25 18:00:00,MH007,6.11,14.1968355,1
2020-06-25 19:00:00,MH007,11.09,15.013909,1
2020-06-25 20:00:00,MH007,15.0,14.773328,1
2020-06-25 21:00:00,MH007,14.94,15.284173,1
2020-06-25 22:00:00,MH007,12.02,15.355855,1
2020-06-25 23:00:00,MH007,13.02,14.351092,1
2020-06-26 00:00:00,MH007,14.02,12.249585,1
2020-06-26 01:00:00,MH007,14.91,11.551454,1
2020-06-26 02:00:00,MH007,10.98,11.656945,1
2020-06-26 03:00:00,MH007,10.08,11.2398,1
2020-06-26 04:00:00,MH007,14.0,11.105706,1
2020-06-26 05:00:00,MH007,13.92,12.383527,1
2020-06-26 06:00:00,MH007,9.94,13.674943,1
2020-06-26 07:00:00,MH007,7.33,15.319751,1
2020-06-26 08:00:00,MH007,22.04,15.1859045,1
2020-06-26 09:00:00,MH007,23.94,13.85188,1
2020-06-26 10:00:00,MH007,21.06,17.15859,1
2020-06-26 11:00:00,MH007,23.88,22.021051,1
2020-06-26 12:00:00,MH007,17.87,21.800867,1
2020-06-26 13:00:00,MH007,11.1,20.983484,1
2020-06-26 14:00:00,MH007,15.96,20.592587,1
2020-06-26 15:00:00,MH007,13.9,18.501495,1
2020-06-26 16:00:00,MH007,8.94,17.627748,1
2020-06-26 17:00:00,MH007,6.17,17.52758,1
2020-06-26 18:00:00,MH007,15.03,16.79973,1
2020-06-26 19:00:00,MH007,17.04,16.11681,1
2020-06-26 20:00:00,MH007,19.07,18.505922,1
2020-06-26 21:00:00,MH007,21.98,20.4502,1
2020-06-26 22:00:00,MH007,20.95,20.835161,1
2020-06-26 23:00:00,MH007,19.0,20.727602,1
2020-06-27 00:00:00,MH007,19.13,19.757727,1
2020-06-27 01:00:00,MH007,25.02,17.306232,1
2020-06-27 02:00:00,MH007,25.67,15.765176,1
2020-06-27 03:00:00,MH007,9.12,16.461056,1
2020-06-27 04:00:00,MH007,15.12,16.530663,1
2020-06-27 05:00:00,MH007,21.12,13.291905,1
2020-06-27 06:00:00,MH007,26.82,14.408746,1
2020-06-27 07:00:00,MH007,17.98,17.821714,1
2020-06-27 08:00:00,MH007,16.79,19.323896,1
2020-06-27 09:00:00,MH007,6.0,19.534233,1
2020-06-27 10:00:00,MH007,6.0,19.582516,1
2020-06-27 11:00:00,MH007,6.0,18.145834,1
2020-06-27 12:00:00,MH007,6.0,17.705011,1
2020-06-27 13:00:00,MH007,6.0,17.503637,1
2020-06-27 14:00:00,MH007,6.21,17.450594,1
2020-06-27 15:00:00,MH007,16.82,16.405546,1
2020-06-27 16:00:00,MH007,7.96,14.966678,1
2020-06-27 17:00:00,MH007,6.0,15.85744,1
2020-06-27 18:00:00,MH007,6.0,15.461795,1
2020-06-27 19:00:00,MH007,6.12,15.356065,1
2020-06-27 20:00:00,MH007,11.88,15.723308,1
2020-06-27 21:00:00,MH007,6.12,16.047268,1
2020-06-27 22:00:00,MH007,12.12,17.175892,1
2020-06-27 23:00:00,MH007,17.98,14.132546,1
2020-06-28 00:00:00,MH007,16.88,13.155145,1
2020-06-28 01:00:00,MH007,11.27,12.65949,1
2020-06-28 02:00:00,MH007,24.62,11.929688,1
2020-06-28 03:00:00,MH007,7.96,9.422032,1
2020-06-28 04:00:00,MH007,6.16,10.923223,1
2020-06-28 05:00:00,MH007,13.96,11.037625,1
2020-06-28 06:00:00,MH007,11.96,12.145604,1
2020-06-28 07:00:00,MH007,10.02,14.908151,1
2020-06-28 08:00:00,MH007,10.9,16.221905,1
2020-06-28 09:00:00,MH007,6.0,16.513132,1
2020-06-28 10:00:00,MH007,6.0,16.366499,1
2020-06-28 11:00:00,MH007,6.0,15.132379,1
2020-06-28 12:00:00,MH007,6.0,14.019841,1
2020-06-28 13:00:00,MH007,6.02,14.513301,1
2020-06-28 14:00:00,MH007,7.04,14.613355,1
2020-06-28 15:00:00,MH007,8.95,14.698009,1
2020-06-28 16:00:00,MH007,6.0,14.177918,1
2020-06-28 17:00:00,MH007,6.0,13.891145,1
2020-06-28 18:00:00,MH007,6.0,13.231973,1
2020-06-28 19:00:00,MH007,6.02,12.228253,1
2020-06-28 20:00:00,MH007,7.02,12.216378,1
2020-06-28 21:00:00,MH007,8.02,11.834435,1
2020-06-28 22:00:00,MH007,8.94,11.507829,1
2020-06-28 23:00:00,MH007,6.02,10.403295,1
2020-06-29 00:00:00,MH007,7.0,7.635705,1
2020-06-29 01:00:00,MH007,6.98,7.144971,1
2020-06-29 02:00:00,MH007,6.29,6.3289194,1
2020-06-29 03:00:00,MH007,20.71,5.118474,1
2020-06-29 04:00:00,MH007,6.0,5.1512575,1
2020-06-29 05:00:00,MH007,6.0,8.224984,1
2020-06-29 06:00:00,MH007,6.0,8.924424,1
2020-06-29 07:00:00,MH007,6.0,9.095002,1
2020-06-29 08:00:00,MH007,6.0,9.677945,1
2020-06-29 09:00:00,MH007,6.0,11.151338,1
2020-06-29 10:00:00,MH007,6.0,11.646092,1
2020-06-29 11:00:00,MH007,6.0,12.552323,1
2020-06-29 12:00:00,MH007,6.0,12.801118,1
2020-06-29 13:00:00,MH007,6.0,13.621167,1
2020-06-29 14:00:00,MH007,6.0,12.791039,1
2020-06-29 15:00:00,MH007,6.0,12.527905,1
2020-06-29 16:00:00,MH007,6.0,12.277547,1
2020-06-29 17:00:00,MH007,6.0,12.051858,1
2020-06-29 18:00:00,MH007,6.0,11.292302,1
2020-06-29 19:00:00,MH007,6.0,9.881894,1
2020-06-29 20:00:00,MH007,6.0,10.171823,1
2020-06-29 21:00:00,MH007,6.0,10.691415,1
2020-06-29 22:00:00,MH007,6.0,9.076955,1
2020-06-29 23:00:00,MH007,6.0,8.827958,1
2020-06-30 00:00:00,MH007,6.0,7.4573526,1
2020-06-30 01:00:00,MH007,6.0,6.226651,1
2020-06-30 02:00:00,MH007,6.0,5.460187,1
2020-06-30 03:00:00,MH007,6.0,5.2981615,1
2020-06-30 04:00:00,MH007,6.0,5.693776,1
2020-06-30 05:00:00,MH007,6.0,6.176385,1
2020-06-30 06:00:00,MH007,6.0,6.6054125,1
2020-06-30 07:00:00,MH007,6.0,7.6847277,1
2020-06-30 08:00:00,MH007,6.0,9.178327,1
2020-06-30 09:00:00,MH007,6.0,9.851857,1
2020-06-30 10:00:00,MH007,6.02,10.681836,1
2020-06-30 11:00:00,MH007,7.0,11.042249,1
2020-06-30 12:00:00,MH007,6.98,11.16739,1
2020-06-30 13:00:00,MH007,6.0,11.219914,1
2020-06-30 14:00:00,MH007,6.0,11.126561,1
2020-06-30 15:00:00,MH007,6.0,10.327397,1
2020-06-30 16:00:00,MH007,6.0,10.2087145,1
2020-06-30 17:00:00,MH007,6.0,10.159436,1
2020-06-30 18:00:00,MH007,6.0,9.914102,1
2020-06-30 19:00:00,MH007,6.0,9.531594,1
2020-06-30 20:00:00,MH007,6.0,9.050027,1
2020-06-30 21:00:00,MH007,6.0,8.278981,1
2020-06-30 22:00:00,MH007,6.0,7.2353945,1
2020-06-30 23:00:00,MH007,6.0,6.4513483,1
2020-05-04 03:00:00,MH008,7.0,9.042676,1
2020-05-04 04:00:00,MH008,10.56,10.889218,1
2020-05-04 05:00:00,MH008,9.55,11.702767,1
2020-05-04 06:00:00,MH008,7.78,13.068009,1
2020-05-04 07:00:00,MH008,8.12,13.487126,1
2020-05-04 08:00:00,MH008,11.1,14.058476,1
2020-05-04 09:00:00,MH008,10.28,13.812036,1
2020-05-04 10:00:00,MH008,18.0,14.081731,1
2020-05-04 11:00:00,MH008,16.89,13.754754,1
2020-05-04 12:00:00,MH008,15.33,14.803241,1
2020-05-04 13:00:00,MH008,12.1,15.5181055,1
2020-05-04 14:00:00,MH008,8.55,15.438769,1
2020-05-04 15:00:00,MH008,7.0,15.306287,1
2020-05-04 16:00:00,MH008,7.0,15.308866,1
2020-05-04 17:00:00,MH008,7.0,15.22716,1
2020-05-04 18:00:00,MH008,7.0,15.593648,1
2020-05-06 22:00:00,MH008,10.78,14.3528185,1
2020-05-06 23:00:00,MH008,9.32,13.041181,1
2020-05-07 00:00:00,MH008,6.33,11.806363,1
2020-05-07 01:00:00,MH008,4.45,11.66327,1
2020-05-07 02:00:00,MH008,8.0,10.821492,1
2020-05-07 03:00:00,MH008,16.12,10.400353,1
2020-05-07 04:00:00,MH008,11.9,12.313359,1
2020-05-07 05:00:00,MH008,10.33,14.878194,1
2020-05-07 06:00:00,MH008,7.78,16.075201,1
2020-05-07 07:00:00,MH008,7.67,16.029709,1
2020-05-07 08:00:00,MH008,10.45,15.809508,1
2020-05-07 09:00:00,MH008,12.0,16.241152,1
2020-05-07 10:00:00,MH008,12.0,16.841145,1
2020-05-07 11:00:00,MH008,12.0,16.977201,1
2020-05-07 12:00:00,MH008,17.1,16.394712,1
2020-05-07 13:00:00,MH008,14.97,15.560098,1
2020-05-07 14:00:00,MH008,7.33,15.460479,1
2020-05-07 15:00:00,MH008,5.0,15.033151,1
2020-05-07 16:00:00,MH008,5.0,14.660016,1
2020-05-07 17:00:00,MH008,5.0,14.69926,1
2020-05-07 18:00:00,MH008,5.0,14.677466,1
2020-05-07 19:00:00,MH008,24.3,14.278558,1
2020-05-07 20:00:00,MH008,23.45,13.728997,1
2020-05-07 21:00:00,MH008,23.43,15.660527,1
2020-05-07 22:00:00,MH008,16.88,16.043005,1
2020-05-07 23:00:00,MH008,11.88,16.297874,1
2020-05-08 00:00:00,MH008,7.78,15.193994,1
2020-05-08 01:00:00,MH008,7.67,13.783559,1
2020-05-08 02:00:00,MH008,10.22,11.990106,1
2020-05-08 03:00:00,MH008,12.79,12.239453,1
2020-05-08 04:00:00,MH008,18.1,14.548179,1
2020-05-08 05:00:00,MH008,15.9,16.87806,1
2020-05-08 06:00:00,MH008,18.55,18.61643,1
2020-05-08 07:00:00,MH008,15.2,20.274618,1
2020-05-08 08:00:00,MH008,9.68,20.306555,1
2020-05-08 09:00:00,MH008,11.78,21.512022,1
2020-05-08 10:00:00,MH008,11.0,20.269203,1
2020-05-08 11:00:00,MH008,27.0,19.197695,1
2020-05-08 12:00:00,MH008,24.07,18.082096,1
2020-05-08 13:00:00,MH008,13.32,19.959602,1
2020-05-08 14:00:00,MH008,12.57,19.631784,1
2020-05-08 15:00:00,MH008,18.0,17.691095,1
2020-05-08 16:00:00,MH008,18.0,16.451475,1
2020-05-08 17:00:00,MH008,18.0,17.210205,1
2020-05-08 18:00:00,MH008,27.0,18.077362,1
2020-05-08 19:00:00,MH008,24.75,18.510996,1
2020-05-08 20:00:00,MH008,16.55,20.21892,1
2020-05-08 21:00:00,MH008,14.78,20.175253,1
2020-05-08 22:00:00,MH008,13.78,18.851597,1
2020-05-08 23:00:00,MH008,11.45,17.789595,1
2020-05-09 00:00:00,MH008,5.78,16.665785,1
2020-05-09 01:00:00,MH008,5.45,15.690013,1
2020-05-09 02:00:00,MH008,7.22,14.375613,1
2020-05-09 03:00:00,MH008,10.03,13.761006,1
2020-05-09 04:00:00,MH008,16.32,14.065537,1
2020-05-09 05:00:00,MH008,14.45,17.367281,1
2020-05-09 06:00:00,MH008,15.55,20.093475,1
2020-05-09 07:00:00,MH008,13.32,21.370079,1
2020-05-09 08:00:00,MH008,10.78,22.302605,1
2020-05-09 09:00:00,MH008,10.0,21.95897,1
2020-05-09 10:00:00,MH008,10.0,19.934113,1
2020-05-09 11:00:00,MH008,10.0,18.666353,1
2020-05-09 12:00:00,MH008,10.0,17.558369,1
2020-05-11 18:00:00,MH008,9.09,16.03933,1
2020-05-11 19:00:00,MH008,9.09,15.30742,1
2020-05-11 20:00:00,MH008,14.91,14.3020735,1
2020-05-11 21:00:00,MH008,17.32,13.5936365,1
2020-05-11 22:00:00,MH008,15.68,13.922021,1
2020-05-11 23:00:00,MH008,17.32,14.035596,1
2020-05-12 00:00:00,MH008,13.43,14.916867,1
2020-05-12 01:00:00,MH008,6.65,15.617682,1
2020-05-12 02:00:00,MH008,1.54,15.079026,1
2020-05-12 03:00:00,MH008,0.9,13.64922,1
2020-05-12 04:00:00,MH008,4.42,12.410661,1
2020-05-12 05:00:00,MH008,16.0,12.345643,1
2020-05-12 06:00:00,MH008,15.55,14.038392,1
2020-05-12 07:00:00,MH008,14.23,17.06005,1
2020-05-12 08:00:00,MH008,15.0,18.303453,1
2020-05-12 09:00:00,MH008,74.92,18.186035,1
2020-05-12 10:00:00,MH008,17.0,18.469242,1
2020-05-12 11:00:00,MH008,17.0,25.721455,1
2020-05-12 12:00:00,MH008,10.0,19.971169,1
2020-05-12 13:00:00,MH008,10.68,17.780659,1
2020-05-12 14:00:00,MH008,13.0,16.018448,1
2020-05-12 15:00:00,MH008,13.0,16.668442,1
2020-05-12 16:00:00,MH008,11.65,17.04062,1
2020-05-12 17:00:00,MH008,6.54,18.792862,1
2020-05-12 18:00:00,MH008,6.54,17.471483,1
2020-05-12 19:00:00,MH008,5.0,15.802434,1
2020-05-12 20:00:00,MH008,21.0,14.455024,1
2020-05-12 21:00:00,MH008,19.2,13.288854,1
2020-05-12 22:00:00,MH008,11.88,14.598905,1
2020-05-12 23:00:00,MH008,7.55,14.436423,1
2020-05-13 00:00:00,MH008,6.68,13.562432,1
2020-05-13 01:00:00,MH008,8.77,12.133012,1
2020-05-13 02:00:00,MH008,8.68,10.8389635,1
2020-05-13 03:00:00,MH008,10.77,12.4576235,1
2020-05-13 04:00:00,MH008,11.12,13.737924,1
2020-05-13 05:00:00,MH008,16.37,15.314847,1
2020-05-13 06:00:00,MH008,20.32,16.619566,1
2020-05-13 07:00:00,MH008,18.68,17.559753,1
2020-05-13 08:00:00,MH008,20.1,19.085669,1
2020-05-13 09:00:00,MH008,16.77,20.329126,1
2020-05-13 10:00:00,MH008,16.0,20.713293,1
2020-05-13 11:00:00,MH008,16.0,21.504875,1
2020-05-13 12:00:00,MH008,16.0,19.078077,1
2020-05-13 13:00:00,MH008,14.0,17.598827,1
2020-05-13 14:00:00,MH008,12.88,17.052383,1
2020-05-13 15:00:00,MH008,9.0,16.892082,1
2020-05-13 16:00:00,MH008,8.78,17.122953,1
2020-05-13 17:00:00,MH008,8.0,16.72,1
2020-05-13 18:00:00,MH008,8.0,16.260902,1
2020-05-13 19:00:00,MH008,8.0,15.413762,1
2020-05-13 20:00:00,MH008,8.0,14.455155,1
2020-05-13 21:00:00,MH008,14.93,13.362618,1
2020-05-13 22:00:00,MH008,14.23,12.851739,1
2020-05-13 23:00:00,MH008,13.88,13.293111,1
2020-05-14 00:00:00,MH008,10.68,13.030396,1
2020-05-14 01:00:00,MH008,11.86,12.188218,1
2020-05-14 02:00:00,MH008,8.0,12.84549,1
2020-05-14 03:00:00,MH008,7.54,13.220246,1
2020-05-14 04:00:00,MH008,7.82,13.681973,1
2020-05-14 05:00:00,MH008,15.35,14.302558,1
2020-05-14 06:00:00,MH008,19.09,16.086235,1
2020-05-14 07:00:00,MH008,15.54,18.251678,1
2020-05-14 08:00:00,MH008,14.0,20.666773,1
2020-05-14 09:00:00,MH008,14.0,19.196943,1
2020-05-14 10:00:00,MH008,14.0,17.462944,1
2020-05-14 11:00:00,MH008,14.0,15.896724,1
2020-05-14 12:00:00,MH008,14.0,15.066894,1
2020-05-22 18:00:00,MH008,17.16,16.771816,1
2020-05-22 19:00:00,MH008,15.0,17.426386,1
2020-05-22 20:00:00,MH008,22.0,18.389677,1
2020-05-22 21:00:00,MH008,13.7,18.0035,1
2020-05-22 22:00:00,MH008,12.77,18.578627,1
2020-05-22 23:00:00,MH008,11.54,16.767824,1
2020-05-23 00:00:00,MH008,10.46,15.179019,1
2020-05-23 01:00:00,MH008,12.0,14.936793,1
2020-05-23 02:00:00,MH008,12.0,14.17077,1
2020-05-23 03:00:00,MH008,14.31,13.902226,1
2020-05-23 04:00:00,MH008,14.0,14.033589,1
2020-05-23 05:00:00,MH008,8.47,16.19902,1
2020-05-23 06:00:00,MH008,8.46,17.554295,1
2020-05-23 07:00:00,MH008,11.38,16.781986,1
2020-05-23 08:00:00,MH008,15.54,16.793688,1
2020-05-23 09:00:00,MH008,14.0,18.233524,1
2020-05-23 10:00:00,MH008,22.38,18.623297,1
2020-05-23 11:00:00,MH008,17.0,17.969765,1
2020-05-23 12:00:00,MH008,21.08,18.106558,1
2020-05-23 13:00:00,MH008,16.38,16.261303,1
2020-05-23 14:00:00,MH008,10.31,15.587455,1
2020-05-23 15:00:00,MH008,10.05,15.502814,1
2020-05-23 16:00:00,MH008,15.38,15.457368,1
2020-05-23 17:00:00,MH008,11.62,15.515862,1
2020-05-23 18:00:00,MH008,17.46,16.715765,1
2020-05-23 19:00:00,MH008,19.92,16.651247,1
2020-05-23 20:00:00,MH008,21.38,17.083326,1
2020-05-23 21:00:00,MH008,15.31,17.051424,1
2020-05-23 22:00:00,MH008,11.85,16.809944,1
2020-05-23 23:00:00,MH008,8.46,15.543244,1
2020-05-24 00:00:00,MH008,11.15,14.315259,1
2020-05-24 01:00:00,MH008,12.7,13.270272,1
2020-05-24 02:00:00,MH008,8.46,13.486482,1
2020-05-24 03:00:00,MH008,18.6,14.128026,1
2020-05-24 04:00:00,MH008,13.54,14.171746,1
2020-05-24 05:00:00,MH008,11.54,16.407307,1
2020-05-24 06:00:00,MH008,10.23,16.671743,1
2020-05-24 07:00:00,MH008,11.23,16.091316,1
2020-05-24 08:00:00,MH008,11.54,15.981458,1
2020-05-24 09:00:00,MH008,9.77,16.384033,1
2020-05-24 10:00:00,MH008,10.15,16.963547,1
2020-05-24 11:00:00,MH008,14.0,16.952795,1
2020-05-24 12:00:00,MH008,13.54,16.230846,1
2020-05-24 13:00:00,MH008,11.31,15.69637,1
2020-05-24 14:00:00,MH008,8.54,15.444039,1
2020-05-24 15:00:00,MH008,6.77,15.368764,1
2020-05-24 16:00:00,MH008,6.23,14.947511,1
2020-05-24 17:00:00,MH008,7.23,14.776214,1
2020-05-24 18:00:00,MH008,10.3,14.98079,1
2020-05-24 19:00:00,MH008,18.0,15.405234,1
2020-05-24 20:00:00,MH008,17.54,15.788684,1
2020-05-24 21:00:00,MH008,16.46,16.659237,1
2020-05-24 22:00:00,MH008,15.27,16.646517,1
2020-05-24 23:00:00,MH008,6.68,16.037449,1
2020-05-25 00:00:00,MH008,9.69,14.7059965,1
2020-05-25 01:00:00,MH008,10.62,11.527719,1
2020-05-25 02:00:00,MH008,7.15,10.062886,1
2020-05-25 03:00:00,MH008,12.38,10.29519,1
2020-05-25 04:00:00,MH008,17.23,9.982331,1
2020-05-25 05:00:00,MH008,16.85,13.488912,1
2020-05-25 06:00:00,MH008,12.08,16.02412,1
2020-05-25 07:00:00,MH008,9.92,17.1271,1
2020-05-25 08:00:00,MH008,11.62,18.430143,1
2020-05-25 09:00:00,MH008,7.47,17.423872,1
2020-05-25 10:00:00,MH008,10.15,17.526264,1
2020-05-25 11:00:00,MH008,14.0,17.33092,1
2020-05-25 12:00:00,MH008,13.54,16.777748,1
2020-05-25 13:00:00,MH008,12.46,17.357029,1
2020-05-25 14:00:00,MH008,14.0,17.96117,1
2020-05-25 15:00:00,MH008,13.31,17.712646,1
2020-05-25 16:00:00,MH008,11.92,17.908186,1
2020-05-25 17:00:00,MH008,14.77,17.745966,1
2020-05-25 18:00:00,MH008,14.69,17.164768,1
2020-05-25 19:00:00,MH008,17.0,17.197475,1
2020-05-25 20:00:00,MH008,15.39,17.300976,1
2020-05-25 21:00:00,MH008,10.47,17.175968,1
2020-05-25 22:00:00,MH008,11.77,16.078495,1
2020-05-25 23:00:00,MH008,10.07,14.117585,1
2020-05-26 00:00:00,MH008,8.38,13.097505,1
2020-05-26 01:00:00,MH008,12.77,12.10188,1
2020-05-26 02:00:00,MH008,14.54,10.719548,1
2020-05-26 03:00:00,MH008,19.54,11.405438,1
2020-05-26 04:00:00,MH008,10.77,12.167951,1
2020-05-26 05:00:00,MH008,18.16,13.224774,1
2020-05-26 06:00:00,MH008,12.23,13.5950365,1
2020-05-26 07:00:00,MH008,11.83,15.618678,1
2020-05-26 08:00:00,MH008,9.38,16.314089,1
2020-05-26 09:00:00,MH008,14.23,16.480392,1
2020-05-26 10:00:00,MH008,14.77,16.169199,1
2020-05-26 11:00:00,MH008,14.0,17.384111,1
2020-05-26 12:00:00,MH008,13.53,17.83313,1
2020-05-26 13:00:00,MH008,13.62,18.477911,1
2020-05-26 14:00:00,MH008,17.85,18.983746,1
2020-05-26 15:00:00,MH008,13.54,18.457647,1
2020-05-26 16:00:00,MH008,10.85,19.15065,1
2020-05-26 17:00:00,MH008,8.85,18.897554,1
2020-05-26 18:00:00,MH008,14.77,18.61133,1
2020-05-26 19:00:00,MH008,14.69,18.055197,1
2020-05-26 20:00:00,MH008,17.69,18.513767,1
2020-05-26 21:00:00,MH008,18.13,18.075748,1
2020-05-26 22:00:00,MH008,11.77,17.709303,1
2020-05-26 23:00:00,MH008,10.08,16.523407,1
2020-05-27 00:00:00,MH008,8.15,14.227185,1
2020-05-27 01:00:00,MH008,11.07,12.999021,1
2020-05-27 02:00:00,MH008,8.46,12.291444,1
2020-05-27 03:00:00,MH008,11.4,12.368005,1
2020-05-27 04:00:00,MH008,15.07,12.288594,1
2020-05-27 05:00:00,MH008,11.77,12.796765,1
2020-05-27 06:00:00,MH008,10.53,13.3018465,1
2020-05-27 07:00:00,MH008,9.92,13.3988695,1
2020-05-27 08:00:00,MH008,12.77,13.297097,1
2020-05-27 09:00:00,MH008,11.08,13.588449,1
2020-05-27 10:00:00,MH008,9.63,14.517209,1
2020-05-27 11:00:00,MH008,15.0,15.002368,1
2020-05-27 12:00:00,MH008,15.0,15.546569,1
2020-05-27 13:00:00,MH008,16.17,16.607418,1
2020-05-27 14:00:00,MH008,18.37,17.452963,1
2020-05-27 15:00:00,MH008,12.31,17.959602,1
2020-05-27 16:00:00,MH008,9.77,18.520895,1
2020-05-27 17:00:00,MH008,11.1,18.325705,1
2020-05-27 18:00:00,MH008,15.4,17.949661,1
2020-05-27 19:00:00,MH008,9.8,17.804405,1
2020-05-27 20:00:00,MH008,19.23,18.23092,1
2020-05-27 21:00:00,MH008,19.77,17.179646,1
2020-05-27 22:00:00,MH008,18.77,17.603537,1
2020-05-27 23:00:00,MH008,15.2,16.881893,1
2020-05-28 00:00:00,MH008,6.47,15.666478,1
2020-05-28 01:00:00,MH008,8.0,13.959615,1
2020-05-28 02:00:00,MH008,8.93,11.668874,1
2020-05-28 03:00:00,MH008,13.62,10.678151,1
2020-05-28 04:00:00,MH008,18.54,11.207932,1
2020-05-28 05:00:00,MH008,17.69,12.218144,1
2020-05-28 06:00:00,MH008,19.3,13.398335,1
2020-05-28 07:00:00,MH008,15.13,14.224481,1
2020-05-28 08:00:00,MH008,10.17,14.950915,1
2020-05-28 09:00:00,MH008,13.53,15.30157,1
2020-05-28 10:00:00,MH008,11.3,15.1806555,1
2020-05-28 11:00:00,MH008,11.3,16.007797,1
2020-05-28 12:00:00,MH008,20.63,16.52223,1
2020-05-28 13:00:00,MH008,23.23,17.008814,1
2020-05-28 14:00:00,MH008,14.69,18.5583,1
2020-05-28 15:00:00,MH008,15.83,19.52189,1
2020-05-28 16:00:00,MH008,10.82,18.629446,1
2020-05-28 17:00:00,MH008,7.0,18.591742,1
2020-05-28 18:00:00,MH008,8.15,17.943869,1
2020-05-28 19:00:00,MH008,13.63,17.104582,1
2020-05-28 20:00:00,MH008,19.23,17.163086,1
2020-05-28 21:00:00,MH008,16.97,17.224579,1
2020-05-28 22:00:00,MH008,10.92,17.226854,1
2020-05-28 23:00:00,MH008,19.57,16.215645,1
2020-05-29 00:00:00,MH008,5.0,13.951955,1
2020-05-29 01:00:00,MH008,4.3,12.959519,1
2020-05-29 02:00:00,MH008,2.7,10.600163,1
2020-05-29 03:00:00,MH008,6.38,9.514806,1
2020-05-29 04:00:00,MH008,11.47,9.383298,1
2020-05-29 05:00:00,MH008,12.08,10.379846,1
2020-05-29 06:00:00,MH008,10.87,12.189736,1
2020-05-29 07:00:00,MH008,13.03,14.53843,1
2020-05-29 08:00:00,MH008,7.47,14.936694,1
2020-05-29 09:00:00,MH008,7.77,14.992541,1
2020-05-29 10:00:00,MH008,7.0,13.69439,1
2020-05-29 11:00:00,MH008,7.23,13.942277,1
2020-05-29 12:00:00,MH008,8.7,14.035893,1
2020-05-29 13:00:00,MH008,10.54,13.836831,1
2020-05-29 14:00:00,MH008,9.47,14.276471,1
2020-05-29 15:00:00,MH008,10.53,14.867621,1
2020-05-29 16:00:00,MH008,8.53,14.805236,1
2020-05-29 17:00:00,MH008,6.77,15.031131,1
2020-05-29 18:00:00,MH008,5.77,14.917035,1
2020-05-29 19:00:00,MH008,7.33,14.43192,1
2020-05-29 20:00:00,MH008,14.77,14.033162,1
2020-05-29 21:00:00,MH008,14.93,14.033696,1
2020-05-29 22:00:00,MH008,16.6,14.901061,1
2020-05-29 23:00:00,MH008,11.29,15.249221,1
2020-05-30 00:00:00,MH008,8.3,14.828031,1
2020-05-30 01:00:00,MH008,6.0,13.22289,1
2020-05-30 02:00:00,MH008,6.47,11.763658,1
2020-05-30 03:00:00,MH008,9.17,11.107572,1
2020-05-30 04:00:00,MH008,13.7,11.688523,1
2020-05-30 05:00:00,MH008,16.93,12.984124,1
2020-05-30 06:00:00,MH008,17.2,14.938085,1
2020-05-30 07:00:00,MH008,8.23,16.81293,1
2020-05-30 08:00:00,MH008,8.53,17.146698,1
2020-05-30 09:00:00,MH008,6.53,16.087416,1
2020-05-30 10:00:00,MH008,5.47,15.49705,1
2020-05-30 11:00:00,MH008,7.23,14.477149,1
2020-05-30 12:00:00,MH008,8.23,13.676244,1
2020-05-30 13:00:00,MH008,9.47,13.437741,1
2020-05-30 14:00:00,MH008,12.87,13.598062,1
2020-05-30 15:00:00,MH008,16.64,13.871232,1
2020-05-30 16:00:00,MH008,9.0,14.61551,1
2020-05-30 17:00:00,MH008,8.3,15.47618,1
2020-05-30 18:00:00,MH008,6.0,15.184758,1
2020-05-30 19:00:00,MH008,6.47,14.800052,1
2020-05-30 20:00:00,MH008,9.87,14.33858,1
2020-05-30 21:00:00,MH008,17.17,14.13738,1
2020-05-30 22:00:00,MH008,20.07,14.460595,1
2020-05-30 23:00:00,MH008,16.07,15.303943,1
2020-05-31 00:00:00,MH008,12.3,15.505246,1
2020-05-31 01:00:00,MH008,9.07,14.585086,1
2020-05-31 02:00:00,MH008,6.23,12.760163,1
2020-05-31 03:00:00,MH008,7.7,11.658513,1
2020-05-31 04:00:00,MH008,11.63,11.089147,1
2020-05-31 05:00:00,MH008,16.3,11.834878,1
2020-05-31 06:00:00,MH008,12.83,12.866723,1
2020-05-31 07:00:00,MH008,9.95,14.285287,1
2020-05-31 08:00:00,MH008,12.3,14.826468,1
2020-05-31 09:00:00,MH008,10.47,14.385938,1
2020-05-31 10:00:00,MH008,11.53,14.099805,1
2020-05-31 11:00:00,MH008,9.53,13.648667,1
2020-05-31 12:00:00,MH008,9.17,13.749352,1
2020-05-31 13:00:00,MH008,11.83,14.014691,1
2020-05-31 14:00:00,MH008,7.53,14.999835,1
2020-05-31 15:00:00,MH008,6.7,15.256629,1
2020-05-31 16:00:00,MH008,8.53,14.782626,1
2020-05-31 17:00:00,MH008,7.7,14.538779,1
2020-05-31 18:00:00,MH008,9.3,14.718535,1
2020-05-31 19:00:00,MH008,7.47,14.604911,1
2020-05-31 20:00:00,MH008,9.0,14.651675,1
2020-05-31 21:00:00,MH008,10.4,14.64924,1
2020-05-31 22:00:00,MH008,15.47,14.223489,1
2020-05-31 23:00:00,MH008,16.77,13.655572,1
2020-06-01 00:00:00,MH008,13.17,14.570609,1
2020-06-01 01:00:00,MH008,4.23,13.236146,1
2020-06-01 02:00:00,MH008,5.0,10.854272,1
2020-06-01 03:00:00,MH008,5.0,8.739167,1
2020-06-01 04:00:00,MH008,9.48,8.540418,1
2020-06-01 05:00:00,MH008,20.73,9.3948145,1
2020-06-01 06:00:00,MH008,9.29,11.163957,1
2020-06-01 07:00:00,MH008,8.17,13.178605,1
2020-06-01 08:00:00,MH008,10.83,13.630181,1
2020-06-01 09:00:00,MH008,6.53,13.391629,1
2020-06-01 10:00:00,MH008,6.17,13.925893,1
2020-06-01 11:00:00,MH008,10.7,15.111003,1
2020-06-01 12:00:00,MH008,15.12,16.182753,1
2020-06-01 13:00:00,MH008,22.23,16.600466,1
2020-06-01 14:00:00,MH008,23.93,17.794584,1
2020-06-01 15:00:00,MH008,27.93,19.502197,1
2020-06-01 16:00:00,MH008,30.05,21.49402,1
2020-06-01 17:00:00,MH008,26.05,22.9919,1
2020-06-01 18:00:00,MH008,22.53,22.354527,1
2020-06-01 19:00:00,MH008,21.23,20.24491,1
2020-06-01 20:00:00,MH008,21.77,18.99192,1
2020-06-01 21:00:00,MH008,20.07,18.088732,1
2020-06-01 22:00:00,MH008,17.47,17.756428,1
2020-06-01 23:00:00,MH008,17.83,17.61343,1
2020-06-02 00:00:00,MH008,14.71,17.549076,1
2020-06-02 01:00:00,MH008,13.97,16.561083,1
2020-06-02 02:00:00,MH008,5.87,15.040582,1
2020-06-02 03:00:00,MH008,11.53,14.359849,1
2020-06-02 04:00:00,MH008,9.77,12.560933,1
2020-06-02 05:00:00,MH008,11.6,12.332467,1
2020-06-02 06:00:00,MH008,21.89,14.381654,1
2020-06-02 07:00:00,MH008,30.12,16.669182,1
2020-06-02 08:00:00,MH008,35.09,18.967508,1
2020-06-02 09:00:00,MH008,35.09,21.05376,1
2020-06-02 10:00:00,MH008,21.0,23.485825,1
2020-06-02 11:00:00,MH008,41.13,25.300327,1
2020-06-02 12:00:00,MH008,32.2,23.41201,1
2020-06-02 13:00:00,MH008,23.0,26.803778,1
2020-06-02 14:00:00,MH008,38.58,28.044897,1
2020-06-02 15:00:00,MH008,32.82,26.379879,1
2020-06-02 16:00:00,MH008,30.63,28.468918,1
2020-06-02 17:00:00,MH008,28.44,29.166033,1
2020-06-02 18:00:00,MH008,28.23,29.34045,1
2020-06-02 19:00:00,MH008,28.23,27.267088,1
2020-06-02 20:00:00,MH008,28.23,25.106567,1
2020-06-02 21:00:00,MH008,28.23,24.679688,1
2020-06-02 23:00:00,MH008,37.06,22.1273,1
2020-06-05 00:00:00,MH008,13.58,22.972704,1
2020-06-05 01:00:00,MH008,8.04,23.082035,1
2020-06-05 02:00:00,MH008,3.82,20.31782,1
2020-06-05 03:00:00,MH008,3.82,18.539934,1
2020-06-05 04:00:00,MH008,4.72,16.283455,1
2020-06-05 05:00:00,MH008,5.95,15.530677,1
2020-06-05 06:00:00,MH008,10.65,15.698806,1
2020-06-05 07:00:00,MH008,16.71,15.108083,1
2020-06-05 08:00:00,MH008,20.18,15.00953,1
2020-06-05 09:00:00,MH008,18.33,15.74532,1
2020-06-05 10:00:00,MH008,18.33,24.074377,1
2020-06-05 11:00:00,MH008,0.94,27.526579,1
2020-06-05 12:00:00,MH008,1.47,28.92659,1
2020-06-05 13:00:00,MH008,3.71,24.634644,1
2020-06-05 14:00:00,MH008,6.95,18.342993,1
2020-06-05 15:00:00,MH008,10.23,14.687551,1
2020-06-05 16:00:00,MH008,11.72,13.265088,1
2020-06-05 17:00:00,MH008,13.29,13.068044,1
2020-06-05 18:00:00,MH008,10.05,13.47215,1
2020-06-05 19:00:00,MH008,6.76,13.098329,1
2020-06-05 20:00:00,MH008,6.71,12.2491045,1
2020-06-05 21:00:00,MH008,9.72,11.039582,1
2020-06-05 22:00:00,MH008,13.18,10.047711,1
2020-06-05 23:00:00,MH008,15.82,9.644845,1
2020-06-06 00:00:00,MH008,13.65,10.368138,1
2020-06-06 01:00:00,MH008,19.0,10.208913,1
2020-06-06 02:00:00,MH008,18.14,9.291047,1
2020-06-06 03:00:00,MH008,6.0,9.318452,1
2020-06-06 04:00:00,MH008,7.42,9.573274,1
2020-06-06 05:00:00,MH008,11.28,8.678716,1
2020-06-06 06:00:00,MH008,9.47,8.779588,1
2020-06-06 07:00:00,MH008,10.53,9.809236,1
2020-06-06 08:00:00,MH008,16.17,10.902757,1
2020-06-06 09:00:00,MH008,39.0,11.681767,1
2020-06-06 10:00:00,MH008,12.48,12.550759,1
2020-06-06 11:00:00,MH008,11.85,14.630418,1
2020-06-06 12:00:00,MH008,5.0,13.094975,1
2020-06-06 13:00:00,MH008,13.64,11.68683,1
2020-06-06 14:00:00,MH008,6.72,11.27604,1
2020-06-06 15:00:00,MH008,9.0,12.209767,1
2020-06-06 16:00:00,MH008,9.0,12.577519,1
2020-06-06 17:00:00,MH008,9.0,13.418359,1
2020-06-06 18:00:00,MH008,9.0,12.790936,1
2020-06-06 19:00:00,MH008,8.5,12.585511,1
2020-06-06 20:00:00,MH008,9.24,12.417527,1
2020-06-06 21:00:00,MH008,9.76,12.433972,1
2020-06-06 22:00:00,MH008,9.0,10.632943,1
2020-06-06 23:00:00,MH008,10.91,9.86337,1
2020-06-07 00:00:00,MH008,18.65,9.804952,1
2020-06-07 01:00:00,MH008,14.92,9.167432,1
2020-06-07 02:00:00,MH008,6.18,9.780335,1
2020-06-07 03:00:00,MH008,9.76,9.7569895,1
2020-06-07 04:00:00,MH008,10.65,8.7682085,1
2020-06-07 05:00:00,MH008,14.57,8.68266,1
2020-06-07 06:00:00,MH008,10.0,9.555978,1
2020-06-07 07:00:00,MH008,10.96,11.221066,1
2020-06-07 08:00:00,MH008,14.48,11.804059,1
2020-06-07 09:00:00,MH008,15.77,12.500539,1
2020-06-07 10:00:00,MH008,13.33,13.53119,1
2020-06-07 11:00:00,MH008,7.05,14.147496,1
2020-06-07 12:00:00,MH008,3.76,13.263425,1
2020-06-07 13:00:00,MH008,3.48,11.99064,1
2020-06-07 14:00:00,MH008,4.76,11.092465,1
2020-06-07 15:00:00,MH008,7.79,10.893449,1
2020-06-07 16:00:00,MH008,18.82,11.328851,1
2020-06-07 17:00:00,MH008,13.33,11.688233,1
2020-06-07 18:00:00,MH008,7.52,13.404691,1
2020-06-07 19:00:00,MH008,6.0,13.822259,1
2020-06-07 20:00:00,MH008,6.0,12.025147,1
2020-06-07 21:00:00,MH008,5.76,10.4658785,1
2020-06-07 22:00:00,MH008,6.65,9.818467,1
2020-06-07 23:00:00,MH008,12.0,9.670026,1
2020-06-08 00:00:00,MH008,12.0,9.515683,1
2020-06-08 01:00:00,MH008,10.8,7.6820955,1
2020-06-08 02:00:00,MH008,6.29,6.6202936,1
2020-06-08 03:00:00,MH008,3.28,5.694066,1
2020-06-08 04:00:00,MH008,2.2,5.102208,1
2020-06-08 05:00:00,MH008,6.24,5.520856,1
2020-06-08 06:00:00,MH008,7.72,6.498742,1
2020-06-08 07:00:00,MH008,11.43,8.410977,1
2020-06-08 08:00:00,MH008,15.04,9.991609,1
2020-06-08 09:00:00,MH008,11.52,10.781732,1
2020-06-08 10:00:00,MH008,9.76,11.769113,1
2020-06-08 11:00:00,MH008,8.52,12.152665,1
2020-06-08 12:00:00,MH008,6.04,11.247697,1
2020-06-08 13:00:00,MH008,2.28,11.56141,1
2020-06-08 14:00:00,MH008,3.82,11.6500635,1
2020-06-08 15:00:00,MH008,4.24,11.260758,1
2020-06-08 16:00:00,MH008,5.0,11.244927,1
2020-06-08 17:00:00,MH008,4.04,11.43348,1
2020-06-08 18:00:00,MH008,1.24,11.644685,1
2020-06-08 19:00:00,MH008,2.0,10.8049555,1
2020-06-08 20:00:00,MH008,1.76,9.702329,1
2020-06-08 21:00:00,MH008,0.76,8.972817,1
2020-06-08 22:00:00,MH008,4.78,7.1906176,1
2020-06-08 23:00:00,MH008,6.18,6.5133905,1
2020-06-09 00:00:00,MH008,10.0,6.7957964,1
2020-06-09 01:00:00,MH008,10.0,6.182786,1
2020-06-09 02:00:00,MH008,9.76,5.525529,1
2020-06-09 03:00:00,MH008,8.04,5.578187,1
2020-06-09 04:00:00,MH008,5.48,5.6024866,1
2020-06-09 05:00:00,MH008,7.0,5.7913675,1
2020-06-09 06:00:00,MH008,7.0,6.1236086,1
2020-06-09 07:00:00,MH008,7.97,7.3075686,1
2020-06-09 08:00:00,MH008,10.76,8.970422,1
2020-06-09 09:00:00,MH008,10.48,9.5610285,1
2020-06-09 10:00:00,MH008,10.8,10.506345,1
2020-06-09 11:00:00,MH008,6.04,11.007146,1
2020-06-09 12:00:00,MH008,3.48,11.399732,1
2020-06-09 13:00:00,MH008,5.24,10.779611,1
2020-06-09 14:00:00,MH008,6.24,10.692616,1
2020-06-09 15:00:00,MH008,8.91,10.762811,1
2020-06-09 16:00:00,MH008,14.04,11.349587,1
2020-06-09 17:00:00,MH008,10.28,11.853383,1
2020-06-09 18:00:00,MH008,9.42,12.449082,1
2020-06-09 19:00:00,MH008,13.52,12.128259,1
2020-06-09 20:00:00,MH008,10.55,11.560487,1
2020-06-09 21:00:00,MH008,6.96,11.648011,1
2020-06-09 22:00:00,MH008,10.0,10.905229,1
2020-06-09 23:00:00,MH008,11.2,9.319165,1
2020-06-10 00:00:00,MH008,14.28,9.152852,1
2020-06-10 01:00:00,MH008,11.03,8.9131365,1
2020-06-10 02:00:00,MH008,8.97,8.238305,1
2020-06-10 03:00:00,MH008,12.48,7.9308214,1
2020-06-10 04:00:00,MH008,13.52,7.255685,1
2020-06-10 05:00:00,MH008,12.48,8.191842,1
2020-06-10 06:00:00,MH008,13.03,10.501962,1
2020-06-10 07:00:00,MH008,10.0,12.143754,1
2020-06-10 08:00:00,MH008,33.22,13.559075,1
2020-06-10 09:00:00,MH008,12.72,14.094094,1
2020-06-10 10:00:00,MH008,9.42,17.418074,1
2020-06-10 11:00:00,MH008,15.31,16.636591,1
2020-06-10 12:00:00,MH008,10.72,14.710092,1
2020-06-10 13:00:00,MH008,12.76,14.697164,1
2020-06-10 14:00:00,MH008,11.76,14.243169,1
2020-06-10 15:00:00,MH008,11.24,14.340812,1
2020-06-10 16:00:00,MH008,11.52,15.325915,1
2020-06-10 17:00:00,MH008,10.0,13.966161,1
2020-06-10 18:00:00,MH008,43.94,13.539403,1
2020-06-10 19:00:00,MH008,16.2,13.12774,1
2020-06-10 20:00:00,MH008,18.33,15.689818,1
2020-06-10 21:00:00,MH008,11.09,14.968284,1
2020-06-10 22:00:00,MH008,10.52,14.577628,1
2020-06-10 23:00:00,MH008,9.47,14.912843,1
2020-06-11 00:00:00,MH008,11.96,13.159265,1
2020-06-11 01:00:00,MH008,11.52,10.688775,1
2020-06-11 02:00:00,MH008,9.28,11.309632,1
2020-06-11 03:00:00,MH008,6.76,10.252427,1
2020-06-11 04:00:00,MH008,5.52,10.128568,1
2020-06-11 05:00:00,MH008,4.48,10.124192,1
2020-06-11 06:00:00,MH008,6.24,10.744054,1
2020-06-11 07:00:00,MH008,5.82,11.120988,1
2020-06-11 08:00:00,MH008,5.82,11.951993,1
2020-06-11 09:00:00,MH008,15.61,13.656854,1
2020-06-11 10:00:00,MH008,10.42,14.527732,1
2020-06-11 11:00:00,MH008,10.42,15.556056,1
2020-06-11 12:00:00,MH008,10.42,15.131858,1
2020-06-11 13:00:00,MH008,3.91,14.670169,1
2020-06-11 14:00:00,MH008,9.28,13.832612,1
2020-06-11 15:00:00,MH008,6.52,12.052651,1
2020-06-11 16:00:00,MH008,6.67,12.274148,1
2020-06-11 17:00:00,MH008,11.28,12.662293,1
2020-06-11 18:00:00,MH008,9.0,12.597569,1
2020-06-11 19:00:00,MH008,230.0,12.653962,1
2020-06-11 20:00:00,MH008,46.58,13.358651,1
2020-06-11 21:00:00,MH008,7.24,34.195484,1
2020-06-11 22:00:00,MH008,8.0,27.65634,1
2020-06-11 23:00:00,MH008,26.73,15.040351,1
2020-06-12 00:00:00,MH008,32.49,12.967023,1
2020-06-12 01:00:00,MH008,33.52,16.76946,1
2020-06-12 02:00:00,MH008,27.44,18.381565,1
2020-06-12 03:00:00,MH008,13.0,24.930689,1
2020-06-12 04:00:00,MH008,13.0,21.52562,1
2020-06-12 05:00:00,MH008,19.79,18.041857,1
2020-06-12 06:00:00,MH008,20.07,16.623634,1
2020-06-12 07:00:00,MH008,21.0,18.05782,1
2020-06-12 08:00:00,MH008,22.91,19.134874,1
2020-06-12 09:00:00,MH008,5.8,19.207737,1
2020-06-12 10:00:00,MH008,6.91,21.630602,1
2020-06-12 11:00:00,MH008,12.28,19.479504,1
2020-06-12 12:00:00,MH008,9.04,17.362946,1
2020-06-12 13:00:00,MH008,5.28,17.426401,1
2020-06-12 14:00:00,MH008,3.72,17.17186,1
2020-06-12 15:00:00,MH008,6.72,16.135662,1
2020-06-12 16:00:00,MH008,8.28,15.922217,1
2020-06-12 17:00:00,MH008,6.0,16.350552,1
2020-06-12 18:00:00,MH008,5.76,15.881061,1
2020-06-12 19:00:00,MH008,5.0,15.744378,1
2020-06-12 20:00:00,MH008,14.61,15.96808,1
2020-06-12 21:00:00,MH008,7.0,19.382168,1
2020-06-12 22:00:00,MH008,38.0,20.947123,1
2020-06-12 23:00:00,MH008,15.48,17.620897,1
2020-06-13 00:00:00,MH008,12.89,20.649202,1
2020-06-13 01:00:00,MH008,12.89,18.355867,1
2020-06-13 02:00:00,MH008,19.94,15.374438,1
2020-06-13 03:00:00,MH008,49.04,15.088616,1
2020-06-13 04:00:00,MH008,74.19,17.153168,1
2020-06-13 05:00:00,MH008,9.09,20.941889,1
2020-06-13 06:00:00,MH008,7.0,27.546837,1
2020-06-13 07:00:00,MH008,6.28,21.94662,1
2020-06-13 08:00:00,MH008,4.96,14.682935,1
2020-06-13 09:00:00,MH008,8.0,13.865449,1
2020-06-13 10:00:00,MH008,16.62,14.953406,1
2020-06-13 11:00:00,MH008,5.76,16.762918,1
2020-06-13 12:00:00,MH008,5.0,18.57037,1
2020-06-13 13:00:00,MH008,10.84,15.466691,1
2020-06-13 14:00:00,MH008,10.84,14.044644,1
2020-06-13 15:00:00,MH008,3.82,13.991567,1
2020-06-13 16:00:00,MH008,5.21,14.5071,1
2020-06-13 17:00:00,MH008,9.0,13.825116,1
2020-06-13 18:00:00,MH008,8.52,13.424817,1
2020-06-13 19:00:00,MH008,8.2,14.441464,1
2020-06-13 20:00:00,MH008,12.0,14.90381,1
2020-06-13 21:00:00,MH008,12.1,13.703698,1
2020-06-13 22:00:00,MH008,8.03,13.704999,1
2020-06-13 23:00:00,MH008,5.48,12.893846,1
2020-06-14 00:00:00,MH008,9.9,11.3625765,1
2020-06-14 01:00:00,MH008,19.0,10.045587,1
2020-06-14 02:00:00,MH008,34.12,10.245564,1
2020-06-14 03:00:00,MH008,4.83,11.546983,1
2020-06-14 04:00:00,MH008,5.0,14.670123,1
2020-06-14 05:00:00,MH008,22.82,12.771092,1
2020-06-14 06:00:00,MH008,21.44,12.88244,1
2020-06-14 07:00:00,MH008,4.0,15.788327,1
2020-06-14 08:00:00,MH008,3.5,17.490261,1
2020-06-14 09:00:00,MH008,5.63,14.917861,1
2020-06-14 10:00:00,MH008,13.04,14.179608,1
2020-06-14 11:00:00,MH008,10.0,14.510938,1
2020-06-14 12:00:00,MH008,10.0,16.06843,1
2020-06-14 13:00:00,MH008,104.36,16.065805,1
2020-06-14 14:00:00,MH008,1.96,14.74289,1
2020-06-14 15:00:00,MH008,2.0,22.051529,1
2020-06-14 16:00:00,MH008,1.76,16.498749,1
2020-06-14 17:00:00,MH008,1.72,11.659211,1
2020-06-14 18:00:00,MH008,28.61,12.201894,1
2020-06-14 19:00:00,MH008,69.3,12.566121,1
2020-06-14 20:00:00,MH008,69.3,15.884267,1
2020-06-14 21:00:00,MH008,100.79,26.35859,1
2020-06-14 22:00:00,MH008,7.45,30.338594,1
2020-06-14 23:00:00,MH008,12.48,37.95879,1
2020-06-15 00:00:00,MH008,12.55,20.093374,1
2020-06-15 01:00:00,MH008,8.72,11.040837,1
2020-06-15 02:00:00,MH008,20.66,12.848084,1
2020-06-15 03:00:00,MH008,55.89,14.87069,1
2020-06-15 04:00:00,MH008,69.23,18.06993,1
2020-06-15 05:00:00,MH008,2.9,25.61931,1
2020-06-15 06:00:00,MH008,2.76,27.45353,1
2020-06-15 07:00:00,MH008,3.71,19.319801,1
2020-06-15 08:00:00,MH008,7.79,16.248829,1
2020-06-15 09:00:00,MH008,3.52,16.985298,1
2020-06-15 10:00:00,MH008,2.97,16.818985,1
2020-06-15 11:00:00,MH008,9.87,17.700045,1
2020-06-15 12:00:00,MH008,22.0,19.13671,1
2020-06-15 13:00:00,MH008,10.33,17.710913,1
2020-06-15 14:00:00,MH008,10.33,18.33798,1
2020-06-15 15:00:00,MH008,0.98,18.442308,1
2020-06-15 16:00:00,MH008,1.0,16.624893,1
2020-06-15 17:00:00,MH008,2.69,14.166932,1
2020-06-15 18:00:00,MH008,8.72,13.158757,1
2020-06-15 19:00:00,MH008,45.08,14.762715,1
2020-06-15 20:00:00,MH008,152.0,15.881064,1
2020-06-15 21:00:00,MH008,114.84,22.175241,1
2020-06-15 22:00:00,MH008,114.84,40.943264,1
2020-06-15 23:00:00,MH008,3.87,48.151344,1
2020-06-16 00:00:00,MH008,4.0,44.70412,1
2020-06-16 01:00:00,MH008,7.18,21.11871,1
2020-06-16 02:00:00,MH008,13.38,16.442747,1
2020-06-16 03:00:00,MH008,1.52,17.298637,1
2020-06-16 04:00:00,MH008,52.2,23.849173,1
2020-06-16 05:00:00,MH008,42.88,23.90565,1
2020-06-16 06:00:00,MH008,7.03,30.995531,1
2020-06-16 07:00:00,MH008,3.52,28.217505,1
2020-06-16 08:00:00,MH008,2.73,20.224817,1
2020-06-16 09:00:00,MH008,4.75,16.490973,1
2020-06-16 10:00:00,MH008,3.75,14.162126,1
2020-06-16 11:00:00,MH008,2.76,13.914247,1
2020-06-16 12:00:00,MH008,30.76,14.148328,1
2020-06-16 13:00:00,MH008,121.0,14.967927,1
2020-06-16 14:00:00,MH008,121.0,17.592417,1
2020-06-16 15:00:00,MH008,121.0,24.462433,1
2020-06-16 16:00:00,MH008,4.89,30.767258,1
2020-06-16 17:00:00,MH008,5.0,37.933865,1
2020-06-16 18:00:00,MH008,5.73,31.64028,1
2020-06-16 19:00:00,MH008,8.48,25.670044,1
2020-06-16 20:00:00,MH008,10.0,25.634974,1
2020-06-16 21:00:00,MH008,16.37,26.155096,1
2020-06-16 22:00:00,MH008,11.04,25.302145,1
2020-06-16 23:00:00,MH008,22.83,25.04493,1
2020-06-17 00:00:00,MH008,22.83,21.167862,1
2020-06-17 01:00:00,MH008,3.87,16.54109,1
2020-06-17 02:00:00,MH008,4.25,13.297078,1
2020-06-17 03:00:00,MH008,8.87,9.646222,1
2020-06-17 04:00:00,MH008,10.85,7.8918314,1
2020-06-17 05:00:00,MH008,4.89,9.1054125,1
2020-06-17 06:00:00,MH008,6.93,11.935788,1
2020-06-17 07:00:00,MH008,10.55,13.168061,1
2020-06-17 08:00:00,MH008,2.27,13.067578,1
2020-06-17 09:00:00,MH008,2.27,12.729768,1
2020-06-17 10:00:00,MH008,6.84,12.040574,1
2020-06-17 11:00:00,MH008,7.98,11.146558,1
2020-06-17 12:00:00,MH008,9.79,11.207955,1
2020-06-17 13:00:00,MH008,4.79,11.200517,1
2020-06-17 14:00:00,MH008,0.76,11.61044,1
2020-06-17 15:00:00,MH008,0.76,12.682576,1
2020-06-17 16:00:00,MH008,0.76,12.343793,1
2020-06-17 17:00:00,MH008,0.76,12.4833,1
2020-06-17 18:00:00,MH008,3.91,11.617551,1
2020-06-17 19:00:00,MH008,5.22,9.481225,1
2020-06-17 20:00:00,MH008,8.27,7.968648,1
2020-06-17 21:00:00,MH008,6.5,6.961911,1
2020-06-17 22:00:00,MH008,7.51,6.286683,1
2020-06-17 23:00:00,MH008,4.79,5.5412416,1
2020-06-18 00:00:00,MH008,1.0,5.3980265,1
2020-06-18 01:00:00,MH008,2.22,4.054734,1
2020-06-18 02:00:00,MH008,7.21,3.1862993,1
2020-06-18 03:00:00,MH008,10.04,2.929864,1
2020-06-18 04:00:00,MH008,8.47,3.6402369,1
2020-06-18 05:00:00,MH008,14.22,4.454713,1
2020-06-18 06:00:00,MH008,16.05,5.451104,1
2020-06-18 07:00:00,MH008,9.51,5.9059954,1
2020-06-18 08:00:00,MH008,6.78,8.0986185,1
2020-06-18 09:00:00,MH008,5.2,8.599763,1
2020-06-18 10:00:00,MH008,12.48,8.528226,1
2020-06-18 11:00:00,MH008,14.98,8.679559,1
2020-06-18 12:00:00,MH008,20.9,9.847707,1
2020-06-18 13:00:00,MH008,22.7,11.001473,1
2020-06-18 14:00:00,MH008,22.7,11.364736,1
2020-06-18 15:00:00,MH008,15.82,11.362451,1
2020-06-18 16:00:00,MH008,7.45,12.04078,1
2020-06-18 17:00:00,MH008,10.55,12.489453,1
2020-06-18 18:00:00,MH008,4.78,12.497277,1
2020-06-18 19:00:00,MH008,2.21,12.218938,1
2020-06-18 20:00:00,MH008,6.49,11.102933,1
2020-06-18 21:00:00,MH008,7.03,9.469636,1
2020-06-18 22:00:00,MH008,4.49,9.4986925,1
2020-06-18 23:00:00,MH008,4.53,9.412499,1
2020-06-19 00:00:00,MH008,4.53,8.17003,1
2020-06-19 01:00:00,MH008,6.84,6.7536364,1
2020-06-19 02:00:00,MH008,7.25,6.134061,1
2020-06-19 03:00:00,MH008,8.97,6.4092913,1
2020-06-19 04:00:00,MH008,11.51,6.518567,1
2020-06-19 05:00:00,MH008,10.72,7.1604013,1
2020-06-19 06:00:00,MH008,12.76,8.621263,1
2020-06-19 07:00:00,MH008,11.26,9.351289,1
2020-06-19 08:00:00,MH008,9.49,10.422032,1
2020-06-19 09:00:00,MH008,11.49,11.412927,1
2020-06-19 10:00:00,MH008,13.49,12.174848,1
2020-06-19 11:00:00,MH008,17.9,13.048593,1
2020-06-19 12:00:00,MH008,26.75,14.204331,1
2020-06-19 13:00:00,MH008,22.58,14.915124,1
2020-06-19 14:00:00,MH008,13.69,16.164604,1
2020-06-19 15:00:00,MH008,17.78,16.524992,1
2020-06-19 16:00:00,MH008,14.25,15.97581,1
2020-06-19 17:00:00,MH008,14.51,15.908664,1
2020-06-19 18:00:00,MH008,14.47,15.66467,1
2020-06-19 19:00:00,MH008,17.78,15.672551,1
2020-06-19 20:00:00,MH008,15.71,15.387126,1
2020-06-19 21:00:00,MH008,19.53,15.031461,1
2020-06-19 22:00:00,MH008,15.0,13.343492,1
2020-06-19 23:00:00,MH008,14.75,12.90907,1
2020-06-20 00:00:00,MH008,13.75,11.57713,1
2020-06-20 01:00:00,MH008,13.0,10.189008,1
2020-06-20 02:00:00,MH008,12.28,9.839002,1
2020-06-20 03:00:00,MH008,11.22,9.891561,1
2020-06-20 04:00:00,MH008,15.98,10.273442,1
2020-06-20 05:00:00,MH008,18.75,10.725053,1
2020-06-20 06:00:00,MH008,17.51,11.904614,1
2020-06-20 07:00:00,MH008,14.04,13.558354,1
2020-06-20 08:00:00,MH008,8.73,14.623698,1
2020-06-20 09:00:00,MH008,12.22,15.273553,1
2020-06-20 10:00:00,MH008,15.75,14.874021,1
2020-06-20 11:00:00,MH008,16.22,15.246192,1
2020-06-20 12:00:00,MH008,18.78,16.306484,1
2020-06-20 13:00:00,MH008,15.98,16.666275,1
2020-06-20 14:00:00,MH008,18.76,16.84783,1
2020-06-20 15:00:00,MH008,17.75,16.89221,1
2020-06-20 16:00:00,MH008,16.02,17.659578,1
2020-06-20 17:00:00,MH008,12.02,18.053581,1
2020-06-20 18:00:00,MH008,9.98,18.344175,1
2020-06-20 19:00:00,MH008,12.26,18.127478,1
2020-06-20 20:00:00,MH008,11.47,17.261156,1
2020-06-20 21:00:00,MH008,15.75,16.50696,1
2020-06-20 22:00:00,MH008,15.0,15.255071,1
2020-06-20 23:00:00,MH008,12.82,14.140687,1
2020-06-21 00:00:00,MH008,7.73,12.723344,1
2020-06-21 01:00:00,MH008,12.51,10.286599,1
2020-06-21 02:00:00,MH008,10.75,9.372041,1
2020-06-21 03:00:00,MH008,10.72,9.50567,1
2020-06-21 04:00:00,MH008,13.97,9.815812,1
2020-06-21 05:00:00,MH008,16.02,9.766179,1
2020-06-21 06:00:00,MH008,13.0,11.205102,1
2020-06-21 07:00:00,MH008,13.98,13.066091,1
2020-06-21 08:00:00,MH008,15.53,13.031129,1
2020-06-21 09:00:00,MH008,11.25,13.573747,1
2020-06-21 10:00:00,MH008,11.75,14.170205,1
2020-06-21 11:00:00,MH008,11.25,14.152936,1
2020-06-21 12:00:00,MH008,14.42,14.680282,1
2020-06-21 13:00:00,MH008,20.29,14.237607,1
2020-06-21 14:00:00,MH008,15.0,14.476817,1
2020-06-21 15:00:00,MH008,15.0,15.011069,1
2020-06-21 16:00:00,MH008,14.51,14.442449,1
2020-06-21 17:00:00,MH008,11.54,14.092523,1
2020-06-21 18:00:00,MH008,7.25,14.565122,1
2020-06-21 19:00:00,MH008,9.22,14.400586,1
2020-06-21 20:00:00,MH008,13.98,14.14848,1
2020-06-21 21:00:00,MH008,16.75,13.817407,1
2020-06-21 22:00:00,MH008,16.25,14.066426,1
2020-06-21 23:00:00,MH008,17.0,14.423751,1
2020-06-22 00:00:00,MH008,15.29,13.138345,1
2020-06-22 01:00:00,MH008,9.5,10.288423,1
2020-06-22 02:00:00,MH008,7.51,8.185365,1
2020-06-22 03:00:00,MH008,6.74,7.3212023,1
2020-06-22 04:00:00,MH008,9.98,7.2454348,1
2020-06-22 05:00:00,MH008,13.25,7.789895,1
2020-06-22 06:00:00,MH008,13.51,8.775968,1
2020-06-22 07:00:00,MH008,12.73,9.946507,1
2020-06-22 08:00:00,MH008,15.0,11.293084,1
2020-06-22 09:00:00,MH008,14.01,12.149167,1
2020-06-22 10:00:00,MH008,11.0,12.992269,1
2020-06-22 11:00:00,MH008,11.0,13.607427,1
2020-06-22 12:00:00,MH008,11.98,13.493051,1
2020-06-22 13:00:00,MH008,13.53,13.839406,1
2020-06-22 14:00:00,MH008,10.47,14.202325,1
2020-06-22 15:00:00,MH008,14.51,14.802005,1
2020-06-22 16:00:00,MH008,12.51,14.990695,1
2020-06-22 17:00:00,MH008,11.0,15.559323,1
2020-06-22 18:00:00,MH008,10.02,15.026389,1
2020-06-22 19:00:00,MH008,7.99,14.356515,1
2020-06-22 20:00:00,MH008,11.99,13.663247,1
2020-06-22 21:00:00,MH008,15.73,12.345391,1
2020-06-22 22:00:00,MH008,17.27,11.526963,1
2020-06-22 23:00:00,MH008,14.52,10.995107,1
2020-06-23 00:00:00,MH008,14.22,10.643487,1
2020-06-23 01:00:00,MH008,17.27,8.645162,1
2020-06-23 02:00:00,MH008,14.02,7.2631464,1
2020-06-23 03:00:00,MH008,10.26,7.364686,1
2020-06-23 04:00:00,MH008,11.71,7.94674,1
2020-06-23 05:00:00,MH008,19.58,8.294633,1
2020-06-23 06:00:00,MH008,10.47,9.342107,1
2020-06-23 07:00:00,MH008,14.5,11.354928,1
2020-06-23 08:00:00,MH008,13.0,11.804795,1
2020-06-23 09:00:00,MH008,13.0,12.589883,1
2020-06-23 10:00:00,MH008,16.51,13.035409,1
2020-06-23 11:00:00,MH008,14.26,13.477666,1
2020-06-23 12:00:00,MH008,12.25,14.174775,1
2020-06-23 13:00:00,MH008,13.99,14.918492,1
2020-06-23 14:00:00,MH008,15.52,14.888171,1
2020-06-23 15:00:00,MH008,11.0,15.158729,1
2020-06-23 16:00:00,MH008,9.77,15.558068,1
2020-06-23 17:00:00,MH008,6.0,14.978421,1
2020-06-23 18:00:00,MH008,5.51,14.4539995,1
2020-06-23 19:00:00,MH008,4.99,13.30309,1
2020-06-23 20:00:00,MH008,8.25,12.355363,1
2020-06-23 21:00:00,MH008,9.25,11.364179,1
2020-06-23 22:00:00,MH008,11.47,10.8028345,1
2020-06-23 23:00:00,MH008,12.82,9.826322,1
2020-06-24 00:00:00,MH008,5.93,8.943711,1
2020-06-24 01:00:00,MH008,13.27,8.137021,1
2020-06-24 02:00:00,MH008,8.0,6.949567,1
2020-06-24 03:00:00,MH008,7.75,7.108239,1
2020-06-24 04:00:00,MH008,7.74,7.358289,1
2020-06-24 05:00:00,MH008,10.98,7.9051714,1
2020-06-24 06:00:00,MH008,12.52,8.822415,1
2020-06-24 07:00:00,MH008,8.0,9.935937,1
2020-06-24 08:00:00,MH008,8.5,10.629434,1
2020-06-24 09:00:00,MH008,9.75,10.916211,1
2020-06-24 10:00:00,MH008,8.75,10.896005,1
2020-06-24 11:00:00,MH008,8.0,11.169717,1
2020-06-24 12:00:00,MH008,8.73,11.452367,1
2020-06-24 13:00:00,MH008,11.99,12.084996,1
2020-06-24 14:00:00,MH008,14.26,12.825704,1
2020-06-24 15:00:00,MH008,11.75,13.189706,1
2020-06-24 16:00:00,MH008,9.77,13.655572,1
2020-06-24 17:00:00,MH008,4.77,13.5322275,1
2020-06-24 18:00:00,MH008,1.74,13.203542,1
2020-06-24 19:00:00,MH008,4.25,12.488198,1
2020-06-24 20:00:00,MH008,4.5,11.531945,1
2020-06-24 21:00:00,MH008,4.48,11.160569,1
2020-06-24 22:00:00,MH008,10.22,10.466168,1
2020-06-24 23:00:00,MH008,13.51,9.020295,1
2020-06-25 00:00:00,MH008,12.49,8.714288,1
2020-06-25 01:00:00,MH008,13.75,7.8874445,1
2020-06-25 02:00:00,MH008,11.52,5.6558657,1
2020-06-25 03:00:00,MH008,6.75,5.857373,1
2020-06-25 04:00:00,MH008,6.73,7.2288904,1
2020-06-25 05:00:00,MH008,9.74,7.5399904,1
2020-06-25 06:00:00,MH008,13.48,8.387189,1
2020-06-25 07:00:00,MH008,16.78,10.262723,1
2020-06-25 08:00:00,MH008,12.75,12.436349,1
2020-06-25 09:00:00,MH008,11.75,13.234357,1
2020-06-25 10:00:00,MH008,11.0,13.282041,1
2020-06-25 11:00:00,MH008,10.75,12.967362,1
2020-06-25 12:00:00,MH008,11.96,12.657842,1
2020-06-25 13:00:00,MH008,17.27,12.662065,1
2020-06-25 14:00:00,MH008,15.25,12.652261,1
2020-06-25 15:00:00,MH008,15.01,13.7003145,1
2020-06-25 16:00:00,MH008,12.25,13.826516,1
2020-06-25 17:00:00,MH008,12.75,13.427838,1
2020-06-25 18:00:00,MH008,12.0,12.812966,1
2020-06-25 19:00:00,MH008,20.29,13.450772,1
2020-06-25 20:00:00,MH008,19.27,14.430753,1
2020-06-25 21:00:00,MH008,16.51,16.631836,1
2020-06-25 22:00:00,MH008,16.95,17.34093,1
2020-06-25 23:00:00,MH008,21.29,15.4462385,1
2020-06-26 00:00:00,MH008,15.75,13.651383,1
2020-06-26 01:00:00,MH008,15.25,13.223451,1
2020-06-26 02:00:00,MH008,14.52,12.200429,1
2020-06-26 03:00:00,MH008,10.25,11.049802,1
2020-06-26 04:00:00,MH008,11.0,11.462636,1
2020-06-26 05:00:00,MH008,10.26,12.724153,1
2020-06-26 06:00:00,MH008,9.71,13.336595,1
2020-06-26 07:00:00,MH008,13.77,14.909373,1
2020-06-26 08:00:00,MH008,11.98,15.073503,1
2020-06-26 09:00:00,MH008,18.99,15.062179,1
2020-06-26 10:00:00,MH008,9.14,16.91663,1
2020-06-26 11:00:00,MH008,9.5,21.187313,1
2020-06-26 12:00:00,MH008,11.25,19.432959,1
2020-06-26 13:00:00,MH008,13.23,17.055634,1
2020-06-26 14:00:00,MH008,17.0,16.52034,1
2020-06-26 15:00:00,MH008,16.26,16.533808,1
2020-06-26 16:00:00,MH008,13.51,15.79882,1
2020-06-26 17:00:00,MH008,14.0,16.175224,1
2020-06-26 18:00:00,MH008,18.27,15.925643,1
2020-06-26 19:00:00,MH008,12.5,16.106747,1
2020-06-26 20:00:00,MH008,13.0,17.909481,1
2020-06-26 21:00:00,MH008,19.74,18.455454,1
2020-06-26 22:00:00,MH008,22.49,18.546097,1
2020-06-26 23:00:00,MH008,22.52,19.193521,1
2020-06-27 00:00:00,MH008,16.77,19.447561,1
2020-06-27 01:00:00,MH008,14.73,17.386768,1
2020-06-27 02:00:00,MH008,18.02,14.886764,1
2020-06-27 03:00:00,MH008,12.5,13.575238,1
2020-06-27 04:00:00,MH008,14.99,13.789742,1
2020-06-27 05:00:00,MH008,17.01,12.85035,1
2020-06-27 06:00:00,MH008,16.23,14.239362,1
2020-06-27 07:00:00,MH008,23.99,16.185585,1
2020-06-27 08:00:00,MH008,26.01,16.091743,1
2020-06-27 09:00:00,MH008,22.75,17.75939,1
2020-06-27 10:00:00,MH008,20.27,19.311987,1
2020-06-27 11:00:00,MH008,15.5,20.153326,1
2020-06-27 12:00:00,MH008,16.26,18.723833,1
2020-06-27 13:00:00,MH008,14.99,17.528578,1
2020-06-27 14:00:00,MH008,18.99,17.03936,1
2020-06-27 15:00:00,MH008,22.99,16.97134,1
2020-06-27 16:00:00,MH008,25.26,17.363161,1
2020-06-27 17:00:00,MH008,23.74,18.843174,1
2020-06-27 18:00:00,MH008,25.01,19.832743,1
2020-06-27 19:00:00,MH008,22.0,21.234741,1
2020-06-27 20:00:00,MH008,20.52,23.322851,1
2020-06-27 21:00:00,MH008,17.23,26.92008,1
2020-06-27 22:00:00,MH008,20.26,25.359495,1
2020-06-27 23:00:00,MH008,18.98,20.077066,1
2020-06-28 00:00:00,MH008,22.25,19.251278,1
2020-06-28 01:00:00,MH008,21.27,17.055473,1
2020-06-28 02:00:00,MH008,15.75,16.289135,1
2020-06-28 03:00:00,MH008,15.25,14.043443,1
2020-06-28 04:00:00,MH008,13.28,13.516496,1
2020-06-28 05:00:00,MH008,5.25,14.992167,1
2020-06-28 06:00:00,MH008,7.73,16.965044,1
2020-06-28 07:00:00,MH008,13.0,16.71014,1
2020-06-28 08:00:00,MH008,12.01,16.672123,1
2020-06-28 09:00:00,MH008,9.0,18.343603,1
2020-06-28 10:00:00,MH008,20.26,18.255312,1
2020-06-28 11:00:00,MH008,18.0,17.752386,1
2020-06-28 12:00:00,MH008,18.25,18.11418,1
2020-06-28 13:00:00,MH008,17.77,18.809378,1
2020-06-28 14:00:00,MH008,12.77,18.31178,1
2020-06-28 15:00:00,MH008,12.21,17.7644,1
2020-06-28 16:00:00,MH008,20.52,17.038557,1
2020-06-28 17:00:00,MH008,15.25,15.956792,1
2020-06-28 18:00:00,MH008,12.75,16.856747,1
2020-06-28 19:00:00,MH008,12.5,16.462713,1
2020-06-28 20:00:00,MH008,13.25,16.638245,1
2020-06-28 21:00:00,MH008,10.26,16.427248,1
2020-06-28 22:00:00,MH008,8.5,15.941493,1
2020-06-28 23:00:00,MH008,12.47,13.97577,1
2020-06-29 00:00:00,MH008,17.53,10.491746,1
2020-06-29 01:00:00,MH008,10.5,10.299485,1
2020-06-29 02:00:00,MH008,12.25,10.313142,1
2020-06-29 03:00:00,MH008,11.52,8.483338,1
2020-06-29 04:00:00,MH008,6.75,8.351975,1
2020-06-29 05:00:00,MH008,5.0,9.642102,1
2020-06-29 06:00:00,MH008,1.5,10.446893,1
2020-06-29 07:00:00,MH008,7.91,10.641931,1
2020-06-29 08:00:00,MH008,7.5,10.360375,1
2020-06-29 09:00:00,MH008,6.75,11.714158,1
2020-06-29 10:00:00,MH008,8.5,12.564118,1
2020-06-29 11:00:00,MH008,5.77,12.826917,1
2020-06-29 12:00:00,MH008,2.0,13.348371,1
2020-06-29 13:00:00,MH008,2.5,13.458013,1
2020-06-29 14:00:00,MH008,4.0,12.079064,1
2020-06-29 15:00:00,MH008,8.06,11.809606,1
2020-06-29 16:00:00,MH008,8.5,11.755044,1
2020-06-29 17:00:00,MH008,10.0,12.293931,1
2020-06-29 18:00:00,MH008,9.75,12.179044,1
2020-06-29 19:00:00,MH008,8.75,10.944901,1
2020-06-29 20:00:00,MH008,7.5,11.308858,1
2020-06-29 21:00:00,MH008,5.75,11.710877,1
2020-06-29 22:00:00,MH008,4.5,15.017228,1
2020-06-29 23:00:00,MH008,3.0,15.337539,1
2020-06-30 00:00:00,MH008,3.0,11.200841,1
2020-06-30 01:00:00,MH008,3.0,7.7969522,1
2020-06-30 02:00:00,MH008,3.0,6.382058,1
2020-05-06 19:00:00,MH009,9.0,14.376964,1
2020-05-06 20:00:00,MH009,8.99,13.980279,1
2020-05-06 21:00:00,MH009,8.0,13.273473,1
2020-05-06 22:00:00,MH009,7.09,12.392056,1
2020-05-06 23:00:00,MH009,16.99,11.365514,1
2020-05-07 00:00:00,MH009,15.0,10.44402,1
2020-05-07 01:00:00,MH009,14.96,11.89504,1
2020-05-07 02:00:00,MH009,9.06,11.739774,1
2020-05-07 03:00:00,MH009,15.94,11.6338625,1
2020-05-07 04:00:00,MH009,5.03,12.491471,1
2020-05-07 05:00:00,MH009,10.02,14.389358,1
2020-05-07 06:00:00,MH009,11.99,14.579888,1
2020-05-07 07:00:00,MH009,10.0,15.674863,1
2020-05-07 08:00:00,MH009,10.02,16.75465,1
2020-05-07 09:00:00,MH009,13.03,17.262758,1
2020-05-07 10:00:00,MH009,16.0,16.957485,1
2020-05-07 11:00:00,MH009,17.0,16.767086,1
2020-05-07 12:00:00,MH009,15.99,16.118658,1
2020-05-07 13:00:00,MH009,14.97,15.98018,1
2020-05-07 14:00:00,MH009,11.04,15.3965025,1
2020-05-07 15:00:00,MH009,15.05,15.106118,1
2020-05-07 16:00:00,MH009,23.01,15.174882,1
2020-05-07 17:00:00,MH009,24.0,15.940583,1
2020-05-07 18:00:00,MH009,24.92,17.099556,1
2020-05-07 19:00:00,MH009,12.02,17.799995,1
2020-05-07 20:00:00,MH009,14.0,18.09164,1
2020-05-07 21:00:00,MH009,14.02,16.173203,1
2020-05-07 22:00:00,MH009,16.98,15.227723,1
2020-05-07 23:00:00,MH009,14.02,15.166043,1
2020-05-08 00:00:00,MH009,15.95,15.680793,1
2020-05-08 01:00:00,MH009,9.96,15.615893,1
2020-05-08 02:00:00,MH009,6.04,15.352702,1
2020-05-08 03:00:00,MH009,10.0,13.779298,1
2020-05-08 04:00:00,MH009,8.97,14.389806,1
2020-05-08 05:00:00,MH009,6.0,16.042267,1
2020-05-08 06:00:00,MH009,6.04,17.23216,1
2020-05-08 07:00:00,MH009,11.99,19.02373,1
2020-05-08 08:00:00,MH009,11.02,19.095758,1
2020-05-08 09:00:00,MH009,13.03,21.6364,1
2020-05-08 10:00:00,MH009,16.95,20.631023,1
2020-05-08 11:00:00,MH009,13.0,19.363491,1
2020-05-08 12:00:00,MH009,11.98,18.277195,1
2020-05-08 13:00:00,MH009,10.03,16.58834,1
2020-05-08 14:00:00,MH009,12.97,15.216012,1
2020-05-08 15:00:00,MH009,9.01,14.837768,1
2020-05-08 16:00:00,MH009,10.01,15.234996,1
2020-05-08 17:00:00,MH009,11.98,15.187343,1
2020-05-08 18:00:00,MH009,10.0,15.753898,1
2020-05-08 19:00:00,MH009,9.99,16.003647,1
2020-05-08 20:00:00,MH009,8.99,15.295058,1
2020-05-08 21:00:00,MH009,7.04,14.146466,1
2020-05-08 22:00:00,MH009,10.97,13.425946,1
2020-05-08 23:00:00,MH009,7.97,12.567925,1
2020-05-09 00:00:00,MH009,4.0,12.677011,1
2020-05-09 01:00:00,MH009,5.03,12.7708025,1
2020-05-09 02:00:00,MH009,9.99,11.657357,1
2020-05-09 03:00:00,MH009,7.99,11.319814,1
2020-05-09 04:00:00,MH009,5.99,12.115804,1
2020-05-09 05:00:00,MH009,4.01,14.764806,1
2020-05-09 06:00:00,MH009,5.04,15.784268,1
2020-05-09 07:00:00,MH009,9.99,15.844888,1
2020-05-09 08:00:00,MH009,9.0,16.799751,1
2020-05-09 09:00:00,MH009,9.03,18.746204,1
2020-05-09 10:00:00,MH009,12.97,18.169641,1
2020-05-09 11:00:00,MH009,10.02,17.047195,1
2020-05-09 12:00:00,MH009,12.01,16.213293,1
2020-05-09 13:00:00,MH009,13.0,14.795802,1
2020-05-09 14:00:00,MH009,13.02,13.86947,1
2020-05-09 15:00:00,MH009,15.11,13.928079,1
2020-05-09 16:00:00,MH009,26.96,14.189935,1
2020-05-09 17:00:00,MH009,21.1,14.896453,1
2020-05-09 18:00:00,MH009,37.84,17.245886,1
2020-05-09 19:00:00,MH009,10.99,17.494192,1
2020-05-09 20:00:00,MH009,10.09,19.488577,1
2020-05-09 21:00:00,MH009,19.95,17.15966,1
2020-05-09 22:00:00,MH009,14.07,15.80477,1
2020-05-09 23:00:00,MH009,21.92,16.79727,1
2020-05-10 00:00:00,MH009,8.0,15.972043,1
2020-05-10 01:00:00,MH009,7.99,16.545662,1
2020-05-10 02:00:00,MH009,6.99,15.996377,1
2020-05-10 03:00:00,MH009,4.97,14.510287,1
2020-05-10 04:00:00,MH009,2.03,14.460053,1
2020-05-10 05:00:00,MH009,5.01,15.051238,1
2020-05-10 06:00:00,MH009,6.05,15.077836,1
2020-05-10 07:00:00,MH009,13.96,16.087988,1
2020-05-10 08:00:00,MH009,7.99,16.808481,1
2020-05-10 09:00:00,MH009,7.0,18.81262,1
2020-05-10 10:00:00,MH009,6.04,16.840725,1
2020-05-10 11:00:00,MH009,11.02,15.323644,1
2020-05-10 12:00:00,MH009,13.02,13.995759,1
2020-05-10 13:00:00,MH009,15.96,13.772294,1
2020-05-10 14:00:00,MH009,12.02,13.618203,1
2020-05-10 15:00:00,MH009,13.95,14.359361,1
2020-05-10 16:00:00,MH009,8.05,14.352027,1
2020-05-10 17:00:00,MH009,13.96,15.031779,1
2020-05-10 18:00:00,MH009,8.97,14.96412,1
2020-05-10 19:00:00,MH009,6.0,15.633264,1
2020-05-10 20:00:00,MH009,6.01,15.20033,1
2020-05-10 21:00:00,MH009,7.0,14.320756,1
2020-05-10 22:00:00,MH009,7.0,13.775449,1
2020-05-10 23:00:00,MH009,7.0,13.592069,1
2020-05-11 00:00:00,MH009,7.0,12.720075,1
2020-05-13 11:00:00,MH009,26.98,18.067846,1
2020-05-13 12:00:00,MH009,24.95,17.553541,1
2020-05-13 13:00:00,MH009,20.86,17.593187,1
2020-05-13 14:00:00,MH009,9.99,17.477015,1
2020-05-13 15:00:00,MH009,9.02,17.461731,1
2020-05-13 16:00:00,MH009,10.05,16.574528,1
2020-05-13 17:00:00,MH009,15.94,15.973224,1
2020-05-13 18:00:00,MH009,9.01,15.919604,1
2020-05-13 19:00:00,MH009,9.96,16.427448,1
2020-05-13 20:00:00,MH009,6.0,15.240773,1
2020-05-13 21:00:00,MH009,6.0,13.67183,1
2020-05-13 22:00:00,MH009,6.0,12.019418,1
2020-05-13 23:00:00,MH009,6.0,11.095971,1
2020-05-16 14:00:00,MH009,43.0,21.863886,1
2020-05-16 15:00:00,MH009,48.0,25.219215,1
2020-05-16 16:00:00,MH009,46.94,28.115772,1
2020-05-16 17:00:00,MH009,43.97,31.029732,1
2020-05-16 18:00:00,MH009,39.98,32.38555,1
2020-05-16 19:00:00,MH009,37.95,34.300022,1
2020-05-16 20:00:00,MH009,31.02,35.09951,1
2020-05-16 21:00:00,MH009,32.97,34.296368,1
2020-05-16 22:00:00,MH009,30.02,31.354301,1
2020-05-16 23:00:00,MH009,32.0,29.5457,1
2020-05-17 00:00:00,MH009,31.92,28.887794,1
2020-05-17 01:00:00,MH009,25.06,28.089952,1
2020-05-17 02:00:00,MH009,30.03,27.389511,1
2020-05-17 03:00:00,MH009,32.97,26.187052,1
2020-05-17 04:00:00,MH009,29.98,27.181793,1
2020-05-17 05:00:00,MH009,28.02,30.384567,1
2020-05-17 06:00:00,MH009,29.98,34.185776,1
2020-05-17 07:00:00,MH009,27.99,35.96238,1
2020-05-17 08:00:00,MH009,27.03,36.861286,1
2020-05-17 09:00:00,MH009,30.95,32.225765,1
2020-05-17 10:00:00,MH009,25.03,29.922169,1
2020-05-17 11:00:00,MH009,27.95,29.234867,1
2020-05-17 12:00:00,MH009,23.0,26.71945,1
2020-05-17 13:00:00,MH009,22.99,25.321907,1
2020-05-17 14:00:00,MH009,21.98,23.86104,1
2020-05-17 15:00:00,MH009,19.96,23.073336,1
2020-05-17 16:00:00,MH009,16.14,22.798853,1
2020-05-17 17:00:00,MH009,27.96,22.272547,1
2020-05-17 18:00:00,MH009,22.01,21.389858,1
2020-05-17 19:00:00,MH009,22.94,23.036907,1
2020-05-17 20:00:00,MH009,18.06,22.893892,1
2020-05-17 21:00:00,MH009,24.94,22.146381,1
2020-05-17 22:00:00,MH009,18.0,20.694736,1
2020-05-17 23:00:00,MH009,17.98,20.686964,1
2020-05-18 00:00:00,MH009,16.01,19.906347,1
2020-05-18 01:00:00,MH009,17.09,18.010101,1
2020-05-18 02:00:00,MH009,24.88,16.206364,1
2020-05-18 03:00:00,MH009,15.03,15.066859,1
2020-05-18 04:00:00,MH009,17.98,15.567185,1
2020-05-18 05:00:00,MH009,16.02,15.484822,1
2020-05-18 06:00:00,MH009,18.04,15.011107,1
2020-05-18 07:00:00,MH009,20.96,15.711135,1
2020-05-18 08:00:00,MH009,16.97,16.86747,1
2020-05-18 09:00:00,MH009,13.14,18.420122,1
2020-05-18 10:00:00,MH009,25.06,18.915462,1
2020-05-18 11:00:00,MH009,30.03,18.485317,1
2020-05-18 12:00:00,MH009,32.85,19.788805,1
2020-05-18 13:00:00,MH009,16.01,21.34215,1
2020-05-18 14:00:00,MH009,16.98,22.555983,1
2020-05-18 15:00:00,MH009,15.03,21.000223,1
2020-05-18 16:00:00,MH009,17.94,19.663519,1
2020-05-18 17:00:00,MH009,13.02,18.952385,1
2020-05-18 18:00:00,MH009,15.03,19.779388,1
2020-05-18 19:00:00,MH009,17.97,20.030863,1
2020-05-18 20:00:00,MH009,14.01,20.166763,1
2020-05-18 21:00:00,MH009,15.04,19.77476,1
2020-05-18 22:00:00,MH009,18.95,18.3312,1
2020-05-18 23:00:00,MH009,13.02,16.972425,1
2020-05-19 00:00:00,MH009,15.94,16.377724,1
2020-05-19 01:00:00,MH009,9.01,13.82702,1
2020-05-19 02:00:00,MH009,11.0,12.666959,1
2020-05-19 03:00:00,MH009,11.0,11.631684,1
2020-05-19 04:00:00,MH009,11.02,11.243958,1
2020-05-19 05:00:00,MH009,12.97,11.723386,1
2020-05-19 06:00:00,MH009,10.98,12.785733,1
2020-05-19 07:00:00,MH009,8.98,14.165357,1
2020-05-19 08:00:00,MH009,7.01,15.200601,1
2020-05-19 09:00:00,MH009,8.04,15.2466345,1
2020-05-19 10:00:00,MH009,11.04,15.491452,1
2020-05-19 11:00:00,MH009,15.94,15.307216,1
2020-05-19 12:00:00,MH009,11.05,15.990354,1
2020-05-19 13:00:00,MH009,17.02,16.789995,1
2020-05-19 14:00:00,MH009,18.94,16.785713,1
2020-05-19 15:00:00,MH009,12.0,16.75696,1
2020-05-19 16:00:00,MH009,12.04,17.235083,1
2020-05-19 17:00:00,MH009,13.98,16.979742,1
2020-05-19 18:00:00,MH009,12.0,17.017681,1
2020-05-19 19:00:00,MH009,12.04,17.407484,1
2020-05-19 20:00:00,MH009,16.01,17.284874,1
2020-05-19 21:00:00,MH009,17.0,17.026066,1
2020-05-19 22:00:00,MH009,11.04,17.162422,1
2020-05-19 23:00:00,MH009,15.96,16.694082,1
2020-05-20 00:00:00,MH009,11.0,14.7203,1
2020-05-20 01:00:00,MH009,9.97,14.136479,1
2020-05-20 02:00:00,MH009,7.98,12.98935,1
2020-05-20 03:00:00,MH009,6.96,12.060391,1
2020-05-20 04:00:00,MH009,5.0,11.445165,1
2020-05-20 05:00:00,MH009,5.02,11.523744,1
2020-05-20 06:00:00,MH009,7.0,11.669274,1
2020-05-20 07:00:00,MH009,6.99,12.721498,1
2020-05-20 08:00:00,MH009,6.03,13.735517,1
2020-05-20 09:00:00,MH009,8.99,14.287013,1
2020-05-20 10:00:00,MH009,8.05,14.018132,1
2020-05-20 11:00:00,MH009,12.02,13.771161,1
2020-05-20 12:00:00,MH009,14.29,13.666947,1
2020-05-20 13:00:00,MH009,37.68,14.0416,1
2020-05-20 14:00:00,MH009,2.02,14.837445,1
2020-05-20 15:00:00,MH009,4.04,18.008884,1
2020-05-20 16:00:00,MH009,7.98,15.88885,1
2020-05-20 17:00:00,MH009,6.01,14.471938,1
2020-05-20 18:00:00,MH009,7.0,14.798247,1
2020-05-20 19:00:00,MH009,7.01,15.2884245,1
2020-05-20 20:00:00,MH009,8.05,15.021094,1
2020-05-20 21:00:00,MH009,11.96,15.14866,1
2020-05-20 22:00:00,MH009,7.04,13.796449,1
2020-05-20 23:00:00,MH009,10.99,13.500337,1
2020-05-21 00:00:00,MH009,9.98,12.463189,1
2020-05-21 01:00:00,MH009,7.99,12.054212,1
2020-05-21 02:00:00,MH009,6.97,11.418679,1
2020-05-21 03:00:00,MH009,5.0,10.356431,1
2020-05-21 04:00:00,MH009,5.01,10.294961,1
2020-05-21 05:00:00,MH009,6.0,11.008634,1
2020-05-21 06:00:00,MH009,5.98,11.810761,1
2020-05-21 07:00:00,MH009,4.01,13.327279,1
2020-05-21 08:00:00,MH009,5.01,14.5056715,1
2020-05-21 09:00:00,MH009,6.01,14.844192,1
2020-05-21 10:00:00,MH009,7.03,14.930545,1
2020-05-21 11:00:00,MH009,10.03,14.395825,1
2020-05-21 12:00:00,MH009,13.01,13.878552,1
2020-05-21 13:00:00,MH009,14.07,13.945893,1
2020-05-21 14:00:00,MH009,22.86,14.575995,1
2020-05-21 15:00:00,MH009,6.02,15.593165,1
2020-05-21 16:00:00,MH009,7.99,16.820635,1
2020-05-21 17:00:00,MH009,7.0,15.760938,1
2020-05-21 18:00:00,MH009,6.99,15.55034,1
2020-05-21 19:00:00,MH009,6.06,15.242896,1
2020-05-21 20:00:00,MH009,10.95,14.774825,1
2020-05-21 21:00:00,MH009,6.96,14.117261,1
2020-05-21 22:00:00,MH009,4.05,14.618655,1
2020-05-21 23:00:00,MH009,7.97,13.398324,1
2020-05-22 00:00:00,MH009,4.96,12.084428,1
2020-05-22 01:00:00,MH009,1.03,12.204576,1
2020-05-22 02:00:00,MH009,4.05,11.1380625,1
2020-05-22 03:00:00,MH009,8.99,9.917447,1
2020-05-22 04:00:00,MH009,7.97,10.216779,1
2020-05-22 05:00:00,MH009,6.0,11.717725,1
2020-05-22 06:00:00,MH009,6.07,12.495023,1
2020-05-22 07:00:00,MH009,11.97,12.650716,1
2020-05-22 08:00:00,MH009,9.1,12.839532,1
2020-05-22 09:00:00,MH009,17.95,13.93794,1
2020-05-22 10:00:00,MH009,14.0,14.019368,1
2020-05-22 11:00:00,MH009,13.93,15.221763,1
2020-05-22 12:00:00,MH009,8.03,15.008082,1
2020-05-22 13:00:00,MH009,9.99,14.833552,1
2020-05-22 14:00:00,MH009,8.99,14.306634,1
2020-05-22 15:00:00,MH009,8.04,14.807729,1
2020-05-22 16:00:00,MH009,11.02,15.247708,1
2020-05-22 17:00:00,MH009,12.99,15.537028,1
2020-05-22 18:00:00,MH009,11.98,16.009249,1
2020-05-22 19:00:00,MH009,9.98,16.644472,1
2020-05-22 20:00:00,MH009,9.02,16.688513,1
2020-05-22 21:00:00,MH009,10.99,16.311209,1
2020-05-22 22:00:00,MH009,10.06,15.586484,1
2020-05-22 23:00:00,MH009,14.9,14.575616,1
2020-05-23 00:00:00,MH009,6.44,13.502137,1
2020-05-23 01:00:00,MH009,42.58,14.049153,1
2020-05-23 02:00:00,MH009,7.99,12.4416895,1
2020-05-23 03:00:00,MH009,7.04,17.259636,1
2020-05-23 04:00:00,MH009,10.01,14.802163,1
2020-05-23 05:00:00,MH009,11.02,15.16129,1
2020-05-23 06:00:00,MH009,12.99,17.002321,1
2020-05-23 07:00:00,MH009,11.98,18.26907,1
2020-05-23 08:00:00,MH009,10.01,18.769648,1
2020-05-23 09:00:00,MH009,10.97,20.000147,1
2020-05-23 10:00:00,MH009,9.07,17.56793,1
2020-05-23 11:00:00,MH009,15.03,16.01551,1
2020-05-23 12:00:00,MH009,16.94,14.552825,1
2020-05-23 13:00:00,MH009,10.99,14.36127,1
2020-05-23 14:00:00,MH009,9.97,14.2599535,1
2020-05-23 15:00:00,MH009,8.03,13.817571,1
2020-05-23 16:00:00,MH009,11.07,14.238923,1
2020-05-23 17:00:00,MH009,19.0,14.420253,1
2020-05-23 18:00:00,MH009,19.21,14.93426,1
2020-05-23 19:00:00,MH009,34.88,16.006489,1
2020-05-23 20:00:00,MH009,24.88,16.262932,1
2020-05-23 21:00:00,MH009,15.01,17.9373,1
2020-05-23 22:00:00,MH009,15.9,17.816174,1
2020-05-23 23:00:00,MH009,7.99,15.994586,1
2020-05-24 00:00:00,MH009,6.98,15.3624735,1
2020-05-24 01:00:00,MH009,5.03,13.9977045,1
2020-05-24 02:00:00,MH009,7.96,13.076634,1
2020-05-24 03:00:00,MH009,4.97,13.514932,1
2020-05-24 04:00:00,MH009,3.0,13.599954,1
2020-05-24 05:00:00,MH009,3.01,13.588616,1
2020-05-24 06:00:00,MH009,4.05,13.82021,1
2020-05-24 07:00:00,MH009,9.15,13.869798,1
2020-05-24 08:00:00,MH009,19.89,14.159486,1
2020-05-24 09:00:00,MH009,11.96,14.970752,1
2020-05-24 10:00:00,MH009,9.03,16.958366,1
2020-05-24 11:00:00,MH009,10.98,16.00667,1
2020-05-24 12:00:00,MH009,10.0,14.316173,1
2020-05-24 13:00:00,MH009,9.98,13.897168,1
2020-05-24 14:00:00,MH009,8.0,14.028394,1
2020-05-24 15:00:00,MH009,8.08,14.468047,1
2020-05-24 16:00:00,MH009,14.96,14.426986,1
2020-05-24 17:00:00,MH009,11.05,14.5596895,1
2020-05-24 18:00:00,MH009,15.96,15.448634,1
2020-05-24 19:00:00,MH009,12.95,15.660785,1
2020-05-24 20:00:00,MH009,8.07,16.07654,1
2020-05-24 21:00:00,MH009,13.96,15.845973,1
2020-05-24 22:00:00,MH009,9.96,14.885734,1
2020-05-24 23:00:00,MH009,6.01,14.698886,1
2020-05-25 00:00:00,MH009,6.99,13.839047,1
2020-05-25 01:00:00,MH009,6.01,11.422406,1
2020-05-25 02:00:00,MH009,6.97,9.639966,1
2020-05-25 03:00:00,MH009,5.01,8.661691,1
2020-05-25 04:00:00,MH009,6.0,8.547349,1
2020-05-25 05:00:00,MH009,6.0,11.4166,1
2020-05-25 06:00:00,MH009,6.03,12.767339,1
2020-05-25 07:00:00,MH009,8.97,13.9082575,1
2020-05-25 08:00:00,MH009,7.12,15.848275,1
2020-05-25 09:00:00,MH009,15.98,15.750579,1
2020-05-25 10:00:00,MH009,13.99,15.823174,1
2020-05-25 11:00:00,MH009,13.01,16.199755,1
2020-05-25 12:00:00,MH009,13.93,15.008222,1
2020-05-25 13:00:00,MH009,7.96,15.080871,1
2020-05-25 14:00:00,MH009,5.01,15.726697,1
2020-05-25 15:00:00,MH009,6.0,15.920033,1
2020-05-25 16:00:00,MH009,6.07,15.63626,1
2020-05-25 17:00:00,MH009,12.02,15.737723,1
2020-05-25 18:00:00,MH009,14.0,15.565915,1
2020-05-25 19:00:00,MH009,13.96,15.592668,1
2020-05-25 20:00:00,MH009,11.02,15.403199,1
2020-05-25 21:00:00,MH009,13.07,14.724683,1
2020-05-25 22:00:00,MH009,17.85,13.4325,1
2020-05-25 23:00:00,MH009,6.99,12.689084,1
2020-05-26 00:00:00,MH009,6.0,13.071164,1
2020-05-26 01:00:00,MH009,6.04,11.511876,1
2020-05-26 02:00:00,MH009,10.02,9.8709,1
2020-05-26 03:00:00,MH009,12.02,9.613744,1
2020-05-26 04:00:00,MH009,13.92,10.378568,1
2020-05-26 05:00:00,MH009,6.96,11.3459635,1
2020-05-26 06:00:00,MH009,3.04,12.740617,1
2020-05-26 07:00:00,MH009,6.11,12.821763,1
2020-05-26 08:00:00,MH009,14.12,13.0822115,1
2020-05-26 09:00:00,MH009,22.89,13.756597,1
2020-05-26 10:00:00,MH009,13.03,15.099,1
2020-05-26 11:00:00,MH009,14.97,16.942896,1
2020-05-26 12:00:00,MH009,11.97,16.735352,1
2020-05-26 13:00:00,MH009,10.05,16.779016,1
2020-05-26 14:00:00,MH009,13.97,16.719067,1
2020-05-26 15:00:00,MH009,12.03,16.739122,1
2020-05-26 16:00:00,MH009,14.99,17.170631,1
2020-05-26 17:00:00,MH009,13.98,17.370213,1
2020-05-26 18:00:00,MH009,12.98,17.506489,1
2020-05-26 19:00:00,MH009,12.08,17.45812,1
2020-05-26 20:00:00,MH009,17.95,16.865238,1
2020-05-26 21:00:00,MH009,13.92,15.869729,1
2020-05-26 22:00:00,MH009,8.04,15.937947,1
2020-05-26 23:00:00,MH009,12.01,14.700131,1
2020-05-27 00:00:00,MH009,12.93,12.974923,1
2020-05-27 01:00:00,MH009,7.0,13.013558,1
2020-05-27 02:00:00,MH009,6.98,12.696641,1
2020-05-27 03:00:00,MH009,6.0,11.54754,1
2020-05-27 04:00:00,MH009,5.95,11.327306,1
2020-05-27 05:00:00,MH009,2.03,11.261006,1
2020-05-27 06:00:00,MH009,4.08,11.258744,1
2020-05-27 07:00:00,MH009,11.04,11.296853,1
2020-05-27 08:00:00,MH009,14.04,11.65339,1
2020-05-27 09:00:00,MH009,16.96,12.775544,1
2020-05-27 10:00:00,MH009,13.99,14.070561,1
2020-05-27 11:00:00,MH009,12.97,14.922704,1
2020-05-27 12:00:00,MH009,11.03,15.087546,1
2020-05-27 13:00:00,MH009,13.05,15.164617,1
2020-05-27 14:00:00,MH009,16.95,15.394561,1
2020-05-27 15:00:00,MH009,12.93,16.1517,1
2020-05-27 16:00:00,MH009,7.17,17.116009,1
2020-05-27 17:00:00,MH009,18.89,17.325462,1
2020-05-27 18:00:00,MH009,8.98,16.755312,1
2020-05-27 19:00:00,MH009,7.99,17.82939,1
2020-05-27 20:00:00,MH009,7.04,16.756926,1
2020-05-27 21:00:00,MH009,11.05,15.567973,1
2020-05-27 22:00:00,MH009,14.99,14.394776,1
2020-05-27 23:00:00,MH009,13.96,13.805818,1
2020-05-28 00:00:00,MH009,10.0,13.596688,1
2020-05-28 01:00:00,MH009,9.95,13.172921,1
2020-05-28 02:00:00,MH009,6.11,11.349202,1
2020-05-28 03:00:00,MH009,14.93,10.392495,1
2020-05-28 04:00:00,MH009,10.02,9.630506,1
2020-05-28 05:00:00,MH009,10.99,10.759702,1
2020-05-28 06:00:00,MH009,9.98,11.344113,1
2020-05-28 07:00:00,MH009,9.01,11.836144,1
2020-05-28 08:00:00,MH009,9.98,12.509545,1
2020-05-28 09:00:00,MH009,9.02,13.316571,1
2020-05-28 10:00:00,MH009,10.02,13.871007,1
2020-05-28 11:00:00,MH009,11.03,14.468934,1
2020-05-28 12:00:00,MH009,13.04,14.56173,1
2020-05-28 13:00:00,MH009,15.93,14.832747,1
2020-05-28 14:00:00,MH009,10.97,15.405641,1
2020-05-28 15:00:00,MH009,9.17,16.133556,1
2020-05-28 16:00:00,MH009,20.86,16.13922,1
2020-05-28 17:00:00,MH009,11.07,16.048147,1
2020-05-28 18:00:00,MH009,15.97,17.277277,1
2020-05-28 19:00:00,MH009,13.93,16.910717,1
2020-05-28 20:00:00,MH009,8.05,17.112576,1
2020-05-28 21:00:00,MH009,11.93,16.272085,1
2020-05-28 22:00:00,MH009,7.01,14.506185,1
2020-05-28 23:00:00,MH009,7.97,13.51938,1
2020-05-29 00:00:00,MH009,5.96,12.388738,1
2020-05-29 01:00:00,MH009,2.98,10.909249,1
2020-05-29 02:00:00,MH009,2.06,9.960004,1
2020-05-29 03:00:00,MH009,6.01,9.163625,1
2020-05-29 04:00:00,MH009,7.0,8.44193,1
2020-05-29 05:00:00,MH009,6.97,9.201127,1
2020-05-29 06:00:00,MH009,5.03,10.269273,1
2020-05-29 07:00:00,MH009,7.0,12.051888,1
2020-05-29 08:00:00,MH009,7.0,12.961831,1
2020-05-29 09:00:00,MH009,6.96,13.356603,1
2020-05-29 10:00:00,MH009,4.03,13.174367,1
2020-05-29 11:00:00,MH009,6.03,13.490598,1
2020-05-29 12:00:00,MH009,7.99,13.078546,1
2020-05-29 13:00:00,MH009,6.97,12.855851,1
2020-05-29 14:00:00,MH009,5.0,13.272073,1
2020-05-29 15:00:00,MH009,4.97,13.695291,1
2020-05-29 16:00:00,MH009,3.06,13.591531,1
2020-05-29 17:00:00,MH009,7.07,13.488069,1
2020-05-29 18:00:00,MH009,11.95,13.206975,1
2020-05-29 19:00:00,MH009,8.0,13.321374,1
2020-05-29 20:00:00,MH009,8.02,13.985574,1
2020-05-29 21:00:00,MH009,8.98,13.625222,1
2020-05-29 22:00:00,MH009,8.04,13.202733,1
2020-05-29 23:00:00,MH009,11.17,13.011273,1
2020-05-30 00:00:00,MH009,20.92,12.272092,1
2020-05-30 01:00:00,MH009,14.25,12.186883,1
2020-05-30 02:00:00,MH009,31.68,13.34731,1
2020-05-30 03:00:00,MH009,8.97,12.862073,1
2020-05-30 04:00:00,MH009,6.04,15.925481,1
2020-05-30 05:00:00,MH009,8.96,14.707885,1
2020-05-30 06:00:00,MH009,5.95,13.724736,1
2020-05-30 07:00:00,MH009,3.03,14.94484,1
2020-05-30 08:00:00,MH009,5.17,15.271985,1
2020-05-30 09:00:00,MH009,15.21,15.241456,1
2020-05-30 10:00:00,MH009,28.78,15.999026,1
2020-05-30 11:00:00,MH009,13.09,16.30104,1
2020-05-30 12:00:00,MH009,19.0,17.201488,1
2020-05-30 13:00:00,MH009,3.03,14.730721,1
2020-05-30 14:00:00,MH009,5.08,14.745093,1
2020-05-30 15:00:00,MH009,10.03,13.312764,1
2020-05-30 16:00:00,MH009,11.96,13.360276,1
2020-05-30 17:00:00,MH009,9.07,14.520461,1
2020-05-30 18:00:00,MH009,14.15,15.93353,1
2020-05-30 19:00:00,MH009,23.92,15.474292,1
2020-05-30 20:00:00,MH009,17.97,15.988299,1
2020-05-30 21:00:00,MH009,15.98,16.880308,1
2020-05-30 22:00:00,MH009,14.93,16.640902,1
2020-05-30 23:00:00,MH009,10.04,15.972201,1
2020-05-31 00:00:00,MH009,12.92,15.247064,1
2020-05-31 01:00:00,MH009,7.12,14.039212,1
2020-05-31 02:00:00,MH009,14.8,13.692243,1
2020-05-31 03:00:00,MH009,2.98,12.964406,1
2020-05-31 04:00:00,MH009,2.08,13.490518,1
2020-05-31 05:00:00,MH009,7.97,12.286981,1
2020-05-31 06:00:00,MH009,5.95,11.038762,1
2020-05-31 07:00:00,MH009,2.19,11.650071,1
2020-05-31 08:00:00,MH009,14.89,12.499574,1
2020-05-31 09:00:00,MH009,7.99,12.262673,1
2020-05-31 10:00:00,MH009,7.13,13.709271,1
2020-05-31 11:00:00,MH009,14.91,13.387681,1
2020-05-31 12:00:00,MH009,9.12,13.201024,1
2020-05-31 13:00:00,MH009,17.95,13.61382,1
2020-05-31 14:00:00,MH009,13.89,13.735356,1
2020-05-31 15:00:00,MH009,7.04,14.467189,1
2020-05-31 16:00:00,MH009,10.02,14.756019,1
2020-05-31 17:00:00,MH009,10.96,14.505128,1
2020-05-31 18:00:00,MH009,8.11,14.868257,1
2020-05-31 19:00:00,MH009,14.93,15.351369,1
2020-05-31 20:00:00,MH009,9.98,15.112123,1
2020-05-31 21:00:00,MH009,9.0,16.088951,1
2020-05-31 22:00:00,MH009,8.96,14.962348,1
2020-05-31 23:00:00,MH009,6.0,13.368043,1
2020-06-01 00:00:00,MH009,6.16,12.851537,1
2020-06-01 01:00:00,MH009,16.97,10.880746,1
2020-06-01 02:00:00,MH009,15.0,9.043336,1
2020-06-01 03:00:00,MH009,14.89,9.90659,1
2020-06-01 04:00:00,MH009,7.97,10.572705,1
2020-06-01 05:00:00,MH009,6.28,11.143632,1
2020-06-01 06:00:00,MH009,24.73,11.232675,1
2020-06-01 07:00:00,MH009,7.09,10.46742,1
2020-06-01 08:00:00,MH009,11.97,14.394877,1
2020-06-01 09:00:00,MH009,10.36,14.639546,1
2020-06-01 10:00:00,MH009,29.86,15.280381,1
2020-06-01 11:00:00,MH009,20.25,16.401838,1
2020-06-01 12:00:00,MH009,36.97,19.962814,1
2020-06-01 13:00:00,MH009,35.05,20.012936,1
2020-06-01 14:00:00,MH009,38.0,23.610125,1
2020-06-01 15:00:00,MH009,37.9,24.41639,1
2020-06-01 16:00:00,MH009,31.05,26.629845,1
2020-06-01 17:00:00,MH009,34.04,27.596054,1
2020-06-01 18:00:00,MH009,36.95,25.880041,1
2020-06-01 19:00:00,MH009,33.77,24.004412,1
2020-06-01 20:00:00,MH009,21.05,24.910198,1
2020-06-01 21:00:00,MH009,23.91,24.55934,1
2020-06-01 22:00:00,MH009,18.0,22.682884,1
2020-06-01 23:00:00,MH009,17.95,22.51979,1
2020-06-02 00:00:00,MH009,15.02,21.046984,1
2020-06-02 01:00:00,MH009,15.91,19.881287,1
2020-06-02 02:00:00,MH009,9.97,18.46434,1
2020-06-02 03:00:00,MH009,7.99,18.861002,1
2020-06-02 04:00:00,MH009,7.05,17.274797,1
2020-06-02 05:00:00,MH009,9.98,15.9623785,1
2020-06-02 06:00:00,MH009,9.09,16.743673,1
2020-06-02 07:00:00,MH009,14.12,19.466543,1
2020-06-02 08:00:00,MH009,21.03,20.93011,1
2020-06-02 09:00:00,MH009,23.27,20.98894,1
2020-06-02 10:00:00,MH009,38.02,22.009483,1
2020-06-02 11:00:00,MH009,38.7,23.34274,1
2020-06-02 12:00:00,MH009,21.94,26.852295,1
2020-06-02 13:00:00,MH009,18.04,27.87714,1
2020-06-02 14:00:00,MH009,20.1,25.797268,1
2020-06-02 15:00:00,MH009,27.0,23.346003,1
2020-06-02 16:00:00,MH009,26.85,23.008715,1
2020-06-02 17:00:00,MH009,17.11,24.47322,1
2020-06-02 18:00:00,MH009,23.24,25.57749,1
2020-06-02 19:00:00,MH009,39.0,22.071302,1
2020-06-02 20:00:00,MH009,39.25,20.193209,1
2020-06-02 21:00:00,MH009,53.02,22.535915,1
2020-06-02 22:00:00,MH009,53.77,23.04197,1
2020-06-02 23:00:00,MH009,39.94,25.85477,1
2020-06-03 00:00:00,MH009,35.67,25.799961,1
2020-06-03 01:00:00,MH009,16.05,19.528513,1
2020-06-03 02:00:00,MH009,18.98,17.44601,1
2020-06-03 03:00:00,MH009,18.0,14.7914915,1
2020-06-03 04:00:00,MH009,12.0,14.366431,1
2020-06-03 05:00:00,MH009,11.95,15.065589,1
2020-06-03 06:00:00,MH009,9.0,14.927171,1
2020-06-03 07:00:00,MH009,8.98,14.064656,1
2020-06-03 08:00:00,MH009,8.0,13.83431,1
2020-06-03 09:00:00,MH009,3.95,11.035676,1
2020-06-03 10:00:00,MH009,1.03,9.129571,1
2020-06-03 11:00:00,MH009,3.11,9.505403,1
2020-06-03 12:00:00,MH009,8.92,8.9681635,1
2020-06-03 13:00:00,MH009,4.96,9.0637865,1
2020-06-03 14:00:00,MH009,1.97,8.734078,1
2020-06-03 15:00:00,MH009,1.97,8.289502,1
2020-06-03 16:00:00,MH009,1.97,7.5406504,1
2020-06-03 17:00:00,MH009,1.97,6.788148,1
2020-06-03 19:00:00,MH009,0.06,7.7129335,1
2020-06-05 20:00:00,MH009,7.98,12.485166,1
2020-06-05 21:00:00,MH009,7.0,12.044129,1
2020-06-05 22:00:00,MH009,6.96,11.246602,1
2020-06-05 23:00:00,MH009,5.23,9.976438,1
2020-06-06 00:00:00,MH009,15.8,9.277093,1
2020-06-06 01:00:00,MH009,5.12,7.713853,1
2020-06-06 02:00:00,MH009,11.97,8.3830805,1
2020-06-06 03:00:00,MH009,9.95,8.026242,1
2020-06-06 04:00:00,MH009,7.04,8.175828,1
2020-06-06 05:00:00,MH009,9.09,8.395482,1
2020-06-06 06:00:00,MH009,13.9,8.400903,1
2020-06-06 07:00:00,MH009,8.93,8.681554,1
2020-06-06 08:00:00,MH009,5.0,11.066754,1
2020-06-06 09:00:00,MH009,5.98,11.100572,1
2020-06-06 10:00:00,MH009,5.05,10.364106,1
2020-06-06 11:00:00,MH009,8.15,9.781503,1
2020-06-06 12:00:00,MH009,16.23,9.551972,1
2020-06-06 13:00:00,MH009,28.59,10.053803,1
2020-06-06 14:00:00,MH009,6.04,11.065919,1
2020-06-06 15:00:00,MH009,8.06,12.851605,1
2020-06-06 16:00:00,MH009,11.02,11.813066,1
2020-06-06 17:00:00,MH009,11.96,11.0291605,1
2020-06-06 18:00:00,MH009,10.09,11.4948435,1
2020-06-06 19:00:00,MH009,14.92,12.236661,1
2020-06-06 20:00:00,MH009,10.96,12.539369,1
2020-06-06 21:00:00,MH009,9.0,13.755883,1
2020-06-06 22:00:00,MH009,9.07,11.837453,1
2020-06-06 23:00:00,MH009,12.98,10.598134,1
2020-06-07 00:00:00,MH009,11.93,10.041268,1
2020-06-07 01:00:00,MH009,8.11,9.327962,1
2020-06-07 02:00:00,MH009,14.0,9.16002,1
2020-06-07 03:00:00,MH009,13.95,8.765702,1
2020-06-07 04:00:00,MH009,11.12,9.217202,1
2020-06-07 05:00:00,MH009,17.95,10.065022,1
2020-06-07 06:00:00,MH009,15.04,10.780801,1
2020-06-07 07:00:00,MH009,17.05,12.941823,1
2020-06-07 08:00:00,MH009,19.95,14.362992,1
2020-06-07 09:00:00,MH009,16.86,15.6007185,1
2020-06-07 10:00:00,MH009,8.98,16.849743,1
2020-06-07 11:00:00,MH009,8.02,16.062357,1
2020-06-07 12:00:00,MH009,9.11,13.739228,1
2020-06-07 13:00:00,MH009,13.89,12.715043,1
2020-06-07 14:00:00,MH009,7.96,12.663369,1
2020-06-07 15:00:00,MH009,5.98,13.581292,1
2020-06-07 16:00:00,MH009,5.06,13.307916,1
2020-06-07 17:00:00,MH009,7.96,12.609376,1
2020-06-07 18:00:00,MH009,6.08,12.146974,1
2020-06-07 19:00:00,MH009,9.93,12.718507,1
2020-06-07 20:00:00,MH009,6.0,11.830773,1
2020-06-07 21:00:00,MH009,6.08,11.701333,1
2020-06-07 22:00:00,MH009,9.96,10.762258,1
2020-06-07 23:00:00,MH009,7.95,10.3230295,1
2020-06-08 00:00:00,MH009,4.95,9.980527,1
2020-06-08 01:00:00,MH009,2.06,7.425107,1
2020-06-08 02:00:00,MH009,4.96,5.776616,1
2020-06-08 03:00:00,MH009,3.0,4.768819,1
2020-06-08 04:00:00,MH009,3.0,4.956704,1
2020-06-08 05:00:00,MH009,2.98,5.8151674,1
2020-06-08 06:00:00,MH009,2.16,6.7754984,1
2020-06-08 07:00:00,MH009,11.0,7.632352,1
2020-06-08 08:00:00,MH009,11.08,8.510251,1
2020-06-08 09:00:00,MH009,15.07,9.590951,1
2020-06-08 10:00:00,MH009,18.91,11.0045595,1
2020-06-08 11:00:00,MH009,13.89,12.289247,1
2020-06-08 12:00:00,MH009,8.94,12.371812,1
2020-06-08 13:00:00,MH009,5.98,12.6523485,1
2020-06-08 14:00:00,MH009,4.98,12.481725,1
2020-06-08 15:00:00,MH009,4.0,12.556642,1
2020-06-08 16:00:00,MH009,4.04,12.41855,1
2020-06-08 17:00:00,MH009,6.0,12.526917,1
2020-06-08 18:00:00,MH009,6.06,12.4754305,1
2020-06-08 19:00:00,MH009,9.11,11.803166,1
2020-06-08 20:00:00,MH009,14.08,11.298753,1
2020-06-08 21:00:00,MH009,18.73,11.133546,1
2020-06-08 22:00:00,MH009,5.98,10.473401,1
2020-06-08 23:00:00,MH009,5.02,11.174333,1
2020-06-09 00:00:00,MH009,5.95,9.661168,1
2020-06-09 01:00:00,MH009,3.0,7.655019,1
2020-06-09 02:00:00,MH009,3.06,6.6030397,1
2020-06-09 03:00:00,MH009,6.06,6.296872,1
2020-06-09 04:00:00,MH009,8.93,6.398629,1
2020-06-09 05:00:00,MH009,5.02,7.5602427,1
2020-06-09 06:00:00,MH009,6.07,8.0547495,1
2020-06-09 07:00:00,MH009,10.25,8.955293,1
2020-06-09 08:00:00,MH009,21.88,10.061517,1
2020-06-09 09:00:00,MH009,14.85,10.852109,1
2020-06-09 10:00:00,MH009,6.0,13.624333,1
2020-06-09 11:00:00,MH009,6.07,14.456288,1
2020-06-09 12:00:00,MH009,9.98,13.253945,1
2020-06-09 13:00:00,MH009,9.0,12.322522,1
2020-06-09 14:00:00,MH009,8.98,12.752324,1
2020-06-09 15:00:00,MH009,8.07,12.874726,1
2020-06-09 16:00:00,MH009,12.08,13.060147,1
2020-06-09 17:00:00,MH009,16.12,12.503232,1
2020-06-09 18:00:00,MH009,22.98,12.264924,1
2020-06-09 19:00:00,MH009,21.75,12.877301,1
2020-06-09 20:00:00,MH009,9.98,14.056882,1
2020-06-09 21:00:00,MH009,8.98,14.205903,1
2020-06-09 22:00:00,MH009,7.96,12.148885,1
2020-06-09 23:00:00,MH009,6.05,10.716001,1
2020-06-10 00:00:00,MH009,8.98,10.286176,1
2020-06-10 01:00:00,MH009,7.96,9.413087,1
2020-06-10 02:00:00,MH009,5.96,8.699632,1
2020-06-10 03:00:00,MH009,4.06,8.421899,1
2020-06-10 04:00:00,MH009,7.04,7.443982,1
2020-06-10 05:00:00,MH009,9.0,7.528184,1
2020-06-10 06:00:00,MH009,9.14,9.221601,1
2020-06-10 07:00:00,MH009,16.98,11.077825,1
2020-06-10 08:00:00,MH009,16.02,13.440743,1
2020-06-10 09:00:00,MH009,16.96,15.50875,1
2020-06-10 10:00:00,MH009,15.02,16.669731,1
2020-06-10 11:00:00,MH009,15.91,16.91991,1
2020-06-10 12:00:00,MH009,10.98,16.418598,1
2020-06-10 13:00:00,MH009,10.21,16.021345,1
2020-06-10 14:00:00,MH009,19.87,14.5726385,1
2020-06-10 15:00:00,MH009,12.0,14.3958235,1
2020-06-10 16:00:00,MH009,11.98,15.545159,1
2020-06-10 17:00:00,MH009,10.92,14.056874,1
2020-06-10 18:00:00,MH009,7.21,13.31136,1
2020-06-10 19:00:00,MH009,18.86,12.834298,1
2020-06-10 20:00:00,MH009,11.09,10.483697,1
2020-06-10 21:00:00,MH009,15.86,12.03473,1
2020-06-10 22:00:00,MH009,9.02,12.1609125,1
2020-06-10 23:00:00,MH009,9.93,11.996686,1
2020-06-11 00:00:00,MH009,5.96,10.747766,1
2020-06-11 01:00:00,MH009,4.0,9.127297,1
2020-06-11 02:00:00,MH009,3.98,7.9265833,1
2020-06-11 03:00:00,MH009,3.02,7.736779,1
2020-06-11 04:00:00,MH009,4.08,7.6104937,1
2020-06-11 05:00:00,MH009,8.0,8.357675,1
2020-06-11 06:00:00,MH009,7.96,9.085961,1
2020-06-11 07:00:00,MH009,5.92,10.289742,1
2020-06-11 08:00:00,MH009,2.04,11.228105,1
2020-06-11 09:00:00,MH009,4.12,12.616368,1
2020-06-11 10:00:00,MH009,9.98,13.037671,1
2020-06-11 11:00:00,MH009,9.17,13.253266,1
2020-06-11 12:00:00,MH009,17.21,14.309901,1
2020-06-11 13:00:00,MH009,27.06,14.490083,1
2020-06-11 14:00:00,MH009,29.67,14.346992,1
2020-06-11 15:00:00,MH009,13.94,14.715722,1
2020-06-11 16:00:00,MH009,10.96,16.463655,1
2020-06-11 17:00:00,MH009,8.98,15.014306,1
2020-06-11 18:00:00,MH009,8.0,13.793046,1
2020-06-11 19:00:00,MH009,11.88,13.142163,1
2020-06-11 20:00:00,MH009,10.06,13.631562,1
2020-06-11 21:00:00,MH009,13.02,15.018449,1
2020-06-11 22:00:00,MH009,13.89,14.548667,1
2020-06-11 23:00:00,MH009,8.98,12.497411,1
2020-06-12 00:00:00,MH009,7.98,11.134389,1
2020-06-12 01:00:00,MH009,7.08,8.899762,1
2020-06-12 02:00:00,MH009,10.96,7.681855,1
2020-06-12 03:00:00,MH009,8.94,8.042947,1
2020-06-12 04:00:00,MH009,6.06,9.439336,1
2020-06-12 05:00:00,MH009,8.94,11.443589,1
2020-06-12 06:00:00,MH009,6.12,11.261319,1
2020-06-12 07:00:00,MH009,11.94,11.238488,1
2020-06-12 08:00:00,MH009,8.94,11.458112,1
2020-06-12 09:00:00,MH009,6.0,12.643136,1
2020-06-12 10:00:00,MH009,6.25,13.564176,1
2020-06-12 11:00:00,MH009,19.21,12.973973,1
2020-06-12 12:00:00,MH009,28.59,12.492429,1
2020-06-12 13:00:00,MH009,10.04,15.060088,1
2020-06-12 14:00:00,MH009,11.89,17.446552,1
2020-06-12 15:00:00,MH009,7.21,16.226301,1
2020-06-12 16:00:00,MH009,17.02,15.677054,1
2020-06-12 17:00:00,MH009,18.08,15.696824,1
2020-06-12 18:00:00,MH009,21.54,15.918403,1
2020-06-12 19:00:00,MH009,21.54,17.483229,1
2020-06-12 20:00:00,MH009,2.23,20.395765,1
2020-06-12 21:00:00,MH009,15.98,21.694948,1
2020-06-12 22:00:00,MH009,14.95,18.299484,1
2020-06-12 23:00:00,MH009,11.93,17.506794,1
2020-06-13 00:00:00,MH009,6.99,17.210077,1
2020-06-13 01:00:00,MH009,6.11,14.881417,1
2020-06-13 02:00:00,MH009,14.04,13.229051,1
2020-06-13 03:00:00,MH009,17.15,13.241117,1
2020-06-13 04:00:00,MH009,26.86,14.352958,1
2020-06-13 05:00:00,MH009,19.06,15.149022,1
2020-06-13 06:00:00,MH009,22.89,17.055384,1
2020-06-13 07:00:00,MH009,14.97,17.65158,1
2020-06-13 08:00:00,MH009,12.89,16.332544,1
2020-06-13 09:00:00,MH009,6.97,15.136407,1
2020-06-13 10:00:00,MH009,5.05,15.151015,1
2020-06-13 11:00:00,MH009,8.04,15.133763,1
2020-06-13 12:00:00,MH009,10.98,14.74562,1
2020-06-13 13:00:00,MH009,10.25,14.580972,1
2020-06-13 14:00:00,MH009,26.64,15.672118,1
2020-06-13 15:00:00,MH009,7.0,15.022031,1
2020-06-13 16:00:00,MH009,7.06,16.423534,1
2020-06-13 17:00:00,MH009,10.93,15.618873,1
2020-06-13 18:00:00,MH009,5.96,14.852698,1
2020-06-13 19:00:00,MH009,2.98,15.125779,1
2020-06-13 20:00:00,MH009,2.0,14.525739,1
2020-06-13 21:00:00,MH009,2.08,12.113278,1
2020-06-13 22:00:00,MH009,8.0,10.933915,1
2020-06-13 23:00:00,MH009,7.99,9.8301935,1
2020-06-14 00:00:00,MH009,6.97,9.602944,1
2020-06-14 01:00:00,MH009,5.0,9.181054,1
2020-06-14 02:00:00,MH009,5.0,8.828992,1
2020-06-14 03:00:00,MH009,5.04,8.326806,1
2020-06-14 04:00:00,MH009,8.07,8.659623,1
2020-06-14 05:00:00,MH009,13.02,9.313939,1
2020-06-14 06:00:00,MH009,14.07,11.534387,1
2020-06-14 07:00:00,MH009,18.93,13.29786,1
2020-06-14 08:00:00,MH009,15.05,14.399192,1
2020-06-14 09:00:00,MH009,17.98,15.12098,1
2020-06-14 10:00:00,MH009,17.0,15.351369,1
2020-06-14 11:00:00,MH009,27.86,15.789359,1
2020-06-14 12:00:00,MH009,19.73,15.796216,1
2020-06-14 13:00:00,MH009,5.0,17.170408,1
2020-06-14 14:00:00,MH009,5.0,16.891445,1
2020-06-14 15:00:00,MH009,9.1,13.407769,1
2020-06-14 16:00:00,MH009,11.98,12.546563,1
2020-06-14 17:00:00,MH009,10.98,13.072549,1
2020-06-14 18:00:00,MH009,10.03,13.980905,1
2020-06-14 19:00:00,MH009,11.91,14.160775,1
2020-06-14 20:00:00,MH009,6.97,13.40426,1
2020-06-14 21:00:00,MH009,5.0,12.272759,1
2020-06-14 22:00:00,MH009,4.95,11.007237,1
2020-06-14 23:00:00,MH009,2.16,9.506757,1
2020-06-15 00:00:00,MH009,10.91,8.464143,1
2020-06-15 01:00:00,MH009,6.0,5.9851007,1
2020-06-15 02:00:00,MH009,5.99,5.936475,1
2020-06-15 03:00:00,MH009,5.01,6.6179934,1
2020-06-15 04:00:00,MH009,6.0,6.9485903,1
2020-06-15 05:00:00,MH009,6.16,7.3946543,1
2020-06-15 06:00:00,MH009,16.95,8.531087,1
2020-06-15 07:00:00,MH009,13.28,9.966077,1
2020-06-15 08:00:00,MH009,29.93,12.829064,1
2020-06-15 09:00:00,MH009,24.89,14.114518,1
2020-06-15 10:00:00,MH009,16.87,14.448789,1
2020-06-15 11:00:00,MH009,7.97,15.499709,1
2020-06-15 12:00:00,MH009,6.08,15.077277,1
2020-06-15 13:00:00,MH009,10.91,13.73018,1
2020-06-15 14:00:00,MH009,6.04,13.362992,1
2020-06-15 15:00:00,MH009,8.0,13.351651,1
2020-06-15 16:00:00,MH009,8.18,12.751748,1
2020-06-15 17:00:00,MH009,13.02,13.083093,1
2020-06-15 18:00:00,MH009,13.94,13.47844,1
2020-06-15 19:00:00,MH009,10.07,13.650453,1
2020-06-15 20:00:00,MH009,14.07,13.554177,1
2020-06-15 21:00:00,MH009,17.75,13.44032,1
2020-06-15 22:00:00,MH009,3.97,11.756433,1
2020-06-15 23:00:00,MH009,1.97,11.748441,1
2020-06-16 00:00:00,MH009,0.36,9.180066,1
2020-06-16 01:00:00,MH009,5.05,6.752042,1
2020-06-16 02:00:00,MH009,8.07,6.2070932,1
2020-06-16 03:00:00,MH009,12.96,6.336049,1
2020-06-16 04:00:00,MH009,9.98,7.122655,1
2020-06-16 05:00:00,MH009,9.04,9.261861,1
2020-06-16 06:00:00,MH009,12.03,9.515416,1
2020-06-16 07:00:00,MH009,13.91,10.106793,1
2020-06-16 08:00:00,MH009,9.05,11.690019,1
2020-06-16 09:00:00,MH009,13.0,13.386624,1
2020-06-16 10:00:00,MH009,12.96,12.469327,1
2020-06-16 11:00:00,MH009,10.03,12.207269,1
2020-06-16 12:00:00,MH009,12.14,11.772279,1
2020-06-16 13:00:00,MH009,19.84,11.423776,1
2020-06-16 14:00:00,MH009,10.93,11.799794,1
2020-06-16 15:00:00,MH009,6.96,12.903127,1
2020-06-16 16:00:00,MH009,5.2,13.262074,1
2020-06-16 17:00:00,MH009,15.84,13.378182,1
2020-06-16 18:00:00,MH009,7.04,13.210408,1
2020-06-16 19:00:00,MH009,9.05,14.069558,1
2020-06-16 20:00:00,MH009,11.96,13.233144,1
2020-06-16 21:00:00,MH009,10.0,12.10962,1
2020-06-16 22:00:00,MH009,9.91,11.427365,1
2020-06-16 23:00:00,MH009,4.96,10.425275,1
2020-06-17 00:00:00,MH009,2.17,9.332589,1
2020-06-17 01:00:00,MH009,11.96,6.8777018,1
2020-06-17 02:00:00,MH009,9.96,4.8752947,1
2020-06-17 03:00:00,MH009,7.97,5.7799616,1
2020-06-17 04:00:00,MH009,5.96,7.1719217,1
2020-06-17 05:00:00,MH009,3.02,7.4845476,1
2020-06-17 06:00:00,MH009,4.05,7.808606,1
2020-06-17 07:00:00,MH009,7.0,8.240228,1
2020-06-17 08:00:00,MH009,7.18,8.655736,1
2020-06-17 09:00:00,MH009,18.88,9.867379,1
2020-06-17 10:00:00,MH009,11.98,10.412736,1
2020-06-17 11:00:00,MH009,11.0,11.584653,1
2020-06-17 12:00:00,MH009,11.02,11.128396,1
2020-06-17 13:00:00,MH009,11.89,10.49664,1
2020-06-17 14:00:00,MH009,5.93,10.614873,1
2020-06-17 15:00:00,MH009,2.03,10.983453,1
2020-06-17 16:00:00,MH009,3.95,10.101583,1
2020-06-17 17:00:00,MH009,1.0,9.575555,1
2020-06-17 18:00:00,MH009,1.04,9.621385,1
2020-06-17 19:00:00,MH009,4.0,8.876748,1
2020-06-17 20:00:00,MH009,3.98,7.4698343,1
2020-06-17 21:00:00,MH009,2.98,6.6042185,1
2020-06-17 22:00:00,MH009,2.02,5.726655,1
2020-06-17 23:00:00,MH009,3.03,4.5735025,1
2020-06-18 00:00:00,MH009,4.98,4.4002237,1
2020-06-18 01:00:00,MH009,4.0,3.2241678,1
2020-06-18 02:00:00,MH009,3.96,2.8070612,1
2020-06-18 03:00:00,MH009,2.02,2.8055696,1
2020-06-18 04:00:00,MH009,3.0,3.0643473,1
2020-06-18 05:00:00,MH009,3.05,3.201089,1
2020-06-18 06:00:00,MH009,6.02,3.944398,1
2020-06-18 07:00:00,MH009,7.09,3.9396105,1
2020-06-18 08:00:00,MH009,12.09,6.0423937,1
2020-06-18 09:00:00,MH009,17.84,7.0862207,1
2020-06-18 10:00:00,MH009,9.0,8.22926,1
2020-06-18 11:00:00,MH009,9.07,9.621846,1
2020-06-18 12:00:00,MH009,13.98,9.886643,1
2020-06-18 13:00:00,MH009,12.95,9.4660425,1
2020-06-18 14:00:00,MH009,10.03,9.691445,1
2020-06-18 15:00:00,MH009,11.96,9.753346,1
2020-06-18 16:00:00,MH009,9.94,9.854547,1
2020-06-18 17:00:00,MH009,6.19,10.510156,1
2020-06-18 18:00:00,MH009,18.72,10.566796,1
2020-06-18 19:00:00,MH009,0.43,9.721471,1
2020-06-18 20:00:00,MH009,6.03,10.230023,1
2020-06-18 21:00:00,MH009,7.98,7.9884424,1
2020-06-18 22:00:00,MH009,7.0,7.5687876,1
2020-06-18 23:00:00,MH009,6.97,8.014501,1
2020-06-19 00:00:00,MH009,4.93,7.79535,1
2020-06-19 01:00:00,MH009,1.04,6.243043,1
2020-06-19 02:00:00,MH009,4.25,5.840352,1
2020-06-19 03:00:00,MH009,17.79,4.887601,1
2020-06-19 04:00:00,MH009,6.18,5.0827265,1
2020-06-19 05:00:00,MH009,16.18,7.301469,1
2020-06-19 06:00:00,MH009,26.0,8.292092,1
2020-06-19 07:00:00,MH009,26.0,9.294705,1
2020-06-19 08:00:00,MH009,25.95,11.698567,1
2020-06-19 09:00:00,MH009,23.05,14.220101,1
2020-06-19 10:00:00,MH009,26.0,15.28473,1
2020-06-19 11:00:00,MH009,25.93,15.821195,1
2020-06-19 12:00:00,MH009,21.07,16.61912,1
2020-06-19 13:00:00,MH009,24.89,17.653038,1
2020-06-19 14:00:00,MH009,19.05,17.960545,1
2020-06-19 15:00:00,MH009,21.95,18.88053,1
2020-06-19 16:00:00,MH009,19.03,19.01354,1
2020-06-19 17:00:00,MH009,21.05,18.802328,1
2020-06-19 18:00:00,MH009,24.09,18.807177,1
2020-06-19 19:00:00,MH009,29.77,18.733751,1
2020-06-19 20:00:00,MH009,17.02,18.963608,1
2020-06-19 21:00:00,MH009,18.0,19.239014,1
2020-06-19 22:00:00,MH009,18.33,16.493887,1
2020-06-19 23:00:00,MH009,39.48,15.209853,1
2020-06-20 00:00:00,MH009,11.0,14.298068,1
2020-06-20 01:00:00,MH009,10.96,16.210276,1
2020-06-20 02:00:00,MH009,9.02,13.503022,1
2020-06-20 03:00:00,MH009,10.02,12.188909,1
2020-06-20 04:00:00,MH009,10.98,11.663453,1
2020-06-20 05:00:00,MH009,9.98,12.467378,1
2020-06-20 06:00:00,MH009,9.11,12.982347,1
2020-06-20 07:00:00,MH009,14.98,14.502471,1
2020-06-20 08:00:00,MH009,13.98,14.462998,1
2020-06-20 09:00:00,MH009,13.2,16.006199,1
2020-06-20 10:00:00,MH009,23.8,16.620031,1
2020-06-20 11:00:00,MH009,12.12,16.613552,1
2020-06-20 12:00:00,MH009,18.96,17.643812,1
2020-06-20 13:00:00,MH009,17.04,16.295929,1
2020-06-20 14:00:00,MH009,19.0,16.027946,1
2020-06-20 15:00:00,MH009,18.97,16.530014,1
2020-06-20 16:00:00,MH009,17.07,17.558378,1
2020-06-20 17:00:00,MH009,19.02,18.19327,1
2020-06-20 18:00:00,MH009,19.86,19.078913,1
2020-06-20 19:00:00,MH009,12.0,20.043344,1
2020-06-20 20:00:00,MH009,12.07,19.971668,1
2020-06-20 21:00:00,MH009,16.02,17.640837,1
2020-06-20 22:00:00,MH009,16.95,15.532941,1
2020-06-20 23:00:00,MH009,13.91,14.830716,1
2020-06-21 00:00:00,MH009,7.95,14.086507,1
2020-06-21 01:00:00,MH009,5.0,12.318688,1
2020-06-21 02:00:00,MH009,5.0,10.769639,1
2020-06-21 03:00:00,MH009,5.02,9.292027,1
2020-06-21 04:00:00,MH009,5.98,9.136544,1
2020-06-21 05:00:00,MH009,4.98,9.026753,1
2020-06-21 06:00:00,MH009,4.04,10.025842,1
2020-06-21 07:00:00,MH009,6.12,10.775479,1
2020-06-21 08:00:00,MH009,12.93,10.574594,1
2020-06-21 09:00:00,MH009,9.0,11.187928,1
2020-06-21 10:00:00,MH009,9.08,12.394513,1
2020-06-21 11:00:00,MH009,13.91,12.058919,1
2020-06-21 12:00:00,MH009,9.0,11.989083,1
2020-06-21 13:00:00,MH009,8.98,11.574754,1
2020-06-21 14:00:00,MH009,7.98,11.605859,1
2020-06-21 15:00:00,MH009,7.16,11.305379,1
2020-06-21 16:00:00,MH009,15.93,11.052102,1
2020-06-21 17:00:00,MH009,11.95,11.04009,1
2020-06-21 18:00:00,MH009,9.07,12.484048,1
2020-06-21 19:00:00,MH009,12.95,12.8956,1
2020-06-21 20:00:00,MH009,10.09,12.626771,1
2020-06-21 21:00:00,MH009,15.93,12.291444,1
2020-06-21 22:00:00,MH009,12.09,11.645654,1
2020-06-21 23:00:00,MH009,17.09,11.687997,1
2020-06-22 00:00:00,MH009,21.88,10.762406,1
2020-06-22 01:00:00,MH009,15.1,8.759053,1
2020-06-22 02:00:00,MH009,20.93,7.907029,1
2020-06-22 03:00:00,MH009,17.3,7.6602182,1
2020-06-22 04:00:00,MH009,33.55,8.164281,1
2020-06-22 05:00:00,MH009,4.25,9.068948,1
2020-06-22 06:00:00,MH009,18.04,11.486062,1
2020-06-22 07:00:00,MH009,19.93,10.544057,1
2020-06-22 08:00:00,MH009,16.27,11.788796,1
2020-06-22 09:00:00,MH009,28.96,15.2484045,1
2020-06-22 10:00:00,MH009,26.86,17.32941,1
2020-06-22 11:00:00,MH009,19.0,18.376188,1
2020-06-22 12:00:00,MH009,17.88,18.784937,1
2020-06-22 13:00:00,MH009,11.07,17.607067,1
2020-06-22 14:00:00,MH009,15.0,16.894836,1
2020-06-22 15:00:00,MH009,15.0,16.522495,1
2020-06-22 16:00:00,MH009,15.02,16.78493,1
2020-06-22 17:00:00,MH009,16.04,17.67404,1
2020-06-22 18:00:00,MH009,17.89,17.241568,1
2020-06-22 19:00:00,MH009,12.05,17.106497,1
2020-06-22 20:00:00,MH009,14.96,16.751564,1
2020-06-22 21:00:00,MH009,12.98,14.7963,1
2020-06-22 22:00:00,MH009,11.98,14.073411,1
2020-06-22 23:00:00,MH009,11.03,12.490506,1
2020-06-23 00:00:00,MH009,12.93,11.369626,1
2020-06-23 01:00:00,MH009,9.05,9.694196,1
2020-06-23 02:00:00,MH009,11.95,8.78658,1
2020-06-23 03:00:00,MH009,9.0,8.092755,1
2020-06-23 04:00:00,MH009,9.02,8.587045,1
2020-06-23 05:00:00,MH009,10.08,8.76909,1
2020-06-23 06:00:00,MH009,13.88,9.367234,1
2020-06-23 07:00:00,MH009,8.12,10.06923,1
2020-06-23 08:00:00,MH009,15.0,10.682672,1
2020-06-23 09:00:00,MH009,14.91,11.327928,1
2020-06-23 10:00:00,MH009,10.08,12.303166,1
2020-06-23 11:00:00,MH009,13.95,13.237927,1
2020-06-23 12:00:00,MH009,11.02,13.241067,1
2020-06-23 13:00:00,MH009,12.0,13.5094385,1
2020-06-23 14:00:00,MH009,11.96,13.893388,1
2020-06-23 15:00:00,MH009,9.95,14.133019,1
2020-06-23 16:00:00,MH009,6.95,14.417218,1
2020-06-23 17:00:00,MH009,4.06,14.190938,1
2020-06-23 18:00:00,MH009,7.0,13.493142,1
2020-06-23 19:00:00,MH009,6.98,12.555116,1
2020-06-23 20:00:00,MH009,6.05,11.771871,1
2020-06-23 21:00:00,MH009,9.03,11.037629,1
2020-06-23 22:00:00,MH009,10.93,9.880883,1
2020-06-23 23:00:00,MH009,7.0,9.094827,1
2020-06-24 00:00:00,MH009,7.0,8.40426,1
2020-06-24 01:00:00,MH009,6.98,6.967328,1
2020-06-24 02:00:00,MH009,6.22,6.3384943,1
2020-06-24 03:00:00,MH009,18.92,6.0308695,1
2020-06-24 04:00:00,MH009,14.96,6.079156,1
2020-06-24 05:00:00,MH009,12.05,8.081109,1
2020-06-24 06:00:00,MH009,15.05,9.532216,1
2020-06-24 07:00:00,MH009,17.89,9.680806,1
2020-06-24 08:00:00,MH009,12.05,10.452279,1
2020-06-24 09:00:00,MH009,14.91,11.835309,1
2020-06-24 10:00:00,MH009,9.98,12.206635,1
2020-06-24 11:00:00,MH009,9.02,12.820802,1
2020-06-24 12:00:00,MH009,9.95,12.516538,1
2020-06-24 13:00:00,MH009,7.09,12.774938,1
2020-06-24 14:00:00,MH009,12.02,13.224786,1
2020-06-24 15:00:00,MH009,12.92,13.502671,1
2020-06-24 16:00:00,MH009,7.93,13.963872,1
2020-06-24 17:00:00,MH009,4.04,14.304107,1
2020-06-24 18:00:00,MH009,6.07,13.863774,1
2020-06-24 19:00:00,MH009,9.95,12.957765,1
2020-06-24 20:00:00,MH009,6.98,12.512826,1
2020-06-24 21:00:00,MH009,6.06,12.223802,1
2020-06-24 22:00:00,MH009,8.95,11.294316,1
2020-06-24 23:00:00,MH009,6.09,9.922082,1
2020-06-25 00:00:00,MH009,10.95,9.410108,1
2020-06-25 01:00:00,MH009,8.11,7.6980143,1
2020-06-25 02:00:00,MH009,12.94,5.937825,1
2020-06-25 03:00:00,MH009,9.96,5.9980745,1
2020-06-25 04:00:00,MH009,8.02,7.5198145,1
2020-06-25 05:00:00,MH009,9.0,8.090463,1
2020-06-25 06:00:00,MH009,9.0,8.983865,1
2020-06-25 07:00:00,MH009,9.12,10.117608,1
2020-06-25 08:00:00,MH009,15.95,11.936719,1
2020-06-25 09:00:00,MH009,13.09,11.957864,1
2020-06-25 10:00:00,MH009,18.0,13.512979,1
2020-06-25 11:00:00,MH009,18.07,13.786233,1
2020-06-25 12:00:00,MH009,22.08,13.667829,1
2020-06-25 13:00:00,MH009,27.0,13.741788,1
2020-06-25 14:00:00,MH009,26.98,14.177423,1
2020-06-25 15:00:00,MH009,26.43,15.660848,1
2020-06-25 16:00:00,MH009,49.55,16.574675,1
2020-06-25 17:00:00,MH009,24.86,16.731068,1
2020-06-25 18:00:00,MH009,17.04,20.332424,1
2020-06-25 19:00:00,MH009,19.0,20.349314,1
2020-06-25 20:00:00,MH009,18.94,19.655018,1
2020-06-25 21:00:00,MH009,16.02,20.20217,1
2020-06-25 22:00:00,MH009,16.93,19.954798,1
2020-06-25 23:00:00,MH009,13.04,17.917982,1
2020-06-26 00:00:00,MH009,15.0,16.78335,1
2020-06-26 01:00:00,MH009,14.83,14.666472,1
2020-06-26 02:00:00,MH009,7.05,14.358621,1
2020-06-26 03:00:00,MH009,10.18,13.3621645,1
2020-06-26 04:00:00,MH009,19.88,12.462102,1
2020-06-26 05:00:00,MH009,12.95,13.855477,1
2020-06-26 06:00:00,MH009,9.98,15.802533,1
2020-06-26 07:00:00,MH009,9.25,16.785788,1
2020-06-26 08:00:00,MH009,21.02,16.058992,1
2020-06-26 09:00:00,MH009,22.09,15.101281,1
2020-06-26 10:00:00,MH009,27.2,18.122581,1
2020-06-26 11:00:00,MH009,38.07,22.925045,1
2020-06-26 12:00:00,MH009,41.64,23.705055,1
2020-06-26 13:00:00,MH009,22.11,24.036953,1
2020-06-26 14:00:00,MH009,26.75,25.043514,1
2020-06-26 15:00:00,MH009,13.32,22.376198,1
2020-06-26 16:00:00,MH009,30.79,21.722853,1
2020-06-26 17:00:00,MH009,21.25,20.681988,1
2020-06-26 18:00:00,MH009,80.05,23.3563,1
2020-06-26 19:00:00,MH009,81.86,23.88672,1
2020-06-26 20:00:00,MH009,18.89,34.71649,1
2020-06-26 21:00:00,MH009,14.07,42.184444,1
2020-06-26 22:00:00,MH009,18.05,32.35385,1
2020-06-26 23:00:00,MH009,20.95,26.406385,1
2020-06-27 00:00:00,MH009,18.12,25.031832,1
2020-06-27 01:00:00,MH009,24.92,22.537233,1
2020-06-27 02:00:00,MH009,20.86,22.001944,1
2020-06-27 03:00:00,MH009,13.98,22.487679,1
2020-06-27 04:00:00,MH009,13.38,19.579004,1
2020-06-27 05:00:00,MH009,30.79,16.018518,1
2020-06-27 06:00:00,MH009,21.17,16.486355,1
2020-06-27 07:00:00,MH009,28.71,20.911913,1
2020-06-27 08:00:00,MH009,15.18,21.037464,1
2020-06-27 09:00:00,MH009,25.46,23.252005,1
2020-06-27 10:00:00,MH009,46.95,22.661957,1
2020-06-27 11:00:00,MH009,43.75,23.453554,1
2020-06-27 12:00:00,MH009,32.5,26.013645,1
2020-06-27 13:00:00,MH009,45.78,27.43474,1
2020-06-27 14:00:00,MH009,34.3,26.41442,1
2020-06-27 15:00:00,MH009,50.82,26.917307,1
2020-06-27 16:00:00,MH009,41.0,25.920769,1
2020-06-27 17:00:00,MH009,40.75,28.843164,1
2020-06-27 18:00:00,MH009,28.81,31.0944,1
2020-06-27 19:00:00,MH009,20.05,32.670757,1
2020-06-27 20:00:00,MH009,22.93,35.36047,1
2020-06-27 21:00:00,MH009,18.93,34.261784,1
2020-06-27 22:00:00,MH009,15.04,32.126713,1
2020-06-27 23:00:00,MH009,17.0,24.779825,1
2020-06-28 00:00:00,MH009,16.86,21.228094,1
2020-06-28 01:00:00,MH009,9.06,19.56283,1
2020-06-28 02:00:00,MH009,11.92,18.130991,1
2020-06-28 03:00:00,MH009,8.08,14.666915,1
2020-06-28 04:00:00,MH009,12.04,14.245931,1
2020-06-28 05:00:00,MH009,13.96,14.882188,1
2020-06-28 06:00:00,MH009,12.29,16.984802,1
2020-06-28 07:00:00,MH009,27.73,18.97447,1
2020-06-28 08:00:00,MH009,12.95,19.092993,1
2020-06-28 09:00:00,MH009,10.16,21.797297,1
2020-06-28 10:00:00,MH009,19.43,20.195213,1
2020-06-28 11:00:00,MH009,41.14,18.896738,1
2020-06-28 12:00:00,MH009,48.0,19.355915,1
2020-06-28 13:00:00,MH009,64.19,23.42508,1
2020-06-28 14:00:00,MH009,26.25,25.170914,1
2020-06-28 15:00:00,MH009,41.09,28.631077,1
2020-06-28 16:00:00,MH009,45.56,25.55716,1
2020-06-28 17:00:00,MH009,25.0,25.913475,1
2020-06-28 18:00:00,MH009,24.67,27.627834,1
2020-06-28 19:00:00,MH009,9.14,25.925346,1
2020-06-28 20:00:00,MH009,16.87,25.814219,1
2020-06-28 21:00:00,MH009,9.04,22.874605,1
2020-06-28 22:00:00,MH009,11.06,20.767838,1
2020-06-28 23:00:00,MH009,14.0,17.896313,1
2020-06-29 00:00:00,MH009,14.15,14.345586,1
2020-06-29 01:00:00,MH009,22.77,14.127198,1
2020-06-29 02:00:00,MH009,12.17,13.224523,1
2020-06-29 03:00:00,MH009,21.84,12.414876,1
2020-06-29 04:00:00,MH009,12.9,12.277158,1
2020-06-29 05:00:00,MH009,8.04,13.738366,1
2020-06-29 06:00:00,MH009,9.97,13.923852,1
2020-06-29 07:00:00,MH009,7.95,13.840135,1
2020-06-29 08:00:00,MH009,5.04,13.976014,1
2020-06-29 09:00:00,MH009,7.18,15.659265,1
2020-06-29 10:00:00,MH009,18.38,15.310109,1
2020-06-29 11:00:00,MH009,33.64,15.923923,1
2020-06-29 12:00:00,MH009,14.38,17.55474,1
2020-06-29 13:00:00,MH009,34.64,20.68138,1
2020-06-29 14:00:00,MH009,18.21,19.493359,1
2020-06-29 15:00:00,MH009,29.59,20.650965,1
2020-06-29 16:00:00,MH009,13.05,19.897259,1
2020-06-29 17:00:00,MH009,15.85,20.669949,1
2020-06-29 18:00:00,MH009,8.98,19.49238,1
2020-06-29 19:00:00,MH009,7.98,18.306076,1
2020-06-29 20:00:00,MH009,7.08,17.795431,1
2020-06-29 21:00:00,MH009,11.04,17.658545,1
2020-06-29 22:00:00,MH009,12.89,14.788421,1
2020-06-29 23:00:00,MH009,7.91,14.514861,1
2020-06-30 00:00:00,MH009,2.94,12.517083,1
2020-06-30 01:00:00,MH009,2.94,10.538968,1
2020-06-30 02:00:00,MH009,2.94,8.645963,1
2020-06-30 03:00:00,MH009,2.94,7.7222605,1
2020-06-30 05:00:00,MH009,0.14,8.73784,1
2020-05-04 03:00:00,MH010,7.25,10.42917,1
2020-05-04 04:00:00,MH010,5.17,12.209554,1
2020-05-04 05:00:00,MH010,5.0,13.009736,1
2020-05-04 06:00:00,MH010,5.92,13.638242,1
2020-05-04 07:00:00,MH010,10.0,13.726792,1
2020-05-04 08:00:00,MH010,7.26,14.52267,1
2020-05-04 09:00:00,MH010,7.92,14.118211,1
2020-05-04 10:00:00,MH010,13.48,13.564382,1
2020-05-04 11:00:00,MH010,11.26,12.640668,1
2020-05-04 12:00:00,MH010,14.67,13.253751,1
2020-05-04 13:00:00,MH010,11.33,13.973599,1
2020-05-04 14:00:00,MH010,14.0,14.771184,1
2020-05-04 15:00:00,MH010,10.0,15.145865,1
2020-05-04 16:00:00,MH010,16.42,15.856832,1
2020-05-04 17:00:00,MH010,12.43,16.037476,1
2020-05-04 18:00:00,MH010,11.09,16.917149,1
2020-05-04 19:00:00,MH010,11.66,16.85768,1
2020-05-04 20:00:00,MH010,13.66,15.693772,1
2020-05-04 21:00:00,MH010,9.0,14.794116,1
2020-05-04 22:00:00,MH010,7.08,14.517341,1
2020-05-04 23:00:00,MH010,7.0,13.003114,1
2020-05-05 00:00:00,MH010,14.31,11.702283,1
2020-05-05 01:00:00,MH010,12.26,11.406602,1
2020-05-05 02:00:00,MH010,12.26,11.574655,1
2020-05-05 03:00:00,MH010,6.0,11.311883,1
2020-05-05 04:00:00,MH010,3.25,12.073335,1
2020-05-05 05:00:00,MH010,3.92,11.694509,1
2020-05-05 06:00:00,MH010,9.5,12.476338,1
2020-05-05 07:00:00,MH010,10.91,14.073419,1
2020-05-05 08:00:00,MH010,15.0,17.236765,1
2020-05-05 09:00:00,MH010,14.09,17.489529,1
2020-05-05 10:00:00,MH010,13.08,17.298214,1
2020-05-05 11:00:00,MH010,9.33,15.882171,1
2020-05-05 12:00:00,MH010,9.0,14.865596,1
2020-05-05 13:00:00,MH010,9.0,14.420636,1
2020-05-05 14:00:00,MH010,10.83,14.447368,1
2020-05-05 15:00:00,MH010,7.33,14.650222,1
2020-05-05 16:00:00,MH010,7.0,15.249072,1
2020-05-05 17:00:00,MH010,7.92,15.401992,1
2020-05-05 18:00:00,MH010,9.83,15.329541,1
2020-05-05 19:00:00,MH010,10.91,14.827079,1
2020-05-05 20:00:00,MH010,14.0,14.1403055,1
2020-05-05 21:00:00,MH010,14.0,13.445226,1
2020-05-05 22:00:00,MH010,14.0,13.34961,1
2020-05-05 23:00:00,MH010,15.0,13.071809,1
2020-05-06 00:00:00,MH010,14.09,12.707818,1
2020-05-06 01:00:00,MH010,9.43,12.701386,1
2020-05-06 02:00:00,MH010,6.26,13.50689,1
2020-05-06 03:00:00,MH010,8.74,13.287808,1
2020-05-06 04:00:00,MH010,5.34,13.149819,1
2020-05-06 05:00:00,MH010,1.34,13.672967,1
2020-05-06 06:00:00,MH010,2.83,13.456838,1
2020-05-06 07:00:00,MH010,3.92,12.805478,1
2020-05-06 08:00:00,MH010,3.08,13.128518,1
2020-05-06 09:00:00,MH010,9.42,13.667481,1
2020-05-06 10:00:00,MH010,9.42,13.672231,1
2020-05-06 11:00:00,MH010,14.83,14.339137,1
2020-05-06 12:00:00,MH010,15.0,13.835771,1
2020-05-06 13:00:00,MH010,15.91,14.071481,1
2020-05-06 14:00:00,MH010,7.75,14.380551,1
2020-05-06 15:00:00,MH010,10.31,15.140559,1
2020-05-06 16:00:00,MH010,13.0,14.789584,1
2020-05-06 17:00:00,MH010,9.42,15.064355,1
2020-05-06 18:00:00,MH010,15.4,15.3236,1
2020-05-06 19:00:00,MH010,11.43,15.08068,1
2020-05-06 20:00:00,MH010,15.58,15.339265,1
2020-05-06 21:00:00,MH010,18.75,14.612123,1
2020-05-06 22:00:00,MH010,14.42,14.10101,1
2020-05-06 23:00:00,MH010,18.57,14.038636,1
2020-05-07 00:00:00,MH010,7.0,13.055821,1
2020-05-07 01:00:00,MH010,7.0,13.620755,1
2020-05-07 02:00:00,MH010,7.0,12.110761,1
2020-05-07 03:00:00,MH010,5.17,11.407365,1
2020-05-07 04:00:00,MH010,5.0,12.803559,1
2020-05-07 05:00:00,MH010,6.83,13.85032,1
2020-05-07 06:00:00,MH010,8.83,14.647,1
2020-05-07 07:00:00,MH010,6.25,15.408973,1
2020-05-07 08:00:00,MH010,4.17,15.808747,1
2020-05-07 09:00:00,MH010,7.67,15.830174,1
2020-05-07 10:00:00,MH010,7.67,15.217761,1
2020-05-07 11:00:00,MH010,18.0,15.04366,1
2020-05-07 12:00:00,MH010,17.34,14.534621,1
2020-05-07 13:00:00,MH010,15.17,15.224837,1
2020-05-07 14:00:00,MH010,11.0,15.187667,1
2020-05-07 15:00:00,MH010,8.0,14.987254,1
2020-05-07 16:00:00,MH010,8.0,14.735265,1
2020-05-07 17:00:00,MH010,6.17,14.782062,1
2020-05-07 18:00:00,MH010,12.0,14.685346,1
2020-05-07 19:00:00,MH010,12.0,14.42171,1
2020-05-07 20:00:00,MH010,12.0,14.426055,1
2020-05-07 21:00:00,MH010,12.91,13.72609,1
2020-05-07 22:00:00,MH010,13.83,12.764199,1
2020-05-07 23:00:00,MH010,13.17,12.602723,1
2020-05-08 00:00:00,MH010,15.48,12.874932,1
2020-05-08 01:00:00,MH010,10.52,12.779023,1
2020-05-08 02:00:00,MH010,16.4,12.63519,1
2020-05-08 03:00:00,MH010,11.52,11.861981,1
2020-05-08 04:00:00,MH010,11.91,14.050744,1
2020-05-08 05:00:00,MH010,10.17,14.9135065,1
2020-05-08 06:00:00,MH010,10.0,16.120173,1
2020-05-08 07:00:00,MH010,11.83,17.813538,1
2020-05-08 08:00:00,MH010,10.17,17.70143,1
2020-05-08 09:00:00,MH010,10.0,19.41075,1
2020-05-08 10:00:00,MH010,14.0,18.70662,1
2020-05-08 11:00:00,MH010,17.67,17.426105,1
2020-05-08 12:00:00,MH010,15.52,16.609009,1
2020-05-08 13:00:00,MH010,17.73,16.3245,1
2020-05-08 14:00:00,MH010,11.58,15.369739,1
2020-05-08 15:00:00,MH010,10.17,15.586581,1
2020-05-08 16:00:00,MH010,11.66,15.186715,1
2020-05-08 17:00:00,MH010,14.0,15.274539,1
2020-05-08 18:00:00,MH010,11.35,15.942599,1
2020-05-08 19:00:00,MH010,11.0,16.310946,1
2020-05-08 20:00:00,MH010,12.83,15.745973,1
2020-05-08 21:00:00,MH010,12.08,14.922338,1
2020-05-08 22:00:00,MH010,12.91,14.468585,1
2020-05-08 23:00:00,MH010,10.0,13.946401,1
2020-05-09 00:00:00,MH010,11.0,13.701135,1
2020-05-09 01:00:00,MH010,8.0,13.68403,1
2020-05-09 02:00:00,MH010,6.17,13.288125,1
2020-05-09 03:00:00,MH010,7.65,12.749154,1
2020-05-09 04:00:00,MH010,7.08,12.743058,1
2020-05-09 05:00:00,MH010,4.26,15.318589,1
2020-05-09 06:00:00,MH010,4.0,16.555315,1
2020-05-09 07:00:00,MH010,7.66,16.571505,1
2020-05-09 08:00:00,MH010,8.91,17.231415,1
2020-05-09 09:00:00,MH010,13.57,18.319067,1
2020-05-09 10:00:00,MH010,13.09,17.550537,1
2020-05-09 11:00:00,MH010,19.42,17.276316,1
2020-05-09 12:00:00,MH010,15.43,16.167904,1
2020-05-09 13:00:00,MH010,16.83,15.8614855,1
2020-05-09 14:00:00,MH010,15.17,14.5896635,1
2020-05-09 15:00:00,MH010,16.83,14.691039,1
2020-05-09 16:00:00,MH010,12.86,14.913199,1
2020-05-09 17:00:00,MH010,10.17,15.806512,1
2020-05-09 18:00:00,MH010,7.26,16.335983,1
2020-05-09 19:00:00,MH010,13.42,16.411999,1
2020-05-09 20:00:00,MH010,20.4,15.632499,1
2020-05-09 21:00:00,MH010,21.0,15.553208,1
2020-05-09 22:00:00,MH010,14.58,16.075674,1
2020-05-09 23:00:00,MH010,18.57,16.508007,1
2020-05-10 00:00:00,MH010,16.26,15.076272,1
2020-05-10 01:00:00,MH010,9.58,15.248712,1
2020-05-10 02:00:00,MH010,7.17,15.805226,1
2020-05-10 03:00:00,MH010,6.08,14.891665,1
2020-05-10 04:00:00,MH010,7.83,14.60242,1
2020-05-10 05:00:00,MH010,7.09,15.0312395,1
2020-05-10 06:00:00,MH010,13.4,15.789029,1
2020-05-10 07:00:00,MH010,10.35,16.319752,1
2020-05-10 08:00:00,MH010,11.0,17.194433,1
2020-05-10 09:00:00,MH010,9.17,17.612354,1
2020-05-10 10:00:00,MH010,12.67,16.32813,1
2020-05-10 11:00:00,MH010,13.92,15.325627,1
2020-05-10 12:00:00,MH010,16.74,14.844865,1
2020-05-10 13:00:00,MH010,17.0,14.548423,1
2020-05-10 14:00:00,MH010,7.86,14.5101385,1
2020-05-10 15:00:00,MH010,10.65,14.797662,1
2020-05-10 16:00:00,MH010,10.09,14.439122,1
2020-05-10 17:00:00,MH010,13.0,14.929517,1
2020-05-10 18:00:00,MH010,15.74,15.142133,1
2020-05-10 19:00:00,MH010,7.78,15.527432,1
2020-05-10 20:00:00,MH010,11.57,15.7405,1
2020-05-10 21:00:00,MH010,17.0,14.983195,1
2020-05-10 22:00:00,MH010,14.26,14.780793,1
2020-05-10 23:00:00,MH010,12.0,15.7102785,1
2020-05-11 00:00:00,MH010,14.65,14.994473,1
2020-05-11 01:00:00,MH010,16.83,15.981755,1
2020-05-11 02:00:00,MH010,17.0,15.808734,1
2020-05-11 03:00:00,MH010,8.78,15.675696,1
2020-05-11 04:00:00,MH010,8.0,16.186384,1
2020-05-11 05:00:00,MH010,13.48,14.513993,1
2020-05-11 06:00:00,MH010,10.35,15.421386,1
2020-05-11 07:00:00,MH010,15.5,16.038485,1
2020-05-11 08:00:00,MH010,18.67,17.7731,1
2020-05-11 09:00:00,MH010,19.08,20.14546,1
2020-05-11 10:00:00,MH010,21.74,19.39509,1
2020-05-11 11:00:00,MH010,21.08,18.782118,1
2020-05-11 12:00:00,MH010,21.91,17.633745,1
2020-05-11 13:00:00,MH010,17.42,17.075253,1
2020-05-11 14:00:00,MH010,16.09,17.380655,1
2020-05-11 15:00:00,MH010,16.92,17.660004,1
2020-05-11 16:00:00,MH010,15.17,17.801935,1
2020-05-11 17:00:00,MH010,13.17,17.84622,1
2020-05-11 18:00:00,MH010,12.09,17.687006,1
2020-05-11 19:00:00,MH010,17.5,16.664701,1
2020-05-11 20:00:00,MH010,15.25,15.818328,1
2020-05-11 21:00:00,MH010,15.91,15.422786,1
2020-05-11 22:00:00,MH010,16.0,14.7322035,1
2020-05-11 23:00:00,MH010,9.6,14.275846,1
2020-05-12 00:00:00,MH010,9.91,15.475129,1
2020-05-12 01:00:00,MH010,10.0,14.8903,1
2020-05-12 02:00:00,MH010,12.75,14.685668,1
2020-05-12 03:00:00,MH010,8.4,15.185185,1
2020-05-12 04:00:00,MH010,6.17,15.783383,1
2020-05-12 05:00:00,MH010,6.0,14.946313,1
2020-05-12 06:00:00,MH010,6.92,15.087985,1
2020-05-12 07:00:00,MH010,7.92,15.281222,1
2020-05-12 08:00:00,MH010,17.14,15.733623,1
2020-05-12 09:00:00,MH010,8.83,16.287985,1
2020-05-12 10:00:00,MH010,8.0,18.484571,1
2020-05-12 11:00:00,MH010,14.42,16.656952,1
2020-05-12 12:00:00,MH010,20.48,15.322001,1
2020-05-12 13:00:00,MH010,13.79,15.52312,1
2020-05-12 14:00:00,MH010,11.17,16.238401,1
2020-05-12 15:00:00,MH010,13.75,15.910979,1
2020-05-12 16:00:00,MH010,13.08,15.915563,1
2020-05-12 17:00:00,MH010,11.17,15.932235,1
2020-05-12 18:00:00,MH010,11.0,16.00494,1
2020-05-12 19:00:00,MH010,19.23,15.56327,1
2020-05-12 20:00:00,MH010,17.26,15.123258,1
2020-05-12 21:00:00,MH010,11.52,15.442245,1
2020-05-12 22:00:00,MH010,15.57,14.815255,1
2020-05-12 23:00:00,MH010,12.35,13.361264,1
2020-05-13 00:00:00,MH010,12.92,13.134797,1
2020-05-13 01:00:00,MH010,9.33,12.594987,1
2020-05-13 02:00:00,MH010,7.17,11.951291,1
2020-05-13 03:00:00,MH010,12.48,13.389871,1
2020-05-13 04:00:00,MH010,11.17,13.585473,1
2020-05-13 05:00:00,MH010,8.26,15.15488,1
2020-05-13 06:00:00,MH010,6.17,16.207525,1
2020-05-13 07:00:00,MH010,11.48,15.628728,1
2020-05-13 08:00:00,MH010,13.83,15.335519,1
2020-05-13 09:00:00,MH010,14.91,17.468294,1
2020-05-13 10:00:00,MH010,14.09,19.087086,1
2020-05-13 11:00:00,MH010,16.74,19.167282,1
2020-05-13 12:00:00,MH010,17.91,17.251076,1
2020-05-13 13:00:00,MH010,14.35,16.450165,1
2020-05-13 14:00:00,MH010,13.09,16.600576,1
2020-05-13 15:00:00,MH010,11.17,16.766283,1
2020-05-13 16:00:00,MH010,9.17,16.764963,1
2020-05-13 17:00:00,MH010,7.17,16.359472,1
2020-05-13 18:00:00,MH010,8.83,15.878711,1
2020-05-13 19:00:00,MH010,11.75,15.201926,1
2020-05-13 20:00:00,MH010,15.65,14.589736,1
2020-05-13 21:00:00,MH010,14.17,13.670529,1
2020-05-13 22:00:00,MH010,17.67,13.324441,1
2020-05-13 23:00:00,MH010,18.91,12.757302,1
2020-05-14 00:00:00,MH010,9.83,12.940164,1
2020-05-14 01:00:00,MH010,7.17,12.933705,1
2020-05-14 02:00:00,MH010,11.0,13.316342,1
2020-05-14 03:00:00,MH010,10.0,13.089639,1
2020-05-14 04:00:00,MH010,9.09,14.466489,1
2020-05-14 05:00:00,MH010,10.83,15.349025,1
2020-05-14 06:00:00,MH010,11.0,16.717936,1
2020-05-14 07:00:00,MH010,10.08,17.542465,1
2020-05-14 08:00:00,MH010,12.74,18.387466,1
2020-05-14 09:00:00,MH010,17.57,17.22757,1
2020-05-14 10:00:00,MH010,12.5,16.870714,1
2020-05-14 11:00:00,MH010,17.48,16.521576,1
2020-05-14 12:00:00,MH010,19.83,15.080726,1
2020-05-14 13:00:00,MH010,13.58,14.611339,1
2020-05-14 14:00:00,MH010,9.35,15.177733,1
2020-05-14 15:00:00,MH010,16.0,15.355191,1
2020-05-14 16:00:00,MH010,9.0,15.362338,1
2020-05-14 17:00:00,MH010,15.42,16.056112,1
2020-05-14 18:00:00,MH010,15.17,15.571151,1
2020-05-14 19:00:00,MH010,13.17,15.883561,1
2020-05-14 20:00:00,MH010,16.66,15.717078,1
2020-05-14 21:00:00,MH010,22.5,14.851089,1
2020-05-14 22:00:00,MH010,23.0,14.721454,1
2020-05-14 23:00:00,MH010,19.34,15.773555,1
2020-05-15 00:00:00,MH010,17.17,15.967717,1
2020-05-15 01:00:00,MH010,10.6,15.998815,1
2020-05-15 02:00:00,MH010,21.0,15.378663,1
2020-05-15 03:00:00,MH010,12.0,14.058465,1
2020-05-15 04:00:00,MH010,8.33,15.445527,1
2020-05-15 05:00:00,MH010,6.17,15.31284,1
2020-05-15 06:00:00,MH010,10.57,14.7317915,1
2020-05-15 07:00:00,MH010,20.18,16.024101,1
2020-05-15 08:00:00,MH010,10.0,17.412144,1
2020-05-15 09:00:00,MH010,11.97,19.919634,1
2020-05-15 10:00:00,MH010,25.0,18.34813,1
2020-05-15 11:00:00,MH010,22.26,16.999975,1
2020-05-15 12:00:00,MH010,15.6,17.41657,1
2020-05-15 13:00:00,MH010,15.0,16.846127,1
2020-05-15 14:00:00,MH010,9.52,16.145683,1
2020-05-15 15:00:00,MH010,13.55,15.747893,1
2020-05-15 16:00:00,MH010,16.46,14.778216,1
2020-05-15 17:00:00,MH010,11.52,16.299984,1
2020-05-15 18:00:00,MH010,17.62,17.294353,1
2020-05-15 19:00:00,MH010,23.96,16.84063,1
2020-05-15 20:00:00,MH010,16.77,16.401865,1
2020-05-15 21:00:00,MH010,18.74,16.521854,1
2020-05-15 22:00:00,MH010,19.91,16.010925,1
2020-05-15 23:00:00,MH010,34.62,16.723063,1
2020-05-16 00:00:00,MH010,27.8,17.80334,1
2020-05-16 01:00:00,MH010,12.42,19.912699,1
2020-05-16 02:00:00,MH010,5.53,19.627054,1
2020-05-16 03:00:00,MH010,5.0,16.958426,1
2020-05-16 04:00:00,MH010,4.08,14.778319,1
2020-05-16 05:00:00,MH010,6.74,14.024453,1
2020-05-16 06:00:00,MH010,6.08,16.407665,1
2020-05-16 07:00:00,MH010,16.93,18.579533,1
2020-05-16 08:00:00,MH010,7.03,18.375862,1
2020-05-16 09:00:00,MH010,15.0,20.257288,1
2020-05-16 10:00:00,MH010,20.48,18.770802,1
2020-05-16 11:00:00,MH010,25.57,18.781416,1
2020-05-16 12:00:00,MH010,33.29,19.188898,1
2020-05-16 13:00:00,MH010,42.2,19.446375,1
2020-05-16 14:00:00,MH010,51.23,21.335243,1
2020-05-16 15:00:00,MH010,50.18,25.179192,1
2020-05-16 16:00:00,MH010,40.89,28.674147,1
2020-05-16 17:00:00,MH010,40.0,31.24794,1
2020-05-16 18:00:00,MH010,47.31,32.1163,1
2020-05-16 19:00:00,MH010,40.71,33.685467,1
2020-05-16 20:00:00,MH010,47.29,35.87961,1
2020-05-16 21:00:00,MH010,39.8,35.26588,1
2020-05-16 22:00:00,MH010,40.82,36.297115,1
2020-05-16 23:00:00,MH010,33.69,34.131924,1
2020-05-17 00:00:00,MH010,32.09,33.892216,1
2020-05-17 01:00:00,MH010,32.91,30.59303,1
2020-05-17 02:00:00,MH010,33.0,29.407562,1
2020-05-17 03:00:00,MH010,37.57,28.935574,1
2020-05-17 04:00:00,MH010,38.91,28.97851,1
2020-05-17 05:00:00,MH010,33.53,32.271214,1
2020-05-17 06:00:00,MH010,38.48,36.31916,1
2020-05-17 07:00:00,MH010,34.45,36.616776,1
2020-05-17 08:00:00,MH010,35.83,38.243637,1
2020-05-17 09:00:00,MH010,32.36,34.368664,1
2020-05-17 10:00:00,MH010,38.42,32.18084,1
2020-05-17 11:00:00,MH010,35.36,31.038286,1
2020-05-17 12:00:00,MH010,32.26,30.949594,1
2020-05-17 13:00:00,MH010,31.09,28.856588,1
2020-05-17 14:00:00,MH010,30.09,27.280119,1
2020-05-17 15:00:00,MH010,21.8,25.970226,1
2020-05-17 16:00:00,MH010,27.4,26.287302,1
2020-05-17 17:00:00,MH010,27.09,24.914446,1
2020-05-17 18:00:00,MH010,27.91,24.827282,1
2020-05-17 19:00:00,MH010,28.0,25.111534,1
2020-05-17 20:00:00,MH010,30.74,25.392645,1
2020-05-17 21:00:00,MH010,28.26,24.89649,1
2020-05-17 22:00:00,MH010,24.36,25.466372,1
2020-05-17 23:00:00,MH010,21.26,24.45999,1
2020-05-18 00:00:00,MH010,21.91,23.868513,1
2020-05-18 01:00:00,MH010,20.69,21.412771,1
2020-05-18 02:00:00,MH010,20.69,19.97583,1
2020-05-18 03:00:00,MH010,22.17,18.8248,1
2020-05-18 04:00:00,MH010,21.09,18.683561,1
2020-05-18 05:00:00,MH010,21.91,18.917336,1
2020-05-18 06:00:00,MH010,17.43,18.39974,1
2020-05-18 07:00:00,MH010,17.91,18.688063,1
2020-05-18 08:00:00,MH010,18.0,19.173956,1
2020-05-18 09:00:00,MH010,21.64,20.121988,1
2020-05-18 10:00:00,MH010,24.74,20.690647,1
2020-05-18 11:00:00,MH010,20.45,20.964075,1
2020-05-18 12:00:00,MH010,20.91,22.068617,1
2020-05-18 13:00:00,MH010,22.82,22.240753,1
2020-05-18 14:00:00,MH010,20.27,22.058105,1
2020-05-18 15:00:00,MH010,19.09,21.56175,1
2020-05-18 16:00:00,MH010,18.09,21.023787,1
2020-05-18 17:00:00,MH010,19.82,20.421345,1
2020-05-18 18:00:00,MH010,20.91,20.78744,1
2020-05-18 19:00:00,MH010,21.91,21.168818,1
2020-05-18 20:00:00,MH010,17.45,21.62176,1
2020-05-18 21:00:00,MH010,18.82,21.785378,1
2020-05-18 22:00:00,MH010,17.07,20.55433,1
2020-05-18 23:00:00,MH010,10.0,19.101536,1
2020-05-19 00:00:00,MH010,10.91,17.708477,1
2020-05-19 01:00:00,MH010,11.91,14.785829,1
2020-05-19 02:00:00,MH010,12.0,13.198716,1
2020-05-19 03:00:00,MH010,14.46,12.599233,1
2020-05-19 04:00:00,MH010,14.09,12.132684,1
2020-05-19 05:00:00,MH010,14.0,12.777417,1
2020-05-19 06:00:00,MH010,14.0,13.693528,1
2020-05-19 07:00:00,MH010,11.26,14.876296,1
2020-05-19 08:00:00,MH010,20.14,15.872148,1
2020-05-19 09:00:00,MH010,12.78,16.059528,1
2020-05-19 10:00:00,MH010,18.38,17.27244,1
2020-05-19 11:00:00,MH010,12.6,16.899284,1
2020-05-19 12:00:00,MH010,12.91,17.614182,1
2020-05-19 13:00:00,MH010,12.09,17.353468,1
2020-05-19 14:00:00,MH010,12.0,17.251745,1
2020-05-19 15:00:00,MH010,9.54,16.973501,1
2020-05-19 16:00:00,MH010,10.83,17.380032,1
2020-05-19 17:00:00,MH010,9.17,17.197264,1
2020-05-19 18:00:00,MH010,11.75,17.41243,1
2020-05-19 19:00:00,MH010,12.91,17.193478,1
2020-05-19 20:00:00,MH010,15.74,17.257362,1
2020-05-19 21:00:00,MH010,16.91,17.006092,1
2020-05-19 22:00:00,MH010,14.26,16.822086,1
2020-05-19 23:00:00,MH010,14.91,16.610563,1
2020-05-20 00:00:00,MH010,17.73,15.288486,1
2020-05-20 01:00:00,MH010,11.6,14.246381,1
2020-05-20 02:00:00,MH010,8.26,13.942853,1
2020-05-20 03:00:00,MH010,6.17,12.8566065,1
2020-05-20 04:00:00,MH010,7.82,11.899194,1
2020-05-20 05:00:00,MH010,6.18,11.5608835,1
2020-05-20 06:00:00,MH010,5.36,12.019441,1
2020-05-20 07:00:00,MH010,8.2,12.869172,1
2020-05-20 08:00:00,MH010,8.2,13.678521,1
2020-05-20 09:00:00,MH010,9.0,14.241731,1
2020-05-20 10:00:00,MH010,10.82,14.451425,1
2020-05-20 11:00:00,MH010,16.47,14.065988,1
2020-05-20 12:00:00,MH010,14.27,14.383317,1
2020-05-20 13:00:00,MH010,13.18,14.9553,1
2020-05-20 14:00:00,MH010,10.27,15.296149,1
2020-05-20 15:00:00,MH010,8.17,16.223532,1
2020-05-20 16:00:00,MH010,8.91,15.715657,1
2020-05-20 17:00:00,MH010,11.73,14.795093,1
2020-05-20 18:00:00,MH010,7.43,15.109765,1
2020-05-20 19:00:00,MH010,13.4,15.782098,1
2020-05-20 20:00:00,MH010,11.27,15.358939,1
2020-05-20 21:00:00,MH010,16.48,15.400998,1
2020-05-20 22:00:00,MH010,10.6,14.768252,1
2020-05-20 23:00:00,MH010,12.73,14.934268,1
2020-05-21 00:00:00,MH010,18.9,13.802304,1
2020-05-21 01:00:00,MH010,8.0,13.285981,1
2020-05-21 02:00:00,MH010,8.0,13.437245,1
2020-05-21 03:00:00,MH010,6.0,11.966069,1
2020-05-21 04:00:00,MH010,6.0,11.37021,1
2020-05-21 05:00:00,MH010,7.73,11.904645,1
2020-05-21 06:00:00,MH010,5.26,12.774785,1
2020-05-21 07:00:00,MH010,7.73,14.446994,1
2020-05-21 08:00:00,MH010,9.82,15.19576,1
2020-05-21 09:00:00,MH010,6.36,15.527299,1
2020-05-21 10:00:00,MH010,6.0,16.07234,1
2020-05-21 11:00:00,MH010,6.92,15.201261,1
2020-05-21 12:00:00,MH010,8.66,14.390613,1
2020-05-21 13:00:00,MH010,8.09,14.361135,1
2020-05-21 14:00:00,MH010,8.0,14.678081,1
2020-05-21 15:00:00,MH010,7.09,15.239274,1
2020-05-21 16:00:00,MH010,8.82,15.803573,1
2020-05-21 17:00:00,MH010,6.52,15.697497,1
2020-05-21 18:00:00,MH010,10.0,15.716386,1
2020-05-21 19:00:00,MH010,10.0,15.306088,1
2020-05-21 20:00:00,MH010,12.73,14.992221,1
2020-05-21 21:00:00,MH010,12.09,14.574904,1
2020-05-21 22:00:00,MH010,8.35,14.930791,1
2020-05-21 23:00:00,MH010,8.0,14.723083,1
2020-05-22 00:00:00,MH010,6.18,13.667142,1
2020-05-22 01:00:00,MH010,6.0,12.964742,1
2020-05-22 02:00:00,MH010,6.92,12.004201,1
2020-05-22 03:00:00,MH010,7.0,11.282258,1
2020-05-22 04:00:00,MH010,5.18,11.300565,1
2020-05-22 05:00:00,MH010,5.0,12.056642,1
2020-05-22 06:00:00,MH010,11.0,12.473393,1
2020-05-22 07:00:00,MH010,14.65,12.7126665,1
2020-05-22 08:00:00,MH010,8.62,13.797292,1
2020-05-22 09:00:00,MH010,8.0,15.127408,1
2020-05-22 10:00:00,MH010,8.91,14.775256,1
2020-05-22 11:00:00,MH010,10.83,14.67051,1
2020-05-22 12:00:00,MH010,11.0,14.49397,1
2020-05-22 13:00:00,MH010,6.45,14.511638,1
2020-05-22 14:00:00,MH010,9.65,14.724818,1
2020-05-22 15:00:00,MH010,7.27,14.535787,1
2020-05-22 16:00:00,MH010,7.0,15.076993,1
2020-05-22 17:00:00,MH010,9.73,15.279029,1
2020-05-22 18:00:00,MH010,14.57,15.490033,1
2020-05-22 19:00:00,MH010,12.0,16.002922,1
2020-05-22 20:00:00,MH010,14.74,16.922653,1
2020-05-22 21:00:00,MH010,10.0,16.86714,1
2020-05-22 22:00:00,MH010,10.0,16.925846,1
2020-05-22 23:00:00,MH010,10.09,15.014422,1
2020-05-23 00:00:00,MH010,13.64,13.458615,1
2020-05-23 01:00:00,MH010,9.0,13.185441,1
2020-05-23 02:00:00,MH010,10.0,12.952413,1
2020-05-23 03:00:00,MH010,6.36,12.924684,1
2020-05-23 04:00:00,MH010,4.18,13.1669855,1
2020-05-23 05:00:00,MH010,4.0,14.697579,1
2020-05-23 06:00:00,MH010,4.91,15.876046,1
2020-05-23 07:00:00,MH010,9.55,16.32158,1
2020-05-23 08:00:00,MH010,10.0,16.823795,1
2020-05-23 09:00:00,MH010,11.82,17.838078,1
2020-05-23 10:00:00,MH010,14.73,16.584791,1
2020-05-23 11:00:00,MH010,16.82,15.126998,1
2020-05-23 12:00:00,MH010,20.64,14.25969,1
2020-05-23 13:00:00,MH010,17.36,13.91052,1
2020-05-23 14:00:00,MH010,14.27,13.964196,1
2020-05-23 15:00:00,MH010,14.91,14.199952,1
2020-05-23 16:00:00,MH010,14.09,14.561122,1
2020-05-23 17:00:00,MH010,10.36,15.108533,1
2020-05-23 18:00:00,MH010,7.26,15.581113,1
2020-05-23 19:00:00,MH010,8.82,15.278443,1
2020-05-23 20:00:00,MH010,9.91,14.731847,1
2020-05-23 21:00:00,MH010,14.55,14.344438,1
2020-05-23 22:00:00,MH010,8.62,14.22149,1
2020-05-23 23:00:00,MH010,8.0,14.104474,1
2020-05-24 00:00:00,MH010,8.91,12.469064,1
2020-05-24 01:00:00,MH010,6.27,11.6587,1
2020-05-24 02:00:00,MH010,7.82,11.253499,1
2020-05-24 03:00:00,MH010,7.09,11.02773,1
2020-05-24 04:00:00,MH010,6.09,11.47791,1
2020-05-24 05:00:00,MH010,6.92,12.663434,1
2020-05-24 06:00:00,MH010,5.18,13.017488,1
2020-05-24 07:00:00,MH010,8.64,13.397717,1
2020-05-24 08:00:00,MH010,8.09,13.5032625,1
2020-05-24 09:00:00,MH010,9.82,14.244004,1
2020-05-24 10:00:00,MH010,10.0,14.824328,1
2020-05-24 11:00:00,MH010,10.0,14.648591,1
2020-05-24 12:00:00,MH010,11.82,13.978971,1
2020-05-24 13:00:00,MH010,12.0,13.602284,1
2020-05-24 14:00:00,MH010,8.36,13.766561,1
2020-05-24 15:00:00,MH010,11.64,14.244157,1
2020-05-24 16:00:00,MH010,10.17,13.928212,1
2020-05-24 17:00:00,MH010,13.3,14.565885,1
2020-05-24 18:00:00,MH010,12.18,14.845464,1
2020-05-24 19:00:00,MH010,12.0,15.391742,1
2020-05-24 20:00:00,MH010,19.29,15.304709,1
2020-05-24 21:00:00,MH010,16.13,15.073375,1
2020-05-24 22:00:00,MH010,13.0,15.685132,1
2020-05-24 23:00:00,MH010,9.36,15.397519,1
2020-05-25 00:00:00,MH010,9.36,14.166467,1
2020-05-25 01:00:00,MH010,5.0,11.9071665,1
2020-05-25 02:00:00,MH010,5.91,10.04942,1
2020-05-25 03:00:00,MH010,6.0,8.787423,1
2020-05-25 04:00:00,MH010,5.09,9.074277,1
2020-05-25 05:00:00,MH010,5.0,11.929528,1
2020-05-25 06:00:00,MH010,5.91,13.139245,1
2020-05-25 07:00:00,MH010,5.09,14.088586,1
2020-05-25 08:00:00,MH010,4.09,15.977767,1
2020-05-25 09:00:00,MH010,7.64,15.130322,1
2020-05-25 10:00:00,MH010,8.0,14.8226,1
2020-05-25 11:00:00,MH010,11.65,14.711333,1
2020-05-25 12:00:00,MH010,13.82,13.8386965,1
2020-05-25 13:00:00,MH010,18.55,14.360171,1
2020-05-25 14:00:00,MH010,9.92,15.406379,1
2020-05-25 15:00:00,MH010,12.0,16.513191,1
2020-05-25 16:00:00,MH010,12.91,16.124365,1
2020-05-25 17:00:00,MH010,10.27,16.177612,1
2020-05-25 18:00:00,MH010,11.82,16.205679,1
2020-05-25 19:00:00,MH010,12.0,15.793452,1
2020-05-25 20:00:00,MH010,12.0,15.3150835,1
2020-05-25 21:00:00,MH010,12.0,14.91298,1
2020-05-25 22:00:00,MH010,8.36,13.918336,1
2020-05-25 23:00:00,MH010,7.09,13.051858,1
2020-05-26 00:00:00,MH010,8.82,11.843644,1
2020-05-26 01:00:00,MH010,8.09,10.903821,1
2020-05-26 02:00:00,MH010,11.64,9.8663,1
2020-05-26 03:00:00,MH010,10.18,9.555264,1
2020-05-26 04:00:00,MH010,8.18,10.340501,1
2020-05-26 05:00:00,MH010,5.27,11.042993,1
2020-05-26 06:00:00,MH010,5.91,11.552888,1
2020-05-26 07:00:00,MH010,9.64,12.043572,1
2020-05-26 08:00:00,MH010,11.82,13.077878,1
2020-05-26 09:00:00,MH010,12.91,14.033193,1
2020-05-26 10:00:00,MH010,13.0,14.753758,1
2020-05-26 11:00:00,MH010,13.0,15.357793,1
2020-05-26 12:00:00,MH010,10.27,15.762849,1
2020-05-26 13:00:00,MH010,10.91,16.092575,1
2020-05-26 14:00:00,MH010,7.36,16.18663,1
2020-05-26 15:00:00,MH010,7.0,16.527987,1
2020-05-26 16:00:00,MH010,10.64,16.387548,1
2020-05-26 17:00:00,MH010,11.0,16.304178,1
2020-05-26 18:00:00,MH010,11.0,16.640406,1
2020-05-26 19:00:00,MH010,9.18,16.544914,1
2020-05-26 20:00:00,MH010,14.48,15.848264,1
2020-05-26 21:00:00,MH010,10.45,14.767169,1
2020-05-26 22:00:00,MH010,8.18,14.601541,1
2020-05-26 23:00:00,MH010,7.09,13.363423,1
2020-05-27 00:00:00,MH010,7.0,11.967004,1
2020-05-27 01:00:00,MH010,7.0,11.421273,1
2020-05-27 02:00:00,MH010,7.91,10.873193,1
2020-05-27 03:00:00,MH010,7.09,10.248601,1
2020-05-27 04:00:00,MH010,6.09,10.443837,1
2020-05-27 05:00:00,MH010,6.91,10.441773,1
2020-05-27 06:00:00,MH010,7.91,10.351174,1
2020-05-27 07:00:00,MH010,18.02,10.701711,1
2020-05-27 08:00:00,MH010,12.62,11.272275,1
2020-05-27 09:00:00,MH010,8.36,13.080316,1
2020-05-27 10:00:00,MH010,12.55,13.738046,1
2020-05-27 11:00:00,MH010,9.35,13.555203,1
2020-05-27 12:00:00,MH010,9.0,14.1439905,1
2020-05-27 13:00:00,MH010,8.09,14.602712,1
2020-05-27 14:00:00,MH010,8.0,15.043996,1
2020-05-27 15:00:00,MH010,12.54,15.484635,1
2020-05-27 16:00:00,MH010,8.45,15.762261,1
2020-05-27 17:00:00,MH010,12.55,16.295279,1
2020-05-27 18:00:00,MH010,10.27,16.148067,1
2020-05-27 19:00:00,MH010,10.0,16.357094,1
2020-05-27 20:00:00,MH010,8.18,15.752416,1
2020-05-27 21:00:00,MH010,6.18,14.871972,1
2020-05-27 22:00:00,MH010,6.0,13.851666,1
2020-05-27 23:00:00,MH010,5.36,12.824994,1
2020-05-28 00:00:00,MH010,5.0,11.784215,1
2020-05-28 01:00:00,MH010,5.63,10.981915,1
2020-05-28 02:00:00,MH010,5.0,9.675111,1
2020-05-28 03:00:00,MH010,5.91,9.045667,1
2020-05-28 04:00:00,MH010,4.18,8.62338,1
2020-05-28 05:00:00,MH010,6.72,8.803834,1
2020-05-28 06:00:00,MH010,12.48,9.08888,1
2020-05-28 07:00:00,MH010,9.36,9.717835,1
2020-05-28 08:00:00,MH010,8.09,11.290757,1
2020-05-28 09:00:00,MH010,9.83,12.185937,1
2020-05-28 10:00:00,MH010,11.82,12.507764,1
2020-05-28 11:00:00,MH010,9.28,12.98026,1
2020-05-28 12:00:00,MH010,11.72,13.526814,1
2020-05-28 13:00:00,MH010,12.0,13.747365,1
2020-05-28 14:00:00,MH010,12.91,14.50685,1
2020-05-28 15:00:00,MH010,9.35,15.006747,1
2020-05-28 16:00:00,MH010,9.0,15.513465,1
2020-05-28 17:00:00,MH010,9.0,15.609496,1
2020-05-28 18:00:00,MH010,8.09,15.732493,1
2020-05-28 19:00:00,MH010,6.18,15.51147,1
2020-05-28 20:00:00,MH010,8.46,15.126649,1
2020-05-28 21:00:00,MH010,7.0,13.868535,1
2020-05-28 22:00:00,MH010,5.0,13.073598,1
2020-05-28 23:00:00,MH010,5.0,11.768018,1
2020-05-29 00:00:00,MH010,5.91,10.438668,1
2020-05-29 01:00:00,MH010,6.91,9.185632,1
2020-05-29 02:00:00,MH010,3.37,8.46592,1
2020-05-29 03:00:00,MH010,2.09,8.205438,1
2020-05-29 04:00:00,MH010,2.91,7.8362856,1
2020-05-29 05:00:00,MH010,3.91,7.833371,1
2020-05-29 06:00:00,MH010,3.09,8.624169,1
2020-05-29 07:00:00,MH010,3.0,10.570882,1
2020-05-29 08:00:00,MH010,4.82,11.978318,1
2020-05-29 09:00:00,MH010,5.0,12.429112,1
2020-05-29 10:00:00,MH010,3.18,12.389165,1
2020-05-29 11:00:00,MH010,3.91,12.67801,1
2020-05-29 12:00:00,MH010,6.73,12.395772,1
2020-05-29 13:00:00,MH010,4.27,12.039323,1
2020-05-29 14:00:00,MH010,5.82,12.49643,1
2020-05-29 15:00:00,MH010,5.09,12.73121,1
2020-05-29 16:00:00,MH010,1.35,13.033853,1
2020-05-29 17:00:00,MH010,5.55,13.077271,1
2020-05-29 18:00:00,MH010,6.0,12.642983,1
2020-05-29 19:00:00,MH010,6.0,12.606561,1
2020-05-29 20:00:00,MH010,7.0,12.799409,1
2020-05-29 21:00:00,MH010,6.09,12.548249,1
2020-05-29 22:00:00,MH010,5.09,12.404756,1
2020-05-29 23:00:00,MH010,5.91,12.09895,1
2020-05-30 00:00:00,MH010,5.08,11.249532,1
2020-05-30 01:00:00,MH010,5.0,10.99101,1
2020-05-30 02:00:00,MH010,4.09,10.571065,1
2020-05-30 03:00:00,MH010,4.91,10.366708,1
2020-05-30 04:00:00,MH010,7.73,11.153085,1
2020-05-30 05:00:00,MH010,5.27,11.791875,1
2020-05-30 06:00:00,MH010,3.18,12.306279,1
2020-05-30 07:00:00,MH010,5.73,12.95115,1
2020-05-30 08:00:00,MH010,8.73,12.80111,1
2020-05-30 09:00:00,MH010,9.0,13.670266,1
2020-05-30 10:00:00,MH010,6.27,14.837113,1
2020-05-30 11:00:00,MH010,5.09,14.692876,1
2020-05-30 12:00:00,MH010,5.0,13.562768,1
2020-05-30 13:00:00,MH010,5.0,12.164361,1
2020-05-30 14:00:00,MH010,3.18,11.971189,1
2020-05-30 15:00:00,MH010,4.82,12.118871,1
2020-05-30 16:00:00,MH010,6.64,12.260957,1
2020-05-30 17:00:00,MH010,6.64,12.7019205,1
2020-05-30 18:00:00,MH010,6.09,13.288861,1
2020-05-30 19:00:00,MH010,7.82,13.3002825,1
2020-05-30 20:00:00,MH010,8.82,13.049951,1
2020-05-30 21:00:00,MH010,9.0,13.17632,1
2020-05-30 22:00:00,MH010,7.18,13.1705675,1
2020-05-30 23:00:00,MH010,7.0,12.738664,1
2020-05-31 00:00:00,MH010,5.18,11.884889,1
2020-05-31 01:00:00,MH010,3.18,11.244882,1
2020-05-31 02:00:00,MH010,3.0,10.134969,1
2020-05-31 03:00:00,MH010,4.82,9.3611765,1
2020-05-31 04:00:00,MH010,7.72,9.101274,1
2020-05-31 05:00:00,MH010,6.18,9.261582,1
2020-05-31 06:00:00,MH010,6.18,9.2039385,1
2020-05-31 07:00:00,MH010,6.18,9.651189,1
2020-05-31 08:00:00,MH010,6.0,10.267068,1
2020-05-31 09:00:00,MH010,7.82,10.778226,1
2020-05-31 10:00:00,MH010,12.0,11.274201,1
2020-05-31 11:00:00,MH010,8.0,11.629296,1
2020-05-31 12:00:00,MH010,8.0,12.1527605,1
2020-05-31 13:00:00,MH010,9.82,11.972074,1
2020-05-31 14:00:00,MH010,10.91,12.448846,1
2020-05-31 15:00:00,MH010,10.09,12.747304,1
2020-05-31 16:00:00,MH010,10.64,13.497819,1
2020-05-31 17:00:00,MH010,7.36,13.802575,1
2020-05-31 18:00:00,MH010,8.82,14.231256,1
2020-05-31 19:00:00,MH010,7.18,14.152078,1
2020-05-31 20:00:00,MH010,7.0,14.218591,1
2020-05-31 21:00:00,MH010,5.18,13.907357,1
2020-05-31 22:00:00,MH010,5.91,13.0631,1
2020-05-31 23:00:00,MH010,5.09,11.570405,1
2020-06-01 00:00:00,MH010,5.81,11.056748,1
2020-06-01 01:00:00,MH010,7.83,9.617394,1
2020-06-01 02:00:00,MH010,9.82,8.141038,1
2020-06-01 03:00:00,MH010,9.09,7.796338,1
2020-06-01 04:00:00,MH010,9.0,8.416303,1
2020-06-01 05:00:00,MH010,9.0,9.401971,1
2020-06-01 06:00:00,MH010,8.09,10.213902,1
2020-06-01 07:00:00,MH010,9.82,9.705953,1
2020-06-01 08:00:00,MH010,29.98,11.483808,1
2020-06-01 09:00:00,MH010,18.33,12.842298,1
2020-06-01 10:00:00,MH010,10.64,15.728625,1
2020-06-01 11:00:00,MH010,10.91,16.57037,1
2020-06-01 12:00:00,MH010,23.75,17.551287,1
2020-06-01 13:00:00,MH010,41.35,17.126652,1
2020-06-01 14:00:00,MH010,33.92,20.636972,1
2020-06-01 15:00:00,MH010,32.09,23.601723,1
2020-06-01 16:00:00,MH010,29.27,25.829874,1
2020-06-01 17:00:00,MH010,26.27,26.477472,1
2020-06-01 18:00:00,MH010,25.09,23.941652,1
2020-06-01 19:00:00,MH010,20.45,21.44623,1
2020-06-01 20:00:00,MH010,20.0,20.733816,1
2020-06-01 21:00:00,MH010,20.0,20.405571,1
2020-06-01 22:00:00,MH010,18.18,19.441378,1
2020-06-01 23:00:00,MH010,20.73,19.425692,1
2020-06-02 00:00:00,MH010,23.73,18.998898,1
2020-06-02 01:00:00,MH010,24.0,18.24306,1
2020-06-02 02:00:00,MH010,20.36,17.732914,1
2020-06-02 03:00:00,MH010,13.64,18.167116,1
2020-06-02 04:00:00,MH010,19.38,17.477495,1
2020-06-02 05:00:00,MH010,63.6,16.043304,1
2020-06-02 06:00:00,MH010,41.66,18.123903,1
2020-06-02 07:00:00,MH010,33.53,27.471115,1
2020-06-02 08:00:00,MH010,21.19,28.337034,1
2020-06-02 09:00:00,MH010,29.11,26.881195,1
2020-06-02 10:00:00,MH010,36.38,25.916578,1
2020-06-02 11:00:00,MH010,33.37,27.78794,1
2020-06-02 12:00:00,MH010,25.73,30.284187,1
2020-06-02 13:00:00,MH010,19.53,31.638155,1
2020-06-02 14:00:00,MH010,21.73,30.268806,1
2020-06-02 15:00:00,MH010,21.09,27.245441,1
2020-06-02 16:00:00,MH010,18.27,25.518902,1
2020-06-02 17:00:00,MH010,14.37,25.3683,1
2020-06-02 18:00:00,MH010,24.02,24.964022,1
2020-06-02 19:00:00,MH010,24.09,20.586557,1
2020-06-02 20:00:00,MH010,27.63,20.015167,1
2020-06-02 21:00:00,MH010,37.11,20.160694,1
2020-06-02 22:00:00,MH010,40.73,20.860456,1
2020-06-02 23:00:00,MH010,35.0,22.14906,1
2020-06-03 00:00:00,MH010,33.19,21.917128,1
2020-06-03 01:00:00,MH010,22.12,18.1244,1
2020-06-03 02:00:00,MH010,16.45,16.578848,1
2020-06-03 03:00:00,MH010,16.91,14.481498,1
2020-06-03 04:00:00,MH010,10.62,13.146234,1
2020-06-03 05:00:00,MH010,10.0,13.513864,1
2020-06-03 06:00:00,MH010,10.0,13.637944,1
2020-06-03 07:00:00,MH010,8.18,13.46753,1
2020-06-03 08:00:00,MH010,7.09,14.427627,1
2020-06-03 09:00:00,MH010,4.28,11.486932,1
2020-06-03 10:00:00,MH010,4.0,8.903073,1
2020-06-03 11:00:00,MH010,6.0,9.246045,1
2020-06-03 12:00:00,MH010,4.0,8.909738,1
2020-06-03 13:00:00,MH010,4.0,9.03114,1
2020-06-03 14:00:00,MH010,4.0,8.404824,1
2020-06-03 15:00:00,MH010,4.0,7.774972,1
2020-06-03 16:00:00,MH010,1.27,7.4327517,1
2020-06-03 17:00:00,MH010,4.63,6.7421236,1
2020-06-03 18:00:00,MH010,4.09,6.1832476,1
2020-06-03 19:00:00,MH010,2.18,7.742879,1
2020-06-03 20:00:00,MH010,3.82,10.480374,1
2020-06-03 21:00:00,MH010,5.82,10.866239,1
2020-06-03 22:00:00,MH010,6.0,9.702172,1
2020-06-03 23:00:00,MH010,3.0,8.834249,1
2020-06-04 00:00:00,MH010,1.18,8.880807,1
2020-06-04 01:00:00,MH010,2.82,8.033139,1
2020-06-04 02:00:00,MH010,2.09,7.450036,1
2020-06-04 03:00:00,MH010,1.09,7.157731,1
2020-06-04 04:00:00,MH010,5.54,7.209367,1
2020-06-04 05:00:00,MH010,6.91,7.193715,1
2020-06-04 06:00:00,MH010,7.0,7.638753,1
2020-06-04 07:00:00,MH010,8.82,8.801473,1
2020-06-04 08:00:00,MH010,10.0,9.522256,1
2020-06-04 09:00:00,MH010,8.0,9.812608,1
2020-06-04 10:00:00,MH010,7.09,10.498914,1
2020-06-04 11:00:00,MH010,8.8,11.617757,1
2020-06-04 12:00:00,MH010,14.0,11.817605,1
2020-06-04 13:00:00,MH010,11.0,12.67109,1
2020-06-04 14:00:00,MH010,12.0,14.9011965,1
2020-06-04 15:00:00,MH010,12.0,14.451562,1
2020-06-04 16:00:00,MH010,10.0,13.646058,1
2020-06-04 17:00:00,MH010,9.09,13.066831,1
2020-06-04 18:00:00,MH010,8.0,12.641942,1
2020-06-04 19:00:00,MH010,13.45,12.095521,1
2020-06-04 20:00:00,MH010,16.0,11.826673,1
2020-06-04 21:00:00,MH010,21.0,11.440072,1
2020-06-04 22:00:00,MH010,21.0,12.370137,1
2020-06-04 23:00:00,MH010,21.0,12.86295,1
2020-06-05 00:00:00,MH010,25.45,12.821321,1
2020-06-05 01:00:00,MH010,31.71,11.259786,1
2020-06-05 02:00:00,MH010,20.66,11.381188,1
2020-06-05 03:00:00,MH010,8.96,12.803807,1
2020-06-05 04:00:00,MH010,7.0,12.063458,1
2020-06-05 05:00:00,MH010,8.82,10.712922,1
2020-06-05 06:00:00,MH010,4.46,10.940255,1
2020-06-05 07:00:00,MH010,1.42,12.838929,1
2020-06-05 08:00:00,MH010,3.63,13.458287,1
2020-06-05 09:00:00,MH010,9.45,13.045423,1
2020-06-05 10:00:00,MH010,10.91,12.470674,1
2020-06-05 11:00:00,MH010,8.27,12.424115,1
2020-06-05 12:00:00,MH010,6.18,12.573625,1
2020-06-05 13:00:00,MH010,8.58,12.4135065,1
2020-06-05 14:00:00,MH010,11.27,12.198773,1
2020-06-05 15:00:00,MH010,11.27,11.959149,1
2020-06-05 16:00:00,MH010,8.45,11.591542,1
2020-06-05 17:00:00,MH010,8.91,12.083512,1
2020-06-05 18:00:00,MH010,12.63,12.706895,1
2020-06-05 19:00:00,MH010,8.4,12.604047,1
2020-06-05 20:00:00,MH010,10.72,12.72569,1
2020-06-05 21:00:00,MH010,8.28,12.297818,1
2020-06-05 22:00:00,MH010,6.18,11.73385,1
2020-06-05 23:00:00,MH010,9.64,10.515164,1
2020-06-06 00:00:00,MH010,8.19,9.556603,1
2020-06-06 01:00:00,MH010,10.72,8.243512,1
2020-06-06 02:00:00,MH010,9.18,8.05774,1
2020-06-06 03:00:00,MH010,15.36,8.361375,1
2020-06-06 04:00:00,MH010,14.0,8.352887,1
2020-06-06 05:00:00,MH010,20.0,9.113172,1
2020-06-06 06:00:00,MH010,10.01,9.530908,1
2020-06-06 07:00:00,MH010,6.0,10.810334,1
2020-06-06 08:00:00,MH010,3.27,10.999837,1
2020-06-06 09:00:00,MH010,3.0,10.768281,1
2020-06-06 10:00:00,MH010,3.0,10.291585,1
2020-06-06 11:00:00,MH010,3.0,10.179612,1
2020-06-06 12:00:00,MH010,12.99,10.059415,1
2020-06-06 13:00:00,MH010,10.37,10.357617,1
2020-06-06 14:00:00,MH010,10.0,10.9893465,1
2020-06-06 15:00:00,MH010,12.72,11.206037,1
2020-06-06 16:00:00,MH010,12.09,11.501573,1
2020-06-06 17:00:00,MH010,9.28,11.724626,1
2020-06-06 18:00:00,MH010,8.09,11.983598,1
2020-06-06 19:00:00,MH010,8.91,11.812047,1
2020-06-06 20:00:00,MH010,11.72,12.373204,1
2020-06-06 21:00:00,MH010,11.09,12.769513,1
2020-06-06 22:00:00,MH010,14.63,11.937192,1
2020-06-06 23:00:00,MH010,8.62,11.240556,1
2020-06-07 00:00:00,MH010,14.0,11.0736475,1
2020-06-07 01:00:00,MH010,14.91,9.100331,1
2020-06-07 02:00:00,MH010,22.27,8.998998,1
2020-06-07 03:00:00,MH010,31.15,9.246564,1
2020-06-07 04:00:00,MH010,24.73,10.219907,1
2020-06-07 05:00:00,MH010,27.63,12.337068,1
2020-06-07 06:00:00,MH010,19.82,13.95197,1
2020-06-07 07:00:00,MH010,20.82,15.833638,1
2020-06-07 08:00:00,MH010,19.19,16.51567,1
2020-06-07 09:00:00,MH010,18.09,17.867731,1
2020-06-07 10:00:00,MH010,13.46,18.762402,1
2020-06-07 11:00:00,MH010,9.37,18.338799,1
2020-06-07 12:00:00,MH010,9.91,16.201176,1
2020-06-07 13:00:00,MH010,10.91,14.941585,1
2020-06-07 14:00:00,MH010,8.55,14.403905,1
2020-06-07 15:00:00,MH010,8.91,14.493543,1
2020-06-07 16:00:00,MH010,8.09,14.336249,1
2020-06-07 17:00:00,MH010,5.28,13.998311,1
2020-06-07 18:00:00,MH010,3.18,13.734853,1
2020-06-07 19:00:00,MH010,6.63,13.508351,1
2020-06-07 20:00:00,MH010,13.38,12.448384,1
2020-06-07 21:00:00,MH010,9.91,12.0510645,1
2020-06-07 22:00:00,MH010,7.18,12.73256,1
2020-06-07 23:00:00,MH010,7.0,12.446416,1
2020-06-08 00:00:00,MH010,6.09,11.085416,1
2020-06-08 01:00:00,MH010,9.63,7.913804,1
2020-06-08 02:00:00,MH010,6.37,6.46721,1
2020-06-08 03:00:00,MH010,3.0,6.177083,1
2020-06-08 04:00:00,MH010,1.1,6.3607264,1
2020-06-08 05:00:00,MH010,1.1,6.7082987,1
2020-06-08 06:00:00,MH010,6.34,7.2556734,1
2020-06-08 07:00:00,MH010,7.0,8.302182,1
2020-06-08 08:00:00,MH010,7.91,9.773484,1
2020-06-08 09:00:00,MH010,9.82,10.517343,1
2020-06-08 10:00:00,MH010,16.36,11.359342,1
2020-06-08 11:00:00,MH010,13.0,12.324628,1
2020-06-08 12:00:00,MH010,15.0,12.673345,1
2020-06-08 13:00:00,MH010,15.0,13.07121,1
2020-06-08 14:00:00,MH010,5.0,13.486909,1
2020-06-08 15:00:00,MH010,4.09,13.7004175,1
2020-06-08 16:00:00,MH010,2.18,12.909085,1
2020-06-08 17:00:00,MH010,4.72,12.569142,1
2020-06-08 18:00:00,MH010,5.91,12.442315,1
2020-06-08 19:00:00,MH010,8.72,11.81733,1
2020-06-08 20:00:00,MH010,9.91,11.46153,1
2020-06-08 21:00:00,MH010,7.27,11.542157,1
2020-06-08 22:00:00,MH010,10.63,10.19024,1
2020-06-08 23:00:00,MH010,7.37,9.576684,1
2020-06-09 00:00:00,MH010,3.37,9.516732,1
2020-06-09 01:00:00,MH010,2.09,7.841893,1
2020-06-09 02:00:00,MH010,2.91,6.178548,1
2020-06-09 03:00:00,MH010,7.54,5.6473093,1
2020-06-09 04:00:00,MH010,7.19,5.9839144,1
2020-06-09 05:00:00,MH010,18.43,7.1330194,1
2020-06-09 06:00:00,MH010,14.64,7.846078,1
2020-06-09 07:00:00,MH010,18.54,10.28386,1
2020-06-09 08:00:00,MH010,17.19,11.466298,1
2020-06-09 09:00:00,MH010,21.54,12.10333,1
2020-06-09 10:00:00,MH010,12.92,13.462266,1
2020-06-09 11:00:00,MH010,9.0,15.300689,1
2020-06-09 12:00:00,MH010,10.0,14.558982,1
2020-06-09 13:00:00,MH010,6.38,13.908113,1
2020-06-09 14:00:00,MH010,5.0,13.99418,1
2020-06-09 15:00:00,MH010,4.09,13.8289995,1
2020-06-09 16:00:00,MH010,6.72,13.26703,1
2020-06-09 17:00:00,MH010,5.19,12.716916,1
2020-06-09 18:00:00,MH010,1.37,12.238965,1
2020-06-09 19:00:00,MH010,5.53,11.632409,1
2020-06-09 20:00:00,MH010,6.0,10.91079,1
2020-06-09 21:00:00,MH010,10.53,10.570268,1
2020-06-09 22:00:00,MH010,11.91,10.01349,1
2020-06-09 23:00:00,MH010,10.18,9.533647,1
2020-06-10 00:00:00,MH010,10.0,9.576451,1
2020-06-10 01:00:00,MH010,7.28,8.753922,1
2020-06-10 02:00:00,MH010,6.09,7.1626863,1
2020-06-10 03:00:00,MH010,6.81,6.7762804,1
2020-06-10 04:00:00,MH010,6.09,6.3950205,1
2020-06-10 05:00:00,MH010,6.0,7.264573,1
2020-06-10 06:00:00,MH010,12.36,8.940602,1
2020-06-10 07:00:00,MH010,13.0,10.613503,1
2020-06-10 08:00:00,MH010,11.19,13.54868,1
2020-06-10 09:00:00,MH010,19.2,14.944303,1
2020-06-10 10:00:00,MH010,17.27,15.269046,1
2020-06-10 11:00:00,MH010,11.55,16.380852,1
2020-06-10 12:00:00,MH010,6.46,16.236294,1
2020-06-10 13:00:00,MH010,6.91,15.045871,1
2020-06-10 14:00:00,MH010,6.09,13.308118,1
2020-06-10 15:00:00,MH010,4.0,13.0299425,1
2020-06-10 16:00:00,MH010,7.63,13.048329,1
2020-06-10 17:00:00,MH010,8.91,11.779695,1
2020-06-10 18:00:00,MH010,6.28,11.504937,1
2020-06-10 19:00:00,MH010,4.18,11.127088,1
2020-06-10 20:00:00,MH010,6.72,8.68887,1
2020-06-10 21:00:00,MH010,7.91,8.623292,1
2020-06-10 22:00:00,MH010,4.37,9.046151,1
2020-06-10 23:00:00,MH010,4.0,8.828111,1
2020-06-11 00:00:00,MH010,4.0,8.178052,1
2020-06-11 01:00:00,MH010,1.47,6.8518496,1
2020-06-11 02:00:00,MH010,1.47,6.1218653,1
2020-06-11 03:00:00,MH010,2.73,5.5778475,1
2020-06-11 04:00:00,MH010,3.91,5.7473726,1
2020-06-11 05:00:00,MH010,5.82,6.653268,1
2020-06-11 06:00:00,MH010,5.82,7.553384,1
2020-06-11 07:00:00,MH010,6.0,8.451119,1
2020-06-11 08:00:00,MH010,2.0,9.495408,1
2020-06-11 09:00:00,MH010,1.09,11.245797,1
2020-06-11 10:00:00,MH010,4.63,11.835546,1
2020-06-11 11:00:00,MH010,13.18,11.998231,1
2020-06-11 12:00:00,MH010,17.63,12.745946,1
2020-06-11 13:00:00,MH010,14.37,13.618512,1
2020-06-11 14:00:00,MH010,17.63,13.535977,1
2020-06-11 15:00:00,MH010,6.6,12.543511,1
2020-06-11 16:00:00,MH010,2.73,13.252057,1
2020-06-11 17:00:00,MH010,3.91,12.184918,1
2020-06-11 18:00:00,MH010,4.91,10.94991,1
2020-06-11 19:00:00,MH010,6.0,10.647916,1
2020-06-11 20:00:00,MH010,6.91,11.276788,1
2020-06-11 21:00:00,MH010,7.91,11.68065,1
2020-06-11 22:00:00,MH010,6.18,11.411317,1
2020-06-11 23:00:00,MH010,5.0,9.581784,1
2020-06-12 00:00:00,MH010,5.0,8.053258,1
2020-06-12 01:00:00,MH010,8.0,6.4594393,1
2020-06-12 02:00:00,MH010,12.0,5.7944155,1
2020-06-12 03:00:00,MH010,8.37,6.6952333,1
2020-06-12 04:00:00,MH010,5.28,8.282205,1
2020-06-12 05:00:00,MH010,6.81,9.993096,1
2020-06-12 06:00:00,MH010,9.72,9.983617,1
2020-06-12 07:00:00,MH010,12.72,10.002332,1
2020-06-12 08:00:00,MH010,8.46,10.830342,1
2020-06-12 09:00:00,MH010,5.28,12.1584635,1
2020-06-12 10:00:00,MH010,13.16,12.780995,1
2020-06-12 11:00:00,MH010,44.07,12.012349,1
2020-06-12 12:00:00,MH010,8.0,12.30137,1
2020-06-12 13:00:00,MH010,8.9,16.877087,1
2020-06-12 14:00:00,MH010,7.18,16.136967,1
2020-06-12 15:00:00,MH010,3.36,14.093347,1
2020-06-12 16:00:00,MH010,3.91,14.099946,1
2020-06-12 17:00:00,MH010,7.0,14.476613,1
2020-06-12 18:00:00,MH010,8.82,13.477799,1
2020-06-12 19:00:00,MH010,9.0,15.07677,1
2020-06-12 20:00:00,MH010,6.28,15.960904,1
2020-06-12 21:00:00,MH010,6.0,16.78469,1
2020-06-12 22:00:00,MH010,10.53,15.596383,1
2020-06-12 23:00:00,MH010,14.63,14.016713,1
2020-06-13 00:00:00,MH010,13.19,13.46264,1
2020-06-13 01:00:00,MH010,10.28,12.573529,1
2020-06-13 02:00:00,MH010,21.77,12.491742,1
2020-06-13 03:00:00,MH010,21.18,12.464749,1
2020-06-13 04:00:00,MH010,20.09,14.46724,1
2020-06-13 05:00:00,MH010,22.72,14.79119,1
2020-06-13 06:00:00,MH010,16.66,15.84541,1
2020-06-13 07:00:00,MH010,18.73,17.362345,1
2020-06-13 08:00:00,MH010,22.63,15.944764,1
2020-06-13 09:00:00,MH010,7.56,15.371543,1
2020-06-13 10:00:00,MH010,6.0,16.21357,1
2020-06-13 11:00:00,MH010,10.54,15.544604,1
2020-06-13 12:00:00,MH010,8.28,14.292346,1
2020-06-13 13:00:00,MH010,5.28,14.987477,1
2020-06-13 14:00:00,MH010,4.09,15.087033,1
2020-06-13 15:00:00,MH010,3.09,14.1079035,1
2020-06-13 16:00:00,MH010,2.09,13.733258,1
2020-06-13 17:00:00,MH010,1.09,13.509774,1
2020-06-13 18:00:00,MH010,0.38,13.531175,1
2020-06-13 19:00:00,MH010,0.38,12.909341,1
2020-06-13 20:00:00,MH010,1.81,12.078465,1
2020-06-13 21:00:00,MH010,2.0,10.057897,1
2020-06-13 22:00:00,MH010,1.09,9.021668,1
2020-06-13 23:00:00,MH010,1.91,8.605615,1
2020-06-14 00:00:00,MH010,4.72,7.767049,1
2020-06-14 01:00:00,MH010,5.91,7.0985537,1
2020-06-14 02:00:00,MH010,5.09,7.6648836,1
2020-06-14 03:00:00,MH010,5.91,8.050401,1
2020-06-14 04:00:00,MH010,9.62,8.6919985,1
2020-06-14 05:00:00,MH010,10.91,9.159341,1
2020-06-14 06:00:00,MH010,11.91,10.9231615,1
2020-06-14 07:00:00,MH010,17.43,12.418778,1
2020-06-14 08:00:00,MH010,14.37,13.299844,1
2020-06-14 09:00:00,MH010,10.37,14.299422,1
2020-06-14 10:00:00,MH010,7.28,14.914193,1
2020-06-14 11:00:00,MH010,16.96,14.619233,1
2020-06-14 12:00:00,MH010,20.72,14.087647,1
2020-06-14 13:00:00,MH010,25.53,15.119147,1
2020-06-14 14:00:00,MH010,13.32,15.822618,1
2020-06-14 15:00:00,MH010,5.0,14.479697,1
2020-06-14 16:00:00,MH010,1.78,12.803411,1
2020-06-14 17:00:00,MH010,1.82,11.440118,1
2020-06-14 18:00:00,MH010,3.81,11.179452,1
2020-06-14 19:00:00,MH010,5.0,11.404744,1
2020-06-14 20:00:00,MH010,4.09,11.480565,1
2020-06-14 21:00:00,MH010,4.09,10.985322,1
2020-06-14 22:00:00,MH010,5.19,9.921887,1
2020-06-14 23:00:00,MH010,1.38,8.5635805,1
2020-06-15 00:00:00,MH010,6.43,7.468892,1
2020-06-15 01:00:00,MH010,7.0,4.7766047,1
2020-06-15 02:00:00,MH010,17.9,4.163167,1
2020-06-15 03:00:00,MH010,14.91,5.0771646,1
2020-06-15 04:00:00,MH010,11.28,7.23055,1
2020-06-15 05:00:00,MH010,11.0,8.459184,1
2020-06-15 06:00:00,MH010,11.0,9.231835,1
2020-06-15 07:00:00,MH010,21.87,10.353917,1
2020-06-15 08:00:00,MH010,16.66,12.279988,1
2020-06-15 09:00:00,MH010,7.85,14.788226,1
2020-06-15 10:00:00,MH010,16.5,14.277928,1
2020-06-15 11:00:00,MH010,11.0,14.212914,1
2020-06-15 12:00:00,MH010,7.37,14.312438,1
2020-06-15 13:00:00,MH010,3.38,14.120164,1
2020-06-15 14:00:00,MH010,1.13,13.415696,1
2020-06-15 15:00:00,MH010,1.82,12.716271,1
2020-06-15 16:00:00,MH010,5.0,11.112763,1
2020-06-15 17:00:00,MH010,3.0,10.944348,1
2020-06-15 18:00:00,MH010,3.0,11.848245,1
2020-06-15 19:00:00,MH010,7.54,11.447869,1
2020-06-15 20:00:00,MH010,11.63,10.871011,1
2020-06-15 21:00:00,MH010,11.09,10.936379,1
2020-06-15 22:00:00,MH010,7.38,10.070844,1
2020-06-15 23:00:00,MH010,6.09,9.493611,1
2020-06-16 00:00:00,MH010,6.0,7.6387873,1
2020-06-16 01:00:00,MH010,5.09,5.4620867,1
2020-06-16 02:00:00,MH010,14.08,5.2328577,1
2020-06-16 03:00:00,MH010,12.28,5.2423563,1
2020-06-16 04:00:00,MH010,15.62,6.69333,1
2020-06-16 05:00:00,MH010,10.56,8.72421,1
2020-06-16 06:00:00,MH010,12.72,9.745843,1
2020-06-16 07:00:00,MH010,22.05,10.445836,1
2020-06-16 08:00:00,MH010,27.54,11.907147,1
2020-06-16 09:00:00,MH010,10.0,14.058423,1
2020-06-16 10:00:00,MH010,9.09,13.887483,1
2020-06-16 11:00:00,MH010,9.0,12.159936,1
2020-06-16 12:00:00,MH010,5.37,11.125131,1
2020-06-16 13:00:00,MH010,5.0,11.260369,1
2020-06-16 14:00:00,MH010,8.0,11.746404,1
2020-06-16 15:00:00,MH010,9.0,12.102288,1
2020-06-16 16:00:00,MH010,14.43,12.866689,1
2020-06-16 17:00:00,MH010,7.75,13.6016245,1
2020-06-16 18:00:00,MH010,3.37,13.960759,1
2020-06-16 19:00:00,MH010,3.92,13.497788,1
2020-06-16 20:00:00,MH010,3.09,11.913293,1
2020-06-16 21:00:00,MH010,10.25,10.297112,1
2020-06-16 22:00:00,MH010,9.19,9.36815,1
2020-06-16 23:00:00,MH010,5.37,9.729127,1
2020-06-17 00:00:00,MH010,4.09,9.305253,1
2020-06-17 01:00:00,MH010,8.87,6.5517664,1
2020-06-17 02:00:00,MH010,8.37,4.634408,1
2020-06-17 03:00:00,MH010,9.81,5.1938562,1
2020-06-17 04:00:00,MH010,12.72,6.123147,1
2020-06-17 05:00:00,MH010,8.46,7.224553,1
2020-06-17 06:00:00,MH010,5.28,8.253507,1
2020-06-17 07:00:00,MH010,3.19,8.971627,1
2020-06-17 08:00:00,MH010,5.72,8.810105,1
2020-06-17 09:00:00,MH010,6.91,9.307076,1
2020-06-17 10:00:00,MH010,6.09,10.343316,1
2020-06-17 11:00:00,MH010,3.29,10.737618,1
2020-06-17 12:00:00,MH010,1.13,10.263661,1
2020-06-17 13:00:00,MH010,1.13,9.665166,1
2020-06-17 14:00:00,MH010,4.54,9.390107,1
2020-06-17 15:00:00,MH010,4.09,9.134965,1
2020-06-17 16:00:00,MH010,1.29,8.682054,1
2020-06-17 17:00:00,MH010,1.0,8.513642,1
2020-06-17 18:00:00,MH010,0.37,8.054017,1
2020-06-17 19:00:00,MH010,0.37,7.142831,1
2020-06-17 20:00:00,MH010,0.37,6.016843,1
2020-06-17 21:00:00,MH010,2.73,5.1805735,1
2020-06-17 22:00:00,MH010,2.09,4.4363527,1
2020-06-17 23:00:00,MH010,0.73,3.8912668,1
2020-06-18 00:00:00,MH010,5.39,3.8365335,1
2020-06-18 01:00:00,MH010,6.0,2.5153704,1
2020-06-18 02:00:00,MH010,4.18,2.23874,1
2020-06-18 03:00:00,MH010,5.82,2.39388,1
2020-06-18 04:00:00,MH010,4.19,2.4422998,1
2020-06-18 05:00:00,MH010,4.19,2.6963053,1
2020-06-18 06:00:00,MH010,8.81,3.542924,1
2020-06-18 07:00:00,MH010,7.18,3.4915628,1
2020-06-18 08:00:00,MH010,6.09,5.818467,1
2020-06-18 09:00:00,MH010,9.62,6.9309206,1
2020-06-18 10:00:00,MH010,17.27,7.506261,1
2020-06-18 11:00:00,MH010,7.13,8.387803,1
2020-06-18 12:00:00,MH010,15.96,9.727731,1
2020-06-18 13:00:00,MH010,4.28,9.574399,1
2020-06-18 14:00:00,MH010,1.19,9.302224,1
2020-06-18 15:00:00,MH010,3.72,8.422547,1
2020-06-18 16:00:00,MH010,3.09,8.167825,1
2020-06-18 17:00:00,MH010,1.12,8.699704,1
2020-06-18 18:00:00,MH010,3.62,9.065335,1
2020-06-18 19:00:00,MH010,4.91,8.1299715,1
2020-06-18 20:00:00,MH010,5.0,7.6125727,1
2020-06-18 21:00:00,MH010,8.62,6.3597345,1
2020-06-18 22:00:00,MH010,7.19,6.147847,1
2020-06-18 23:00:00,MH010,9.72,6.748811,1
2020-06-19 00:00:00,MH010,8.19,6.309354,1
2020-06-19 01:00:00,MH010,4.38,5.2140665,1
2020-06-19 02:00:00,MH010,3.09,4.781575,1
2020-06-19 03:00:00,MH010,5.72,4.6181993,1
2020-06-19 04:00:00,MH010,8.72,4.484296,1
2020-06-19 05:00:00,MH010,9.9,5.7253313,1
2020-06-19 06:00:00,MH010,11.81,7.5319223,1
2020-06-19 07:00:00,MH010,21.05,8.428536,1
2020-06-19 08:00:00,MH010,12.92,9.671445,1
2020-06-19 09:00:00,MH010,14.72,12.19494,1
2020-06-19 10:00:00,MH010,24.05,12.526765,1
2020-06-19 11:00:00,MH010,22.28,12.568788,1
2020-06-19 12:00:00,MH010,16.57,14.43049,1
2020-06-19 13:00:00,MH010,9.66,15.209634,1
2020-06-19 14:00:00,MH010,16.25,14.762664,1
2020-06-19 15:00:00,MH010,13.37,14.429204,1
2020-06-19 16:00:00,MH010,12.09,14.792417,1
2020-06-19 17:00:00,MH010,18.0,14.725497,1
2020-06-19 18:00:00,MH010,16.0,14.741891,1
2020-06-19 19:00:00,MH010,13.28,15.179578,1
2020-06-19 20:00:00,MH010,14.81,14.925567,1
2020-06-19 21:00:00,MH010,13.18,13.865891,1
2020-06-19 22:00:00,MH010,10.28,12.771985,1
2020-06-19 23:00:00,MH010,11.81,11.648824,1
2020-06-20 00:00:00,MH010,8.39,10.291451,1
2020-06-20 01:00:00,MH010,8.0,9.889802,1
2020-06-20 02:00:00,MH010,6.18,9.192021,1
2020-06-20 03:00:00,MH010,6.91,8.37703,1
2020-06-20 04:00:00,MH010,8.81,8.266152,1
2020-06-20 05:00:00,MH010,7.19,8.47347,1
2020-06-20 06:00:00,MH010,9.72,9.308274,1
2020-06-20 07:00:00,MH010,10.9,10.244412,1
2020-06-20 08:00:00,MH010,11.9,11.104085,1
2020-06-20 09:00:00,MH010,12.9,12.748048,1
2020-06-20 10:00:00,MH010,17.53,13.519887,1
2020-06-20 11:00:00,MH010,9.85,13.823182,1
2020-06-20 12:00:00,MH010,9.9,14.710799,1
2020-06-20 13:00:00,MH010,9.9,13.600362,1
2020-06-20 14:00:00,MH010,9.9,12.868249,1
2020-06-20 15:00:00,MH010,9.9,13.021592,1
2020-06-26 19:00:00,MH010,11.1,14.428361,1
2020-06-26 20:00:00,MH010,18.25,17.202604,1
2020-06-26 21:00:00,MH010,28.05,19.03762,1
2020-06-26 22:00:00,MH010,11.79,19.23991,1
2020-06-26 23:00:00,MH010,11.81,19.872355,1
2020-06-27 00:00:00,MH010,11.1,17.007408,1
2020-06-27 01:00:00,MH010,12.81,14.013387,1
2020-06-27 02:00:00,MH010,13.9,12.371381,1
2020-06-27 03:00:00,MH010,14.0,12.717187,1
2020-06-27 04:00:00,MH010,15.8,13.054013,1
2020-06-27 05:00:00,MH010,16.91,12.384545,1
2020-06-27 06:00:00,MH010,17.91,13.331281,1
2020-06-27 07:00:00,MH010,19.81,15.785907,1
2020-06-27 08:00:00,MH010,19.09,16.483593,1
2020-06-27 09:00:00,MH010,17.19,17.65373,1
2020-06-27 10:00:00,MH010,17.0,17.810543,1
2020-06-27 11:00:00,MH010,17.91,17.491398,1
2020-06-27 12:00:00,MH010,20.71,17.776178,1
2020-06-27 13:00:00,MH010,13.78,18.024189,1
2020-06-27 14:00:00,MH010,10.28,18.268644,1
2020-06-27 15:00:00,MH010,12.71,17.304571,1
2020-06-27 16:00:00,MH010,18.42,15.795793,1
2020-06-27 17:00:00,MH010,16.29,16.394472,1
2020-06-27 18:00:00,MH010,21.42,17.430199,1
2020-06-27 19:00:00,MH010,17.47,18.367332,1
2020-06-27 20:00:00,MH010,30.54,19.993628,1
2020-06-27 21:00:00,MH010,21.13,19.833672,1
2020-06-27 22:00:00,MH010,17.29,22.296902,1
2020-06-27 23:00:00,MH010,17.0,18.733122,1
2020-06-28 00:00:00,MH010,12.48,16.779373,1
2020-06-28 01:00:00,MH010,10.19,14.640271,1
2020-06-28 02:00:00,MH010,7.28,13.5743,1
2020-06-28 03:00:00,MH010,7.0,11.009526,1
2020-06-28 04:00:00,MH010,11.53,11.02535,1
2020-06-28 05:00:00,MH010,12.0,12.349298,1
2020-06-28 06:00:00,MH010,11.1,14.502791,1
2020-06-28 07:00:00,MH010,8.28,16.37281,1
2020-06-28 08:00:00,MH010,6.2,16.393545,1
2020-06-28 09:00:00,MH010,8.72,17.015438,1
2020-06-28 10:00:00,MH010,11.71,16.266897,1
2020-06-28 11:00:00,MH010,15.61,16.243052,1
2020-06-28 12:00:00,MH010,25.05,16.15597,1
2020-06-28 13:00:00,MH010,16.95,17.575603,1
2020-06-28 14:00:00,MH010,13.28,19.097895,1
2020-06-28 15:00:00,MH010,9.39,18.975525,1
2020-06-28 16:00:00,MH010,9.9,17.443615,1
2020-06-28 17:00:00,MH010,10.9,15.998006,1
2020-06-28 18:00:00,MH010,10.1,15.792388,1
2020-06-28 19:00:00,MH010,10.9,15.347468,1
2020-06-28 20:00:00,MH010,7.38,15.888282,1
2020-06-28 21:00:00,MH010,10.61,15.070451,1
2020-06-28 22:00:00,MH010,14.61,14.0141,1
2020-06-28 23:00:00,MH010,15.9,12.416665,1
2020-06-29 00:00:00,MH010,8.78,9.754151,1
2020-06-29 01:00:00,MH010,6.19,9.838128,1
2020-06-29 02:00:00,MH010,2.38,8.092656,1
2020-06-29 03:00:00,MH010,8.34,6.356118,1
2020-06-29 04:00:00,MH010,6.29,5.9200068,1
2020-06-29 05:00:00,MH010,10.28,8.337251,1
2020-06-29 06:00:00,MH010,11.2,10.059781,1
2020-06-29 07:00:00,MH010,13.71,11.19642,1
2020-06-29 08:00:00,MH010,10.38,11.454778,1
2020-06-29 09:00:00,MH010,16.34,12.600175,1
2020-06-29 10:00:00,MH010,9.77,12.6963625,1
2020-06-29 11:00:00,MH010,5.37,13.952134,1
2020-06-29 12:00:00,MH010,2.29,14.59459,1
2020-06-29 13:00:00,MH010,4.72,15.264472,1
2020-06-29 14:00:00,MH010,4.1,14.222032,1
2020-06-29 15:00:00,MH010,1.29,14.366508,1
2020-06-29 16:00:00,MH010,0.39,14.204656,1
2020-06-29 17:00:00,MH010,0.39,13.747487,1
2020-06-29 18:00:00,MH010,0.39,11.929814,1
2020-06-29 19:00:00,MH010,0.39,9.734273,1
2020-06-29 20:00:00,MH010,0.9,9.449491,1
2020-06-29 21:00:00,MH010,1.0,9.6301775,1
2020-06-29 22:00:00,MH010,1.0,7.8770723,1
2020-06-29 23:00:00,MH010,3.71,7.231889,1
2020-06-30 00:00:00,MH010,4.0,5.986951,1
2020-06-30 01:00:00,MH010,2.19,5.1792917,1
2020-06-30 02:00:00,MH010,0.78,4.6402025,1
2020-06-30 03:00:00,MH010,0.78,4.1834536,1
2020-06-30 04:00:00,MH010,0.78,4.291379,1
2020-06-30 05:00:00,MH010,0.78,4.55552,1
2020-06-30 06:00:00,MH010,4.53,5.014638,1
2020-06-30 07:00:00,MH010,4.09,6.1354914,1
2020-06-30 08:00:00,MH010,2.19,8.090199,1
2020-06-30 09:00:00,MH010,4.71,9.036229,1
2020-06-30 10:00:00,MH010,4.09,9.481515,1
2020-06-30 11:00:00,MH010,4.9,9.880445,1
2020-06-30 12:00:00,MH010,8.63,10.034951,1
2020-06-30 13:00:00,MH010,7.19,9.95535,1
2020-06-30 14:00:00,MH010,4.28,10.192872,1
2020-06-30 15:00:00,MH010,4.0,9.711499,1
2020-06-30 16:00:00,MH010,4.9,9.353478,1
2020-06-30 17:00:00,MH010,5.0,9.132489,1
2020-06-30 18:00:00,MH010,5.0,8.86852,1
2020-06-30 19:00:00,MH010,4.1,8.517987,1
2020-06-30 20:00:00,MH010,2.19,8.076547,1
2020-06-30 21:00:00,MH010,3.81,7.2385607,1
2020-06-30 22:00:00,MH010,4.0,5.93974,1
2020-06-30 23:00:00,MH010,4.0,5.2155504,1
2020-05-04 03:00:00,MH011,10.23,9.983926,1
2020-05-04 04:00:00,MH011,9.12,12.212838,1
2020-05-04 05:00:00,MH011,11.65,13.202634,1
2020-05-04 06:00:00,MH011,15.52,13.737145,1
2020-05-04 07:00:00,MH011,12.48,14.403176,1
2020-05-04 08:00:00,MH011,12.88,16.24293,1
2020-05-04 09:00:00,MH011,13.88,15.516103,1
2020-05-04 10:00:00,MH011,11.35,15.296414,1
2020-05-04 11:00:00,MH011,13.64,14.973842,1
2020-05-04 12:00:00,MH011,11.36,14.90253,1
2020-05-04 13:00:00,MH011,13.65,15.549123,1
2020-05-04 14:00:00,MH011,14.0,15.491593,1
2020-05-04 15:00:00,MH011,12.23,15.889783,1
2020-05-04 16:00:00,MH011,12.88,16.35169,1
2020-05-04 17:00:00,MH011,13.0,16.52099,1
2020-05-04 18:00:00,MH011,12.12,16.92213,1
2020-05-04 19:00:00,MH011,12.0,17.359652,1
2020-05-04 20:00:00,MH011,12.0,16.217804,1
2020-05-04 21:00:00,MH011,11.0,15.277799,1
2020-05-04 22:00:00,MH011,7.48,14.533307,1
2020-05-04 23:00:00,MH011,7.0,13.583184,1
2020-05-05 00:00:00,MH011,7.88,12.118958,1
2020-05-05 01:00:00,MH011,10.64,11.715432,1
2020-05-05 02:00:00,MH011,7.47,11.147813,1
2020-05-05 03:00:00,MH011,5.23,11.07628,1
2020-05-05 04:00:00,MH011,6.76,11.463559,1
2020-05-05 05:00:00,MH011,7.0,11.487538,1
2020-05-05 06:00:00,MH011,14.95,12.99878,1
2020-05-05 07:00:00,MH011,16.0,14.716535,1
2020-05-05 08:00:00,MH011,16.88,18.075506,1
2020-05-05 09:00:00,MH011,11.7,18.571692,1
2020-05-05 10:00:00,MH011,10.12,17.943518,1
2020-05-05 11:00:00,MH011,12.64,15.938226,1
2020-05-05 12:00:00,MH011,10.35,14.657338,1
2020-05-05 13:00:00,MH011,8.24,14.89729,1
2020-05-05 14:00:00,MH011,11.53,15.202371,1
2020-05-05 15:00:00,MH011,11.12,15.249671,1
2020-05-05 16:00:00,MH011,8.35,15.782191,1
2020-05-05 17:00:00,MH011,10.65,16.046051,1
2020-05-05 18:00:00,MH011,11.0,15.699088,1
2020-05-05 19:00:00,MH011,10.12,15.467925,1
2020-05-05 20:00:00,MH011,16.18,14.72157,1
2020-05-05 21:00:00,MH011,14.35,13.714105,1
2020-05-05 22:00:00,MH011,15.76,13.905374,1
2020-05-05 23:00:00,MH011,12.48,13.633733,1
2020-05-06 00:00:00,MH011,13.76,13.328328,1
2020-05-06 01:00:00,MH011,19.3,12.709649,1
2020-05-06 02:00:00,MH011,18.24,13.521485,1
2020-05-06 03:00:00,MH011,10.93,15.189397,1
2020-05-06 04:00:00,MH011,10.0,16.28715,1
2020-05-06 05:00:00,MH011,10.88,15.49171,1
2020-05-06 06:00:00,MH011,9.23,15.099183,1
2020-05-06 07:00:00,MH011,15.16,15.136987,1
2020-05-06 08:00:00,MH011,13.36,15.365054,1
2020-05-06 09:00:00,MH011,11.23,16.870224,1
2020-05-06 10:00:00,MH011,13.64,17.006771,1
2020-05-06 11:00:00,MH011,14.88,16.281721,1
2020-05-06 12:00:00,MH011,12.36,15.697034,1
2020-05-06 13:00:00,MH011,12.88,15.57051,1
2020-05-06 14:00:00,MH011,11.24,15.242675,1
2020-05-06 15:00:00,MH011,15.4,15.553353,1
2020-05-06 16:00:00,MH011,13.36,15.853541,1
2020-05-06 17:00:00,MH011,13.88,16.6198,1
2020-05-06 18:00:00,MH011,16.64,16.821182,1
2020-05-06 19:00:00,MH011,16.12,16.922607,1
2020-05-06 20:00:00,MH011,16.0,17.014114,1
2020-05-06 21:00:00,MH011,15.12,16.50222,1
2020-05-06 22:00:00,MH011,11.48,15.703961,1
2020-05-06 23:00:00,MH011,22.45,14.822413,1
2020-05-07 00:00:00,MH011,16.1,13.340943,1
2020-05-07 01:00:00,MH011,10.58,14.999114,1
2020-05-07 02:00:00,MH011,11.76,14.430778,1
2020-05-07 03:00:00,MH011,12.88,13.411717,1
2020-05-07 04:00:00,MH011,13.88,14.662387,1
2020-05-07 05:00:00,MH011,13.12,16.086449,1
2020-05-07 06:00:00,MH011,15.64,17.365807,1
2020-05-07 07:00:00,MH011,30.13,18.161367,1
2020-05-07 08:00:00,MH011,22.32,18.691063,1
2020-05-07 09:00:00,MH011,15.72,21.661552,1
2020-05-07 10:00:00,MH011,16.76,21.024485,1
2020-05-07 11:00:00,MH011,26.72,19.165754,1
2020-05-07 12:00:00,MH011,15.63,18.017536,1
2020-05-07 13:00:00,MH011,13.12,18.553486,1
2020-05-07 14:00:00,MH011,14.77,16.89972,1
2020-05-07 15:00:00,MH011,13.24,16.64828,1
2020-05-07 16:00:00,MH011,15.65,16.9585,1
2020-05-07 17:00:00,MH011,16.0,17.366594,1
2020-05-07 18:00:00,MH011,20.42,17.694742,1
2020-05-07 19:00:00,MH011,23.65,18.071705,1
2020-05-07 20:00:00,MH011,21.35,18.141726,1
2020-05-07 21:00:00,MH011,21.88,18.103691,1
2020-05-07 22:00:00,MH011,24.65,17.734112,1
2020-05-07 23:00:00,MH011,26.77,17.919487,1
2020-05-08 00:00:00,MH011,23.48,18.609707,1
2020-05-08 01:00:00,MH011,17.7,19.11491,1
2020-05-08 02:00:00,MH011,21.42,18.378874,1
2020-05-08 03:00:00,MH011,26.42,17.160316,1
2020-05-08 04:00:00,MH011,19.07,18.674122,1
2020-05-08 05:00:00,MH011,29.45,21.221718,1
2020-05-08 06:00:00,MH011,38.07,21.87956,1
2020-05-08 07:00:00,MH011,34.6,25.366928,1
2020-05-08 08:00:00,MH011,27.82,27.829344,1
2020-05-08 09:00:00,MH011,20.82,29.788338,1
2020-05-08 10:00:00,MH011,26.16,27.336647,1
2020-05-08 11:00:00,MH011,23.47,23.879015,1
2020-05-08 12:00:00,MH011,16.82,22.39,1
2020-05-08 13:00:00,MH011,14.23,21.627419,1
2020-05-08 14:00:00,MH011,12.24,19.843958,1
2020-05-08 15:00:00,MH011,10.23,18.645393,1
2020-05-08 16:00:00,MH011,10.0,18.205513,1
2020-05-08 17:00:00,MH011,10.88,17.85775,1
2020-05-08 18:00:00,MH011,7.47,18.207952,1
2020-05-08 19:00:00,MH011,9.64,18.07204,1
2020-05-08 20:00:00,MH011,12.64,16.903782,1
2020-05-08 21:00:00,MH011,16.53,16.146397,1
2020-05-08 22:00:00,MH011,15.23,16.15492,1
2020-05-08 23:00:00,MH011,8.82,16.5544,1
2020-05-09 00:00:00,MH011,6.24,16.224258,1
2020-05-09 01:00:00,MH011,9.52,15.456214,1
2020-05-09 02:00:00,MH011,9.12,14.019582,1
2020-05-09 03:00:00,MH011,9.0,14.063561,1
2020-05-09 04:00:00,MH011,8.12,14.614333,1
2020-05-09 05:00:00,MH011,6.23,17.41375,1
2020-05-09 06:00:00,MH011,12.16,18.2901,1
2020-05-09 07:00:00,MH011,24.45,18.592344,1
2020-05-09 08:00:00,MH011,21.58,20.329723,1
2020-05-09 09:00:00,MH011,15.72,23.289852,1
2020-05-09 10:00:00,MH011,19.42,22.235641,1
2020-05-09 11:00:00,MH011,19.12,19.737017,1
2020-05-09 12:00:00,MH011,15.48,18.481031,1
2020-05-09 13:00:00,MH011,16.76,17.427116,1
2020-05-09 14:00:00,MH011,9.93,16.08864,1
2020-05-09 15:00:00,MH011,12.53,16.004885,1
2020-05-09 16:00:00,MH011,9.47,15.516374,1
2020-05-09 17:00:00,MH011,13.42,15.89454,1
2020-05-09 18:00:00,MH011,12.24,16.252354,1
2020-05-09 19:00:00,MH011,14.64,16.857435,1
2020-05-09 20:00:00,MH011,12.35,16.59841,1
2020-05-09 21:00:00,MH011,12.0,16.268549,1
2020-05-09 22:00:00,MH011,15.53,15.349353,1
2020-05-09 23:00:00,MH011,21.28,15.0797415,1
2020-05-10 00:00:00,MH011,14.96,14.7739725,1
2020-05-10 01:00:00,MH011,11.35,15.675851,1
2020-05-10 02:00:00,MH011,10.12,16.076946,1
2020-05-10 03:00:00,MH011,10.0,15.544002,1
2020-05-10 04:00:00,MH011,9.12,15.486367,1
2020-05-10 05:00:00,MH011,16.05,16.182964,1
2020-05-10 06:00:00,MH011,25.8,16.787878,1
2020-05-10 07:00:00,MH011,13.79,18.346169,1
2020-05-10 08:00:00,MH011,9.36,20.318287,1
2020-05-10 09:00:00,MH011,12.52,20.020939,1
2020-05-10 10:00:00,MH011,13.88,17.411999,1
2020-05-10 11:00:00,MH011,16.65,16.628263,1
2020-05-10 12:00:00,MH011,10.82,16.021507,1
2020-05-10 13:00:00,MH011,11.76,15.929694,1
2020-05-10 14:00:00,MH011,8.48,14.85003,1
2020-05-10 15:00:00,MH011,10.65,14.595021,1
2020-05-10 16:00:00,MH011,13.64,14.359649,1
2020-05-10 17:00:00,MH011,12.23,14.962535,1
2020-05-10 18:00:00,MH011,8.47,15.643901,1
2020-05-10 19:00:00,MH011,8.0,15.812898,1
2020-05-10 20:00:00,MH011,13.28,14.911725,1
2020-05-10 21:00:00,MH011,10.47,14.773187,1
2020-05-10 22:00:00,MH011,15.28,15.425384,1
2020-05-10 23:00:00,MH011,11.58,15.078877,1
2020-05-11 00:00:00,MH011,15.4,14.97619,1
2020-05-11 01:00:00,MH011,18.0,16.432915,1
2020-05-11 02:00:00,MH011,14.47,18.676617,1
2020-05-11 03:00:00,MH011,11.35,17.878822,1
2020-05-11 04:00:00,MH011,18.93,16.78125,1
2020-05-11 05:00:00,MH011,18.23,14.908307,1
2020-05-11 06:00:00,MH011,29.45,17.44102,1
2020-05-11 07:00:00,MH011,55.66,17.559374,1
2020-05-11 08:00:00,MH011,24.66,21.758135,1
2020-05-11 09:00:00,MH011,20.88,28.284555,1
2020-05-11 10:00:00,MH011,17.47,21.616491,1
2020-05-11 11:00:00,MH011,20.53,20.039377,1
2020-05-11 12:00:00,MH011,16.58,18.302546,1
2020-05-11 13:00:00,MH011,11.58,18.097073,1
2020-05-11 14:00:00,MH011,8.36,18.670372,1
2020-05-11 15:00:00,MH011,8.0,19.265291,1
2020-05-11 16:00:00,MH011,6.23,18.02447,1
2020-05-11 17:00:00,MH011,6.88,17.140162,1
2020-05-11 18:00:00,MH011,12.28,16.293596,1
2020-05-11 19:00:00,MH011,13.88,15.521382,1
2020-05-11 20:00:00,MH011,11.36,14.86144,1
2020-05-11 21:00:00,MH011,16.3,14.009103,1
2020-05-11 22:00:00,MH011,14.35,13.665635,1
2020-05-11 23:00:00,MH011,11.36,14.053781,1
2020-05-12 00:00:00,MH011,10.12,15.382142,1
2020-05-12 01:00:00,MH011,12.64,15.158904,1
2020-05-12 02:00:00,MH011,8.6,14.9737425,1
2020-05-12 03:00:00,MH011,11.53,15.601314,1
2020-05-12 04:00:00,MH011,12.0,14.818545,1
2020-05-12 05:00:00,MH011,19.95,14.929669,1
2020-05-12 06:00:00,MH011,21.0,16.24229,1
2020-05-12 07:00:00,MH011,29.83,18.282011,1
2020-05-12 08:00:00,MH011,26.58,19.444359,1
2020-05-12 09:00:00,MH011,13.67,21.833347,1
2020-05-12 10:00:00,MH011,19.07,22.409533,1
2020-05-12 11:00:00,MH011,20.0,18.892385,1
2020-05-12 12:00:00,MH011,15.58,17.971123,1
2020-05-12 13:00:00,MH011,8.84,17.942415,1
2020-05-12 14:00:00,MH011,7.12,17.150608,1
2020-05-12 15:00:00,MH011,7.88,16.514345,1
2020-05-12 16:00:00,MH011,14.16,16.302874,1
2020-05-12 17:00:00,MH011,10.58,15.97351,1
2020-05-12 18:00:00,MH011,14.4,16.51388,1
2020-05-12 19:00:00,MH011,12.35,15.845132,1
2020-05-12 20:00:00,MH011,14.64,15.590068,1
2020-05-12 21:00:00,MH011,12.35,14.670884,1
2020-05-12 22:00:00,MH011,11.12,14.267686,1
2020-05-12 23:00:00,MH011,10.12,13.632157,1
2020-05-13 00:00:00,MH011,8.23,13.066953,1
2020-05-13 01:00:00,MH011,11.53,12.457879,1
2020-05-13 02:00:00,MH011,8.47,11.611623,1
2020-05-13 03:00:00,MH011,9.76,13.457456,1
2020-05-13 04:00:00,MH011,10.0,13.887258,1
2020-05-13 05:00:00,MH011,9.12,14.867368,1
2020-05-13 06:00:00,MH011,9.0,15.879306,1
2020-05-13 07:00:00,MH011,21.37,15.890363,1
2020-05-13 08:00:00,MH011,22.12,16.250753,1
2020-05-13 09:00:00,MH011,18.48,20.042913,1
2020-05-13 10:00:00,MH011,18.88,21.588802,1
2020-05-13 11:00:00,MH011,20.77,20.624937,1
2020-05-13 12:00:00,MH011,13.96,18.609507,1
2020-05-13 13:00:00,MH011,13.0,17.81616,1
2020-05-13 14:00:00,MH011,10.35,16.691217,1
2020-05-13 15:00:00,MH011,6.48,16.762993,1
2020-05-13 16:00:00,MH011,6.88,16.725838,1
2020-05-13 17:00:00,MH011,7.88,16.107351,1
2020-05-13 18:00:00,MH011,8.88,15.71189,1
2020-05-13 19:00:00,MH011,9.0,15.329127,1
2020-05-13 20:00:00,MH011,11.65,14.533719,1
2020-05-13 21:00:00,MH011,9.36,13.202245,1
2020-05-13 22:00:00,MH011,8.12,12.577855,1
2020-05-13 23:00:00,MH011,8.0,11.781388,1
2020-05-14 00:00:00,MH011,9.76,11.073178,1
2020-05-14 01:00:00,MH011,9.12,10.589234,1
2020-05-14 02:00:00,MH011,9.88,12.097062,1
2020-05-14 03:00:00,MH011,9.12,12.646104,1
2020-05-14 04:00:00,MH011,9.88,13.688428,1
2020-05-14 05:00:00,MH011,11.77,14.167008,1
2020-05-14 06:00:00,MH011,15.53,15.849874,1
2020-05-14 07:00:00,MH011,16.88,16.989014,1
2020-05-14 08:00:00,MH011,12.6,18.90113,1
2020-05-14 09:00:00,MH011,9.35,18.607737,1
2020-05-14 10:00:00,MH011,15.16,17.281322,1
2020-05-14 11:00:00,MH011,14.23,15.36358,1
2020-05-14 12:00:00,MH011,10.48,14.983569,1
2020-05-14 13:00:00,MH011,13.52,14.524081,1
2020-05-14 14:00:00,MH011,9.58,14.203431,1
2020-05-14 15:00:00,MH011,9.77,14.809976,1
2020-05-14 16:00:00,MH011,9.77,15.0905485,1
2020-05-14 17:00:00,MH011,10.0,15.135818,1
2020-05-14 18:00:00,MH011,10.0,15.05482,1
2020-05-14 19:00:00,MH011,10.0,14.833535,1
2020-05-14 20:00:00,MH011,10.0,14.184258,1
2020-05-17 04:00:00,MH011,38.98,30.232307,1
2020-05-17 05:00:00,MH011,39.76,36.036667,1
2020-05-17 06:00:00,MH011,42.63,39.328022,1
2020-05-17 07:00:00,MH011,39.49,41.54179,1
2020-05-17 08:00:00,MH011,34.61,43.75894,1
2020-05-17 09:00:00,MH011,34.0,38.82979,1
2020-05-17 10:00:00,MH011,32.24,34.57086,1
2020-05-17 11:00:00,MH011,31.12,32.82618,1
2020-05-17 12:00:00,MH011,28.36,31.00879,1
2020-05-17 13:00:00,MH011,24.48,29.268631,1
2020-05-17 14:00:00,MH011,24.0,27.631863,1
2020-05-17 15:00:00,MH011,18.73,25.751356,1
2020-05-17 16:00:00,MH011,18.73,25.164951,1
2020-05-17 17:00:00,MH011,18.73,23.936928,1
2020-05-17 18:00:00,MH011,18.73,23.200327,1
2020-05-17 19:00:00,MH011,19.0,23.248009,1
2020-05-17 20:00:00,MH011,19.0,23.171337,1
2020-05-17 21:00:00,MH011,19.0,22.266724,1
2020-05-17 22:00:00,MH011,19.0,21.479572,1
2020-05-17 23:00:00,MH011,19.0,20.856936,1
2020-05-18 00:00:00,MH011,20.0,20.897707,1
2020-05-18 01:00:00,MH011,20.0,19.167646,1
2020-05-18 02:00:00,MH011,20.0,17.396547,1
2020-05-18 03:00:00,MH011,20.0,16.116554,1
2020-05-22 02:00:00,MH011,14.02,14.541368,1
2020-05-22 03:00:00,MH011,14.12,13.12227,1
2020-05-22 04:00:00,MH011,10.5,13.726571,1
2020-05-22 05:00:00,MH011,14.38,14.984761,1
2020-05-22 06:00:00,MH011,9.72,15.264689,1
2020-05-22 07:00:00,MH011,14.27,16.201946,1
2020-05-22 08:00:00,MH011,11.49,16.215155,1
2020-05-22 09:00:00,MH011,11.88,17.1781,1
2020-05-22 10:00:00,MH011,11.12,17.201065,1
2020-05-22 11:00:00,MH011,14.51,17.151196,1
2020-05-22 12:00:00,MH011,11.49,16.321486,1
2020-05-22 13:00:00,MH011,12.75,16.08014,1
2020-05-22 14:00:00,MH011,10.37,15.602685,1
2020-05-22 15:00:00,MH011,10.88,16.054045,1
2020-05-22 16:00:00,MH011,14.51,16.205631,1
2020-05-22 17:00:00,MH011,10.61,16.748755,1
2020-05-22 18:00:00,MH011,11.75,17.62251,1
2020-05-22 19:00:00,MH011,12.0,17.751959,1
2020-05-22 20:00:00,MH011,13.75,17.964563,1
2020-05-22 21:00:00,MH011,16.62,17.911535,1
2020-05-22 22:00:00,MH011,13.5,17.476673,1
2020-05-22 23:00:00,MH011,10.38,16.83292,1
2020-05-23 00:00:00,MH011,16.12,15.538297,1
2020-05-23 01:00:00,MH011,14.37,14.627772,1
2020-05-23 02:00:00,MH011,14.0,14.387008,1
2020-05-23 03:00:00,MH011,13.12,14.650664,1
2020-05-23 04:00:00,MH011,11.25,14.786868,1
2020-05-23 05:00:00,MH011,15.38,17.019476,1
2020-05-23 06:00:00,MH011,17.75,18.232813,1
2020-05-23 07:00:00,MH011,15.37,19.198372,1
2020-05-23 08:00:00,MH011,20.27,20.187801,1
2020-05-23 09:00:00,MH011,16.61,20.458275,1
2020-05-23 10:00:00,MH011,12.49,19.621836,1
2020-05-23 11:00:00,MH011,13.75,17.731155,1
2020-05-23 12:00:00,MH011,17.48,15.820895,1
2020-05-23 13:00:00,MH011,17.12,14.977456,1
2020-05-23 14:00:00,MH011,10.86,14.710013,1
2020-05-23 15:00:00,MH011,9.12,15.21168,1
2020-05-23 16:00:00,MH011,10.75,15.256078,1
2020-05-23 17:00:00,MH011,16.27,15.210076,1
2020-05-23 18:00:00,MH011,16.12,15.556077,1
2020-05-23 19:00:00,MH011,15.12,16.260359,1
2020-05-23 20:00:00,MH011,12.36,16.345379,1
2020-05-23 21:00:00,MH011,12.0,16.111515,1
2020-05-23 22:00:00,MH011,12.0,15.45765,1
2020-05-23 23:00:00,MH011,9.37,14.634202,1
2020-05-24 00:00:00,MH011,8.12,13.850232,1
2020-05-24 01:00:00,MH011,10.62,13.180829,1
2020-05-24 02:00:00,MH011,9.25,12.595586,1
2020-05-24 03:00:00,MH011,11.63,12.781598,1
2020-05-24 04:00:00,MH011,13.75,13.074864,1
2020-05-24 05:00:00,MH011,12.25,14.42772,1
2020-05-24 06:00:00,MH011,10.25,15.446208,1
2020-05-24 07:00:00,MH011,12.62,15.7982435,1
2020-05-24 08:00:00,MH011,13.0,15.871219,1
2020-05-24 09:00:00,MH011,13.0,16.46103,1
2020-05-24 10:00:00,MH011,11.25,17.213326,1
2020-05-24 11:00:00,MH011,11.88,16.87854,1
2020-05-24 12:00:00,MH011,10.25,15.612346,1
2020-05-24 13:00:00,MH011,12.62,14.857438,1
2020-05-24 14:00:00,MH011,10.38,14.553,1
2020-05-24 15:00:00,MH011,10.0,15.020955,1
2020-05-24 16:00:00,MH011,7.38,14.847165,1
2020-05-24 17:00:00,MH011,8.75,15.07059,1
2020-05-24 18:00:00,MH011,10.75,14.948197,1
2020-05-24 19:00:00,MH011,8.38,15.287,1
2020-05-24 20:00:00,MH011,8.88,15.470202,1
2020-05-24 21:00:00,MH011,16.02,15.035342,1
2020-05-24 22:00:00,MH011,10.86,14.453691,1
2020-05-24 23:00:00,MH011,9.12,14.709073,1
2020-05-25 00:00:00,MH011,9.0,13.533391,1
2020-05-25 01:00:00,MH011,9.0,11.453954,1
2020-05-25 02:00:00,MH011,7.25,9.714101,1
2020-05-25 03:00:00,MH011,15.78,9.038499,1
2020-05-25 04:00:00,MH011,8.25,8.964936,1
2020-05-25 05:00:00,MH011,9.62,13.282052,1
2020-05-25 06:00:00,MH011,10.0,14.214391,1
2020-05-25 07:00:00,MH011,18.78,15.189145,1
2020-05-25 08:00:00,MH011,14.75,17.173092,1
2020-05-25 09:00:00,MH011,20.06,18.059929,1
2020-05-25 10:00:00,MH011,14.86,17.786474,1
2020-05-25 11:00:00,MH011,13.12,18.272268,1
2020-05-25 12:00:00,MH011,10.37,16.49793,1
2020-05-25 13:00:00,MH011,16.12,16.331137,1
2020-05-25 14:00:00,MH011,13.5,16.46582,1
2020-05-25 15:00:00,MH011,13.0,17.495062,1
2020-05-25 16:00:00,MH011,10.37,17.58709,1
2020-05-25 17:00:00,MH011,9.12,17.53351,1
2020-05-25 18:00:00,MH011,11.62,16.955914,1
2020-05-25 19:00:00,MH011,12.88,16.231415,1
2020-05-25 20:00:00,MH011,14.75,15.792197,1
2020-05-25 21:00:00,MH011,15.0,15.4200945,1
2020-05-25 22:00:00,MH011,19.38,14.791505,1
2020-05-25 23:00:00,MH011,19.12,14.10579,1
2020-05-26 00:00:00,MH011,12.02,14.433013,1
2020-05-26 01:00:00,MH011,17.12,13.839047,1
2020-05-26 02:00:00,MH011,11.0,11.873071,1
2020-05-26 03:00:00,MH011,12.63,12.063092,1
2020-05-26 04:00:00,MH011,16.5,12.110894,1
2020-05-26 05:00:00,MH011,16.12,12.767087,1
2020-05-26 06:00:00,MH011,16.88,14.503552,1
2020-05-26 07:00:00,MH011,14.38,16.162672,1
2020-05-26 08:00:00,MH011,14.88,17.223213,1
2020-05-26 09:00:00,MH011,18.5,17.523748,1
2020-05-26 10:00:00,MH011,14.61,17.274124,1
2020-05-26 11:00:00,MH011,14.0,18.223719,1
2020-05-26 12:00:00,MH011,12.25,18.2545,1
2020-05-26 13:00:00,MH011,12.0,18.164995,1
2020-05-26 14:00:00,MH011,9.38,18.31117,1
2020-05-26 15:00:00,MH011,12.51,18.045732,1
2020-05-26 16:00:00,MH011,9.49,17.947422,1
2020-05-26 17:00:00,MH011,8.12,18.315975,1
2020-05-26 18:00:00,MH011,7.12,17.899498,1
2020-05-26 19:00:00,MH011,8.75,17.204807,1
2020-05-26 20:00:00,MH011,10.75,16.274616,1
2020-05-26 21:00:00,MH011,10.12,15.603543,1
2020-05-26 22:00:00,MH011,10.0,14.968787,1
2020-05-26 23:00:00,MH011,9.12,13.92907,1
2020-05-27 00:00:00,MH011,11.62,12.748277,1
2020-05-27 01:00:00,MH011,12.0,12.281213,1
2020-05-27 02:00:00,MH011,9.37,11.940026,1
2020-05-27 03:00:00,MH011,11.62,11.675607,1
2020-05-27 04:00:00,MH011,12.0,11.381848,1
2020-05-27 05:00:00,MH011,9.38,11.608277,1
2020-05-27 06:00:00,MH011,9.88,12.061444,1
2020-05-27 07:00:00,MH011,10.88,12.303552,1
2020-05-27 08:00:00,MH011,11.88,12.757432,1
2020-05-27 09:00:00,MH011,11.12,13.387391,1
2020-05-27 10:00:00,MH011,11.88,14.144265,1
2020-05-27 11:00:00,MH011,9.38,14.630649,1
2020-05-27 12:00:00,MH011,8.12,15.11144,1
2020-05-27 13:00:00,MH011,7.12,15.281062,1
2020-05-27 14:00:00,MH011,6.12,15.515351,1
2020-05-27 15:00:00,MH011,6.88,15.678683,1
2020-05-27 16:00:00,MH011,8.75,15.803348,1
2020-05-27 17:00:00,MH011,10.75,16.000586,1
2020-05-27 18:00:00,MH011,13.62,16.17382,1
2020-05-27 19:00:00,MH011,15.75,16.237331,1
2020-05-27 20:00:00,MH011,9.0,16.244598,1
2020-05-27 21:00:00,MH011,10.63,16.18549,1
2020-05-27 22:00:00,MH011,11.88,14.681006,1
2020-05-27 23:00:00,MH011,12.0,13.682015,1
2020-05-28 00:00:00,MH011,11.12,13.16631,1
2020-05-28 01:00:00,MH011,8.38,12.420732,1
2020-05-28 02:00:00,MH011,8.0,11.295205,1
2020-05-28 03:00:00,MH011,9.75,10.47326,1
2020-05-28 04:00:00,MH011,10.0,9.865453,1
2020-05-28 05:00:00,MH011,10.88,10.302243,1
2020-05-28 06:00:00,MH011,11.88,10.934579,1
2020-05-28 07:00:00,MH011,12.88,11.5982485,1
2020-05-28 08:00:00,MH011,11.25,12.566419,1
2020-05-28 09:00:00,MH011,12.75,13.454911,1
2020-05-28 10:00:00,MH011,11.25,13.96045,1
2020-05-28 11:00:00,MH011,8.37,14.601382,1
2020-05-28 12:00:00,MH011,7.12,14.808177,1
2020-05-28 13:00:00,MH011,7.0,14.8178625,1
2020-05-28 14:00:00,MH011,4.38,15.007592,1
2020-05-28 15:00:00,MH011,6.63,15.144967,1
2020-05-28 16:00:00,MH011,12.27,14.90101,1
2020-05-28 17:00:00,MH011,9.51,15.232558,1
2020-05-28 18:00:00,MH011,11.63,15.972571,1
2020-05-28 19:00:00,MH011,13.75,15.77069,1
2020-05-28 20:00:00,MH011,11.37,15.812169,1
2020-05-28 21:00:00,MH011,13.63,15.403464,1
2020-05-28 22:00:00,MH011,8.74,14.295939,1
2020-05-28 23:00:00,MH011,8.0,13.508237,1
2020-05-29 00:00:00,MH011,5.38,12.190373,1
2020-05-29 01:00:00,MH011,5.0,10.55034,1
2020-05-29 02:00:00,MH011,6.75,9.382699,1
2020-05-29 03:00:00,MH011,7.88,8.9098215,1
2020-05-29 04:00:00,MH011,9.75,8.827012,1
2020-05-29 05:00:00,MH011,6.5,9.522424,1
2020-05-29 06:00:00,MH011,6.0,10.604714,1
2020-05-29 07:00:00,MH011,5.12,12.06667,1
2020-05-29 08:00:00,MH011,7.62,13.000001,1
2020-05-29 09:00:00,MH011,8.88,13.224473,1
2020-05-29 10:00:00,MH011,7.25,13.320119,1
2020-05-29 11:00:00,MH011,9.63,13.927133,1
2020-05-29 12:00:00,MH011,8.25,13.807469,1
2020-05-29 13:00:00,MH011,6.25,13.602208,1
2020-05-29 14:00:00,MH011,5.12,13.626321,1
2020-05-29 15:00:00,MH011,3.25,13.695928,1
2020-05-29 16:00:00,MH011,3.0,13.574277,1
2020-05-29 17:00:00,MH011,6.51,13.430699,1
2020-05-29 18:00:00,MH011,4.38,13.35381,1
2020-05-29 19:00:00,MH011,6.62,13.546678,1
2020-05-29 20:00:00,MH011,10.5,13.276147,1
2020-05-29 21:00:00,MH011,8.38,13.184396,1
2020-05-29 22:00:00,MH011,5.37,13.397828,1
2020-05-29 23:00:00,MH011,6.75,13.056024,1
2020-05-30 00:00:00,MH011,7.0,11.943315,1
2020-05-30 01:00:00,MH011,6.12,11.408757,1
2020-05-30 02:00:00,MH011,7.75,10.960912,1
2020-05-30 03:00:00,MH011,7.12,10.784688,1
2020-05-30 04:00:00,MH011,12.24,11.881249,1
2020-05-30 05:00:00,MH011,9.5,12.613057,1
2020-05-30 06:00:00,MH011,6.37,13.688767,1
2020-05-30 07:00:00,MH011,11.25,14.509072,1
2020-05-30 08:00:00,MH011,10.25,14.146787,1
2020-05-30 09:00:00,MH011,7.37,15.116387,1
2020-05-30 10:00:00,MH011,5.25,15.750119,1
2020-05-30 11:00:00,MH011,5.0,14.865727,1
2020-05-30 12:00:00,MH011,5.88,13.724523,1
2020-05-30 13:00:00,MH011,5.12,12.663289,1
2020-05-30 14:00:00,MH011,3.25,12.533711,1
2020-05-30 15:00:00,MH011,5.62,12.6424265,1
2020-05-30 16:00:00,MH011,4.25,12.622617,1
2020-05-30 17:00:00,MH011,6.62,12.9815035,1
2020-05-30 18:00:00,MH011,6.12,13.156507,1
2020-05-30 19:00:00,MH011,6.0,13.303929,1
2020-05-30 20:00:00,MH011,5.12,13.177129,1
2020-05-30 21:00:00,MH011,8.5,13.028939,1
2020-05-30 22:00:00,MH011,8.12,12.66573,1
2020-05-30 23:00:00,MH011,7.12,12.560475,1
2020-05-31 00:00:00,MH011,7.87,11.9523325,1
2020-05-31 01:00:00,MH011,8.0,11.315335,1
2020-05-31 02:00:00,MH011,6.25,10.457936,1
2020-05-31 03:00:00,MH011,6.0,10.035172,1
2020-05-31 04:00:00,MH011,6.88,9.730901,1
2020-05-31 05:00:00,MH011,8.75,9.8502245,1
2020-05-31 06:00:00,MH011,7.25,9.755895,1
2020-05-31 07:00:00,MH011,9.62,10.542844,1
2020-05-31 08:00:00,MH011,14.38,11.293733,1
2020-05-31 09:00:00,MH011,10.62,12.065515,1
2020-05-31 10:00:00,MH011,10.88,13.048608,1
2020-05-31 11:00:00,MH011,9.25,12.782498,1
2020-05-31 12:00:00,MH011,6.38,12.542207,1
2020-05-31 13:00:00,MH011,8.62,12.485501,1
2020-05-31 14:00:00,MH011,9.0,12.892068,1
2020-05-31 15:00:00,MH011,9.0,13.217851,1
2020-05-31 16:00:00,MH011,6.38,13.707814,1
2020-05-31 17:00:00,MH011,9.5,13.978005,1
2020-05-31 18:00:00,MH011,9.12,13.887811,1
2020-05-31 19:00:00,MH011,11.62,14.293696,1
2020-05-31 20:00:00,MH011,7.62,14.280564,1
2020-05-31 21:00:00,MH011,7.0,14.501061,1
2020-05-31 22:00:00,MH011,6.12,13.483075,1
2020-05-31 23:00:00,MH011,6.88,12.2776,1
2020-06-01 00:00:00,MH011,5.25,11.604859,1
2020-06-01 01:00:00,MH011,12.88,10.340531,1
2020-06-01 02:00:00,MH011,8.75,8.510884,1
2020-06-01 03:00:00,MH011,6.25,8.903974,1
2020-06-01 04:00:00,MH011,11.27,8.966355,1
2020-06-01 05:00:00,MH011,8.5,9.193891,1
2020-06-01 06:00:00,MH011,6.25,10.431539,1
2020-06-01 07:00:00,MH011,5.12,10.248773,1
2020-06-01 08:00:00,MH011,5.88,11.464055,1
2020-06-01 09:00:00,MH011,6.0,12.400849,1
2020-06-01 10:00:00,MH011,6.0,12.840642,1
2020-06-01 11:00:00,MH011,11.25,14.249703,1
2020-06-01 12:00:00,MH011,25.12,15.994895,1
2020-06-01 13:00:00,MH011,24.38,16.29211,1
2020-06-01 14:00:00,MH011,20.5,19.466654,1
2020-06-01 15:00:00,MH011,19.12,20.297842,1
2020-06-01 16:00:00,MH011,19.0,21.29342,1
2020-06-01 17:00:00,MH011,17.25,22.11331,1
2020-06-01 18:00:00,MH011,17.88,20.014063,1
2020-06-01 19:00:00,MH011,15.38,17.908077,1
2020-06-01 20:00:00,MH011,13.26,17.501244,1
2020-06-01 21:00:00,MH011,11.25,16.471863,1
2020-06-01 22:00:00,MH011,16.25,15.232802,1
2020-06-01 23:00:00,MH011,11.75,14.386649,1
2020-06-02 00:00:00,MH011,10.13,15.020442,1
2020-06-02 01:00:00,MH011,12.62,13.640553,1
2020-06-02 02:00:00,MH011,12.12,12.2004175,1
2020-06-02 03:00:00,MH011,8.5,12.625047,1
2020-06-02 04:00:00,MH011,12.39,12.412808,1
2020-06-02 05:00:00,MH011,14.75,11.41837,1
2020-06-02 06:00:00,MH011,11.49,13.609166,1
2020-06-02 07:00:00,MH011,14.51,15.966201,1
2020-06-02 08:00:00,MH011,15.88,16.883917,1
2020-06-02 09:00:00,MH011,21.24,17.36672,1
2020-06-02 10:00:00,MH011,32.5,18.782667,1
2020-06-02 11:00:00,MH011,31.38,20.829239,1
2020-06-02 12:00:00,MH011,24.86,23.586409,1
2020-06-02 13:00:00,MH011,25.75,24.847572,1
2020-06-02 14:00:00,MH011,24.25,23.95501,1
2020-06-02 15:00:00,MH011,18.75,22.871275,1
2020-06-02 16:00:00,MH011,17.12,22.34298,1
2020-06-02 17:00:00,MH011,11.75,22.139032,1
2020-06-02 18:00:00,MH011,17.12,22.18082,1
2020-06-02 19:00:00,MH011,17.12,19.016075,1
2020-06-02 20:00:00,MH011,14.37,17.290234,1
2020-06-02 21:00:00,MH011,20.12,17.005201,1
2020-06-02 22:00:00,MH011,17.5,16.092222,1
2020-06-02 23:00:00,MH011,20.5,15.821635,1
2020-06-03 00:00:00,MH011,18.38,14.43168,1
2020-06-03 01:00:00,MH011,7.47,11.723901,1
2020-06-03 02:00:00,MH011,12.12,10.226953,1
2020-06-03 03:00:00,MH011,9.49,8.441831,1
2020-06-03 04:00:00,MH011,10.75,8.153413,1
2020-06-03 05:00:00,MH011,9.25,8.805539,1
2020-06-03 06:00:00,MH011,6.38,9.253659,1
2020-06-03 07:00:00,MH011,6.0,9.272393,1
2020-06-03 08:00:00,MH011,4.25,10.198697,1
2020-06-03 09:00:00,MH011,4.88,7.771165,1
2020-06-03 10:00:00,MH011,6.75,6.0939455,1
2020-06-03 11:00:00,MH011,4.38,7.181802,1
2020-06-03 12:00:00,MH011,1.38,7.628274,1
2020-06-03 13:00:00,MH011,1.87,7.638997,1
2020-06-03 14:00:00,MH011,1.0,7.368367,1
2020-06-03 15:00:00,MH011,0.88,6.765027,1
2020-06-03 16:00:00,MH011,1.88,6.4101076,1
2020-06-03 17:00:00,MH011,4.5,5.671029,1
2020-06-03 18:00:00,MH011,3.51,4.4783792,1
2020-06-03 19:00:00,MH011,1.25,7.2585306,1
2020-06-03 20:00:00,MH011,0.51,9.993558,1
2020-06-03 21:00:00,MH011,1.75,10.024438,1
2020-06-03 22:00:00,MH011,2.88,8.55264,1
2020-06-03 23:00:00,MH011,3.0,7.2142344,1
2020-06-04 00:00:00,MH011,3.0,7.204629,1
2020-06-04 01:00:00,MH011,3.88,6.4299097,1
2020-06-04 02:00:00,MH011,4.0,6.172326,1
2020-06-04 03:00:00,MH011,2.25,5.9351015,1
2020-06-04 04:00:00,MH011,13.38,6.1134386,1
2020-06-04 05:00:00,MH011,12.38,6.226655,1
2020-06-04 06:00:00,MH011,12.87,7.4357424,1
2020-06-04 07:00:00,MH011,10.38,9.076428,1
2020-06-04 08:00:00,MH011,13.5,9.90434,1
2020-06-04 09:00:00,MH011,15.75,9.8602,1
2020-06-04 10:00:00,MH011,9.0,10.886792,1
2020-06-04 11:00:00,MH011,6.25,12.877503,1
2020-06-04 12:00:00,MH011,8.62,13.257142,1
2020-06-04 13:00:00,MH011,6.38,13.104917,1
2020-06-04 14:00:00,MH011,4.25,14.197499,1
2020-06-04 15:00:00,MH011,5.75,13.666635,1
2020-06-04 16:00:00,MH011,4.25,12.424645,1
2020-06-04 17:00:00,MH011,3.12,11.689698,1
2020-06-04 18:00:00,MH011,4.75,10.971944,1
2020-06-04 19:00:00,MH011,5.87,10.26188,1
2020-06-04 20:00:00,MH011,15.6,10.081662,1
2020-06-04 21:00:00,MH011,17.87,9.38099,1
2020-06-04 22:00:00,MH011,15.38,10.6346445,1
2020-06-04 23:00:00,MH011,19.38,11.111268,1
2020-06-05 00:00:00,MH011,21.75,10.726098,1
2020-06-05 01:00:00,MH011,22.0,9.524709,1
2020-06-05 02:00:00,MH011,6.25,9.75974,1
2020-06-05 03:00:00,MH011,7.0,10.048722,1
2020-06-05 04:00:00,MH011,6.5,8.676164,1
2020-06-05 05:00:00,MH011,7.75,8.223046,1
2020-06-05 06:00:00,MH011,8.0,9.478803,1
2020-06-05 07:00:00,MH011,7.12,11.363984,1
2020-06-05 08:00:00,MH011,9.62,12.208661,1
2020-06-05 09:00:00,MH011,10.0,12.26051,1
2020-06-05 10:00:00,MH011,10.0,11.703847,1
2020-06-05 11:00:00,MH011,7.38,11.570054,1
2020-06-05 12:00:00,MH011,7.0,11.391747,1
2020-06-05 13:00:00,MH011,5.25,11.170598,1
2020-06-05 14:00:00,MH011,3.25,11.290669,1
2020-06-05 15:00:00,MH011,2.13,11.005887,1
2020-06-05 16:00:00,MH011,5.5,10.1741,1
2020-06-05 17:00:00,MH011,6.88,9.890069,1
2020-06-05 18:00:00,MH011,7.0,10.859063,1
2020-06-05 19:00:00,MH011,9.62,10.996877,1
2020-06-05 20:00:00,MH011,8.25,10.569741,1
2020-06-05 21:00:00,MH011,6.25,10.555364,1
2020-06-05 22:00:00,MH011,6.0,9.756597,1
2020-06-05 23:00:00,MH011,6.0,8.630063,1
2020-06-06 00:00:00,MH011,6.88,8.247445,1
2020-06-06 01:00:00,MH011,9.62,6.9418955,1
2020-06-06 02:00:00,MH011,9.13,6.6605616,1
2020-06-06 03:00:00,MH011,6.38,7.2419977,1
2020-06-06 04:00:00,MH011,5.12,7.2390604,1
2020-06-06 05:00:00,MH011,7.62,7.0161333,1
2020-06-06 06:00:00,MH011,14.98,7.048066,1
2020-06-06 07:00:00,MH011,8.15,7.541852,1
2020-06-06 08:00:00,MH011,5.25,9.913011,1
2020-06-06 09:00:00,MH011,2.0,10.41005,1
2020-06-06 10:00:00,MH011,1.12,9.798932,1
2020-06-06 11:00:00,MH011,5.38,8.925466,1
2020-06-06 12:00:00,MH011,4.25,8.525098,1
2020-06-06 13:00:00,MH011,3.12,9.062371,1
2020-06-06 14:00:00,MH011,3.0,9.465287,1
2020-06-06 15:00:00,MH011,3.0,9.063062,1
2020-06-06 16:00:00,MH011,3.0,9.138974,1
2020-06-06 17:00:00,MH011,3.87,8.966081,1
2020-06-06 18:00:00,MH011,5.75,8.94259,1
2020-06-06 19:00:00,MH011,6.87,9.116937,1
2020-06-06 20:00:00,MH011,6.12,9.5143175,1
2020-06-06 21:00:00,MH011,6.87,10.148469,1
2020-06-06 22:00:00,MH011,8.75,8.898377,1
2020-06-06 23:00:00,MH011,10.75,8.200772,1
2020-06-07 00:00:00,MH011,7.51,8.008256,1
2020-06-07 01:00:00,MH011,9.62,7.278535,1
2020-06-07 02:00:00,MH011,7.38,6.76151,1
2020-06-07 03:00:00,MH011,9.62,6.910737,1
2020-06-07 04:00:00,MH011,10.87,6.874139,1
2020-06-07 05:00:00,MH011,13.62,7.37589,1
2020-06-07 06:00:00,MH011,17.49,8.451058,1
2020-06-07 07:00:00,MH011,17.12,10.320294,1
2020-06-07 08:00:00,MH011,17.0,12.202558,1
2020-06-07 09:00:00,MH011,12.62,13.630338,1
2020-06-07 10:00:00,MH011,6.75,14.271073,1
2020-06-07 11:00:00,MH011,6.0,13.308972,1
2020-06-07 12:00:00,MH011,6.0,11.598657,1
2020-06-07 13:00:00,MH011,4.25,10.830434,1
2020-06-07 14:00:00,MH011,3.12,10.920037,1
2020-06-07 15:00:00,MH011,6.5,10.76645,1
2020-06-07 16:00:00,MH011,6.13,10.752225,1
2020-06-07 17:00:00,MH011,7.75,10.8195505,1
2020-06-07 18:00:00,MH011,8.0,10.731488,1
2020-06-07 19:00:00,MH011,6.25,11.347039,1
2020-06-07 20:00:00,MH011,5.13,10.777635,1
2020-06-07 21:00:00,MH011,5.87,9.972253,1
2020-06-07 22:00:00,MH011,8.62,9.385522,1
2020-06-07 23:00:00,MH011,9.0,9.466294,1
2020-06-08 00:00:00,MH011,5.51,9.242665,1
2020-06-08 01:00:00,MH011,9.36,6.972474,1
2020-06-08 02:00:00,MH011,7.38,5.451268,1
2020-06-08 03:00:00,MH011,5.25,4.9333735,1
2020-06-08 04:00:00,MH011,2.38,5.015897,1
2020-06-08 05:00:00,MH011,2.0,5.683778,1
2020-06-08 06:00:00,MH011,2.88,6.384801,1
2020-06-08 07:00:00,MH011,2.12,7.418824,1
2020-06-08 08:00:00,MH011,3.75,8.538117,1
2020-06-08 09:00:00,MH011,5.75,9.0567255,1
2020-06-08 10:00:00,MH011,7.75,9.891953,1
2020-06-08 11:00:00,MH011,7.75,10.808484,1
2020-06-08 12:00:00,MH011,7.75,10.441823,1
2020-06-08 13:00:00,MH011,7.75,10.85534,1
2020-06-28 15:00:00,MH011,13.0,18.377254,1
2020-06-28 16:00:00,MH011,11.26,17.587215,1
2020-06-28 17:00:00,MH011,9.26,16.668297,1
2020-06-28 18:00:00,MH011,8.13,16.09125,1
2020-06-28 19:00:00,MH011,13.22,15.08022,1
2020-06-28 20:00:00,MH011,9.64,14.842601,1
2020-06-28 21:00:00,MH011,10.74,15.162253,1
2020-06-28 22:00:00,MH011,11.0,14.375577,1
2020-06-28 23:00:00,MH011,9.27,12.819573,1
2020-06-29 00:00:00,MH011,9.87,9.672463,1
2020-06-29 01:00:00,MH011,10.0,8.912812,1
2020-06-29 02:00:00,MH011,10.0,7.9164743,1
2020-06-29 03:00:00,MH011,5.65,6.9142084,1
2020-06-29 04:00:00,MH011,6.74,6.9846125,1
2020-06-29 05:00:00,MH011,7.86,8.062169,1
2020-06-29 06:00:00,MH011,8.0,9.433984,1
2020-06-29 07:00:00,MH011,5.39,10.402215,1
2020-06-29 08:00:00,MH011,4.13,10.830354,1
2020-06-29 09:00:00,MH011,3.13,11.338056,1
2020-06-29 10:00:00,MH011,2.13,11.513402,1
2020-06-29 11:00:00,MH011,2.0,11.79873,1
2020-06-29 12:00:00,MH011,6.35,12.21927,1
2020-06-29 13:00:00,MH011,5.25,13.009725,1
2020-06-29 14:00:00,MH011,2.39,12.751431,1
2020-06-29 15:00:00,MH011,2.0,12.648385,1
2020-06-29 16:00:00,MH011,1.13,12.021188,1
2020-06-29 17:00:00,MH011,3.61,11.76476,1
2020-06-29 18:00:00,MH011,4.87,10.572537,1
2020-06-29 19:00:00,MH011,3.28,9.088761,1
2020-06-29 20:00:00,MH011,6.48,9.570996,1
2020-06-29 21:00:00,MH011,11.35,9.985467,1
2020-06-29 22:00:00,MH011,7.65,10.4243555,1
2020-06-29 23:00:00,MH011,4.39,11.153203,1
2020-06-30 00:00:00,MH011,1.38,8.714242,1
2020-06-30 01:00:00,MH011,0.53,6.296468,1
2020-06-30 02:00:00,MH011,0.53,4.7338266,1
2020-06-30 03:00:00,MH011,1.74,4.3036165,1
2020-06-30 04:00:00,MH011,1.04,4.929284,1
2020-06-30 05:00:00,MH011,1.04,5.5708475,1
2020-06-30 06:00:00,MH011,1.04,5.7834673,1
2020-06-30 07:00:00,MH011,1.04,6.5782366,1
2020-06-30 08:00:00,MH011,3.48,7.879571,1
2020-06-30 09:00:00,MH011,4.87,8.555776,1
2020-06-30 10:00:00,MH011,3.26,9.441468,1
2020-06-30 11:00:00,MH011,3.0,9.87563,1
2020-06-30 12:00:00,MH011,4.74,9.747426,1
2020-06-30 13:00:00,MH011,2.4,9.531484,1
2020-06-30 14:00:00,MH011,1.04,9.640088,1
2020-06-30 15:00:00,MH011,6.96,8.971116,1
2020-06-30 16:00:00,MH011,6.26,8.768113,1
2020-06-30 17:00:00,MH011,3.4,9.04746,1
2020-06-30 18:00:00,MH011,5.61,8.961614,1
2020-06-30 19:00:00,MH011,7.74,8.203786,1
2020-06-30 20:00:00,MH011,5.39,7.8134356,1
2020-06-30 21:00:00,MH011,5.0,7.4705744,1
2020-06-30 22:00:00,MH011,4.13,6.3515253,1
2020-06-30 23:00:00,MH011,2.26,5.5759478,1
2020-05-04 03:00:00,MH014,4.77,9.643437,1
2020-05-04 04:00:00,MH014,3.0,11.360219,1
2020-05-04 05:00:00,MH014,3.23,12.193086,1
2020-05-04 06:00:00,MH014,5.68,13.024632,1
2020-05-04 07:00:00,MH014,11.34,13.359807,1
2020-05-04 08:00:00,MH014,14.8,14.821559,1
2020-05-04 09:00:00,MH014,20.32,14.92056,1
2020-05-04 10:00:00,MH014,15.23,15.213918,1
2020-05-04 11:00:00,MH014,15.63,15.007043,1
2020-05-04 12:00:00,MH014,6.03,14.56903,1
2020-05-04 13:00:00,MH014,13.32,15.081546,1
2020-05-04 14:00:00,MH014,8.12,14.496797,1
2020-05-04 15:00:00,MH014,9.8,15.294513,1
2020-05-04 16:00:00,MH014,16.7,15.603314,1
2020-05-04 17:00:00,MH014,21.2,16.116798,1
2020-05-04 18:00:00,MH014,14.09,16.933405,1
2020-05-04 19:00:00,MH014,7.8,17.837746,1
2020-05-04 20:00:00,MH014,14.0,16.458637,1
2020-05-04 21:00:00,MH014,13.77,14.657519,1
2020-05-04 22:00:00,MH014,11.77,14.076875,1
2020-05-04 23:00:00,MH014,10.91,13.595849,1
2020-05-05 00:00:00,MH014,16.98,12.693582,1
2020-05-05 01:00:00,MH014,8.77,12.675611,1
2020-05-05 02:00:00,MH014,7.0,12.821694,1
2020-05-05 03:00:00,MH014,6.65,11.6945505,1
2020-05-05 04:00:00,MH014,3.77,11.886991,1
2020-05-05 05:00:00,MH014,2.23,12.193246,1
2020-05-05 06:00:00,MH014,4.46,13.393609,1
2020-05-05 07:00:00,MH014,8.47,14.587136,1
2020-05-05 08:00:00,MH014,12.23,17.033197,1
2020-05-05 09:00:00,MH014,13.43,17.150366,1
2020-05-05 10:00:00,MH014,10.17,17.085884,1
2020-05-05 11:00:00,MH014,18.43,16.177881,1
2020-05-05 12:00:00,MH014,14.34,14.88273,1
2020-05-05 13:00:00,MH014,16.43,15.435866,1
2020-05-05 14:00:00,MH014,11.66,15.472341,1
2020-05-05 15:00:00,MH014,9.58,16.09551,1
2020-05-05 16:00:00,MH014,14.23,16.03846,1
2020-05-05 17:00:00,MH014,16.0,15.869082,1
2020-05-05 18:00:00,MH014,15.88,16.108843,1
2020-05-05 19:00:00,MH014,14.66,16.467598,1
2020-05-05 20:00:00,MH014,11.88,16.122389,1
2020-05-05 21:00:00,MH014,11.0,15.24414,1
2020-05-05 22:00:00,MH014,10.66,14.0493555,1
2020-05-05 23:00:00,MH014,8.45,13.214334,1
2020-05-06 00:00:00,MH014,12.58,12.682588,1
2020-05-06 01:00:00,MH014,17.0,12.019902,1
2020-05-06 02:00:00,MH014,16.43,13.091252,1
2020-05-06 03:00:00,MH014,11.3,15.009904,1
2020-05-06 04:00:00,MH014,5.43,16.040045,1
2020-05-06 05:00:00,MH014,1.34,15.674895,1
2020-05-06 06:00:00,MH014,4.8,14.708558,1
2020-05-06 07:00:00,MH014,10.77,13.892285,1
2020-05-06 08:00:00,MH014,9.58,14.443402,1
2020-05-06 09:00:00,MH014,13.88,15.910462,1
2020-05-06 10:00:00,MH014,13.35,16.170969,1
2020-05-06 11:00:00,MH014,14.86,16.368862,1
2020-05-06 12:00:00,MH014,5.88,15.814277,1
2020-05-06 13:00:00,MH014,5.35,15.645436,1
2020-05-06 14:00:00,MH014,10.45,14.493127,1
2020-05-06 15:00:00,MH014,28.65,14.3712,1
2020-05-06 16:00:00,MH014,26.68,15.056827,1
2020-05-06 17:00:00,MH014,31.11,17.499002,1
2020-05-06 18:00:00,MH014,22.86,18.534742,1
2020-05-06 19:00:00,MH014,13.65,19.760136,1
2020-05-06 20:00:00,MH014,10.54,19.082443,1
2020-05-06 21:00:00,MH014,7.23,17.16872,1
2020-05-06 22:00:00,MH014,9.7,15.609212,1
2020-05-06 23:00:00,MH014,15.0,14.294906,1
2020-05-07 00:00:00,MH014,14.66,13.354402,1
2020-05-07 01:00:00,MH014,12.0,14.476674,1
2020-05-07 02:00:00,MH014,11.77,13.857892,1
2020-05-07 03:00:00,MH014,9.88,12.830831,1
2020-05-07 04:00:00,MH014,8.77,13.78465,1
2020-05-07 05:00:00,MH014,7.0,14.86279,1
2020-05-07 06:00:00,MH014,7.68,16.160677,1
2020-05-07 07:00:00,MH014,12.88,16.637945,1
2020-05-07 08:00:00,MH014,12.47,17.143717,1
2020-05-07 09:00:00,MH014,16.12,18.894278,1
2020-05-07 10:00:00,MH014,16.88,19.1845,1
2020-05-07 11:00:00,MH014,15.88,18.672829,1
2020-05-07 12:00:00,MH014,13.95,17.721838,1
2020-05-07 13:00:00,MH014,6.91,16.77538,1
2020-05-07 14:00:00,MH014,14.8,15.693734,1
2020-05-07 15:00:00,MH014,20.55,14.756606,1
2020-05-07 16:00:00,MH014,17.23,15.688695,1
2020-05-07 17:00:00,MH014,18.88,17.255838,1
2020-05-07 18:00:00,MH014,18.68,17.465694,1
2020-05-07 19:00:00,MH014,23.2,17.594803,1
2020-05-07 20:00:00,MH014,16.77,17.342531,1
2020-05-07 21:00:00,MH014,14.88,17.693478,1
2020-05-07 22:00:00,MH014,14.12,17.118927,1
2020-05-07 23:00:00,MH014,14.54,16.722858,1
2020-05-08 00:00:00,MH014,11.47,16.137794,1
2020-05-08 01:00:00,MH014,14.88,15.986873,1
2020-05-08 02:00:00,MH014,14.46,14.674172,1
2020-05-08 03:00:00,MH014,17.09,14.638762,1
2020-05-08 04:00:00,MH014,9.88,16.289604,1
2020-05-08 05:00:00,MH014,9.46,18.479338,1
2020-05-08 06:00:00,MH014,12.77,18.737816,1
2020-05-08 07:00:00,MH014,11.68,20.95507,1
2020-05-08 08:00:00,MH014,16.43,21.73398,1
2020-05-08 09:00:00,MH014,12.8,23.894508,1
2020-05-08 10:00:00,MH014,20.59,23.402958,1
2020-05-08 11:00:00,MH014,32.43,21.23256,1
2020-05-08 12:00:00,MH014,26.29,20.152864,1
2020-05-08 13:00:00,MH014,12.77,21.0184,1
2020-05-08 14:00:00,MH014,11.12,19.950651,1
2020-05-08 15:00:00,MH014,12.58,17.542595,1
2020-05-08 16:00:00,MH014,16.65,16.56917,1
2020-05-08 17:00:00,MH014,15.17,16.90495,1
2020-05-08 18:00:00,MH014,22.98,18.234306,1
2020-05-08 19:00:00,MH014,15.46,18.663918,1
2020-05-08 20:00:00,MH014,18.32,19.521072,1
2020-05-08 21:00:00,MH014,12.88,18.122992,1
2020-05-08 22:00:00,MH014,11.77,17.500431,1
2020-05-08 23:00:00,MH014,10.0,16.400444,1
2020-05-09 00:00:00,MH014,10.0,15.397286,1
2020-05-09 01:00:00,MH014,10.57,14.744885,1
2020-05-09 02:00:00,MH014,14.77,14.281676,1
2020-05-09 03:00:00,MH014,12.53,14.109853,1
2020-05-09 04:00:00,MH014,9.68,15.18786,1
2020-05-09 05:00:00,MH014,14.42,17.814224,1
2020-05-09 06:00:00,MH014,9.77,18.868687,1
2020-05-09 07:00:00,MH014,8.34,20.35036,1
2020-05-09 08:00:00,MH014,11.46,21.137877,1
2020-05-09 09:00:00,MH014,15.8,21.580029,1
2020-05-09 10:00:00,MH014,21.88,20.733906,1
2020-05-09 11:00:00,MH014,21.23,19.901257,1
2020-05-09 12:00:00,MH014,22.88,19.37797,1
2020-05-09 13:00:00,MH014,21.55,18.619946,1
2020-05-09 14:00:00,MH014,17.88,17.604204,1
2020-05-09 15:00:00,MH014,17.12,17.049234,1
2020-05-09 16:00:00,MH014,17.88,16.803478,1
2020-05-09 17:00:00,MH014,17.8,17.458807,1
2020-05-09 18:00:00,MH014,23.18,18.178532,1
2020-05-09 19:00:00,MH014,17.12,18.332047,1
2020-05-09 20:00:00,MH014,18.12,19.281523,1
2020-05-09 21:00:00,MH014,18.09,18.820683,1
2020-05-09 22:00:00,MH014,11.0,18.303663,1
2020-05-09 23:00:00,MH014,11.45,17.784695,1
2020-05-10 00:00:00,MH014,14.88,15.898152,1
2020-05-10 01:00:00,MH014,14.23,15.300019,1
2020-05-10 02:00:00,MH014,15.09,16.294039,1
2020-05-10 03:00:00,MH014,8.57,16.549152,1
2020-05-10 04:00:00,MH014,12.32,17.34708,1
2020-05-10 05:00:00,MH014,6.53,17.462954,1
2020-05-10 06:00:00,MH014,3.91,18.39435,1
2020-05-10 07:00:00,MH014,10.77,18.695728,1
2020-05-10 08:00:00,MH014,10.05,18.69819,1
2020-05-10 09:00:00,MH014,18.0,19.770918,1
2020-05-10 10:00:00,MH014,18.45,18.087284,1
2020-05-10 11:00:00,MH014,21.53,18.23213,1
2020-05-10 12:00:00,MH014,18.47,17.776003,1
2020-05-10 13:00:00,MH014,20.41,17.422098,1
2020-05-10 14:00:00,MH014,8.0,16.133635,1
2020-05-10 15:00:00,MH014,8.7,16.175455,1
2020-05-10 16:00:00,MH014,14.0,15.147042,1
2020-05-10 17:00:00,MH014,13.54,15.454652,1
2020-05-10 18:00:00,MH014,10.91,16.269371,1
2020-05-10 19:00:00,MH014,18.0,16.684246,1
2020-05-10 20:00:00,MH014,18.0,16.247147,1
2020-05-10 21:00:00,MH014,16.52,16.908802,1
2020-05-10 22:00:00,MH014,5.91,17.275036,1
2020-05-10 23:00:00,MH014,29.17,17.154556,1
2020-05-11 00:00:00,MH014,139.36,14.867808,1
2020-05-11 01:00:00,MH014,16.32,19.292645,1
2020-05-11 02:00:00,MH014,12.03,43.6416,1
2020-05-11 03:00:00,MH014,19.32,22.733292,1
2020-05-11 04:00:00,MH014,13.53,16.26427,1
2020-05-11 05:00:00,MH014,9.88,18.162169,1
2020-05-11 06:00:00,MH014,10.25,19.558144,1
2020-05-11 07:00:00,MH014,18.95,19.119802,1
2020-05-11 08:00:00,MH014,12.82,24.195297,1
2020-05-11 09:00:00,MH014,26.88,25.659632,1
2020-05-11 10:00:00,MH014,26.12,22.097967,1
2020-05-11 11:00:00,MH014,26.53,22.409466,1
2020-05-11 12:00:00,MH014,22.3,21.05722,1
2020-05-11 13:00:00,MH014,16.77,20.039562,1
2020-05-11 14:00:00,MH014,14.43,18.359312,1
2020-05-11 15:00:00,MH014,10.12,19.225475,1
2020-05-11 16:00:00,MH014,11.23,19.054935,1
2020-05-11 17:00:00,MH014,12.88,18.406986,1
2020-05-11 18:00:00,MH014,12.47,18.076141,1
2020-05-11 19:00:00,MH014,16.23,17.718287,1
2020-05-11 20:00:00,MH014,18.0,16.934856,1
2020-05-11 21:00:00,MH014,17.43,16.458832,1
2020-05-11 22:00:00,MH014,12.54,16.415188,1
2020-05-11 23:00:00,MH014,9.12,15.913363,1
2020-05-12 00:00:00,MH014,9.65,16.206894,1
2020-05-12 01:00:00,MH014,6.88,16.077398,1
2020-05-12 02:00:00,MH014,6.68,16.808075,1
2020-05-12 03:00:00,MH014,12.12,16.181377,1
2020-05-12 04:00:00,MH014,13.58,14.586711,1
2020-05-12 05:00:00,MH014,17.43,14.982301,1
2020-05-12 06:00:00,MH014,12.42,16.484304,1
2020-05-12 07:00:00,MH014,8.0,18.151163,1
2020-05-12 08:00:00,MH014,8.84,18.72258,1
2020-05-12 09:00:00,MH014,14.65,18.818085,1
2020-05-12 10:00:00,MH014,12.57,19.73939,1
2020-05-12 11:00:00,MH014,17.0,21.788465,1
2020-05-12 12:00:00,MH014,16.88,19.81898,1
2020-05-12 13:00:00,MH014,15.2,18.581842,1
2020-05-12 14:00:00,MH014,9.47,17.392006,1
2020-05-12 15:00:00,MH014,12.77,16.675638,1
2020-05-12 16:00:00,MH014,11.12,16.155674,1
2020-05-12 17:00:00,MH014,12.35,16.446245,1
2020-05-12 18:00:00,MH014,15.0,16.295609,1
2020-05-12 19:00:00,MH014,15.23,15.891208,1
2020-05-12 20:00:00,MH014,17.12,15.620217,1
2020-05-12 21:00:00,MH014,17.65,15.150983,1
2020-05-12 22:00:00,MH014,14.43,14.857919,1
2020-05-12 23:00:00,MH014,9.66,14.497102,1
2020-05-13 00:00:00,MH014,7.12,13.545777,1
2020-05-13 01:00:00,MH014,8.23,12.302251,1
2020-05-13 02:00:00,MH014,10.34,10.980123,1
2020-05-13 03:00:00,MH014,13.68,12.515542,1
2020-05-13 04:00:00,MH014,18.18,13.73684,1
2020-05-13 05:00:00,MH014,12.35,15.598594,1
2020-05-13 06:00:00,MH014,14.88,17.407566,1
2020-05-13 07:00:00,MH014,13.88,17.163385,1
2020-05-13 08:00:00,MH014,13.57,17.765701,1
2020-05-13 09:00:00,MH014,18.12,19.526999,1
2020-05-13 10:00:00,MH014,19.12,20.319487,1
2020-05-13 11:00:00,MH014,19.88,20.671135,1
2020-05-13 12:00:00,MH014,18.43,19.107895,1
2020-05-13 13:00:00,MH014,14.12,17.928316,1
2020-05-13 14:00:00,MH014,14.88,17.508049,1
2020-05-13 15:00:00,MH014,13.53,17.149166,1
2020-05-13 16:00:00,MH014,10.23,17.286512,1
2020-05-13 17:00:00,MH014,11.77,17.122227,1
2020-05-13 18:00:00,MH014,10.8,16.519707,1
2020-05-13 19:00:00,MH014,17.7,16.131983,1
2020-05-13 20:00:00,MH014,22.3,15.396646,1
2020-05-13 21:00:00,MH014,16.53,15.093999,1
2020-05-13 22:00:00,MH014,12.54,15.500512,1
2020-05-13 23:00:00,MH014,8.54,14.771979,1
2020-05-14 00:00:00,MH014,5.0,13.608308,1
2020-05-14 01:00:00,MH014,5.46,12.372983,1
2020-05-14 02:00:00,MH014,8.88,12.817395,1
2020-05-14 03:00:00,MH014,8.7,13.346654,1
2020-05-14 04:00:00,MH014,13.77,14.73541,1
2020-05-14 05:00:00,MH014,11.88,15.207007,1
2020-05-14 06:00:00,MH014,11.12,17.160446,1
2020-05-14 07:00:00,MH014,11.54,18.112257,1
2020-05-14 08:00:00,MH014,7.88,19.395805,1
2020-05-14 09:00:00,MH014,8.25,18.423834,1
2020-05-14 10:00:00,MH014,17.53,16.894283,1
2020-05-14 11:00:00,MH014,14.82,15.40199,1
2020-05-14 12:00:00,MH014,21.0,15.499602,1
2020-05-14 13:00:00,MH014,20.77,14.903554,1
2020-05-14 14:00:00,MH014,18.43,15.530576,1
2020-05-14 15:00:00,MH014,13.66,16.116947,1
2020-05-14 16:00:00,MH014,11.23,16.353327,1
2020-05-14 17:00:00,MH014,13.0,16.01065,1
2020-05-14 18:00:00,MH014,12.77,15.761172,1
2020-05-14 19:00:00,MH014,12.82,15.698781,1
2020-05-14 20:00:00,MH014,25.6,15.465369,1
2020-05-14 21:00:00,MH014,15.46,14.994267,1
2020-05-14 22:00:00,MH014,20.05,16.475052,1
2020-05-14 23:00:00,MH014,26.72,16.200724,1
2020-05-15 00:00:00,MH014,15.75,16.165983,1
2020-05-15 01:00:00,MH014,6.67,17.44262,1
2020-05-15 02:00:00,MH014,10.12,16.687704,1
2020-05-15 03:00:00,MH014,10.88,14.629361,1
2020-05-15 04:00:00,MH014,11.0,14.446036,1
2020-05-15 05:00:00,MH014,18.55,14.669969,1
2020-05-15 06:00:00,MH014,15.0,15.517207,1
2020-05-15 07:00:00,MH014,14.66,18.910046,1
2020-05-15 08:00:00,MH014,12.57,19.7916,1
2020-05-15 09:00:00,MH014,17.55,20.716583,1
2020-05-15 10:00:00,MH014,21.55,18.672138,1
2020-05-15 11:00:00,MH014,17.89,17.906633,1
2020-05-15 12:00:00,MH014,17.12,17.649258,1
2020-05-15 13:00:00,MH014,17.88,16.335894,1
2020-05-15 14:00:00,MH014,17.23,16.078424,1
2020-05-15 15:00:00,MH014,18.77,16.113005,1
2020-05-15 16:00:00,MH014,16.33,15.985267,1
2020-05-15 17:00:00,MH014,11.45,17.158688,1
2020-05-15 18:00:00,MH014,15.57,17.388723,1
2020-05-15 19:00:00,MH014,19.88,16.492867,1
2020-05-15 20:00:00,MH014,19.34,16.068773,1
2020-05-15 21:00:00,MH014,22.12,16.3724,1
2020-05-15 22:00:00,MH014,23.68,17.090546,1
2020-05-15 23:00:00,MH014,27.55,17.94359,1
2020-05-16 00:00:00,MH014,15.77,19.022083,1
2020-05-16 01:00:00,MH014,13.32,19.492598,1
2020-05-16 02:00:00,MH014,8.0,17.332853,1
2020-05-16 03:00:00,MH014,7.88,15.682065,1
2020-05-16 04:00:00,MH014,8.37,14.400725,1
2020-05-16 05:00:00,MH014,19.22,14.217412,1
2020-05-16 06:00:00,MH014,21.11,17.49445,1
2020-05-16 07:00:00,MH014,22.0,21.614098,1
2020-05-16 08:00:00,MH014,21.43,22.837961,1
2020-05-16 09:00:00,MH014,17.57,23.864187,1
2020-05-16 10:00:00,MH014,23.89,23.370684,1
2020-05-16 11:00:00,MH014,39.68,21.726027,1
2020-05-16 12:00:00,MH014,47.85,21.86777,1
2020-05-16 13:00:00,MH014,68.86,24.340555,1
2020-05-16 14:00:00,MH014,61.02,28.127724,1
2020-05-16 15:00:00,MH014,68.11,33.986343,1
2020-05-16 16:00:00,MH014,59.89,36.950047,1
2020-05-16 17:00:00,MH014,50.78,40.47306,1
2020-05-16 18:00:00,MH014,48.78,41.37147,1
2020-05-16 19:00:00,MH014,46.43,42.70142,1
2020-05-16 20:00:00,MH014,42.57,43.697395,1
2020-05-16 21:00:00,MH014,47.57,44.58012,1
2020-05-16 22:00:00,MH014,51.66,42.213383,1
2020-05-16 23:00:00,MH014,48.67,43.179802,1
2020-05-17 00:00:00,MH014,45.2,45.811512,1
2020-05-17 01:00:00,MH014,38.89,43.229557,1
2020-05-17 02:00:00,MH014,38.0,39.38049,1
2020-05-17 03:00:00,MH014,38.34,35.607445,1
2020-05-17 04:00:00,MH014,41.55,35.790333,1
2020-05-17 05:00:00,MH014,46.45,39.113285,1
2020-05-17 06:00:00,MH014,48.98,42.547897,1
2020-05-17 07:00:00,MH014,40.55,47.114113,1
2020-05-17 08:00:00,MH014,36.43,49.574764,1
2020-05-17 09:00:00,MH014,32.34,44.720882,1
2020-05-17 10:00:00,MH014,36.11,39.360935,1
2020-05-17 11:00:00,MH014,44.11,35.126827,1
2020-05-17 12:00:00,MH014,37.22,33.500183,1
2020-05-17 13:00:00,MH014,38.45,34.121983,1
2020-05-17 14:00:00,MH014,33.45,32.84906,1
2020-05-17 15:00:00,MH014,29.67,32.119495,1
2020-05-17 16:00:00,MH014,34.89,30.638184,1
2020-05-17 17:00:00,MH014,32.89,28.869469,1
2020-05-17 18:00:00,MH014,24.45,28.79856,1
2020-05-17 19:00:00,MH014,28.57,28.60258,1
2020-05-17 20:00:00,MH014,33.68,27.19791,1
2020-05-17 21:00:00,MH014,38.0,26.563969,1
2020-05-17 22:00:00,MH014,31.55,27.074615,1
2020-05-17 23:00:00,MH014,41.72,27.788403,1
2020-05-18 00:00:00,MH014,24.11,27.982563,1
2020-05-18 01:00:00,MH014,24.55,27.853638,1
2020-05-18 02:00:00,MH014,21.34,24.400785,1
2020-05-18 03:00:00,MH014,24.0,22.535597,1
2020-05-18 04:00:00,MH014,24.0,21.38535,1
2020-05-18 05:00:00,MH014,24.23,21.991104,1
2020-05-18 06:00:00,MH014,25.89,21.768322,1
2020-05-18 07:00:00,MH014,25.0,22.96629,1
2020-05-18 08:00:00,MH014,24.77,23.984034,1
2020-05-18 09:00:00,MH014,22.77,25.084879,1
2020-05-18 10:00:00,MH014,22.11,25.378695,1
2020-05-18 11:00:00,MH014,29.75,24.933598,1
2020-05-18 12:00:00,MH014,20.89,24.248224,1
2020-05-18 13:00:00,MH014,28.22,24.997665,1
2020-05-18 14:00:00,MH014,29.78,24.246084,1
2020-05-18 15:00:00,MH014,27.55,24.633055,1
2020-05-18 16:00:00,MH014,24.33,25.664574,1
2020-05-18 17:00:00,MH014,26.55,25.964743,1
2020-05-18 18:00:00,MH014,22.45,25.805855,1
2020-05-18 19:00:00,MH014,18.55,26.419046,1
2020-05-18 20:00:00,MH014,22.77,25.846191,1
2020-05-18 21:00:00,MH014,21.57,23.269226,1
2020-05-18 22:00:00,MH014,26.0,22.588387,1
2020-05-18 23:00:00,MH014,25.21,21.42598,1
2020-05-19 00:00:00,MH014,18.78,20.916727,1
2020-05-19 01:00:00,MH014,16.11,19.544607,1
2020-05-19 02:00:00,MH014,10.37,17.1067,1
2020-05-19 03:00:00,MH014,21.0,15.629823,1
2020-05-19 04:00:00,MH014,20.55,14.454335,1
2020-05-19 05:00:00,MH014,17.91,15.644359,1
2020-05-19 06:00:00,MH014,24.66,17.942402,1
2020-05-19 07:00:00,MH014,21.55,19.35979,1
2020-05-19 08:00:00,MH014,18.12,20.846514,1
2020-05-19 09:00:00,MH014,19.22,21.744976,1
2020-05-19 10:00:00,MH014,20.67,21.130201,1
2020-05-19 11:00:00,MH014,17.77,20.579268,1
2020-05-19 12:00:00,MH014,15.67,20.597738,1
2020-05-19 13:00:00,MH014,13.22,20.267862,1
2020-05-19 14:00:00,MH014,15.55,19.957731,1
2020-05-19 15:00:00,MH014,19.88,19.474535,1
2020-05-19 16:00:00,MH014,19.0,19.781889,1
2020-05-19 17:00:00,MH014,18.78,20.473236,1
2020-05-19 18:00:00,MH014,16.55,20.845804,1
2020-05-19 19:00:00,MH014,13.46,20.992788,1
2020-05-19 20:00:00,MH014,16.78,20.532625,1
2020-05-19 21:00:00,MH014,15.33,19.587343,1
2020-05-19 22:00:00,MH014,18.45,19.496294,1
2020-05-19 23:00:00,MH014,20.33,18.870012,1
2020-05-20 00:00:00,MH014,7.57,18.374952,1
2020-05-20 01:00:00,MH014,11.45,18.243202,1
2020-05-20 02:00:00,MH014,6.66,15.58874,1
2020-05-20 03:00:00,MH014,4.33,14.035119,1
2020-05-20 04:00:00,MH014,7.11,12.671983,1
2020-05-20 05:00:00,MH014,8.22,12.357549,1
2020-05-20 06:00:00,MH014,10.91,13.391873,1
2020-05-20 07:00:00,MH014,17.2,14.873998,1
2020-05-20 08:00:00,MH014,11.0,16.096025,1
2020-05-20 09:00:00,MH014,11.22,17.768955,1
2020-05-20 10:00:00,MH014,15.27,16.910948,1
2020-05-20 11:00:00,MH014,31.75,15.878846,1
2020-05-20 12:00:00,MH014,20.22,15.620805,1
2020-05-20 13:00:00,MH014,7.22,17.291962,1
2020-05-20 14:00:00,MH014,17.12,17.429052,1
2020-05-20 15:00:00,MH014,17.45,16.462288,1
2020-05-20 16:00:00,MH014,13.32,16.927277,1
2020-05-20 17:00:00,MH014,15.33,17.469732,1
2020-05-20 18:00:00,MH014,10.45,17.935598,1
2020-05-20 19:00:00,MH014,13.89,18.548988,1
2020-05-20 20:00:00,MH014,12.66,17.72534,1
2020-05-20 21:00:00,MH014,10.12,17.083916,1
2020-05-20 22:00:00,MH014,11.22,16.454365,1
2020-05-20 23:00:00,MH014,12.78,15.1592245,1
2020-05-21 00:00:00,MH014,10.67,14.221074,1
2020-05-21 01:00:00,MH014,7.89,13.69193,1
2020-05-21 02:00:00,MH014,6.67,12.443387,1
2020-05-21 03:00:00,MH014,3.56,11.300458,1
2020-05-21 04:00:00,MH014,0.91,11.016599,1
2020-05-21 05:00:00,MH014,2.23,11.328465,1
2020-05-21 06:00:00,MH014,5.0,11.820008,1
2020-05-21 07:00:00,MH014,13.11,12.909242,1
2020-05-21 08:00:00,MH014,13.54,14.639411,1
2020-05-21 09:00:00,MH014,10.33,16.805931,1
2020-05-21 10:00:00,MH014,12.43,17.159277,1
2020-05-21 11:00:00,MH014,7.67,15.845826,1
2020-05-21 12:00:00,MH014,5.0,15.0663,1
2020-05-21 13:00:00,MH014,5.78,14.577771,1
2020-05-21 14:00:00,MH014,12.78,14.082158,1
2020-05-21 15:00:00,MH014,18.33,14.167806,1
2020-05-21 16:00:00,MH014,13.0,15.399327,1
2020-05-21 17:00:00,MH014,13.67,16.5329,1
2020-05-21 18:00:00,MH014,17.75,16.662453,1
2020-05-21 19:00:00,MH014,8.33,16.604345,1
2020-05-21 20:00:00,MH014,13.0,16.66215,1
2020-05-21 21:00:00,MH014,27.0,15.3083315,1
2020-05-21 22:00:00,MH014,11.0,15.348298,1
2020-05-21 23:00:00,MH014,10.67,17.708933,1
2020-05-22 00:00:00,MH014,8.22,15.208938,1
2020-05-22 01:00:00,MH014,9.89,14.11358,1
2020-05-22 02:00:00,MH014,8.77,12.750459,1
2020-05-22 03:00:00,MH014,6.78,11.890088,1
2020-05-22 04:00:00,MH014,5.0,11.861737,1
2020-05-22 05:00:00,MH014,5.33,12.594235,1
2020-05-22 06:00:00,MH014,8.33,12.248723,1
2020-05-22 07:00:00,MH014,11.34,12.650762,1
2020-05-22 08:00:00,MH014,14.0,13.416116,1
2020-05-22 09:00:00,MH014,14.0,14.574407,1
2020-05-22 10:00:00,MH014,13.89,15.255431,1
2020-05-22 11:00:00,MH014,12.78,15.353976,1
2020-05-22 12:00:00,MH014,11.54,15.155986,1
2020-05-22 13:00:00,MH014,15.45,14.720729,1
2020-05-22 14:00:00,MH014,12.59,14.709443,1
2020-05-22 15:00:00,MH014,23.89,15.658412,1
2020-05-22 16:00:00,MH014,15.23,16.129862,1
2020-05-22 17:00:00,MH014,17.0,18.165043,1
2020-05-22 18:00:00,MH014,16.55,18.154358,1
2020-05-22 19:00:00,MH014,13.12,18.534601,1
2020-05-22 20:00:00,MH014,13.45,19.041058,1
2020-05-22 21:00:00,MH014,9.22,18.290075,1
2020-05-22 22:00:00,MH014,11.55,17.75018,1
2020-05-22 23:00:00,MH014,15.89,16.824043,1
2020-05-23 00:00:00,MH014,15.0,15.550988,1
2020-05-23 01:00:00,MH014,14.45,15.842858,1
2020-05-23 02:00:00,MH014,9.89,15.139136,1
2020-05-23 03:00:00,MH014,8.77,14.659522,1
2020-05-23 04:00:00,MH014,6.78,13.99437,1
2020-05-23 05:00:00,MH014,5.11,15.773734,1
2020-05-23 06:00:00,MH014,6.45,16.908094,1
2020-05-23 07:00:00,MH014,11.3,16.935682,1
2020-05-23 08:00:00,MH014,22.0,17.575071,1
2020-05-23 09:00:00,MH014,22.22,19.131498,1
2020-05-23 10:00:00,MH014,23.11,19.831358,1
2020-05-23 11:00:00,MH014,15.33,18.952827,1
2020-05-23 12:00:00,MH014,10.78,17.808928,1
2020-05-23 13:00:00,MH014,16.43,15.738624,1
2020-05-23 14:00:00,MH014,12.0,14.276448,1
2020-05-23 15:00:00,MH014,12.55,15.081199,1
2020-05-23 16:00:00,MH014,17.11,15.6254835,1
2020-05-23 17:00:00,MH014,17.88,16.134033,1
2020-05-23 18:00:00,MH014,16.89,17.070076,1
2020-05-23 19:00:00,MH014,15.78,17.35897,1
2020-05-23 20:00:00,MH014,13.54,17.010984,1
2020-05-23 21:00:00,MH014,10.12,16.508797,1
2020-05-23 22:00:00,MH014,10.78,15.453717,1
2020-05-23 23:00:00,MH014,9.54,14.256921,1
2020-05-24 00:00:00,MH014,13.89,13.613633,1
2020-05-24 01:00:00,MH014,12.88,13.28431,1
2020-05-24 02:00:00,MH014,11.78,13.501584,1
2020-05-24 03:00:00,MH014,9.55,13.810327,1
2020-05-24 04:00:00,MH014,5.67,13.898908,1
2020-05-24 05:00:00,MH014,3.33,14.856704,1
2020-05-24 06:00:00,MH014,6.11,15.0085,1
2020-05-24 07:00:00,MH014,8.45,14.72305,1
2020-05-24 08:00:00,MH014,20.11,15.231553,1
2020-05-24 09:00:00,MH014,20.43,15.77362,1
2020-05-24 10:00:00,MH014,15.32,17.719269,1
2020-05-24 11:00:00,MH014,10.11,17.970951,1
2020-05-24 12:00:00,MH014,10.77,16.62184,1
2020-05-24 13:00:00,MH014,9.22,14.868815,1
2020-05-24 14:00:00,MH014,11.33,14.4256315,1
2020-05-24 15:00:00,MH014,14.33,14.691424,1
2020-05-24 16:00:00,MH014,17.2,15.132701,1
2020-05-24 17:00:00,MH014,18.78,15.820411,1
2020-05-24 18:00:00,MH014,16.67,16.591322,1
2020-05-24 19:00:00,MH014,14.0,17.268175,1
2020-05-24 20:00:00,MH014,14.67,17.153368,1
2020-05-24 21:00:00,MH014,18.33,16.766726,1
2020-05-24 22:00:00,MH014,5.11,16.322903,1
2020-05-24 23:00:00,MH014,7.0,16.409628,1
2020-05-25 00:00:00,MH014,15.11,14.25287,1
2020-05-25 01:00:00,MH014,15.22,12.109532,1
2020-05-25 02:00:00,MH014,9.45,11.35782,1
2020-05-25 03:00:00,MH014,12.33,11.209542,1
2020-05-25 04:00:00,MH014,6.67,10.450959,1
2020-05-25 05:00:00,MH014,4.45,13.82581,1
2020-05-25 06:00:00,MH014,8.67,14.686011,1
2020-05-25 07:00:00,MH014,13.66,15.589776,1
2020-05-25 08:00:00,MH014,12.67,18.225142,1
2020-05-25 09:00:00,MH014,26.23,18.527515,1
2020-05-25 10:00:00,MH014,27.33,18.538181,1
2020-05-25 11:00:00,MH014,21.67,19.746523,1
2020-05-25 12:00:00,MH014,18.0,18.850788,1
2020-05-25 13:00:00,MH014,9.89,18.211075,1
2020-05-25 14:00:00,MH014,9.45,18.489565,1
2020-05-25 15:00:00,MH014,13.0,18.038363,1
2020-05-25 16:00:00,MH014,13.34,18.01579,1
2020-05-25 17:00:00,MH014,17.22,18.78854,1
2020-05-25 18:00:00,MH014,26.22,18.773245,1
2020-05-25 19:00:00,MH014,19.66,18.66919,1
2020-05-25 20:00:00,MH014,16.11,19.422808,1
2020-05-25 21:00:00,MH014,9.22,18.03874,1
2020-05-25 22:00:00,MH014,10.78,16.335484,1
2020-05-25 23:00:00,MH014,8.89,14.186677,1
2020-05-26 00:00:00,MH014,9.45,13.567277,1
2020-05-26 01:00:00,MH014,20.0,12.8477335,1
2020-05-26 02:00:00,MH014,11.88,12.171483,1
2020-05-26 03:00:00,MH014,11.22,13.36815,1
2020-05-26 04:00:00,MH014,12.45,13.075555,1
2020-05-26 05:00:00,MH014,7.89,12.825063,1
2020-05-26 06:00:00,MH014,7.11,13.712499,1
2020-05-26 07:00:00,MH014,8.45,14.825339,1
2020-05-26 08:00:00,MH014,13.33,15.871863,1
2020-05-26 09:00:00,MH014,23.22,16.694109,1
2020-05-26 10:00:00,MH014,17.0,16.818342,1
2020-05-26 11:00:00,MH014,17.55,18.556566,1
2020-05-26 12:00:00,MH014,20.33,18.79816,1
2020-05-26 13:00:00,MH014,8.0,18.911854,1
2020-05-26 14:00:00,MH014,15.67,19.450827,1
2020-05-26 15:00:00,MH014,13.67,18.07071,1
2020-05-26 16:00:00,MH014,19.22,18.757233,1
2020-05-26 17:00:00,MH014,21.55,19.030268,1
2020-05-26 18:00:00,MH014,25.56,19.44037,1
2020-05-26 19:00:00,MH014,22.0,19.7572,1
2020-05-26 20:00:00,MH014,21.0,20.544846,1
2020-05-26 21:00:00,MH014,12.55,19.501844,1
2020-05-26 22:00:00,MH014,8.78,18.660633,1
2020-05-26 23:00:00,MH014,7.89,16.345697,1
2020-05-27 00:00:00,MH014,15.45,14.467784,1
2020-05-27 01:00:00,MH014,18.24,13.813825,1
2020-05-27 02:00:00,MH014,12.45,14.329434,1
2020-05-27 03:00:00,MH014,15.46,14.767066,1
2020-05-27 04:00:00,MH014,10.78,14.036561,1
2020-05-27 05:00:00,MH014,8.55,13.890607,1
2020-05-27 06:00:00,MH014,5.33,13.700643,1
2020-05-27 07:00:00,MH014,8.55,13.569657,1
2020-05-27 08:00:00,MH014,12.89,13.632031,1
2020-05-27 09:00:00,MH014,12.68,14.387057,1
2020-05-27 10:00:00,MH014,18.22,15.4936,1
2020-05-27 11:00:00,MH014,19.78,16.140165,1
2020-05-27 12:00:00,MH014,17.55,16.892899,1
2020-05-27 13:00:00,MH014,13.55,17.566988,1
2020-05-27 14:00:00,MH014,10.78,17.905516,1
2020-05-27 15:00:00,MH014,17.0,17.635145,1
2020-05-27 16:00:00,MH014,16.78,17.684092,1
2020-05-27 17:00:00,MH014,15.11,18.373075,1
2020-05-27 18:00:00,MH014,15.89,19.050049,1
2020-05-27 19:00:00,MH014,15.0,19.117361,1
2020-05-27 20:00:00,MH014,14.11,19.277344,1
2020-05-27 21:00:00,MH014,6.89,18.563982,1
2020-05-27 22:00:00,MH014,6.11,17.453072,1
2020-05-27 23:00:00,MH014,7.11,15.384419,1
2020-05-28 00:00:00,MH014,8.11,13.740872,1
2020-05-28 01:00:00,MH014,9.71,12.677236,1
2020-05-28 02:00:00,MH014,15.34,11.599938,1
2020-05-28 03:00:00,MH014,10.12,11.081822,1
2020-05-28 04:00:00,MH014,11.0,11.441213,1
2020-05-28 05:00:00,MH014,10.78,11.182839,1
2020-05-28 06:00:00,MH014,9.11,11.3785715,1
2020-05-28 07:00:00,MH014,9.89,12.136994,1
2020-05-28 08:00:00,MH014,9.57,13.042325,1
2020-05-28 09:00:00,MH014,14.67,13.894433,1
2020-05-28 10:00:00,MH014,20.33,14.568795,1
2020-05-28 11:00:00,MH014,22.89,15.506185,1
2020-05-28 12:00:00,MH014,21.57,16.560452,1
2020-05-28 13:00:00,MH014,16.78,17.295774,1
2020-05-28 14:00:00,MH014,7.45,17.809034,1
2020-05-28 15:00:00,MH014,11.22,17.831928,1
2020-05-28 16:00:00,MH014,12.89,16.682505,1
2020-05-28 17:00:00,MH014,12.78,17.24582,1
2020-05-28 18:00:00,MH014,19.11,17.756264,1
2020-05-28 19:00:00,MH014,19.67,17.756924,1
2020-05-28 20:00:00,MH014,16.89,18.403255,1
2020-05-28 21:00:00,MH014,14.78,18.06415,1
2020-05-28 22:00:00,MH014,4.89,16.768433,1
2020-05-28 23:00:00,MH014,4.0,15.342607,1
2020-05-29 00:00:00,MH014,3.78,12.832864,1
2020-05-29 01:00:00,MH014,2.55,11.060983,1
2020-05-29 02:00:00,MH014,7.22,10.179017,1
2020-05-29 03:00:00,MH014,9.0,9.665795,1
2020-05-29 04:00:00,MH014,8.89,9.801427,1
2020-05-29 05:00:00,MH014,7.55,10.41068,1
2020-05-29 06:00:00,MH014,3.56,11.204259,1
2020-05-29 07:00:00,MH014,1.78,12.636964,1
2020-05-29 08:00:00,MH014,4.67,13.093392,1
2020-05-29 09:00:00,MH014,10.0,12.799573,1
2020-05-29 10:00:00,MH014,10.11,12.708375,1
2020-05-29 11:00:00,MH014,10.89,13.788369,1
2020-05-29 12:00:00,MH014,9.45,14.196309,1
2020-05-29 13:00:00,MH014,4.78,14.068189,1
2020-05-29 14:00:00,MH014,3.33,13.968358,1
2020-05-29 15:00:00,MH014,6.22,13.685334,1
2020-05-29 16:00:00,MH014,7.89,13.372605,1
2020-05-29 17:00:00,MH014,7.11,13.722684,1
2020-05-29 18:00:00,MH014,8.66,14.09755,1
2020-05-29 19:00:00,MH014,13.67,13.966088,1
2020-05-29 20:00:00,MH014,11.33,13.979344,1
2020-05-29 21:00:00,MH014,13.34,14.296498,1
2020-05-29 22:00:00,MH014,7.22,14.104928,1
2020-05-29 23:00:00,MH014,0.89,14.188302,1
2020-05-30 00:00:00,MH014,1.73,12.863843,1
2020-05-30 01:00:00,MH014,4.0,10.902822,1
2020-05-30 02:00:00,MH014,4.78,10.070142,1
2020-05-30 03:00:00,MH014,10.89,10.31569,1
2020-05-30 04:00:00,MH014,9.89,10.844216,1
2020-05-30 05:00:00,MH014,8.67,12.403119,1
2020-05-30 06:00:00,MH014,5.67,13.444528,1
2020-05-30 07:00:00,MH014,3.11,14.342486,1
2020-05-30 08:00:00,MH014,4.22,14.076722,1
2020-05-30 09:00:00,MH014,6.55,14.010945,1
2020-05-30 10:00:00,MH014,11.67,14.209332,1
2020-05-30 11:00:00,MH014,16.68,13.967107,1
2020-05-30 12:00:00,MH014,13.55,13.795674,1
2020-05-30 13:00:00,MH014,10.0,13.882016,1
2020-05-30 14:00:00,MH014,9.78,13.565274,1
2020-05-30 15:00:00,MH014,8.0,13.266866,1
2020-05-30 16:00:00,MH014,7.89,13.543355,1
2020-05-30 17:00:00,MH014,7.33,13.821652,1
2020-05-30 18:00:00,MH014,10.32,14.316173,1
2020-05-30 19:00:00,MH014,13.45,14.403964,1
2020-05-30 20:00:00,MH014,16.13,14.625545,1
2020-05-30 21:00:00,MH014,9.44,14.583684,1
2020-05-30 22:00:00,MH014,12.11,14.75949,1
2020-05-30 23:00:00,MH014,5.33,13.850499,1
2020-05-31 00:00:00,MH014,7.78,13.590287,1
2020-05-31 01:00:00,MH014,5.78,12.191251,1
2020-05-31 02:00:00,MH014,5.33,11.418603,1
2020-05-31 03:00:00,MH014,16.11,10.918061,1
2020-05-31 04:00:00,MH014,16.67,10.687425,1
2020-05-31 05:00:00,MH014,14.0,11.726693,1
2020-05-31 06:00:00,MH014,13.22,12.57895,1
2020-05-31 07:00:00,MH014,6.78,12.847161,1
2020-05-31 08:00:00,MH014,5.11,13.389859,1
2020-05-31 09:00:00,MH014,6.11,13.127233,1
2020-05-31 10:00:00,MH014,8.0,12.976087,1
2020-05-31 11:00:00,MH014,16.76,13.172238,1
2020-05-31 12:00:00,MH014,22.24,13.493909,1
2020-05-31 13:00:00,MH014,15.13,14.48212,1
2020-05-31 14:00:00,MH014,7.89,15.791705,1
2020-05-31 15:00:00,MH014,7.0,15.515719,1
2020-05-31 16:00:00,MH014,6.89,14.653928,1
2020-05-31 17:00:00,MH014,5.89,14.217179,1
2020-05-31 18:00:00,MH014,6.37,14.335744,1
2020-05-31 19:00:00,MH014,16.89,14.561311,1
2020-05-31 20:00:00,MH014,15.89,14.802028,1
2020-05-31 21:00:00,MH014,14.68,15.892297,1
2020-05-31 22:00:00,MH014,11.45,15.594295,1
2020-05-31 23:00:00,MH014,6.57,14.550717,1
2020-06-01 00:00:00,MH014,3.89,13.985627,1
2020-06-01 01:00:00,MH014,10.78,11.475183,1
2020-06-01 02:00:00,MH014,9.11,9.097699,1
2020-06-01 03:00:00,MH014,9.57,9.439645,1
2020-06-01 04:00:00,MH014,6.78,9.810922,1
2020-06-01 05:00:00,MH014,12.46,10.468877,1
2020-06-01 06:00:00,MH014,7.78,11.114602,1
2020-06-01 07:00:00,MH014,6.33,11.771493,1
2020-06-01 08:00:00,MH014,9.22,12.630265,1
2020-06-01 09:00:00,MH014,10.55,13.142655,1
2020-06-01 10:00:00,MH014,6.78,13.529271,1
2020-06-01 11:00:00,MH014,6.59,15.307242,1
2020-06-01 12:00:00,MH014,19.87,16.088203,1
2020-06-01 13:00:00,MH014,27.11,16.16191,1
2020-06-01 14:00:00,MH014,27.46,18.567831,1
2020-06-01 15:00:00,MH014,23.43,20.203117,1
2020-06-01 16:00:00,MH014,26.55,21.75808,1
2020-06-01 17:00:00,MH014,23.33,22.496502,1
2020-06-01 18:00:00,MH014,25.78,21.563644,1
2020-06-01 19:00:00,MH014,23.67,19.38001,1
2020-06-01 20:00:00,MH014,20.57,18.96484,1
2020-06-01 21:00:00,MH014,16.89,18.486439,1
2020-06-01 22:00:00,MH014,15.78,17.781282,1
2020-06-01 23:00:00,MH014,14.0,16.835272,1
2020-06-02 00:00:00,MH014,13.23,16.841162,1
2020-06-02 01:00:00,MH014,6.67,15.470387,1
2020-06-02 02:00:00,MH014,4.33,14.217832,1
2020-06-02 03:00:00,MH014,7.54,13.370877,1
2020-06-02 04:00:00,MH014,11.67,12.219071,1
2020-06-02 05:00:00,MH014,9.0,11.7408495,1
2020-06-02 06:00:00,MH014,9.55,14.138974,1
2020-06-02 07:00:00,MH014,15.45,15.895215,1
2020-06-02 08:00:00,MH014,26.78,16.90704,1
2020-06-02 09:00:00,MH014,25.11,17.921688,1
2020-06-02 10:00:00,MH014,27.55,20.819805,1
2020-06-02 11:00:00,MH014,39.57,22.783894,1
2020-06-02 12:00:00,MH014,35.13,22.74459,1
2020-06-02 13:00:00,MH014,28.32,25.240686,1
2020-06-02 14:00:00,MH014,30.68,25.848753,1
2020-06-02 15:00:00,MH014,28.0,24.898909,1
2020-06-02 16:00:00,MH014,27.35,25.803162,1
2020-06-02 17:00:00,MH014,22.43,26.097698,1
2020-06-02 18:00:00,MH014,27.0,26.493639,1
2020-06-02 19:00:00,MH014,34.35,24.11559,1
2020-06-02 20:00:00,MH014,29.67,22.862568,1
2020-06-02 21:00:00,MH014,34.67,24.15433,1
2020-06-02 22:00:00,MH014,32.33,22.239092,1
2020-06-02 23:00:00,MH014,34.46,21.483406,1
2020-06-03 00:00:00,MH014,28.55,19.57839,1
2020-06-03 01:00:00,MH014,16.89,17.12736,1
2020-06-03 02:00:00,MH014,15.78,15.690324,1
2020-06-03 03:00:00,MH014,13.77,13.825719,1
2020-06-03 04:00:00,MH014,12.22,12.890061,1
2020-06-03 05:00:00,MH014,13.55,13.081986,1
2020-06-03 06:00:00,MH014,9.78,13.113301,1
2020-06-03 07:00:00,MH014,7.67,13.086671,1
2020-06-03 08:00:00,MH014,4.89,13.42265,1
2020-06-03 09:00:00,MH014,3.78,10.550477,1
2020-06-03 10:00:00,MH014,2.11,8.317132,1
2020-06-03 11:00:00,MH014,3.11,8.991521,1
2020-06-03 12:00:00,MH014,4.11,8.88804,1
2020-06-03 13:00:00,MH014,4.55,8.726048,1
2020-06-03 14:00:00,MH014,1.0,8.414445,1
2020-06-03 15:00:00,MH014,1.22,7.8167048,1
2020-06-03 16:00:00,MH014,2.78,7.32285,1
2020-06-03 17:00:00,MH014,1.67,6.6540804,1
2020-06-03 18:00:00,MH014,6.67,6.10019,1
2020-06-03 19:00:00,MH014,4.22,7.6787806,1
2020-06-03 20:00:00,MH014,6.22,10.677873,1
2020-06-03 21:00:00,MH014,7.57,11.3845,1
2020-06-03 22:00:00,MH014,4.0,10.434384,1
2020-06-03 23:00:00,MH014,4.0,9.38448,1
2020-06-04 00:00:00,MH014,4.11,9.009263,1
2020-06-04 01:00:00,MH014,5.22,7.9792414,1
2020-06-04 02:00:00,MH014,6.89,7.688424,1
2020-06-04 03:00:00,MH014,6.33,7.490281,1
2020-06-04 04:00:00,MH014,9.78,7.7900705,1
2020-06-04 05:00:00,MH014,15.11,7.902234,1
2020-06-04 06:00:00,MH014,8.11,8.270925,1
2020-06-04 07:00:00,MH014,8.78,9.978326,1
2020-06-04 08:00:00,MH014,6.78,10.630147,1
2020-06-04 09:00:00,MH014,6.19,10.735238,1
2020-06-04 10:00:00,MH014,15.78,17.152916,1
2020-06-04 11:00:00,MH014,13.2,23.91232,1
2020-06-04 12:00:00,MH014,8.08,25.393606,1
2020-06-04 13:00:00,MH014,16.13,24.787302,1
2020-06-04 14:00:00,MH014,9.11,20.992493,1
2020-06-04 15:00:00,MH014,9.89,19.610716,1
2020-06-04 16:00:00,MH014,8.89,15.875167,1
2020-06-04 17:00:00,MH014,7.57,13.424829,1
2020-06-04 18:00:00,MH014,4.54,12.480279,1
2020-06-04 19:00:00,MH014,10.22,11.787145,1
2020-06-04 20:00:00,MH014,20.78,11.02826,1
2020-06-04 21:00:00,MH014,26.68,10.818875,1
2020-06-04 22:00:00,MH014,23.0,11.783025,1
2020-06-04 23:00:00,MH014,16.19,12.518693,1
2020-06-05 00:00:00,MH014,25.11,12.048844,1
2020-06-05 01:00:00,MH014,16.55,9.8914385,1
2020-06-05 02:00:00,MH014,4.89,10.094117,1
2020-06-05 03:00:00,MH014,4.11,9.765199,1
2020-06-05 04:00:00,MH014,4.89,8.760358,1
2020-06-05 05:00:00,MH014,4.33,8.78283,1
2020-06-05 06:00:00,MH014,7.0,9.898255,1
2020-06-05 07:00:00,MH014,7.22,11.03346,1
2020-06-05 08:00:00,MH014,8.55,11.912129,1
2020-06-05 09:00:00,MH014,4.55,11.822431,1
2020-06-05 10:00:00,MH014,1.0,11.707292,1
2020-06-05 11:00:00,MH014,1.78,11.077268,1
2020-06-05 12:00:00,MH014,8.22,10.586614,1
2020-06-05 13:00:00,MH014,9.78,10.446725,1
2020-06-05 14:00:00,MH014,7.55,10.777249,1
2020-06-05 15:00:00,MH014,4.11,10.979138,1
2020-06-05 16:00:00,MH014,5.33,10.284661,1
2020-06-05 17:00:00,MH014,7.78,9.890077,1
2020-06-05 18:00:00,MH014,5.67,10.709413,1
2020-06-05 19:00:00,MH014,3.34,11.146348,1
2020-06-05 20:00:00,MH014,6.0,10.719132,1
2020-06-05 21:00:00,MH014,6.45,10.008939,1
2020-06-05 22:00:00,MH014,10.0,9.108186,1
2020-06-05 23:00:00,MH014,9.46,8.312211,1
2020-06-06 00:00:00,MH014,4.57,8.531316,1
2020-06-06 01:00:00,MH014,1.33,7.3495874,1
2020-06-06 02:00:00,MH014,4.0,6.3687677,1
2020-06-06 03:00:00,MH014,3.89,5.904851,1
2020-06-06 04:00:00,MH014,3.46,6.286134,1
2020-06-06 05:00:00,MH014,7.0,6.557229,1
2020-06-06 06:00:00,MH014,6.89,6.8031244,1
2020-06-06 07:00:00,MH014,5.67,7.2843256,1
2020-06-06 08:00:00,MH014,5.67,8.474839,1
2020-06-06 09:00:00,MH014,1.0,8.985307,1
2020-06-06 10:00:00,MH014,1.11,9.014173,1
2020-06-06 11:00:00,MH014,2.89,8.649014,1
2020-06-06 12:00:00,MH014,10.11,8.185056,1
2020-06-06 13:00:00,MH014,10.68,8.379113,1
2020-06-06 14:00:00,MH014,7.89,9.127126,1
2020-06-06 15:00:00,MH014,6.89,9.352883,1
2020-06-06 16:00:00,MH014,6.0,9.345113,1
2020-06-06 17:00:00,MH014,6.54,8.737412,1
2020-06-06 18:00:00,MH014,10.78,8.667062,1
2020-06-06 19:00:00,MH014,8.57,8.861573,1
2020-06-06 20:00:00,MH014,5.65,9.918511,1
2020-06-06 21:00:00,MH014,10.57,10.272885,1
2020-06-06 22:00:00,MH014,7.0,8.484132,1
2020-06-06 23:00:00,MH014,7.0,8.274304,1
2020-06-07 00:00:00,MH014,7.11,7.729581,1
2020-06-07 01:00:00,MH014,8.11,6.6627245,1
2020-06-07 02:00:00,MH014,9.11,6.543645,1
2020-06-07 03:00:00,MH014,9.67,6.760045,1
2020-06-07 04:00:00,MH014,7.0,6.836816,1
2020-06-07 05:00:00,MH014,7.0,7.241597,1
2020-06-07 06:00:00,MH014,7.11,7.493928,1
2020-06-07 07:00:00,MH014,7.67,8.646607,1
2020-06-07 08:00:00,MH014,5.65,9.726556,1
2020-06-07 09:00:00,MH014,10.67,10.898717,1
2020-06-07 10:00:00,MH014,8.45,11.572904,1
2020-06-07 11:00:00,MH014,11.68,11.611241,1
2020-06-07 12:00:00,MH014,8.78,10.9471445,1
2020-06-07 13:00:00,MH014,6.67,10.559953,1
2020-06-07 14:00:00,MH014,4.0,10.2688,1
2020-06-07 15:00:00,MH014,4.55,10.003255,1
2020-06-07 16:00:00,MH014,8.78,9.795194,1
2020-06-07 17:00:00,MH014,6.89,10.068231,1
2020-06-07 18:00:00,MH014,6.11,11.038171,1
2020-06-07 19:00:00,MH014,7.0,11.893388,1
2020-06-07 20:00:00,MH014,7.11,10.888604,1
2020-06-07 21:00:00,MH014,8.34,9.758832,1
2020-06-07 22:00:00,MH014,10.67,9.0071535,1
2020-06-07 23:00:00,MH014,7.79,8.89784,1
2020-06-08 00:00:00,MH014,5.89,8.755662,1
2020-06-08 01:00:00,MH014,5.0,6.21626,1
2020-06-08 02:00:00,MH014,5.0,4.908311,1
2020-06-08 03:00:00,MH014,5.0,4.271455,1
2020-06-08 04:00:00,MH014,4.89,4.4416895,1
2020-06-08 05:00:00,MH014,4.33,5.414071,1
2020-06-08 06:00:00,MH014,7.11,6.4855585,1
2020-06-08 07:00:00,MH014,7.67,7.4158525,1
2020-06-08 08:00:00,MH014,5.11,8.680188,1
2020-06-08 09:00:00,MH014,6.55,9.175298,1
2020-06-08 10:00:00,MH014,11.54,9.630784,1
2020-06-08 11:00:00,MH014,14.55,10.335858,1
2020-06-08 12:00:00,MH014,3.11,10.3554735,1
2020-06-08 13:00:00,MH014,3.78,11.384049,1
2020-06-08 14:00:00,MH014,1.89,11.111829,1
2020-06-08 15:00:00,MH014,0.89,10.715295,1
2020-06-08 16:00:00,MH014,0.89,10.304879,1
2020-06-08 17:00:00,MH014,1.3,10.3278475,1
2020-06-08 18:00:00,MH014,3.33,10.523637,1
2020-06-08 19:00:00,MH014,6.0,10.045007,1
2020-06-08 20:00:00,MH014,5.78,9.273347,1
2020-06-08 21:00:00,MH014,3.67,9.052491,1
2020-06-08 22:00:00,MH014,0.89,7.4009027,1
2020-06-08 23:00:00,MH014,0.89,6.5197573,1
2020-06-09 00:00:00,MH014,0.89,5.9605875,1
2020-06-09 01:00:00,MH014,0.89,5.04786,1
2020-06-09 02:00:00,MH014,0.89,4.3423357,1
2020-06-09 03:00:00,MH014,2.11,4.483365,1
2020-06-09 04:00:00,MH014,3.33,4.5615244,1
2020-06-09 05:00:00,MH014,5.78,4.918168,1
2020-06-09 06:00:00,MH014,3.89,5.196515,1
2020-06-09 07:00:00,MH014,3.22,6.3365335,1
2020-06-09 08:00:00,MH014,5.11,7.417615,1
2020-06-09 09:00:00,MH014,6.11,7.5195093,1
2020-06-09 10:00:00,MH014,7.0,8.207082,1
2020-06-09 11:00:00,MH014,6.78,9.158711,1
2020-06-09 12:00:00,MH014,5.11,9.915177,1
2020-06-09 13:00:00,MH014,6.22,9.936673,1
2020-06-09 14:00:00,MH014,7.89,9.930291,1
2020-06-09 15:00:00,MH014,6.89,9.903237,1
2020-06-09 16:00:00,MH014,6.0,10.386479,1
2020-06-09 17:00:00,MH014,5.89,10.518731,1
2020-06-09 18:00:00,MH014,4.89,10.473126,1
2020-06-09 19:00:00,MH014,4.33,10.39681,1
2020-06-09 20:00:00,MH014,7.11,10.028844,1
2020-06-09 21:00:00,MH014,8.0,9.637189,1
2020-06-09 22:00:00,MH014,7.78,9.238671,1
2020-06-09 23:00:00,MH014,5.78,8.201676,1
2020-06-10 00:00:00,MH014,3.78,7.6003656,1
2020-06-10 01:00:00,MH014,2.0,6.809243,1
2020-06-10 02:00:00,MH014,2.11,5.5836763,1
2020-06-10 03:00:00,MH014,3.76,5.2924623,1
2020-06-10 04:00:00,MH014,9.78,5.1400423,1
2020-06-10 05:00:00,MH014,8.11,6.113694,1
2020-06-10 06:00:00,MH014,9.54,8.688939,1
2020-06-10 07:00:00,MH014,14.0,10.119237,1
2020-06-10 08:00:00,MH014,14.87,11.18522,1
2020-06-10 09:00:00,MH014,20.89,12.175225,1
2020-06-10 10:00:00,MH014,12.22,13.8891,1
2020-06-10 11:00:00,MH014,13.68,14.787272,1
2020-06-10 12:00:00,MH014,10.89,13.51352,1
2020-06-10 13:00:00,MH014,10.33,13.231969,1
2020-06-10 14:00:00,MH014,12.46,12.412263,1
2020-06-10 15:00:00,MH014,8.11,12.733605,1
2020-06-10 16:00:00,MH014,8.67,13.36926,1
2020-06-10 17:00:00,MH014,6.43,12.36239,1
2020-06-10 18:00:00,MH014,9.55,11.734368,1
2020-06-10 19:00:00,MH014,6.11,11.142949,1
2020-06-10 20:00:00,MH014,10.9,10.576325,1
2020-06-10 21:00:00,MH014,38.67,10.69336,1
2020-06-10 22:00:00,MH014,3.33,11.315358,1
2020-06-10 23:00:00,MH014,5.67,15.139703,1
2020-06-11 00:00:00,MH014,2.67,11.0272455,1
2020-06-11 01:00:00,MH014,1.73,7.8858767,1
2020-06-11 02:00:00,MH014,4.0,6.79123,1
2020-06-11 03:00:00,MH014,4.33,6.854871,1
2020-06-11 04:00:00,MH014,6.89,7.529065,1
2020-06-11 05:00:00,MH014,6.22,9.4235735,1
2020-06-11 06:00:00,MH014,7.57,9.407975,1
2020-06-11 07:00:00,MH014,3.57,9.820394,1
2020-06-11 08:00:00,MH014,0.87,10.550134,1
2020-06-11 09:00:00,MH014,2.33,11.78877,1
2020-06-11 10:00:00,MH014,6.19,12.350575,1
2020-06-11 11:00:00,MH014,15.67,12.864366,1
2020-06-11 12:00:00,MH014,12.55,13.803365,1
2020-06-11 13:00:00,MH014,8.89,14.387902,1
2020-06-11 14:00:00,MH014,8.11,13.572335,1
2020-06-11 15:00:00,MH014,8.78,11.419366,1
2020-06-11 16:00:00,MH014,6.67,11.049985,1
2020-06-11 17:00:00,MH014,4.0,11.281854,1
2020-06-11 18:00:00,MH014,4.11,11.244737,1
2020-06-11 19:00:00,MH014,5.43,10.980256,1
2020-06-11 20:00:00,MH014,8.89,11.165856,1
2020-06-11 21:00:00,MH014,7.89,18.46975,1
2020-06-11 22:00:00,MH014,7.97,19.847284,1
2020-06-11 23:00:00,MH014,14.92,14.488591,1
2020-06-12 00:00:00,MH014,5.89,10.642964,1
2020-06-12 01:00:00,MH014,5.33,9.492181,1
2020-06-12 02:00:00,MH014,9.19,8.391328,1
2020-06-12 03:00:00,MH014,18.68,8.596498,1
2020-06-12 04:00:00,MH014,16.54,10.036386,1
2020-06-12 05:00:00,MH014,20.78,12.620088,1
2020-06-12 06:00:00,MH014,18.0,12.998651,1
2020-06-12 07:00:00,MH014,11.19,13.844071,1
2020-06-12 08:00:00,MH014,19.92,14.024484,1
2020-06-12 09:00:00,MH014,10.57,13.737393,1
2020-06-12 10:00:00,MH014,7.33,15.397382,1
2020-06-12 11:00:00,MH014,9.57,14.886645,1
2020-06-12 12:00:00,MH014,6.0,13.172814,1
2020-06-12 13:00:00,MH014,5.89,13.162114,1
2020-06-12 14:00:00,MH014,5.33,13.253587,1
2020-06-12 15:00:00,MH014,8.11,12.653947,1
2020-06-12 16:00:00,MH014,8.68,12.677602,1
2020-06-12 17:00:00,MH014,5.57,12.944097,1
2020-06-12 18:00:00,MH014,1.89,12.419763,1
2020-06-12 19:00:00,MH014,0.89,12.340848,1
2020-06-12 20:00:00,MH014,1.33,12.448201,1
2020-06-12 21:00:00,MH014,3.67,12.989926,1
2020-06-12 22:00:00,MH014,9.65,13.062882,1
2020-06-12 23:00:00,MH014,14.68,12.705892,1
2020-06-13 00:00:00,MH014,11.89,14.148686,1
2020-06-13 01:00:00,MH014,11.78,13.758534,1
2020-06-13 02:00:00,MH014,18.65,12.324143,1
2020-06-13 03:00:00,MH014,22.58,11.958268,1
2020-06-13 04:00:00,MH014,9.67,13.390317,1
2020-06-13 05:00:00,MH014,6.89,15.501536,1
2020-06-13 06:00:00,MH014,5.89,17.796272,1
2020-06-13 07:00:00,MH014,4.55,17.42592,1
2020-06-13 08:00:00,MH014,0.89,14.243272,1
2020-06-13 09:00:00,MH014,0.89,12.706811,1
2020-06-13 10:00:00,MH014,0.89,12.094266,1
2020-06-13 11:00:00,MH014,0.89,12.457288,1
2020-06-13 12:00:00,MH014,1.32,12.112905,1
2020-06-13 13:00:00,MH014,3.11,11.248151,1
2020-06-13 14:00:00,MH014,3.78,10.52736,1
2020-06-13 15:00:00,MH014,2.33,10.215608,1
2020-06-13 16:00:00,MH014,4.45,10.193952,1
2020-06-13 17:00:00,MH014,4.45,10.260766,1
2020-06-13 18:00:00,MH014,6.07,10.936677,1
2020-06-13 19:00:00,MH014,13.24,11.04313,1
2020-06-13 20:00:00,MH014,6.89,11.0127535,1
2020-06-13 21:00:00,MH014,5.89,10.808286,1
2020-06-13 22:00:00,MH014,5.22,10.098725,1
2020-06-13 23:00:00,MH014,6.67,9.476373,1
2020-06-14 00:00:00,MH014,3.58,8.682851,1
2020-06-14 01:00:00,MH014,3.58,7.8043184,1
2020-06-14 02:00:00,MH014,1.73,7.8405886,1
2020-06-14 03:00:00,MH014,4.33,8.502858,1
2020-06-14 04:00:00,MH014,7.87,9.867806,1
2020-06-14 05:00:00,MH014,14.37,10.365468,1
2020-06-14 06:00:00,MH014,8.57,11.119882,1
2020-06-14 07:00:00,MH014,5.76,13.255059,1
2020-06-14 08:00:00,MH014,12.0,13.832128,1
2020-06-14 09:00:00,MH014,11.68,12.515882,1
2020-06-14 10:00:00,MH014,9.0,12.609372,1
2020-06-14 11:00:00,MH014,8.57,13.425408,1
2020-06-14 12:00:00,MH014,4.67,13.54709,1
2020-06-14 13:00:00,MH014,2.44,13.227204,1
2020-06-14 14:00:00,MH014,6.0,12.085507,1
2020-06-14 15:00:00,MH014,5.78,13.138261,1
2020-06-14 16:00:00,MH014,3.78,13.3840685,1
2020-06-14 17:00:00,MH014,2.21,11.627847,1
2020-06-14 18:00:00,MH014,4.33,10.937074,1
2020-06-14 19:00:00,MH014,6.78,10.088624,1
2020-06-14 20:00:00,MH014,4.57,10.545365,1
2020-06-14 21:00:00,MH014,1.21,12.808236,1
2020-06-14 22:00:00,MH014,3.0,14.574208,1
2020-06-14 23:00:00,MH014,3.21,15.51765,1
2020-06-15 00:00:00,MH014,4.68,12.509328,1
2020-06-15 01:00:00,MH014,1.78,7.2818995,1
2020-06-15 02:00:00,MH014,1.78,5.2588587,1
2020-06-15 03:00:00,MH014,0.87,5.063966,1
2020-06-15 04:00:00,MH014,1.78,5.1559877,1
2020-06-15 05:00:00,MH014,2.6,7.0631075,1
2020-06-15 06:00:00,MH014,6.11,10.350469,1
2020-06-15 07:00:00,MH014,6.89,10.257401,1
2020-06-15 08:00:00,MH014,7.3,10.324037,1
2020-06-15 09:00:00,MH014,16.05,10.604402,1
2020-06-15 10:00:00,MH014,16.05,9.668534,1
2020-06-15 11:00:00,MH014,0.84,10.713376,1
2020-06-15 12:00:00,MH014,2.21,10.9979105,1
2020-06-15 13:00:00,MH014,4.22,9.744271,1
2020-06-15 14:00:00,MH014,5.67,9.579282,1
2020-06-15 15:00:00,MH014,2.78,9.87074,1
2020-06-15 16:00:00,MH014,1.54,9.42323,1
2020-06-15 17:00:00,MH014,5.89,9.5188,1
2020-06-15 18:00:00,MH014,4.78,9.281846,1
2020-06-15 19:00:00,MH014,3.43,8.743688,1
2020-06-15 20:00:00,MH014,7.43,8.568891,1
2020-06-15 21:00:00,MH014,11.32,10.267022,1
2020-06-15 22:00:00,MH014,13.79,13.488492,1
2020-06-15 23:00:00,MH014,11.78,15.115119,1
2020-06-16 00:00:00,MH014,9.78,14.522767,1
2020-06-16 01:00:00,MH014,8.0,10.18739,1
2020-06-16 02:00:00,MH014,8.65,7.434613,1
2020-06-16 03:00:00,MH014,13.35,5.761895,1
2020-06-16 04:00:00,MH014,7.68,5.7848673,1
2020-06-16 05:00:00,MH014,5.21,7.852666,1
2020-06-16 06:00:00,MH014,7.22,9.661061,1
2020-06-16 07:00:00,MH014,8.68,11.729844,1
2020-06-16 08:00:00,MH014,5.67,12.948724,1
2020-06-16 09:00:00,MH014,2.78,12.358624,1
2020-06-16 10:00:00,MH014,1.0,10.348226,1
2020-06-16 11:00:00,MH014,0.89,8.987443,1
2020-06-16 12:00:00,MH014,0.89,8.162698,1
2020-06-16 13:00:00,MH014,0.43,7.957856,1
2020-06-16 14:00:00,MH014,1.0,8.783612,1
2020-06-16 15:00:00,MH014,1.87,11.845941,1
2020-06-16 16:00:00,MH014,8.68,15.4434595,1
2020-06-16 17:00:00,MH014,5.78,18.105282,1
2020-06-16 18:00:00,MH014,4.11,17.534348,1
2020-06-16 19:00:00,MH014,4.89,13.687631,1
2020-06-16 20:00:00,MH014,4.74,11.167802,1
2020-06-16 21:00:00,MH014,10.57,9.226434,1
2020-06-16 22:00:00,MH014,6.67,8.191449,1
2020-06-16 23:00:00,MH014,4.43,8.285871,1
2020-06-17 00:00:00,MH014,7.79,7.5971346,1
2020-06-17 01:00:00,MH014,5.47,5.569314,1
2020-06-17 02:00:00,MH014,0.89,5.0055857,1
2020-06-17 03:00:00,MH014,0.89,4.87267,1
2020-06-17 04:00:00,MH014,1.3,4.33735,1
2020-06-17 05:00:00,MH014,2.78,4.832761,1
2020-06-17 06:00:00,MH014,1.0,5.8762293,1
2020-06-17 07:00:00,MH014,1.43,7.238446,1
2020-06-17 08:00:00,MH014,5.54,7.5112886,1
2020-06-17 09:00:00,MH014,9.46,7.8965807,1
2020-06-17 10:00:00,MH014,4.79,8.354756,1
2020-06-17 11:00:00,MH014,3.33,8.204774,1
2020-06-17 12:00:00,MH014,5.67,7.5689173,1
2020-06-17 13:00:00,MH014,2.67,7.181218,1
2020-06-17 14:00:00,MH014,2.67,7.583703,1
2020-06-17 15:00:00,MH014,0.87,7.9554453,1
2020-06-17 16:00:00,MH014,1.89,7.391988,1
2020-06-17 17:00:00,MH014,0.89,7.0692453,1
2020-06-17 18:00:00,MH014,0.89,6.876405,1
2020-06-17 19:00:00,MH014,0.89,6.191762,1
2020-06-17 20:00:00,MH014,0.89,5.3461847,1
2020-06-17 22:00:00,MH014,1.27,3.9155588,1
2020-06-19 23:00:00,MH014,10.63,13.29215,1
2020-06-20 00:00:00,MH014,15.46,12.751737,1
2020-06-20 01:00:00,MH014,11.42,11.312638,1
2020-06-20 02:00:00,MH014,14.46,11.387864,1
2020-06-20 03:00:00,MH014,10.0,10.906842,1
2020-06-20 04:00:00,MH014,10.11,11.022286,1
2020-06-20 05:00:00,MH014,11.11,10.830312,1
2020-06-20 06:00:00,MH014,12.11,11.555615,1
2020-06-20 07:00:00,MH014,12.78,12.700814,1
2020-06-20 08:00:00,MH014,11.11,14.034581,1
2020-06-20 09:00:00,MH014,12.75,15.093905,1
2020-06-20 10:00:00,MH014,19.0,15.490197,1
2020-06-20 11:00:00,MH014,18.78,15.749309,1
2020-06-20 12:00:00,MH014,17.0,16.592077,1
2020-06-20 13:00:00,MH014,17.32,16.571735,1
2020-06-20 14:00:00,MH014,19.47,16.11053,1
2020-06-20 15:00:00,MH014,15.76,16.286882,1
2020-06-20 16:00:00,MH014,21.37,17.551273,1
2020-06-20 17:00:00,MH014,15.78,17.80956,1
2020-06-20 18:00:00,MH014,14.54,18.952486,1
2020-06-20 19:00:00,MH014,18.55,18.979614,1
2020-06-20 20:00:00,MH014,14.47,18.021614,1
2020-06-20 21:00:00,MH014,9.67,17.458445,1
2020-06-20 22:00:00,MH014,7.0,15.90352,1
2020-06-20 23:00:00,MH014,7.62,13.584275,1
2020-06-21 00:00:00,MH014,12.68,11.972981,1
2020-06-21 01:00:00,MH014,9.89,9.865552,1
2020-06-21 02:00:00,MH014,9.0,10.150941,1
2020-06-21 03:00:00,MH014,8.68,9.908078,1
2020-06-21 04:00:00,MH014,6.11,9.812657,1
2020-06-21 05:00:00,MH014,7.11,9.206681,1
2020-06-21 06:00:00,MH014,8.0,9.94996,1
2020-06-21 07:00:00,MH014,8.22,11.430867,1
2020-06-21 08:00:00,MH014,10.75,12.23816,1
2020-06-21 09:00:00,MH014,17.11,12.802667,1
2020-06-21 10:00:00,MH014,17.78,13.474965,1
2020-06-21 11:00:00,MH014,15.25,14.117749,1
2020-06-21 12:00:00,MH014,9.11,14.725429,1
2020-06-21 13:00:00,MH014,9.89,13.81371,1
2020-06-21 14:00:00,MH014,8.89,13.032784,1
2020-06-21 15:00:00,MH014,8.0,13.128781,1
2020-06-21 16:00:00,MH014,8.22,12.991712,1
2020-06-21 17:00:00,MH014,10.53,13.050851,1
2020-06-21 18:00:00,MH014,14.68,13.589379,1
2020-06-21 19:00:00,MH014,12.0,13.564942,1
2020-06-21 20:00:00,MH014,12.96,13.794835,1
2020-06-21 21:00:00,MH014,19.95,13.138734,1
2020-06-21 22:00:00,MH014,10.89,12.893365,1
2020-06-21 23:00:00,MH014,10.11,13.329675,1
2020-06-22 00:00:00,MH014,11.21,11.394071,1
2020-06-22 01:00:00,MH014,12.9,8.587823,1
2020-06-22 02:00:00,MH014,11.58,7.26365,1
2020-06-22 03:00:00,MH014,8.0,7.2361,1
2020-06-22 04:00:00,MH014,7.89,7.170041,1
2020-06-22 05:00:00,MH014,7.0,7.4580927,1
2020-06-22 06:00:00,MH014,6.89,7.6392527,1
2020-06-22 07:00:00,MH014,6.22,8.378087,1
2020-06-22 08:00:00,MH014,7.89,9.75842,1
2020-06-22 09:00:00,MH014,7.85,11.010312,1
2020-06-22 10:00:00,MH014,14.37,11.938584,1
2020-06-22 11:00:00,MH014,9.74,12.470231,1
2020-06-22 12:00:00,MH014,15.28,12.9721575,1
2020-06-22 13:00:00,MH014,9.11,13.11802,1
2020-06-22 14:00:00,MH014,10.32,13.215451,1
2020-06-22 15:00:00,MH014,13.0,13.168447,1
2020-06-22 16:00:00,MH014,13.43,13.45271,1
2020-06-22 17:00:00,MH014,16.79,14.08516,1
2020-06-22 18:00:00,MH014,14.89,14.183007,1
2020-06-22 19:00:00,MH014,13.78,14.171754,1
2020-06-22 20:00:00,MH014,11.57,13.920697,1
2020-06-22 21:00:00,MH014,8.11,12.698182,1
2020-06-22 22:00:00,MH014,9.21,11.415204,1
2020-06-22 23:00:00,MH014,10.68,9.993878,1
2020-06-23 00:00:00,MH014,8.32,9.1955385,1
2020-06-23 01:00:00,MH014,11.0,7.8062944,1
2020-06-23 02:00:00,MH014,11.42,6.4964266,1
2020-06-23 03:00:00,MH014,14.68,6.500436,1
2020-06-23 04:00:00,MH014,12.21,7.0010576,1
2020-06-23 05:00:00,MH014,14.43,7.609025,1
2020-06-23 06:00:00,MH014,17.68,8.408891,1
2020-06-23 07:00:00,MH014,14.26,9.760831,1
2020-06-23 08:00:00,MH014,8.74,10.8505335,1
2020-06-23 09:00:00,MH014,14.79,11.781079,1
2020-06-23 10:00:00,MH014,13.43,11.94164,1
2020-06-23 11:00:00,MH014,16.11,12.946572,1
2020-06-23 12:00:00,MH014,9.0,13.92983,1
2020-06-23 13:00:00,MH014,8.58,14.680316,1
2020-06-23 14:00:00,MH014,5.11,14.662471,1
2020-06-23 15:00:00,MH014,6.0,14.570186,1
2020-06-23 16:00:00,MH014,5.89,14.328015,1
2020-06-23 17:00:00,MH014,5.11,13.748567,1
2020-06-23 18:00:00,MH014,6.42,13.317838,1
2020-06-23 19:00:00,MH014,9.68,12.509526,1
2020-06-23 20:00:00,MH014,6.89,11.399755,1
2020-06-23 21:00:00,MH014,5.89,10.808129,1
2020-06-23 22:00:00,MH014,5.0,9.836057,1
2020-06-23 23:00:00,MH014,5.11,8.553628,1
2020-06-24 00:00:00,MH014,6.43,7.408086,1
2020-06-24 01:00:00,MH014,10.11,6.4499865,1
2020-06-24 02:00:00,MH014,11.0,6.142785,1
2020-06-24 03:00:00,MH014,10.68,6.3903666,1
2020-06-24 04:00:00,MH014,7.78,6.7636538,1
2020-06-24 05:00:00,MH014,5.79,7.243966,1
2020-06-24 06:00:00,MH014,4.11,7.809762,1
2020-06-24 07:00:00,MH014,4.89,8.4140215,1
2020-06-24 08:00:00,MH014,4.11,9.066876,1
2020-06-24 09:00:00,MH014,5.76,9.808038,1
2020-06-24 10:00:00,MH014,12.0,10.134114,1
2020-06-24 11:00:00,MH014,12.42,10.400861,1
2020-06-24 12:00:00,MH014,14.95,11.03354,1
2020-06-24 13:00:00,MH014,6.22,11.778733,1
2020-06-24 14:00:00,MH014,7.67,12.346822,1
2020-06-24 15:00:00,MH014,4.47,11.881955,1
2020-06-24 16:00:00,MH014,2.11,11.900197,1
2020-06-24 17:00:00,MH014,5.11,11.769811,1
2020-06-24 18:00:00,MH014,6.32,11.752091,1
2020-06-24 19:00:00,MH014,8.78,11.813626,1
2020-06-24 20:00:00,MH014,6.68,11.540036,1
2020-06-24 21:00:00,MH014,4.0,10.939382,1
2020-06-24 22:00:00,MH014,3.9,9.968297,1
2020-06-24 23:00:00,MH014,3.1,8.206315,1
2020-06-25 00:00:00,MH014,4.0,7.1862993,1
2020-06-25 01:00:00,MH014,4.74,6.0978937,1
2020-06-25 02:00:00,MH014,10.68,4.3768625,1
2020-06-25 03:00:00,MH014,7.89,4.6560755,1
2020-06-25 04:00:00,MH014,7.53,6.552678,1
2020-06-25 05:00:00,MH014,11.79,6.997285,1
2020-06-25 06:00:00,MH014,10.42,7.451825,1
2020-06-25 07:00:00,MH014,14.32,8.929795,1
2020-06-25 08:00:00,MH014,16.68,10.554284,1
2020-06-25 09:00:00,MH014,14.42,11.631585,1
2020-06-25 10:00:00,MH014,17.68,12.646539,1
2020-06-25 11:00:00,MH014,14.46,12.613168,1
2020-06-25 12:00:00,MH014,9.89,12.7004595,1
2020-06-25 13:00:00,MH014,9.0,12.720662,1
2020-06-25 14:00:00,MH014,8.58,12.2668085,1
2020-06-25 15:00:00,MH014,5.32,12.633492,1
2020-06-25 16:00:00,MH014,8.0,12.631722,1
2020-06-25 17:00:00,MH014,8.53,11.928449,1
2020-06-25 18:00:00,MH014,13.43,11.660417,1
2020-06-25 19:00:00,MH014,17.32,12.225308,1
2020-06-25 20:00:00,MH014,19.13,13.555364,1
2020-06-25 21:00:00,MH014,11.79,14.909125,1
2020-06-25 22:00:00,MH014,9.79,15.501172,1
2020-06-25 23:00:00,MH014,7.89,13.412644,1
2020-06-26 00:00:00,MH014,7.0,11.260236,1
2020-06-26 01:00:00,MH014,7.85,10.18715,1
2020-06-26 02:00:00,MH014,14.89,10.444203,1
2020-06-26 03:00:00,MH014,13.58,9.9789095,1
2020-06-26 04:00:00,MH014,10.11,11.54791,1
2020-06-26 05:00:00,MH014,10.68,13.156629,1
2020-06-26 06:00:00,MH014,7.89,12.6268015,1
2020-06-26 07:00:00,MH014,8.48,13.334123,1
2020-06-26 08:00:00,MH014,20.35,13.488446,1
2020-06-26 09:00:00,MH014,15.0,13.305409,1
2020-06-26 10:00:00,MH014,14.68,16.515518,1
2020-06-26 11:00:00,MH014,12.32,20.265387,1
2020-06-26 12:00:00,MH014,15.21,18.999945,1
2020-06-26 13:00:00,MH014,16.02,16.670124,1
2020-06-26 14:00:00,MH014,8.22,16.008919,1
2020-06-26 15:00:00,MH014,9.68,15.577859,1
2020-06-26 16:00:00,MH014,7.85,14.293342,1
2020-06-26 17:00:00,MH014,15.0,14.08265,1
2020-06-26 18:00:00,MH014,15.62,14.15997,1
2020-06-26 19:00:00,MH014,20.37,15.139907,1
2020-06-26 20:00:00,MH014,15.32,16.93647,1
2020-06-26 21:00:00,MH014,17.47,18.677671,1
2020-06-26 22:00:00,MH014,12.58,18.685345,1
2020-06-26 23:00:00,MH014,9.63,18.851688,1
2020-06-27 00:00:00,MH014,15.32,17.709265,1
2020-06-27 01:00:00,MH014,18.0,15.483758,1
2020-06-27 02:00:00,MH014,17.79,14.437924,1
2020-06-27 03:00:00,MH014,15.46,14.801335,1
2020-06-27 04:00:00,MH014,11.0,14.379682,1
2020-06-27 05:00:00,MH014,11.0,12.835515,1
2020-06-27 06:00:00,MH014,11.0,12.886048,1
2020-06-27 07:00:00,MH014,11.74,14.383006,1
2020-06-27 08:00:00,MH014,19.16,14.892289,1
2020-06-27 09:00:00,MH014,26.68,16.31669,1
2020-06-27 10:00:00,MH014,8.37,18.528986,1
2020-06-27 11:00:00,MH014,19.13,20.280302,1
2020-06-27 12:00:00,MH014,12.53,17.807125,1
2020-06-27 13:00:00,MH014,16.89,16.906137,1
2020-06-27 14:00:00,MH014,16.11,16.571966,1
2020-06-27 15:00:00,MH014,17.0,16.52832,1
2020-06-27 16:00:00,MH014,17.32,15.735936,1
2020-06-27 17:00:00,MH014,19.58,16.558088,1
2020-06-27 18:00:00,MH014,21.97,16.627466,1
2020-06-27 19:00:00,MH014,65.98,18.774982,1
2020-06-27 20:00:00,MH014,14.89,20.583258,1
2020-06-27 21:00:00,MH014,14.21,29.643942,1
2020-06-27 22:00:00,MH014,15.89,24.966072,1
2020-06-27 23:00:00,MH014,14.68,18.552183,1
2020-06-28 00:00:00,MH014,12.11,17.557943,1
2020-06-28 01:00:00,MH014,13.32,15.416728,1
2020-06-28 02:00:00,MH014,15.68,14.305892,1
2020-06-28 03:00:00,MH014,13.0,14.178998,1
2020-06-28 04:00:00,MH014,12.58,13.031804,1
2020-06-28 05:00:00,MH014,9.21,14.338132,1
2020-06-28 06:00:00,MH014,10.58,15.644216,1
2020-06-28 07:00:00,MH014,7.11,15.982013,1
2020-06-28 08:00:00,MH014,8.11,15.8497305,1
2020-06-28 09:00:00,MH014,9.42,16.372282,1
2020-06-28 10:00:00,MH014,13.74,16.89342,1
2020-06-28 11:00:00,MH014,19.78,17.450096,1
2020-06-28 12:00:00,MH014,17.89,17.05131,1
2020-06-28 13:00:00,MH014,16.59,18.096315,1
2020-06-28 14:00:00,MH014,12.58,17.476984,1
2020-06-28 15:00:00,MH014,8.68,16.785439,1
2020-06-28 16:00:00,MH014,5.89,16.124054,1
2020-06-28 17:00:00,MH014,5.42,14.97685,1
2020-06-28 18:00:00,MH014,9.11,14.33254,1
2020-06-28 19:00:00,MH014,10.11,13.89375,1
2020-06-28 20:00:00,MH014,11.0,14.52089,1
2020-06-28 21:00:00,MH014,11.11,15.906993,1
2020-06-28 22:00:00,MH014,11.58,14.91129,1
2020-06-28 23:00:00,MH014,8.41,12.809579,1
2020-06-29 00:00:00,MH014,11.58,9.43155,1
2020-06-29 01:00:00,MH014,8.0,8.495976,1
2020-06-29 02:00:00,MH014,8.0,8.00694,1
2020-06-29 03:00:00,MH014,8.0,6.6339426,1
2020-06-29 04:00:00,MH014,7.59,6.767213,1
2020-06-29 05:00:00,MH014,3.79,8.071946,1
2020-06-29 06:00:00,MH014,3.0,9.5351305,1
2020-06-29 07:00:00,MH014,2.68,9.856217,1
2020-06-29 08:00:00,MH014,0.84,9.789517,1
2020-06-29 09:00:00,MH014,2.0,10.541219,1
2020-06-29 10:00:00,MH014,1.9,10.880029,1
2020-06-29 11:00:00,MH014,1.32,11.359681,1
2020-06-29 12:00:00,MH014,4.11,11.769662,1
2020-06-29 13:00:00,MH014,4.57,12.003446,1
2020-06-29 14:00:00,MH014,0.89,11.398168,1
2020-06-29 15:00:00,MH014,0.89,11.165391,1
2020-06-29 16:00:00,MH014,0.89,10.596219,1
2020-06-29 17:00:00,MH014,0.42,10.342061,1
2020-06-29 18:00:00,MH014,1.0,9.544724,1
2020-06-29 19:00:00,MH014,1.0,8.149766,1
2020-06-29 20:00:00,MH014,132.8,8.395619,1
2020-06-29 21:00:00,MH014,43.71,8.935193,1
2020-06-29 22:00:00,MH014,8.58,23.074545,1
2020-06-29 23:00:00,MH014,4.47,20.373089,1
2020-06-30 00:00:00,MH014,4.47,12.235711,1
2020-06-30 01:00:00,MH014,4.47,7.4650545,1
2020-06-30 02:00:00,MH014,4.47,7.90265,1
