Datetime,StationId,actual_PM25,predicted_PM25,horizon
2020-05-07 04:00:00,MH007,5.97,16.990948,3
2020-05-07 05:00:00,MH007,5.0,17.677856,3
2020-05-07 06:00:00,MH007,5.18,18.902132,3
2020-05-07 07:00:00,MH007,10.91,19.09285,3
2020-05-07 08:00:00,MH007,8.03,18.547562,3
2020-05-07 09:00:00,MH007,8.89,17.851892,3
2020-05-07 10:00:00,MH007,4.78,17.068253,3
2020-05-07 11:00:00,MH007,4.78,16.687487,3
2020-05-07 12:00:00,MH007,5.0,16.421392,3
2020-05-07 13:00:00,MH007,4.0,15.903015,3
2020-05-07 14:00:00,MH007,4.0,15.862251,3
2020-05-07 15:00:00,MH007,3.94,16.151146,3
2020-05-07 16:00:00,MH007,2.0,16.367435,3
2020-05-07 17:00:00,MH007,2.0,16.081964,3
2020-05-07 18:00:00,MH007,0.98,15.620506,3
2020-05-07 19:00:00,MH007,8.0,14.620197,3
2020-05-07 20:00:00,MH007,6.0,13.426203,3
2020-05-07 21:00:00,MH007,3.0,12.240477,3
2020-05-07 22:00:00,MH007,3.0,11.108316,3
2020-05-07 23:00:00,MH007,3.0,10.395174,3
2020-05-08 00:00:00,MH007,3.0,10.798979,3
2020-05-08 01:00:00,MH007,2.0,10.767572,3
2020-05-08 02:00:00,MH007,6.91,11.057676,3
2020-05-08 03:00:00,MH007,4.0,13.985373,3
2020-05-08 04:00:00,MH007,3.0,15.006916,3
2020-05-08 05:00:00,MH007,5.0,15.298914,3
2020-05-08 06:00:00,MH007,1.95,16.83602,3
2020-05-08 07:00:00,MH007,0.12,17.495096,3
2020-05-08 08:00:00,MH007,1.0,16.753109,3
2020-05-08 09:00:00,MH007,1.0,17.403645,3
2020-05-08 10:00:00,MH007,1.0,15.66581,3
2020-05-08 11:00:00,MH007,3.78,16.610962,3
2020-05-08 12:00:00,MH007,2.22,16.497412,3
2020-05-08 13:00:00,MH007,5.95,16.11636,3
2020-05-08 14:00:00,MH007,5.95,15.646502,3
2020-05-08 15:00:00,MH007,5.67,15.432344,3
2020-05-08 16:00:00,MH007,3.0,15.818405,3
2020-05-08 17:00:00,MH007,3.0,15.260908,3
2020-05-08 18:00:00,MH007,5.88,14.631554,3
2020-05-08 19:00:00,MH007,5.0,13.944288,3
2020-05-08 20:00:00,MH007,5.0,13.496241,3
2020-05-08 21:00:00,MH007,13.0,12.688929,3
2020-05-08 22:00:00,MH007,7.0,12.234598,3
2020-05-08 23:00:00,MH007,7.0,11.425428,3
2020-05-09 00:00:00,MH007,7.0,11.714205,3
2020-05-09 01:00:00,MH007,7.0,11.829157,3
2020-05-09 02:00:00,MH007,0.37,11.867178,3
2020-05-09 03:00:00,MH007,3.0,14.21414,3
2020-05-09 04:00:00,MH007,4.0,15.411591,3
2020-05-09 05:00:00,MH007,6.0,15.868584,3
2020-05-09 06:00:00,MH007,6.0,16.254631,3
2020-05-09 07:00:00,MH007,7.0,18.36768,3
2020-05-09 08:00:00,MH007,6.97,18.89052,3
2020-05-09 09:00:00,MH007,5.95,18.066837,3
2020-05-09 10:00:00,MH007,5.0,17.59927,3
2020-05-09 11:00:00,MH007,4.97,17.979841,3
2020-05-09 12:00:00,MH007,4.0,17.598227,3
2020-05-09 13:00:00,MH007,3.12,17.250734,3
2020-05-09 14:00:00,MH007,5.0,16.818111,3
2020-05-09 15:00:00,MH007,4.92,16.83309,3
2020-05-09 16:00:00,MH007,2.15,16.655714,3
2020-05-09 17:00:00,MH007,7.0,16.378061,3
2020-05-09 18:00:00,MH007,8.15,16.116484,3
2020-05-09 19:00:00,MH007,11.0,15.621466,3
2020-05-09 20:00:00,MH007,11.0,14.262049,3
2020-05-09 21:00:00,MH007,12.0,13.048616,3
2020-05-09 22:00:00,MH007,5.91,12.3313465,3
2020-05-09 23:00:00,MH007,3.0,12.102335,3
2020-05-10 00:00:00,MH007,5.97,12.16828,3
2020-05-10 01:00:00,MH007,5.28,12.096716,3
2020-05-10 02:00:00,MH007,9.85,11.870283,3
2020-05-10 03:00:00,MH007,5.0,14.258398,3
2020-05-10 04:00:00,MH007,0.22,16.74739,3
2020-05-10 05:00:00,MH007,2.0,17.683065,3
2020-05-10 06:00:00,MH007,2.21,18.222292,3
2020-05-10 07:00:00,MH007,9.0,18.443598,3
2020-05-10 08:00:00,MH007,6.03,18.075096,3
2020-05-10 09:00:00,MH007,6.97,17.691624,3
2020-05-10 10:00:00,MH007,6.0,17.259161,3
2020-05-10 11:00:00,MH007,7.94,17.663004,3
2020-05-10 12:00:00,MH007,6.95,17.543564,3
2020-05-10 13:00:00,MH007,5.95,17.327345,3
2020-05-10 14:00:00,MH007,4.0,17.14032,3
2020-05-10 15:00:00,MH007,3.0,16.755497,3
2020-05-10 16:00:00,MH007,3.08,16.38911,3
2020-05-10 17:00:00,MH007,6.06,16.253971,3
2020-05-10 18:00:00,MH007,7.0,15.763336,3
2020-05-10 19:00:00,MH007,6.0,15.11767,3
2020-05-10 20:00:00,MH007,7.33,14.084959,3
2020-05-10 21:00:00,MH007,18.0,13.062891,3
2020-05-10 22:00:00,MH007,15.7,12.84535,3
2020-05-10 23:00:00,MH007,5.08,13.072985,3
2020-05-11 00:00:00,MH007,8.18,13.1920185,3
2020-05-11 01:00:00,MH007,14.0,13.13109,3
2020-05-11 02:00:00,MH007,16.66,12.546953,3
2020-05-11 03:00:00,MH007,10.97,15.0162945,3
2020-05-11 04:00:00,MH007,10.22,16.922222,3
2020-05-11 05:00:00,MH007,14.0,18.316183,3
2020-05-11 06:00:00,MH007,10.39,18.98466,3
2020-05-11 07:00:00,MH007,16.33,17.119032,3
2020-05-11 08:00:00,MH007,6.0,17.707748,3
2020-05-11 09:00:00,MH007,6.0,16.216137,3
2020-05-11 10:00:00,MH007,7.0,17.449558,3
2020-05-11 11:00:00,MH007,7.0,18.318457,3
2020-05-11 12:00:00,MH007,7.0,18.549154,3
2020-05-11 13:00:00,MH007,7.0,19.529146,3
2020-05-11 15:00:00,MH007,4.0,18.81393,3
2020-05-11 16:00:00,MH007,7.0,18.809494,3
2020-05-11 17:00:00,MH007,0.95,18.188215,3
2020-05-11 18:00:00,MH007,0.95,17.38997,3
2020-05-11 19:00:00,MH007,0.95,16.821102,3
2020-05-14 06:00:00,MH007,13.0,18.955927,3
2020-05-18 07:00:00,MH007,18.0,16.770046,3
2020-05-18 08:00:00,MH007,17.9,16.850206,3
2020-05-18 09:00:00,MH007,13.95,17.674374,3
2020-05-18 10:00:00,MH007,12.11,17.90329,3
2020-05-18 11:00:00,MH007,15.89,18.744617,3
2020-05-18 12:00:00,MH007,11.94,19.13635,3
2020-05-18 13:00:00,MH007,11.05,19.439217,3
2020-05-18 14:00:00,MH007,13.15,19.974216,3
2020-05-18 15:00:00,MH007,18.95,20.136213,3
2020-05-18 16:00:00,MH007,16.95,20.137897,3
2020-05-18 17:00:00,MH007,15.13,19.782368,3
2020-05-18 18:00:00,MH007,19.85,19.204794,3
2020-05-18 19:00:00,MH007,13.97,18.590565,3
2020-05-18 20:00:00,MH007,13.0,18.90335,3
2020-05-18 21:00:00,MH007,13.0,18.386639,3
2020-05-18 22:00:00,MH007,13.0,17.594666,3
2020-05-18 23:00:00,MH007,12.95,17.304941,3
2020-05-19 00:00:00,MH007,10.9,16.451105,3
2020-05-19 01:00:00,MH007,7.0,15.675106,3
2020-05-19 02:00:00,MH007,6.97,15.389936,3
2020-05-19 03:00:00,MH007,5.84,17.393808,3
2020-05-19 04:00:00,MH007,5.84,17.608889,3
2020-05-19 05:00:00,MH007,5.84,17.844938,3
2020-05-19 06:00:00,MH007,5.84,17.58272,3
2020-05-19 07:00:00,MH007,1.1,17.86147,3
2020-05-19 08:00:00,MH007,10.7,17.756195,3
2020-05-19 09:00:00,MH007,10.7,17.529644,3
2020-05-19 10:00:00,MH007,10.7,17.264118,3
2020-05-19 11:00:00,MH007,0.4,17.093555,3
2020-05-19 12:00:00,MH007,4.22,17.326143,3
2020-05-19 13:00:00,MH007,11.7,17.577421,3
2020-05-19 14:00:00,MH007,11.7,17.650541,3
2020-05-19 15:00:00,MH007,11.7,17.699028,3
2020-05-19 16:00:00,MH007,11.7,17.815756,3
2020-05-19 17:00:00,MH007,0.33,17.516472,3
2020-05-19 18:00:00,MH007,3.14,17.42878,3
2020-05-19 19:00:00,MH007,7.78,16.9734,3
2020-05-19 20:00:00,MH007,0.67,16.731602,3
2020-05-19 21:00:00,MH007,5.85,16.269093,3
2020-05-19 22:00:00,MH007,5.85,15.889242,3
2020-05-19 23:00:00,MH007,5.85,15.343079,3
2020-05-20 00:00:00,MH007,5.85,14.835903,3
2020-05-22 12:00:00,MH007,30.93,25.011017,3
2020-05-22 13:00:00,MH007,28.0,25.851055,3
2020-05-22 14:00:00,MH007,27.98,26.564075,3
2020-05-22 15:00:00,MH007,26.95,26.960567,3
2020-05-22 16:00:00,MH007,25.5,26.9344,3
2020-05-22 17:00:00,MH007,43.0,26.232359,3
2020-05-22 18:00:00,MH007,26.44,25.431515,3
2020-05-22 19:00:00,MH007,5.1,24.400114,3
2020-05-22 20:00:00,MH007,8.95,23.96099,3
2020-05-22 21:00:00,MH007,6.96,24.035463,3
2020-05-22 22:00:00,MH007,5.14,23.735119,3
2020-05-22 23:00:00,MH007,10.25,23.489197,3
2020-05-23 00:00:00,MH007,20.07,23.808456,3
2020-05-23 01:00:00,MH007,20.07,23.581114,3
2020-05-23 02:00:00,MH007,28.9,21.998615,3
2020-05-23 03:00:00,MH007,24.16,23.166006,3
2020-05-23 04:00:00,MH007,10.0,23.237017,3
2020-05-23 05:00:00,MH007,5.0,24.70573,3
2020-05-23 06:00:00,MH007,5.0,25.544783,3
2020-05-23 07:00:00,MH007,5.0,28.832771,3
2020-05-23 08:00:00,MH007,5.28,29.766365,3
2020-05-23 09:00:00,MH007,5.28,29.111399,3
2020-05-23 10:00:00,MH007,5.0,26.69511,3
2020-05-23 11:00:00,MH007,5.0,24.651703,3
2020-05-23 12:00:00,MH007,5.0,21.494858,3
2020-05-23 13:00:00,MH007,5.0,20.229362,3
2020-05-23 14:00:00,MH007,5.0,18.822557,3
2020-05-23 15:00:00,MH007,5.0,17.668474,3
2020-05-23 16:00:00,MH007,5.0,17.195229,3
2020-05-23 17:00:00,MH007,5.64,16.841444,3
2020-05-23 18:00:00,MH007,29.0,16.108131,3
2020-05-23 19:00:00,MH007,5.0,15.017721,3
2020-05-23 20:00:00,MH007,5.0,13.812056,3
2020-05-23 21:00:00,MH007,5.0,12.698996,3
2020-05-23 22:00:00,MH007,5.0,11.761522,3
2020-05-23 23:00:00,MH007,5.0,11.174067,3
2020-05-24 00:00:00,MH007,5.0,11.482744,3
2020-05-24 01:00:00,MH007,5.0,12.159784,3
2020-05-24 02:00:00,MH007,5.0,12.207495,3
2020-05-24 03:00:00,MH007,5.0,13.711798,3
2020-05-24 04:00:00,MH007,5.14,14.542307,3
2020-05-24 05:00:00,MH007,10.25,15.271597,3
2020-05-24 06:00:00,MH007,19.7,16.06348,3
2020-05-24 07:00:00,MH007,8.0,16.357822,3
2020-05-24 08:00:00,MH007,5.1,15.733067,3
2020-05-24 09:00:00,MH007,8.9,15.4567375,3
2020-05-24 10:00:00,MH007,5.0,15.30802,3
2020-05-24 11:00:00,MH007,5.38,15.780594,3
2020-05-24 12:00:00,MH007,5.38,17.223795,3
2020-05-24 13:00:00,MH007,13.78,17.799622,3
2020-05-24 14:00:00,MH007,5.0,17.681236,3
2020-05-24 15:00:00,MH007,5.0,17.550623,3
2020-05-24 16:00:00,MH007,5.0,17.41157,3
2020-05-24 17:00:00,MH007,5.38,17.104107,3
2020-05-24 18:00:00,MH007,20.0,17.059862,3
2020-05-24 19:00:00,MH007,14.85,16.507217,3
2020-05-24 20:00:00,MH007,9.2,16.023733,3
2020-05-24 21:00:00,MH007,15.72,14.681227,3
2020-05-24 22:00:00,MH007,5.0,13.751211,3
2020-05-24 23:00:00,MH007,5.25,13.440496,3
2020-05-25 00:00:00,MH007,14.97,12.817827,3
2020-05-25 01:00:00,MH007,13.78,12.938444,3
2020-05-25 02:00:00,MH007,5.0,12.958223,3
2020-05-25 03:00:00,MH007,5.0,13.465559,3
2020-05-25 04:00:00,MH007,5.0,14.763784,3
2020-05-25 05:00:00,MH007,5.0,15.552301,3
2020-05-25 06:00:00,MH007,5.0,15.992149,3
2020-05-25 07:00:00,MH007,5.0,17.618774,3
2020-05-25 08:00:00,MH007,5.0,18.213058,3
2020-05-25 09:00:00,MH007,5.0,18.069567,3
2020-05-25 10:00:00,MH007,5.0,17.85781,3
2020-05-25 11:00:00,MH007,5.0,16.39519,3
2020-05-25 12:00:00,MH007,5.0,16.982042,3
2020-05-25 13:00:00,MH007,5.0,16.916218,3
2020-05-25 14:00:00,MH007,5.0,17.119663,3
2020-05-25 15:00:00,MH007,5.0,17.453857,3
2020-05-25 16:00:00,MH007,5.0,17.735292,3
2020-05-25 17:00:00,MH007,5.0,17.71548,3
2020-05-25 18:00:00,MH007,5.0,17.36109,3
2020-05-25 19:00:00,MH007,5.0,16.627304,3
2020-05-25 20:00:00,MH007,5.0,15.616728,3
2020-05-25 21:00:00,MH007,5.0,14.340958,3
2020-05-25 22:00:00,MH007,5.0,13.28216,3
2020-05-25 23:00:00,MH007,5.0,13.010103,3
2020-05-26 00:00:00,MH007,5.0,12.339579,3
2020-05-26 01:00:00,MH007,5.0,12.170706,3
2020-05-26 02:00:00,MH007,5.0,12.332983,3
2020-05-26 03:00:00,MH007,5.0,14.738546,3
2020-05-26 04:00:00,MH007,5.0,15.197859,3
2020-05-26 05:00:00,MH007,5.0,15.878885,3
2020-05-26 06:00:00,MH007,5.0,15.763401,3
2020-05-26 07:00:00,MH007,5.0,15.13693,3
2020-05-26 08:00:00,MH007,5.0,15.251314,3
2020-05-26 09:00:00,MH007,5.0,15.4112015,3
2020-05-26 10:00:00,MH007,5.0,15.396444,3
2020-05-26 11:00:00,MH007,5.0,15.544062,3
2020-05-26 12:00:00,MH007,5.0,15.725567,3
2020-05-26 13:00:00,MH007,5.0,16.165562,3
2020-05-26 14:00:00,MH007,5.0,16.653101,3
2020-05-26 15:00:00,MH007,5.0,16.903542,3
2020-05-26 16:00:00,MH007,5.08,17.10693,3
2020-05-26 17:00:00,MH007,8.07,16.961847,3
2020-05-26 18:00:00,MH007,10.83,16.69737,3
2020-05-26 19:00:00,MH007,5.0,16.107193,3
2020-05-26 20:00:00,MH007,5.0,15.156218,3
2020-05-26 21:00:00,MH007,5.09,14.122026,3
2020-05-26 22:00:00,MH007,6.95,13.192965,3
2020-05-26 23:00:00,MH007,5.09,12.702826,3
2020-05-27 00:00:00,MH007,9.03,12.587332,3
2020-05-27 01:00:00,MH007,9.95,12.764021,3
2020-05-27 02:00:00,MH007,8.15,12.765234,3
2020-05-27 03:00:00,MH007,13.8,15.552965,3
2020-05-27 04:00:00,MH007,5.97,16.268679,3
2020-05-27 05:00:00,MH007,5.0,15.96718,3
2020-05-27 06:00:00,MH007,5.0,15.666367,3
2020-05-27 07:00:00,MH007,5.0,15.317286,3
2020-05-27 08:00:00,MH007,5.0,14.806059,3
2020-05-27 09:00:00,MH007,5.0,14.740208,3
2020-05-27 10:00:00,MH007,5.0,14.66329,3
2020-05-27 11:00:00,MH007,5.0,14.862911,3
2020-05-27 12:00:00,MH007,5.0,15.743027,3
2020-05-27 13:00:00,MH007,5.0,16.23351,3
2020-05-27 14:00:00,MH007,5.0,16.391392,3
2020-05-27 15:00:00,MH007,5.0,17.283022,3
2020-05-27 16:00:00,MH007,5.0,17.417217,3
2020-05-27 17:00:00,MH007,5.22,17.35721,3
2020-05-27 18:00:00,MH007,5.22,17.378271,3
2020-05-27 19:00:00,MH007,5.0,16.60735,3
2020-05-27 20:00:00,MH007,5.0,15.839849,3
2020-05-27 21:00:00,MH007,5.0,14.692839,3
2020-05-27 22:00:00,MH007,5.0,13.832094,3
2020-05-27 23:00:00,MH007,5.03,13.310568,3
2020-05-28 00:00:00,MH007,6.05,12.937056,3
2020-05-28 01:00:00,MH007,8.2,12.440695,3
2020-05-28 02:00:00,MH007,15.72,12.142511,3
2020-05-28 03:00:00,MH007,5.0,14.039736,3
2020-05-28 04:00:00,MH007,5.0,14.465929,3
2020-05-28 05:00:00,MH007,5.0,14.642916,3
2020-05-28 06:00:00,MH007,5.0,14.431446,3
2020-05-28 07:00:00,MH007,5.0,14.494728,3
2020-05-28 08:00:00,MH007,5.05,14.631279,3
2020-05-28 09:00:00,MH007,7.11,15.261419,3
2020-05-28 10:00:00,MH007,10.7,15.448236,3
2020-05-28 11:00:00,MH007,5.0,15.876371,3
2020-05-28 12:00:00,MH007,5.0,16.348545,3
2020-05-28 13:00:00,MH007,5.0,16.847359,3
2020-05-28 14:00:00,MH007,5.0,17.16183,3
2020-05-28 15:00:00,MH007,5.0,17.259037,3
2020-05-28 16:00:00,MH007,5.0,17.58608,3
2020-05-28 17:00:00,MH007,5.3,17.586226,3
2020-05-28 18:00:00,MH007,17.0,17.820494,3
2020-05-28 19:00:00,MH007,6.96,17.175108,3
2020-05-28 20:00:00,MH007,5.0,15.897446,3
2020-05-28 21:00:00,MH007,5.0,14.874479,3
2020-05-28 22:00:00,MH007,5.05,14.127333,3
2020-05-28 23:00:00,MH007,7.1,12.490065,3
2020-05-29 00:00:00,MH007,11.2,12.308783,3
2020-05-29 01:00:00,MH007,11.2,12.300146,3
2020-05-29 02:00:00,MH007,11.2,12.876043,3
2020-05-29 03:00:00,MH007,17.05,14.258242,3
2020-05-29 04:00:00,MH007,18.18,14.790903,3
2020-05-29 05:00:00,MH007,22.05,14.94091,3
2020-05-29 06:00:00,MH007,23.05,14.917919,3
2020-05-29 07:00:00,MH007,24.0,14.996807,3
2020-05-29 08:00:00,MH007,21.82,15.6955185,3
2020-05-29 09:00:00,MH007,15.0,16.04659,3
2020-05-29 10:00:00,MH007,14.97,16.296453,3
2020-05-29 11:00:00,MH007,13.8,16.174255,3
2020-05-29 12:00:00,MH007,6.08,17.212004,3
2020-05-29 13:00:00,MH007,9.0,18.70232,3
2020-05-29 14:00:00,MH007,10.95,20.2686,3
2020-05-29 15:00:00,MH007,9.1,21.368025,3
2020-05-29 16:00:00,MH007,13.1,21.582542,3
2020-05-29 17:00:00,MH007,17.15,21.207066,3
2020-05-29 18:00:00,MH007,22.98,20.384666,3
2020-05-29 19:00:00,MH007,22.1,19.134888,3
2020-05-29 20:00:00,MH007,25.93,17.723852,3
2020-05-29 21:00:00,MH007,22.57,16.555704,3
2020-05-29 22:00:00,MH007,6.0,15.934156,3
2020-05-29 23:00:00,MH007,6.28,15.358208,3
2020-05-30 00:00:00,MH007,17.0,15.460192,3
2020-05-30 01:00:00,MH007,16.85,16.167463,3
2020-05-30 02:00:00,MH007,11.0,16.313297,3
2020-05-30 03:00:00,MH007,11.15,18.738094,3
2020-05-30 04:00:00,MH007,17.07,20.05079,3
2020-05-30 05:00:00,MH007,20.07,20.185043,3
2020-05-30 06:00:00,MH007,22.6,20.45405,3
2020-05-30 07:00:00,MH007,19.0,20.196186,3
2020-05-30 08:00:00,MH007,5.0,19.642138,3
2020-05-30 09:00:00,MH007,5.12,19.08402,3
2020-05-30 10:00:00,MH007,10.1,17.894606,3
2020-05-30 11:00:00,MH007,13.96,18.516989,3
2020-05-30 12:00:00,MH007,10.18,19.580353,3
2020-05-30 13:00:00,MH007,16.95,20.217865,3
2020-05-30 14:00:00,MH007,14.54,20.36248,3
2020-05-30 15:00:00,MH007,5.02,19.984692,3
2020-05-30 16:00:00,MH007,6.38,19.288546,3
2020-05-30 17:00:00,MH007,21.07,18.971945,3
2020-05-30 18:00:00,MH007,21.07,18.84076,3
2020-05-30 19:00:00,MH007,8.0,18.583187,3
2020-05-30 20:00:00,MH007,8.1,17.567238,3
2020-05-30 21:00:00,MH007,11.82,16.580994,3
2020-05-30 22:00:00,MH007,5.0,15.368633,3
2020-05-30 23:00:00,MH007,5.09,14.605906,3
2020-05-31 00:00:00,MH007,5.09,14.822954,3
2020-05-31 01:00:00,MH007,5.09,15.091473,3
2020-05-31 02:00:00,MH007,5.09,14.41016,3
2020-05-31 05:00:00,MH007,5.0,16.533438,3
2020-05-31 06:00:00,MH007,5.0,16.560745,3
2020-05-31 07:00:00,MH007,5.0,16.256428,3
2020-05-31 08:00:00,MH007,5.0,15.295803,3
2020-06-03 09:00:00,MH007,5.0,15.234299,3
2020-06-03 10:00:00,MH007,5.0,13.670191,3
2020-06-03 11:00:00,MH007,5.0,13.5199795,3
2020-06-03 12:00:00,MH007,5.0,13.300528,3
2020-06-03 13:00:00,MH007,5.0,12.30472,3
2020-06-06 01:00:00,MH007,6.96,11.027998,3
2020-06-06 02:00:00,MH007,5.0,11.987593,3
2020-06-06 03:00:00,MH007,5.16,13.174391,3
2020-06-06 04:00:00,MH007,12.11,14.699387,3
2020-06-06 05:00:00,MH007,16.89,16.053291,3
2020-06-06 06:00:00,MH007,11.84,16.299427,3
2020-06-06 07:00:00,MH007,5.0,16.6509,3
2020-06-06 08:00:00,MH007,5.0,15.792295,3
2020-06-06 09:00:00,MH007,5.05,15.188679,3
2020-06-06 10:00:00,MH007,7.31,15.945717,3
2020-06-06 11:00:00,MH007,14.33,15.31282,3
2020-06-06 12:00:00,MH007,28.98,15.754644,3
2020-06-06 13:00:00,MH007,27.86,15.789856,3
2020-06-06 14:00:00,MH007,24.9,15.711639,3
2020-06-06 15:00:00,MH007,21.18,14.972248,3
2020-06-06 16:00:00,MH007,28.98,13.966387,3
2020-06-06 17:00:00,MH007,28.11,13.381533,3
2020-06-06 18:00:00,MH007,32.95,14.431938,3
2020-06-06 19:00:00,MH007,31.0,15.034161,3
2020-06-06 20:00:00,MH007,29.95,15.406406,3
2020-06-06 21:00:00,MH007,28.05,15.937435,3
2020-06-06 22:00:00,MH007,29.89,15.546383,3
2020-06-06 23:00:00,MH007,24.98,15.331444,3
2020-06-07 00:00:00,MH007,24.23,13.555201,3
2020-06-07 01:00:00,MH007,32.88,13.998888,3
2020-06-07 02:00:00,MH007,28.32,13.804495,3
2020-06-07 03:00:00,MH007,40.89,15.878519,3
2020-06-07 04:00:00,MH007,36.15,17.025482,3
2020-06-07 05:00:00,MH007,41.7,18.923115,3
2020-06-07 06:00:00,MH007,35.98,20.671144,3
2020-06-07 07:00:00,MH007,34.6,22.702475,3
2020-06-07 08:00:00,MH007,17.02,24.369259,3
2020-06-07 09:00:00,MH007,17.86,25.007599,3
2020-06-07 10:00:00,MH007,10.96,26.766754,3
2020-06-07 11:00:00,MH007,9.13,28.152462,3
2020-06-07 12:00:00,MH007,14.78,28.689375,3
2020-06-07 13:00:00,MH007,5.98,28.009739,3
2020-06-07 14:00:00,MH007,5.0,26.644392,3
2020-06-07 15:00:00,MH007,12.2,24.871838,3
2020-06-07 16:00:00,MH007,21.13,23.169127,3
2020-06-07 17:00:00,MH007,27.13,20.937992,3
2020-06-07 18:00:00,MH007,32.85,19.310913,3
2020-06-07 19:00:00,MH007,26.87,17.631935,3
2020-06-07 20:00:00,MH007,21.0,16.383255,3
2020-06-07 21:00:00,MH007,21.16,15.924137,3
2020-06-07 22:00:00,MH007,27.95,13.525587,3
2020-06-07 23:00:00,MH007,25.87,13.385916,3
2020-06-08 00:00:00,MH007,22.87,14.377995,3
2020-06-08 01:00:00,MH007,17.95,15.285927,3
2020-06-08 02:00:00,MH007,16.05,14.437294,3
2020-06-08 03:00:00,MH007,18.07,15.151812,3
2020-06-08 04:00:00,MH007,21.0,15.998102,3
2020-06-08 05:00:00,MH007,21.27,17.059937,3
2020-06-08 06:00:00,MH007,32.98,18.322422,3
2020-06-08 07:00:00,MH007,32.08,18.390505,3
2020-06-08 08:00:00,MH007,35.05,18.297005,3
2020-06-08 09:00:00,MH007,36.51,17.720625,3
2020-06-08 10:00:00,MH007,16.18,17.361746,3
2020-06-08 11:00:00,MH007,23.02,16.94176,3
2020-06-08 12:00:00,MH007,23.91,18.149107,3
2020-06-08 13:00:00,MH007,19.87,19.222878,3
2020-06-08 14:00:00,MH007,13.98,19.16672,3
2020-06-08 15:00:00,MH007,13.1,21.04459,3
2020-06-08 16:00:00,MH007,17.14,20.607718,3
2020-06-08 17:00:00,MH007,23.16,20.792116,3
2020-06-08 18:00:00,MH007,29.91,19.720768,3
2020-06-08 19:00:00,MH007,25.95,19.542906,3
2020-06-08 20:00:00,MH007,23.98,19.20782,3
2020-06-08 21:00:00,MH007,22.92,16.97655,3
2020-06-08 22:00:00,MH007,18.98,15.838106,3
2020-06-08 23:00:00,MH007,18.07,14.520134,3
2020-06-09 00:00:00,MH007,21.07,13.0155735,3
2020-06-09 01:00:00,MH007,24.0,13.888651,3
2020-06-09 02:00:00,MH007,21.0,14.299128,3
2020-06-09 03:00:00,MH007,21.11,16.02941,3
2020-06-09 04:00:00,MH007,25.8,17.114813,3
2020-06-09 05:00:00,MH007,17.61,17.112135,3
2020-06-09 06:00:00,MH007,42.67,17.307732,3
2020-06-09 07:00:00,MH007,27.98,17.473257,3
2020-06-09 08:00:00,MH007,26.84,17.351788,3
2020-06-09 09:00:00,MH007,19.67,17.855858,3
2020-06-09 10:00:00,MH007,5.0,17.652235,3
2020-06-09 11:00:00,MH007,5.0,17.74664,3
2020-06-09 12:00:00,MH007,5.0,18.873056,3
2020-06-09 13:00:00,MH007,5.0,19.625446,3
2020-06-09 14:00:00,MH007,5.0,19.8685,3
2020-06-09 15:00:00,MH007,5.0,20.24498,3
2020-06-09 16:00:00,MH007,5.0,19.098553,3
2020-06-09 17:00:00,MH007,5.22,18.27656,3
2020-06-09 18:00:00,MH007,15.0,16.678621,3
2020-06-09 19:00:00,MH007,18.93,15.121578,3
2020-06-09 20:00:00,MH007,15.91,14.276983,3
2020-06-09 21:00:00,MH007,11.85,13.543715,3
2020-06-09 22:00:00,MH007,5.02,12.195662,3
2020-06-09 23:00:00,MH007,5.98,10.942633,3
2020-06-10 00:00:00,MH007,5.0,9.994093,3
2020-06-10 01:00:00,MH007,5.16,9.068499,3
2020-06-10 02:00:00,MH007,12.04,9.53433,3
2020-06-10 03:00:00,MH007,14.62,11.998812,3
2020-06-10 04:00:00,MH007,45.55,13.06529,3
2020-06-10 05:00:00,MH007,26.36,13.449484,3
2020-06-10 06:00:00,MH007,41.6,13.120428,3
2020-06-10 07:00:00,MH007,32.86,13.076941,3
2020-06-10 08:00:00,MH007,29.93,13.268438,3
2020-06-10 09:00:00,MH007,26.91,13.675924,3
2020-06-10 10:00:00,MH007,22.95,14.629757,3
2020-06-10 11:00:00,MH007,21.0,15.943037,3
2020-06-10 12:00:00,MH007,10.87,17.36317,3
2020-06-10 13:00:00,MH007,5.0,18.46528,3
2020-06-10 14:00:00,MH007,5.0,19.026915,3
2020-06-10 15:00:00,MH007,5.04,19.43143,3
2020-06-10 16:00:00,MH007,7.02,18.068407,3
2020-06-10 17:00:00,MH007,7.93,18.093147,3
2020-06-10 18:00:00,MH007,5.11,17.958908,3
2020-06-10 19:00:00,MH007,9.95,15.572809,3
2020-06-10 20:00:00,MH007,8.91,14.531958,3
2020-06-10 21:00:00,MH007,5.13,12.830435,3
2020-06-10 22:00:00,MH007,10.89,9.306494,3
2020-06-10 23:00:00,MH007,5.98,10.024702,3
2020-06-11 00:00:00,MH007,5.0,9.924826,3
2020-06-11 01:00:00,MH007,5.0,8.938078,3
2020-06-11 02:00:00,MH007,5.0,8.7939205,3
2020-06-11 03:00:00,MH007,5.0,11.430162,3
2020-06-11 04:00:00,MH007,5.07,12.770758,3
2020-06-11 05:00:00,MH007,8.07,13.39599,3
2020-06-11 06:00:00,MH007,11.04,13.893869,3
2020-06-11 07:00:00,MH007,13.0,13.415907,3
2020-06-11 08:00:00,MH007,22.93,13.060057,3
2020-06-11 09:00:00,MH007,19.71,12.758459,3
2020-06-11 10:00:00,MH007,7.26,12.80673,3
2020-06-11 11:00:00,MH007,17.84,13.414179,3
2020-06-11 12:00:00,MH007,10.87,13.465673,3
2020-06-11 13:00:00,MH007,5.0,13.752623,3
2020-06-11 14:00:00,MH007,5.0,14.459475,3
2020-06-11 15:00:00,MH007,5.09,15.187635,3
2020-06-11 16:00:00,MH007,9.25,15.791077,3
2020-06-11 17:00:00,MH007,19.95,14.94833,3
2020-06-11 18:00:00,MH007,17.93,15.948921,3
2020-06-11 19:00:00,MH007,14.91,15.068619,3
2020-06-11 20:00:00,MH007,11.0,14.41515,3
2020-06-11 21:00:00,MH007,11.11,12.956278,3
2020-06-11 22:00:00,MH007,15.97,11.731607,3
2020-06-11 23:00:00,MH007,15.02,10.920717,3
2020-06-12 00:00:00,MH007,16.07,10.3284855,3
2020-06-12 01:00:00,MH007,18.91,9.339212,3
2020-06-12 02:00:00,MH007,14.98,9.644758,3
2020-06-12 03:00:00,MH007,14.0,12.889776,3
2020-06-12 04:00:00,MH007,12.13,12.951277,3
2020-06-12 05:00:00,MH007,18.02,14.340187,3
2020-06-12 06:00:00,MH007,18.94,15.340378,3
2020-06-12 07:00:00,MH007,16.07,16.354986,3
2020-06-12 08:00:00,MH007,19.27,16.400248,3
2020-06-12 09:00:00,MH007,30.88,16.325397,3
2020-06-12 10:00:00,MH007,25.93,16.273565,3
2020-06-12 11:00:00,MH007,22.91,16.702927,3
2020-06-12 12:00:00,MH007,22.91,17.342287,3
2020-06-12 13:00:00,MH007,22.91,17.339966,3
2020-06-12 14:00:00,MH007,15.09,17.403446,3
2020-06-12 15:00:00,MH007,19.05,18.62334,3
2020-06-12 16:00:00,MH007,20.87,19.828691,3
2020-06-12 17:00:00,MH007,15.0,20.638151,3
2020-06-12 18:00:00,MH007,15.03,21.06409,3
2020-06-12 19:00:00,MH007,15.78,20.878717,3
2020-06-12 20:00:00,MH007,6.22,19.091208,3
2020-06-12 21:00:00,MH007,16.1,19.033283,3
2020-06-12 22:00:00,MH007,21.02,18.385632,3
2020-06-12 23:00:00,MH007,22.0,17.419228,3
2020-06-13 00:00:00,MH007,25.11,16.175037,3
2020-06-13 01:00:00,MH007,25.11,15.115639,3
2020-06-13 02:00:00,MH007,24.84,13.816568,3
2020-06-13 03:00:00,MH007,13.11,16.000267,3
2020-06-13 04:00:00,MH007,18.05,17.574564,3
2020-06-13 05:00:00,MH007,19.78,18.890291,3
2020-06-13 06:00:00,MH007,10.02,20.620548,3
2020-06-13 07:00:00,MH007,11.11,20.558207,3
2020-06-13 08:00:00,MH007,15.98,22.53319,3
2020-06-13 09:00:00,MH007,15.0,23.16961,3
2020-06-13 10:00:00,MH007,14.96,21.891066,3
2020-06-13 11:00:00,MH007,12.94,21.209297,3
2020-06-13 12:00:00,MH007,10.0,20.556654,3
2020-06-13 13:00:00,MH007,10.0,20.520166,3
2020-06-13 14:00:00,MH007,21.0,19.436586,3
2020-06-13 15:00:00,MH007,7.4,18.645912,3
2020-06-13 16:00:00,MH007,6.0,19.221088,3
2020-06-13 17:00:00,MH007,6.0,19.185534,3
2020-06-13 18:00:00,MH007,6.0,18.982014,3
2020-06-13 19:00:00,MH007,6.0,18.697706,3
2020-06-13 20:00:00,MH007,6.02,18.368107,3
2020-06-13 21:00:00,MH007,6.98,17.178522,3
2020-06-13 22:00:00,MH007,6.0,15.462763,3
2020-06-13 23:00:00,MH007,6.0,13.109671,3
2020-06-14 00:00:00,MH007,6.02,11.590326,3
2020-06-14 01:00:00,MH007,6.98,10.571508,3
2020-06-14 02:00:00,MH007,6.0,9.871698,3
2020-06-14 03:00:00,MH007,6.0,12.748392,3
2020-06-14 04:00:00,MH007,6.47,14.288668,3
2020-06-14 05:00:00,MH007,6.47,15.074541,3
2020-06-14 06:00:00,MH007,6.0,15.795122,3
2020-06-14 07:00:00,MH007,6.0,15.898912,3
2020-06-14 08:00:00,MH007,6.0,16.878288,3
2020-06-14 09:00:00,MH007,6.0,16.948427,3
2020-06-14 10:00:00,MH007,6.0,16.814108,3
2020-06-14 11:00:00,MH007,6.0,16.663294,3
2020-06-14 12:00:00,MH007,6.0,16.569359,3
2020-06-14 13:00:00,MH007,6.0,16.62864,3
2020-06-14 14:00:00,MH007,6.0,16.550428,3
2020-06-14 15:00:00,MH007,6.0,16.38169,3
2020-06-14 16:00:00,MH007,6.0,16.01135,3
2020-06-14 17:00:00,MH007,6.0,13.827421,3
2020-06-14 18:00:00,MH007,6.0,14.488272,3
2020-06-14 19:00:00,MH007,6.0,13.757082,3
2020-06-14 20:00:00,MH007,6.0,13.483423,3
2020-06-14 21:00:00,MH007,6.0,12.254446,3
2020-06-14 22:00:00,MH007,6.0,11.350279,3
2020-06-14 23:00:00,MH007,6.09,10.011038,3
2020-06-15 00:00:00,MH007,10.0,9.256163,3
2020-06-15 01:00:00,MH007,10.27,8.258295,3
2020-06-15 02:00:00,MH007,21.64,7.642755,3
2020-06-15 03:00:00,MH007,6.04,8.964663,3
2020-06-15 04:00:00,MH007,8.0,10.051352,3
2020-06-15 05:00:00,MH007,9.15,12.539675,3
2020-06-15 06:00:00,MH007,16.2,12.418943,3
2020-06-15 07:00:00,MH007,24.84,12.782618,3
2020-06-15 08:00:00,MH007,17.87,13.155596,3
2020-06-15 09:00:00,MH007,11.93,13.842157,3
2020-06-15 10:00:00,MH007,8.96,14.193911,3
2020-06-15 11:00:00,MH007,6.98,14.090773,3
2020-06-15 12:00:00,MH007,6.0,12.73752,3
2020-06-15 13:00:00,MH007,6.18,14.132315,3
2020-06-15 14:00:00,MH007,10.02,14.839422,3
2020-06-15 15:00:00,MH007,10.93,15.464935,3
2020-06-15 16:00:00,MH007,8.02,15.352459,3
2020-06-15 17:00:00,MH007,9.07,14.176199,3
2020-06-15 18:00:00,MH007,9.07,12.324942,3
2020-06-15 19:00:00,MH007,9.07,12.575949,3
2020-06-15 20:00:00,MH007,18.86,12.3552685,3
2020-06-15 21:00:00,MH007,11.82,11.566324,3
2020-06-15 22:00:00,MH007,10.04,10.469187,3
2020-06-15 23:00:00,MH007,10.04,10.268694,3
2020-06-16 00:00:00,MH007,10.04,8.467772,3
2020-06-16 01:00:00,MH007,10.04,8.439005,3
2020-06-16 05:00:00,MH007,15.92,11.363039,3
2020-06-16 06:00:00,MH007,11.91,13.002893,3
2020-06-16 07:00:00,MH007,10.93,13.324404,3
2020-06-18 10:00:00,MH007,6.04,12.429461,3
2020-06-18 11:00:00,MH007,7.96,12.606569,3
2020-06-18 12:00:00,MH007,6.0,13.04059,3
2020-06-18 13:00:00,MH007,6.0,13.454958,3
2020-06-18 14:00:00,MH007,6.0,14.092379,3
2020-06-18 15:00:00,MH007,6.0,13.877367,3
2020-06-18 16:00:00,MH007,6.0,11.156504,3
2020-06-18 17:00:00,MH007,6.0,11.027693,3
2020-06-18 18:00:00,MH007,6.02,11.421961,3
2020-06-18 19:00:00,MH007,7.0,10.900129,3
2020-06-18 20:00:00,MH007,6.98,10.597895,3
2020-06-18 21:00:00,MH007,6.0,8.741938,3
2020-06-18 22:00:00,MH007,6.0,8.056276,3
2020-06-18 23:00:00,MH007,6.0,6.5632377,3
2020-06-19 00:00:00,MH007,6.22,7.0704703,3
2020-06-19 01:00:00,MH007,15.84,6.766294,3
2020-06-19 02:00:00,MH007,13.82,6.5021796,3
2020-06-19 03:00:00,MH007,6.0,8.44121,3
2020-06-19 04:00:00,MH007,6.35,9.633657,3
2020-06-19 05:00:00,MH007,23.8,10.765703,3
2020-06-19 06:00:00,MH007,15.91,11.235029,3
2020-06-19 07:00:00,MH007,12.07,12.31642,3
2020-06-19 08:00:00,MH007,14.96,13.810152,3
2020-06-19 09:00:00,MH007,12.98,13.3406315,3
2020-06-19 10:00:00,MH007,12.18,14.068174,3
2020-06-19 11:00:00,MH007,18.87,14.292391,3
2020-06-19 12:00:00,MH007,12.9,14.55599,3
2020-06-19 13:00:00,MH007,8.27,14.682064,3
2020-06-19 14:00:00,MH007,19.89,15.136047,3
2020-06-19 15:00:00,MH007,15.04,14.797171,3
2020-06-19 16:00:00,MH007,16.94,14.125036,3
2020-06-19 17:00:00,MH007,13.96,14.360531,3
2020-06-19 18:00:00,MH007,11.98,13.991098,3
2020-06-19 19:00:00,MH007,11.04,13.311331,3
2020-06-19 20:00:00,MH007,12.87,13.170431,3
2020-06-19 21:00:00,MH007,6.0,12.451948,3
2020-06-19 22:00:00,MH007,7.0,11.804678,3
2020-06-19 23:00:00,MH007,6.98,11.498869,3
2020-06-20 00:00:00,MH007,6.0,9.729795,3
2020-06-20 01:00:00,MH007,6.0,9.293993,3
2020-06-20 02:00:00,MH007,6.0,9.022524,3
2020-06-20 03:00:00,MH007,6.0,10.672518,3
2020-06-20 04:00:00,MH007,6.0,11.49201,3
2020-06-20 05:00:00,MH007,6.0,12.421736,3
2020-06-20 06:00:00,MH007,6.0,13.325964,3
2020-06-20 07:00:00,MH007,6.0,13.458384,3
2020-06-20 08:00:00,MH007,6.0,14.234301,3
2020-06-20 09:00:00,MH007,6.0,13.978701,3
2020-06-20 10:00:00,MH007,6.0,13.778559,3
2020-06-20 11:00:00,MH007,6.0,14.168158,3
2020-06-20 12:00:00,MH007,6.0,13.886362,3
2020-06-20 16:00:00,MH007,6.0,13.55628,3
2020-06-20 17:00:00,MH007,6.0,12.988329,3
2020-06-20 18:00:00,MH007,6.18,12.649721,3
2020-06-22 21:00:00,MH007,6.0,10.881559,3
2020-06-22 22:00:00,MH007,6.07,9.741369,3
2020-06-22 23:00:00,MH007,9.09,9.290747,3
2020-06-23 00:00:00,MH007,12.96,7.5606055,3
2020-06-23 01:00:00,MH007,11.02,7.5025687,3
2020-06-23 02:00:00,MH007,11.87,7.183286,3
2020-06-23 03:00:00,MH007,6.0,9.265154,3
2020-06-23 04:00:00,MH007,6.02,9.786226,3
2020-06-23 05:00:00,MH007,7.02,10.501257,3
2020-06-23 06:00:00,MH007,8.02,11.707495,3
2020-06-23 07:00:00,MH007,8.93,11.800497,3
2020-06-23 08:00:00,MH007,6.0,13.054876,3
2020-06-23 09:00:00,MH007,6.0,13.331438,3
2020-06-23 10:00:00,MH007,6.0,13.375212,3
2020-06-23 11:00:00,MH007,6.0,13.103338,3
2020-06-23 12:00:00,MH007,6.0,13.786535,3
2020-06-23 13:00:00,MH007,6.0,14.216185,3
2020-06-23 14:00:00,MH007,6.0,14.772659,3
2020-06-23 15:00:00,MH007,6.0,14.775286,3
2020-06-23 16:00:00,MH007,6.0,14.087805,3
2020-06-23 17:00:00,MH007,6.0,13.584879,3
2020-06-23 18:00:00,MH007,6.0,12.869116,3
2020-06-23 19:00:00,MH007,6.0,11.331766,3
2020-06-23 20:00:00,MH007,6.0,11.596964,3
2020-06-23 21:00:00,MH007,6.0,10.473375,3
2020-06-23 22:00:00,MH007,6.0,9.802469,3
2020-06-23 23:00:00,MH007,6.0,9.076399,3
2020-06-24 00:00:00,MH007,6.0,8.522593,3
2020-06-24 01:00:00,MH007,6.0,7.6259284,3
2020-06-24 02:00:00,MH007,6.0,7.657274,3
2020-06-24 03:00:00,MH007,6.0,9.81772,3
2020-06-24 04:00:00,MH007,6.0,10.393194,3
2020-06-24 05:00:00,MH007,6.16,11.024889,3
2020-06-24 06:00:00,MH007,12.89,11.406374,3
2020-06-24 07:00:00,MH007,7.96,12.151575,3
2020-06-24 08:00:00,MH007,6.08,12.712629,3
2020-06-24 09:00:00,MH007,9.92,13.157728,3
2020-06-24 10:00:00,MH007,6.12,13.193663,3
2020-06-24 11:00:00,MH007,11.98,13.157209,3
2020-06-24 12:00:00,MH007,11.04,13.209669,3
2020-06-24 13:00:00,MH007,12.9,13.47563,3
2020-06-24 14:00:00,MH007,7.96,13.604681,3
2020-06-24 15:00:00,MH007,6.04,13.604845,3
2020-06-24 16:00:00,MH007,7.98,13.273783,3
2020-06-24 17:00:00,MH007,6.98,12.770807,3
2020-06-24 18:00:00,MH007,6.09,12.894415,3
2020-06-24 19:00:00,MH007,10.0,12.847216,3
2020-06-24 20:00:00,MH007,10.0,13.114302,3
2020-06-24 21:00:00,MH007,10.02,12.389845,3
2020-06-24 22:00:00,MH007,11.0,11.022005,3
2020-06-24 23:00:00,MH007,10.92,10.223631,3
2020-06-25 00:00:00,MH007,7.0,9.341108,3
2020-06-25 01:00:00,MH007,7.08,8.306406,3
2020-06-25 02:00:00,MH007,11.06,8.282259,3
2020-06-25 03:00:00,MH007,14.18,10.087851,3
2020-06-25 04:00:00,MH007,21.8,8.632425,3
2020-06-25 05:00:00,MH007,12.31,12.175867,3
2020-06-25 06:00:00,MH007,25.87,12.791712,3
2020-06-25 07:00:00,MH007,17.98,13.241312,3
2020-06-25 08:00:00,MH007,16.94,13.395311,3
2020-06-25 09:00:00,MH007,14.04,13.79056,3
2020-06-25 10:00:00,MH007,16.07,13.683466,3
2020-06-25 11:00:00,MH007,19.89,14.527988,3
2020-06-25 12:00:00,MH007,14.92,14.979229,3
2020-06-25 13:00:00,MH007,10.92,15.65016,3
2020-06-25 14:00:00,MH007,7.1,15.992538,3
2020-06-25 15:00:00,MH007,11.88,15.760897,3
2020-06-25 16:00:00,MH007,6.11,15.771313,3
2020-06-25 17:00:00,MH007,11.09,16.181118,3
2020-06-25 18:00:00,MH007,15.0,15.58346,3
2020-06-25 19:00:00,MH007,14.94,14.710348,3
2020-06-25 20:00:00,MH007,12.02,14.063982,3
2020-06-25 21:00:00,MH007,13.02,13.657335,3
2020-06-25 22:00:00,MH007,14.02,12.655069,3
2020-06-25 23:00:00,MH007,14.91,11.822428,3
2020-06-26 00:00:00,MH007,10.98,11.342764,3
2020-06-26 01:00:00,MH007,10.08,10.14694,3
2020-06-26 02:00:00,MH007,14.0,9.331591,3
2020-06-26 03:00:00,MH007,13.92,12.768724,3
2020-06-26 04:00:00,MH007,9.94,14.157351,3
2020-06-26 05:00:00,MH007,7.33,14.277941,3
2020-06-26 06:00:00,MH007,22.04,15.716036,3
2020-06-26 07:00:00,MH007,23.94,16.704462,3
2020-06-26 08:00:00,MH007,21.06,16.367544,3
2020-06-26 09:00:00,MH007,23.88,17.210697,3
2020-06-26 10:00:00,MH007,17.87,16.32354,3
2020-06-26 11:00:00,MH007,11.1,14.939613,3
2020-06-26 12:00:00,MH007,15.96,17.199987,3
2020-06-26 13:00:00,MH007,13.9,19.08451,3
2020-06-26 14:00:00,MH007,8.94,19.844656,3
2020-06-26 15:00:00,MH007,6.17,20.330872,3
2020-06-26 16:00:00,MH007,15.03,21.160103,3
2020-06-26 17:00:00,MH007,17.04,20.831161,3
2020-06-26 18:00:00,MH007,19.07,19.508648,3
2020-06-26 19:00:00,MH007,21.98,19.266983,3
2020-06-26 20:00:00,MH007,20.95,18.58738,3
2020-06-26 21:00:00,MH007,19.0,16.759457,3
2020-06-26 22:00:00,MH007,19.13,16.095148,3
2020-06-26 23:00:00,MH007,25.02,15.148914,3
2020-06-27 00:00:00,MH007,25.67,15.065861,3
2020-06-27 01:00:00,MH007,9.12,15.060322,3
2020-06-27 02:00:00,MH007,15.12,14.612949,3
2020-06-27 03:00:00,MH007,21.12,17.375414,3
2020-06-27 04:00:00,MH007,26.82,18.908283,3
2020-06-27 05:00:00,MH007,17.98,20.068901,3
2020-06-27 06:00:00,MH007,16.79,20.811703,3
2020-06-27 07:00:00,MH007,6.0,20.57437,3
2020-06-27 08:00:00,MH007,6.0,21.077536,3
2020-06-27 09:00:00,MH007,6.0,20.946444,3
2020-06-27 10:00:00,MH007,6.0,20.33065,3
2020-06-27 11:00:00,MH007,6.0,21.180304,3
2020-06-27 12:00:00,MH007,6.21,21.523684,3
2020-06-27 13:00:00,MH007,16.82,21.070415,3
2020-06-27 14:00:00,MH007,7.96,19.916513,3
2020-06-27 15:00:00,MH007,6.0,18.83879,3
2020-06-27 16:00:00,MH007,6.0,18.13225,3
2020-06-27 17:00:00,MH007,6.12,17.21561,3
2020-06-27 18:00:00,MH007,11.88,15.867331,3
2020-06-27 19:00:00,MH007,6.12,15.156549,3
2020-06-27 20:00:00,MH007,12.12,15.050034,3
2020-06-27 21:00:00,MH007,17.98,14.946558,3
2020-06-27 22:00:00,MH007,16.88,14.278757,3
2020-06-27 23:00:00,MH007,11.27,13.208628,3
2020-06-28 00:00:00,MH007,24.62,12.707548,3
2020-06-28 01:00:00,MH007,7.96,9.660112,3
2020-06-28 02:00:00,MH007,6.16,9.935698,3
2020-06-28 03:00:00,MH007,13.96,12.634668,3
2020-06-28 04:00:00,MH007,11.96,14.161051,3
2020-06-28 05:00:00,MH007,10.02,13.332853,3
2020-06-28 06:00:00,MH007,10.9,15.118483,3
2020-06-28 07:00:00,MH007,6.0,17.811306,3
2020-06-28 08:00:00,MH007,6.0,17.768557,3
2020-06-28 09:00:00,MH007,6.0,18.527836,3
2020-06-28 10:00:00,MH007,6.0,17.901031,3
2020-06-28 11:00:00,MH007,6.02,18.172556,3
2020-06-28 12:00:00,MH007,7.04,18.340708,3
2020-06-28 13:00:00,MH007,8.95,17.451292,3
2020-06-28 14:00:00,MH007,6.0,17.449345,3
2020-06-28 15:00:00,MH007,6.0,17.221586,3
2020-06-28 16:00:00,MH007,6.0,17.336939,3
2020-06-28 17:00:00,MH007,6.02,16.761127,3
2020-06-28 18:00:00,MH007,7.02,16.306566,3
2020-06-28 19:00:00,MH007,8.02,14.981266,3
2020-06-28 20:00:00,MH007,8.94,14.289122,3
2020-06-28 21:00:00,MH007,6.02,12.777163,3
2020-06-28 22:00:00,MH007,7.0,12.477949,3
2020-06-28 23:00:00,MH007,6.98,11.028181,3
2020-06-29 00:00:00,MH007,6.29,10.253435,3
2020-06-29 01:00:00,MH007,20.71,8.825644,3
2020-06-29 02:00:00,MH007,6.0,5.0177703,3
2020-06-29 03:00:00,MH007,6.0,9.434912,3
2020-06-29 04:00:00,MH007,6.0,10.585993,3
2020-06-29 05:00:00,MH007,6.0,10.507143,3
2020-06-29 06:00:00,MH007,6.0,10.549345,3
2020-06-29 07:00:00,MH007,6.0,13.405302,3
2020-06-29 08:00:00,MH007,6.0,13.304789,3
2020-06-29 09:00:00,MH007,6.0,13.476961,3
2020-06-29 10:00:00,MH007,6.0,13.271769,3
2020-06-29 11:00:00,MH007,6.0,13.250208,3
2020-06-29 12:00:00,MH007,6.0,13.274225,3
2020-06-29 13:00:00,MH007,6.0,13.531672,3
2020-06-29 14:00:00,MH007,6.0,13.6544285,3
2020-06-29 15:00:00,MH007,6.0,13.807142,3
2020-06-29 16:00:00,MH007,6.0,13.283201,3
2020-06-29 17:00:00,MH007,6.0,13.001055,3
2020-06-29 18:00:00,MH007,6.0,13.05287,3
2020-06-29 19:00:00,MH007,6.0,13.18712,3
2020-06-29 20:00:00,MH007,6.0,12.146936,3
2020-06-29 21:00:00,MH007,6.0,10.321833,3
2020-06-29 22:00:00,MH007,6.0,10.547564,3
2020-06-29 23:00:00,MH007,6.0,10.155855,3
2020-06-30 00:00:00,MH007,6.0,8.696432,3
2020-06-30 01:00:00,MH007,6.0,8.817434,3
2020-06-30 02:00:00,MH007,6.0,6.8686614,3
2020-06-30 03:00:00,MH007,6.0,10.122805,3
2020-06-30 04:00:00,MH007,6.0,10.626272,3
2020-06-30 05:00:00,MH007,6.0,11.212774,3
2020-06-30 06:00:00,MH007,6.0,11.525156,3
2020-06-30 07:00:00,MH007,6.0,10.504755,3
2020-06-30 08:00:00,MH007,6.02,10.863073,3
2020-06-30 09:00:00,MH007,7.0,11.361986,3
2020-06-30 10:00:00,MH007,6.98,11.738409,3
2020-06-30 11:00:00,MH007,6.0,11.676928,3
2020-06-30 12:00:00,MH007,6.0,12.126818,3
2020-06-30 13:00:00,MH007,6.0,12.273855,3
2020-06-30 14:00:00,MH007,6.0,12.341726,3
2020-06-30 15:00:00,MH007,6.0,12.464895,3
2020-06-30 16:00:00,MH007,6.0,12.522444,3
2020-06-30 17:00:00,MH007,6.0,12.333548,3
2020-06-30 18:00:00,MH007,6.0,11.700083,3
2020-06-30 19:00:00,MH007,6.0,11.371115,3
2020-06-30 20:00:00,MH007,6.0,10.590281,3
2020-06-30 21:00:00,MH007,6.0,10.019583,3
2020-05-04 05:00:00,MH008,8.12,15.170139,3
2020-05-04 06:00:00,MH008,11.1,17.383347,3
2020-05-04 07:00:00,MH008,10.28,17.47355,3
2020-05-04 08:00:00,MH008,18.0,16.699844,3
2020-05-04 09:00:00,MH008,16.89,15.974464,3
2020-05-04 10:00:00,MH008,15.33,16.080822,3
2020-05-04 11:00:00,MH008,12.1,14.848797,3
2020-05-04 12:00:00,MH008,8.55,15.584528,3
2020-05-04 13:00:00,MH008,7.0,16.056393,3
2020-05-04 14:00:00,MH008,7.0,16.467093,3
2020-05-04 15:00:00,MH008,7.0,17.229023,3
2020-05-04 16:00:00,MH008,7.0,17.54266,3
2020-05-04 19:00:00,MH008,13.75,17.398588,3
2020-05-04 20:00:00,MH008,6.45,16.885967,3
2020-05-04 21:00:00,MH008,7.33,15.908165,3
2020-05-04 22:00:00,MH008,5.0,15.003983,3
2020-05-07 00:00:00,MH008,8.0,13.339991,3
2020-05-07 01:00:00,MH008,16.12,13.242823,3
2020-05-07 02:00:00,MH008,11.9,13.179895,3
2020-05-07 03:00:00,MH008,10.33,16.518534,3
2020-05-07 04:00:00,MH008,7.78,17.70348,3
2020-05-07 05:00:00,MH008,7.67,17.876318,3
2020-05-07 06:00:00,MH008,10.45,18.871168,3
2020-05-07 07:00:00,MH008,12.0,18.853508,3
2020-05-07 08:00:00,MH008,12.0,18.624298,3
2020-05-07 09:00:00,MH008,12.0,17.974691,3
2020-05-07 10:00:00,MH008,17.1,17.155088,3
2020-05-07 11:00:00,MH008,14.97,16.698488,3
2020-05-07 12:00:00,MH008,7.33,16.645847,3
2020-05-07 13:00:00,MH008,5.0,16.447805,3
2020-05-07 14:00:00,MH008,5.0,16.440435,3
2020-05-07 15:00:00,MH008,5.0,16.639986,3
2020-05-07 16:00:00,MH008,5.0,16.90324,3
2020-05-07 17:00:00,MH008,24.3,16.956408,3
2020-05-07 18:00:00,MH008,23.45,17.017418,3
2020-05-07 19:00:00,MH008,23.43,16.310087,3
2020-05-07 20:00:00,MH008,16.88,14.894213,3
2020-05-07 21:00:00,MH008,11.88,13.4445095,3
2020-05-07 22:00:00,MH008,7.78,12.273573,3
2020-05-07 23:00:00,MH008,7.67,11.825674,3
2020-05-08 00:00:00,MH008,10.22,12.959475,3
2020-05-08 01:00:00,MH008,12.79,13.643438,3
2020-05-08 02:00:00,MH008,18.1,14.374277,3
2020-05-08 03:00:00,MH008,15.9,17.141483,3
2020-05-08 04:00:00,MH008,18.55,17.968594,3
2020-05-08 05:00:00,MH008,15.2,18.430143,3
2020-05-08 06:00:00,MH008,9.68,19.721615,3
2020-05-08 07:00:00,MH008,11.78,20.210655,3
2020-05-08 08:00:00,MH008,11.0,19.433022,3
2020-05-08 09:00:00,MH008,27.0,20.279259,3
2020-05-08 10:00:00,MH008,24.07,18.365131,3
2020-05-08 11:00:00,MH008,13.32,19.587236,3
2020-05-08 12:00:00,MH008,12.57,19.683908,3
2020-05-08 13:00:00,MH008,18.0,19.280676,3
2020-05-08 14:00:00,MH008,18.0,18.836584,3
2020-05-08 15:00:00,MH008,18.0,18.976295,3
2020-05-08 16:00:00,MH008,27.0,20.021988,3
2020-05-08 17:00:00,MH008,24.75,20.087603,3
2020-05-08 18:00:00,MH008,16.55,19.619158,3
2020-05-08 19:00:00,MH008,14.78,18.802372,3
2020-05-08 20:00:00,MH008,13.78,18.201233,3
2020-05-08 21:00:00,MH008,11.45,17.860025,3
2020-05-08 22:00:00,MH008,5.78,17.918055,3
2020-05-08 23:00:00,MH008,5.45,17.347609,3
2020-05-09 00:00:00,MH008,7.22,17.862507,3
2020-05-09 01:00:00,MH008,10.03,17.653168,3
2020-05-09 02:00:00,MH008,16.32,17.14293,3
2020-05-09 03:00:00,MH008,14.45,19.385998,3
2020-05-09 04:00:00,MH008,15.55,20.233871,3
2020-05-09 05:00:00,MH008,13.32,20.165426,3
2020-05-09 06:00:00,MH008,10.78,19.994478,3
2020-05-09 07:00:00,MH008,10.0,21.506458,3
2020-05-09 08:00:00,MH008,10.0,22.473066,3
2020-05-09 09:00:00,MH008,10.0,22.568832,3
2020-05-09 10:00:00,MH008,10.0,21.994755,3
2020-05-09 15:00:00,MH008,7.0,19.53108,3
2020-05-09 16:00:00,MH008,21.0,18.960043,3
2020-05-11 20:00:00,MH008,15.68,16.945911,3
2020-05-11 21:00:00,MH008,17.32,15.823025,3
2020-05-11 22:00:00,MH008,13.43,14.903606,3
2020-05-11 23:00:00,MH008,6.65,14.468899,3
2020-05-12 00:00:00,MH008,1.54,14.47036,3
2020-05-12 01:00:00,MH008,0.9,14.91431,3
2020-05-12 02:00:00,MH008,4.42,16.618233,3
2020-05-12 03:00:00,MH008,16.0,19.900711,3
2020-05-12 04:00:00,MH008,15.55,21.00092,3
2020-05-12 05:00:00,MH008,14.23,21.110428,3
2020-05-12 06:00:00,MH008,15.0,20.325418,3
2020-05-12 07:00:00,MH008,74.92,19.138866,3
2020-05-12 08:00:00,MH008,17.0,18.36544,3
2020-05-12 09:00:00,MH008,17.0,17.700806,3
2020-05-12 10:00:00,MH008,10.0,17.710285,3
2020-05-12 11:00:00,MH008,10.68,18.26664,3
2020-05-12 12:00:00,MH008,13.0,19.537632,3
2020-05-12 13:00:00,MH008,13.0,20.422709,3
2020-05-12 14:00:00,MH008,11.65,21.752848,3
2020-05-12 15:00:00,MH008,6.54,22.875645,3
2020-05-12 16:00:00,MH008,6.54,23.365261,3
2020-05-12 17:00:00,MH008,5.0,21.893528,3
2020-05-12 18:00:00,MH008,21.0,20.402729,3
2020-05-12 19:00:00,MH008,19.2,19.338554,3
2020-05-12 20:00:00,MH008,11.88,18.057339,3
2020-05-12 21:00:00,MH008,7.55,16.317242,3
2020-05-12 22:00:00,MH008,6.68,14.736496,3
2020-05-12 23:00:00,MH008,8.77,13.977495,3
2020-05-13 00:00:00,MH008,8.68,13.441206,3
2020-05-13 01:00:00,MH008,10.77,14.099199,3
2020-05-13 02:00:00,MH008,11.12,14.267374,3
2020-05-13 03:00:00,MH008,16.37,17.852776,3
2020-05-13 04:00:00,MH008,20.32,18.181124,3
2020-05-13 05:00:00,MH008,18.68,19.188679,3
2020-05-13 06:00:00,MH008,20.1,19.339293,3
2020-05-13 07:00:00,MH008,16.77,19.651852,3
2020-05-13 08:00:00,MH008,16.0,19.469294,3
2020-05-13 09:00:00,MH008,16.0,17.99526,3
2020-05-13 10:00:00,MH008,16.0,17.797804,3
2020-05-13 11:00:00,MH008,14.0,18.639675,3
2020-05-13 12:00:00,MH008,12.88,19.435558,3
2020-05-13 13:00:00,MH008,9.0,19.545298,3
2020-05-13 14:00:00,MH008,8.78,19.081253,3
2020-05-13 15:00:00,MH008,8.0,19.20561,3
2020-05-13 16:00:00,MH008,8.0,19.263948,3
2020-05-13 17:00:00,MH008,8.0,19.00512,3
2020-05-13 18:00:00,MH008,8.0,18.544321,3
2020-05-13 19:00:00,MH008,14.93,17.30827,3
2020-05-13 20:00:00,MH008,14.23,16.181103,3
2020-05-13 21:00:00,MH008,13.88,14.744585,3
2020-05-13 22:00:00,MH008,10.68,13.340086,3
2020-05-13 23:00:00,MH008,11.86,12.189249,3
2020-05-14 00:00:00,MH008,8.0,12.115454,3
2020-05-14 01:00:00,MH008,7.54,12.407763,3
2020-05-14 02:00:00,MH008,7.82,12.657568,3
2020-05-14 03:00:00,MH008,15.35,15.549334,3
2020-05-14 04:00:00,MH008,19.09,18.155125,3
2020-05-14 05:00:00,MH008,15.54,19.0812,3
2020-05-14 06:00:00,MH008,14.0,19.878315,3
2020-05-14 07:00:00,MH008,14.0,19.735525,3
2020-05-14 08:00:00,MH008,14.0,19.69326,3
2020-05-14 09:00:00,MH008,14.0,19.182795,3
2020-05-14 10:00:00,MH008,14.0,19.713972,3
2020-05-14 13:00:00,MH008,13.23,17.511572,3
2020-05-14 14:00:00,MH008,13.09,17.36037,3
2020-05-14 15:00:00,MH008,11.32,17.356739,3
2020-05-14 16:00:00,MH008,11.32,17.633112,3
2020-05-22 20:00:00,MH008,12.77,17.858454,3
2020-05-22 21:00:00,MH008,11.54,17.302763,3
2020-05-22 22:00:00,MH008,10.46,16.995905,3
2020-05-22 23:00:00,MH008,12.0,16.725708,3
2020-05-23 00:00:00,MH008,12.0,16.6777,3
2020-05-23 01:00:00,MH008,14.31,16.724775,3
2020-05-23 02:00:00,MH008,14.0,15.994076,3
2020-05-23 03:00:00,MH008,8.47,18.311302,3
2020-05-23 04:00:00,MH008,8.46,19.152308,3
2020-05-23 05:00:00,MH008,11.38,19.515839,3
2020-05-23 06:00:00,MH008,15.54,19.445335,3
2020-05-23 07:00:00,MH008,14.0,20.513954,3
2020-05-23 08:00:00,MH008,22.38,20.338352,3
2020-05-23 09:00:00,MH008,17.0,19.23002,3
2020-05-23 10:00:00,MH008,21.08,18.569279,3
2020-05-23 11:00:00,MH008,16.38,18.534046,3
2020-05-23 12:00:00,MH008,10.31,17.996933,3
2020-05-23 13:00:00,MH008,10.05,18.551003,3
2020-05-23 14:00:00,MH008,15.38,18.666239,3
2020-05-23 15:00:00,MH008,11.62,18.665844,3
2020-05-23 16:00:00,MH008,17.46,19.069933,3
2020-05-23 17:00:00,MH008,19.92,19.493582,3
2020-05-23 18:00:00,MH008,21.38,19.249088,3
2020-05-23 19:00:00,MH008,15.31,18.479269,3
2020-05-23 20:00:00,MH008,11.85,17.157034,3
2020-05-23 21:00:00,MH008,8.46,15.759281,3
2020-05-23 22:00:00,MH008,11.15,14.854723,3
2020-05-23 23:00:00,MH008,12.7,14.454649,3
2020-05-24 00:00:00,MH008,8.46,14.519613,3
2020-05-24 01:00:00,MH008,18.6,14.482239,3
2020-05-24 02:00:00,MH008,13.54,14.70413,3
2020-05-24 03:00:00,MH008,11.54,16.022041,3
2020-05-24 04:00:00,MH008,10.23,17.292852,3
2020-05-24 05:00:00,MH008,11.23,18.175566,3
2020-05-24 06:00:00,MH008,11.54,18.789482,3
2020-05-24 07:00:00,MH008,9.77,19.391012,3
2020-05-24 08:00:00,MH008,10.15,19.160885,3
2020-05-24 09:00:00,MH008,14.0,18.820812,3
2020-05-24 10:00:00,MH008,13.54,18.801947,3
2020-05-24 11:00:00,MH008,11.31,19.027529,3
2020-05-24 12:00:00,MH008,8.54,19.617588,3
2020-05-24 13:00:00,MH008,6.77,19.888783,3
2020-05-24 14:00:00,MH008,6.23,19.47728,3
2020-05-24 15:00:00,MH008,7.23,19.126099,3
2020-05-24 16:00:00,MH008,10.3,19.14132,3
2020-05-24 17:00:00,MH008,18.0,19.019209,3
2020-05-24 18:00:00,MH008,17.54,18.938957,3
2020-05-24 19:00:00,MH008,16.46,18.411682,3
2020-05-24 20:00:00,MH008,15.27,17.348618,3
2020-05-24 21:00:00,MH008,6.68,15.756926,3
2020-05-24 22:00:00,MH008,9.69,14.8863125,3
2020-05-24 23:00:00,MH008,10.62,14.914103,3
2020-05-25 00:00:00,MH008,7.15,14.590725,3
2020-05-25 01:00:00,MH008,12.38,14.411285,3
2020-05-25 02:00:00,MH008,17.23,14.3850975,3
2020-05-25 03:00:00,MH008,16.85,14.532492,3
2020-05-25 04:00:00,MH008,12.08,15.63217,3
2020-05-25 05:00:00,MH008,9.92,16.569555,3
2020-05-25 06:00:00,MH008,11.62,16.913853,3
2020-05-25 07:00:00,MH008,7.47,18.171207,3
2020-05-25 08:00:00,MH008,10.15,18.715208,3
2020-05-25 09:00:00,MH008,14.0,18.85186,3
2020-05-25 10:00:00,MH008,13.54,19.361368,3
2020-05-25 11:00:00,MH008,12.46,18.498713,3
2020-05-25 12:00:00,MH008,14.0,18.957144,3
2020-05-25 13:00:00,MH008,13.31,19.071415,3
2020-05-25 14:00:00,MH008,11.92,19.375051,3
2020-05-25 15:00:00,MH008,14.77,19.391415,3
2020-05-25 16:00:00,MH008,14.69,19.806095,3
2020-05-25 17:00:00,MH008,17.0,19.843714,3
2020-05-25 18:00:00,MH008,15.39,19.561628,3
2020-05-25 19:00:00,MH008,10.47,18.990356,3
2020-05-25 20:00:00,MH008,11.77,18.176987,3
2020-05-25 21:00:00,MH008,10.07,17.111618,3
2020-05-25 22:00:00,MH008,8.38,16.321241,3
2020-05-25 23:00:00,MH008,12.77,16.222424,3
2020-05-26 00:00:00,MH008,14.54,15.749182,3
2020-05-26 01:00:00,MH008,19.54,15.514816,3
2020-05-26 02:00:00,MH008,10.77,15.395979,3
2020-05-26 03:00:00,MH008,18.16,17.83258,3
2020-05-26 04:00:00,MH008,12.23,17.79336,3
2020-05-26 05:00:00,MH008,11.83,18.457453,3
2020-05-26 06:00:00,MH008,9.38,18.454542,3
2020-05-26 07:00:00,MH008,14.23,18.041601,3
2020-05-26 08:00:00,MH008,14.77,18.099155,3
2020-05-26 09:00:00,MH008,14.0,18.224556,3
2020-05-26 10:00:00,MH008,13.53,18.144878,3
2020-05-26 11:00:00,MH008,13.62,18.269848,3
2020-05-26 12:00:00,MH008,17.85,18.232595,3
2020-05-26 13:00:00,MH008,13.54,18.557364,3
2020-05-26 14:00:00,MH008,10.85,19.016308,3
2020-05-26 15:00:00,MH008,8.85,19.33965,3
2020-05-26 16:00:00,MH008,14.77,19.693007,3
2020-05-26 17:00:00,MH008,14.69,19.596916,3
2020-05-26 18:00:00,MH008,17.69,19.489592,3
2020-05-26 19:00:00,MH008,18.13,19.202364,3
2020-05-26 20:00:00,MH008,11.77,18.49867,3
2020-05-26 21:00:00,MH008,10.08,17.53801,3
2020-05-26 22:00:00,MH008,8.15,16.527775,3
2020-05-26 23:00:00,MH008,11.07,15.974886,3
2020-05-27 00:00:00,MH008,8.46,15.87451,3
2020-05-27 01:00:00,MH008,11.4,16.027468,3
2020-05-27 02:00:00,MH008,15.07,16.031395,3
2020-05-27 03:00:00,MH008,11.77,18.608545,3
2020-05-27 04:00:00,MH008,10.53,19.153873,3
2020-05-27 05:00:00,MH008,9.92,18.6554,3
2020-05-27 06:00:00,MH008,12.77,18.17128,3
2020-05-27 07:00:00,MH008,11.08,17.549126,3
2020-05-27 08:00:00,MH008,9.63,16.72623,3
2020-05-27 09:00:00,MH008,15.0,16.40726,3
2020-05-27 10:00:00,MH008,15.0,16.110935,3
2020-05-27 11:00:00,MH008,16.17,16.123968,3
2020-05-27 12:00:00,MH008,18.37,17.042406,3
2020-05-27 13:00:00,MH008,12.31,17.728518,3
2020-05-27 14:00:00,MH008,9.77,17.99471,3
2020-05-27 15:00:00,MH008,11.1,19.025122,3
2020-05-27 16:00:00,MH008,15.4,19.411522,3
2020-05-27 17:00:00,MH008,9.8,19.785978,3
2020-05-27 18:00:00,MH008,19.23,20.027758,3
2020-05-27 19:00:00,MH008,19.77,19.662258,3
2020-05-27 20:00:00,MH008,18.77,19.166784,3
2020-05-27 21:00:00,MH008,15.2,18.018322,3
2020-05-27 22:00:00,MH008,6.47,17.07884,3
2020-05-27 23:00:00,MH008,8.0,16.539907,3
2020-05-28 00:00:00,MH008,8.93,16.280056,3
2020-05-28 01:00:00,MH008,13.62,15.820248,3
2020-05-28 02:00:00,MH008,18.54,15.585667,3
2020-05-28 03:00:00,MH008,17.69,17.61031,3
2020-05-28 04:00:00,MH008,19.3,18.035149,3
2020-05-28 05:00:00,MH008,15.13,17.465649,3
2020-05-28 06:00:00,MH008,10.17,17.17508,3
2020-05-28 07:00:00,MH008,13.53,16.911768,3
2020-05-28 08:00:00,MH008,11.3,16.883606,3
2020-05-28 09:00:00,MH008,11.3,17.440147,3
2020-05-28 10:00:00,MH008,20.63,17.906887,3
2020-05-28 11:00:00,MH008,23.23,18.570522,3
2020-05-28 12:00:00,MH008,14.69,19.322401,3
2020-05-28 13:00:00,MH008,15.83,19.854668,3
2020-05-28 14:00:00,MH008,10.82,20.146645,3
2020-05-28 15:00:00,MH008,7.0,20.21478,3
2020-05-28 16:00:00,MH008,8.15,20.410534,3
2020-05-28 17:00:00,MH008,13.63,20.603334,3
2020-05-28 18:00:00,MH008,19.23,21.094997,3
2020-05-28 19:00:00,MH008,16.97,20.950834,3
2020-05-28 20:00:00,MH008,10.92,19.75406,3
2020-05-28 21:00:00,MH008,19.57,18.50267,3
2020-05-28 22:00:00,MH008,5.0,17.490507,3
2020-05-28 23:00:00,MH008,4.3,15.669992,3
2020-05-29 00:00:00,MH008,2.7,15.127113,3
2020-05-29 01:00:00,MH008,6.38,14.94956,3
2020-05-29 02:00:00,MH008,11.47,15.405392,3
2020-05-29 03:00:00,MH008,12.08,16.732943,3
2020-05-29 04:00:00,MH008,10.87,17.424053,3
2020-05-29 05:00:00,MH008,13.03,17.442543,3
2020-05-29 06:00:00,MH008,7.47,16.795864,3
2020-05-29 07:00:00,MH008,7.77,16.305223,3
2020-05-29 08:00:00,MH008,7.0,16.584183,3
2020-05-29 09:00:00,MH008,7.23,16.73994,3
2020-05-29 10:00:00,MH008,8.7,16.554115,3
2020-05-29 11:00:00,MH008,10.54,16.007957,3
2020-05-29 12:00:00,MH008,9.47,16.447268,3
2020-05-29 13:00:00,MH008,10.53,17.444723,3
2020-05-29 14:00:00,MH008,8.53,18.295446,3
2020-05-29 15:00:00,MH008,6.77,19.078083,3
2020-05-29 16:00:00,MH008,5.77,18.90918,3
2020-05-29 17:00:00,MH008,7.33,18.5413,3
2020-05-29 18:00:00,MH008,14.77,17.980349,3
2020-05-29 19:00:00,MH008,14.93,17.174004,3
2020-05-29 20:00:00,MH008,16.6,16.220747,3
2020-05-29 21:00:00,MH008,11.29,15.348255,3
2020-05-29 22:00:00,MH008,8.3,14.612627,3
2020-05-29 23:00:00,MH008,6.0,13.719999,3
2020-05-30 00:00:00,MH008,6.47,13.530153,3
2020-05-30 01:00:00,MH008,9.17,13.89292,3
2020-05-30 02:00:00,MH008,13.7,13.711344,3
2020-05-30 03:00:00,MH008,16.93,15.90913,3
2020-05-30 04:00:00,MH008,17.2,16.968582,3
2020-05-30 05:00:00,MH008,8.23,17.531748,3
2020-05-30 06:00:00,MH008,8.53,17.947805,3
2020-05-30 07:00:00,MH008,6.53,17.78562,3
2020-05-30 08:00:00,MH008,5.47,17.245472,3
2020-05-30 09:00:00,MH008,7.23,17.155027,3
2020-05-30 10:00:00,MH008,8.23,16.587107,3
2020-05-30 11:00:00,MH008,9.47,17.356342,3
2020-05-30 12:00:00,MH008,12.87,17.988379,3
2020-05-30 13:00:00,MH008,16.64,18.02709,3
2020-05-30 14:00:00,MH008,9.0,17.794655,3
2020-05-30 15:00:00,MH008,8.3,17.769388,3
2020-05-30 16:00:00,MH008,6.0,17.834005,3
2020-05-30 17:00:00,MH008,6.47,17.841759,3
2020-05-30 18:00:00,MH008,9.87,17.597748,3
2020-05-30 19:00:00,MH008,17.17,17.456629,3
2020-05-30 20:00:00,MH008,20.07,16.872684,3
2020-05-30 21:00:00,MH008,16.07,16.050133,3
2020-05-30 22:00:00,MH008,12.3,14.952742,3
2020-05-30 23:00:00,MH008,9.07,13.818483,3
2020-05-31 00:00:00,MH008,6.23,13.529112,3
2020-05-31 01:00:00,MH008,7.7,13.490892,3
2020-05-31 02:00:00,MH008,11.63,13.457151,3
2020-05-31 03:00:00,MH008,16.3,15.330658,3
2020-05-31 04:00:00,MH008,12.83,16.388397,3
2020-05-31 05:00:00,MH008,9.95,16.759493,3
2020-05-31 06:00:00,MH008,12.3,16.964085,3
2020-05-31 07:00:00,MH008,10.47,17.054426,3
2020-05-31 08:00:00,MH008,11.53,16.26823,3
2020-05-31 09:00:00,MH008,9.53,16.498997,3
2020-05-31 10:00:00,MH008,9.17,16.991972,3
2020-05-31 11:00:00,MH008,11.83,17.243616,3
2020-05-31 12:00:00,MH008,7.53,18.130142,3
2020-05-31 13:00:00,MH008,6.7,19.30785,3
2020-05-31 14:00:00,MH008,8.53,19.660093,3
2020-05-31 15:00:00,MH008,7.7,19.846485,3
2020-05-31 16:00:00,MH008,9.3,19.667154,3
2020-05-31 17:00:00,MH008,7.47,19.313053,3
2020-05-31 18:00:00,MH008,9.0,18.61626,3
2020-05-31 19:00:00,MH008,10.4,18.252636,3
2020-05-31 20:00:00,MH008,15.47,17.790825,3
2020-05-31 21:00:00,MH008,16.77,16.64536,3
2020-05-31 22:00:00,MH008,13.17,15.867788,3
2020-05-31 23:00:00,MH008,4.23,15.111357,3
2020-06-01 00:00:00,MH008,5.0,14.309919,3
2020-06-01 01:00:00,MH008,5.0,13.635241,3
2020-06-01 02:00:00,MH008,9.48,14.190222,3
2020-06-01 03:00:00,MH008,20.73,14.622572,3
2020-06-01 04:00:00,MH008,9.29,15.65571,3
2020-06-01 05:00:00,MH008,8.17,16.218582,3
2020-06-01 06:00:00,MH008,10.83,16.308626,3
2020-06-01 07:00:00,MH008,6.53,16.190691,3
2020-06-01 08:00:00,MH008,6.17,14.698372,3
2020-06-01 09:00:00,MH008,10.7,15.0721035,3
2020-06-01 10:00:00,MH008,15.12,14.664621,3
2020-06-01 11:00:00,MH008,22.23,15.31678,3
2020-06-01 12:00:00,MH008,23.93,14.324549,3
2020-06-01 13:00:00,MH008,27.93,15.09753,3
2020-06-01 14:00:00,MH008,30.05,16.155844,3
2020-06-01 15:00:00,MH008,26.05,16.882923,3
2020-06-01 16:00:00,MH008,22.53,17.78871,3
2020-06-01 17:00:00,MH008,21.23,18.916702,3
2020-06-01 18:00:00,MH008,21.77,20.814388,3
2020-06-01 19:00:00,MH008,20.07,22.859287,3
2020-06-01 20:00:00,MH008,17.47,22.555264,3
2020-06-01 21:00:00,MH008,17.83,22.470152,3
2020-06-01 22:00:00,MH008,14.71,21.944511,3
2020-06-01 23:00:00,MH008,13.97,21.075472,3
2020-06-02 00:00:00,MH008,5.87,20.313955,3
2020-06-02 01:00:00,MH008,11.53,19.81731,3
2020-06-02 02:00:00,MH008,9.77,19.407032,3
2020-06-02 03:00:00,MH008,11.6,21.23675,3
2020-06-02 04:00:00,MH008,21.89,21.65441,3
2020-06-02 05:00:00,MH008,30.12,22.040606,3
2020-06-02 06:00:00,MH008,35.09,21.194923,3
2020-06-02 07:00:00,MH008,35.09,19.866623,3
2020-06-02 08:00:00,MH008,21.0,19.413298,3
2020-06-02 09:00:00,MH008,41.13,19.71352,3
2020-06-02 10:00:00,MH008,32.2,19.62851,3
2020-06-02 11:00:00,MH008,23.0,19.487608,3
2020-06-02 12:00:00,MH008,38.58,20.805092,3
2020-06-02 13:00:00,MH008,32.82,23.032145,3
2020-06-02 14:00:00,MH008,30.63,23.62654,3
2020-06-02 15:00:00,MH008,28.44,27.235653,3
2020-06-02 16:00:00,MH008,28.23,28.626364,3
2020-06-02 17:00:00,MH008,28.23,29.293314,3
2020-06-02 18:00:00,MH008,28.23,29.321617,3
2020-06-02 19:00:00,MH008,28.23,28.636253,3
2020-06-02 21:00:00,MH008,37.06,23.012224,3
2020-06-02 22:00:00,MH008,32.22,20.612314,3
2020-06-02 23:00:00,MH008,32.22,18.576647,3
2020-06-03 00:00:00,MH008,32.22,17.806568,3
2020-06-03 01:00:00,MH008,32.22,16.973555,3
2020-06-05 02:00:00,MH008,4.72,21.465967,3
2020-06-05 03:00:00,MH008,5.95,22.945879,3
2020-06-05 04:00:00,MH008,10.65,24.502096,3
2020-06-05 05:00:00,MH008,16.71,25.920668,3
2020-06-05 06:00:00,MH008,20.18,25.222437,3
2020-06-05 07:00:00,MH008,18.33,24.131424,3
2020-06-05 08:00:00,MH008,18.33,21.664429,3
2020-06-05 09:00:00,MH008,0.94,19.048347,3
2020-06-05 10:00:00,MH008,1.47,17.222479,3
2020-06-05 11:00:00,MH008,3.71,16.223772,3
2020-06-05 12:00:00,MH008,6.95,20.340149,3
2020-06-05 13:00:00,MH008,10.23,19.506443,3
2020-06-05 14:00:00,MH008,11.72,18.095104,3
2020-06-05 15:00:00,MH008,13.29,16.490696,3
2020-06-05 16:00:00,MH008,10.05,14.878895,3
2020-06-05 17:00:00,MH008,6.76,13.079493,3
2020-06-05 18:00:00,MH008,6.71,10.755148,3
2020-06-05 19:00:00,MH008,9.72,10.906595,3
2020-06-05 20:00:00,MH008,13.18,11.607637,3
2020-06-05 21:00:00,MH008,15.82,10.961622,3
2020-06-05 22:00:00,MH008,13.65,10.125803,3
2020-06-05 23:00:00,MH008,19.0,9.854338,3
2020-06-06 00:00:00,MH008,18.14,7.7891097,3
2020-06-06 01:00:00,MH008,6.0,7.904836,3
2020-06-06 02:00:00,MH008,7.42,8.636053,3
2020-06-06 03:00:00,MH008,11.28,9.9714985,3
2020-06-06 04:00:00,MH008,9.47,11.633852,3
2020-06-06 05:00:00,MH008,10.53,13.3975315,3
2020-06-06 06:00:00,MH008,16.17,14.620527,3
2020-06-06 07:00:00,MH008,39.0,15.342421,3
2020-06-06 08:00:00,MH008,12.48,14.854635,3
2020-06-06 09:00:00,MH008,11.85,14.541479,3
2020-06-06 10:00:00,MH008,5.0,15.110235,3
2020-06-06 11:00:00,MH008,13.64,14.441151,3
2020-06-06 12:00:00,MH008,6.72,14.578665,3
2020-06-06 13:00:00,MH008,9.0,15.068245,3
2020-06-06 14:00:00,MH008,9.0,16.659342,3
2020-06-06 15:00:00,MH008,9.0,17.118803,3
2020-06-06 16:00:00,MH008,9.0,16.184761,3
2020-06-06 17:00:00,MH008,8.5,14.748354,3
2020-06-06 18:00:00,MH008,9.24,14.641285,3
2020-06-06 19:00:00,MH008,9.76,13.743799,3
2020-06-06 20:00:00,MH008,9.0,12.378138,3
2020-06-06 21:00:00,MH008,10.91,11.840666,3
2020-06-06 22:00:00,MH008,18.65,11.054476,3
2020-06-06 23:00:00,MH008,14.92,10.56732,3
2020-06-07 00:00:00,MH008,6.18,8.44599,3
2020-06-07 01:00:00,MH008,9.76,8.937803,3
2020-06-07 02:00:00,MH008,10.65,8.407248,3
2020-06-07 03:00:00,MH008,14.57,10.568106,3
2020-06-07 04:00:00,MH008,10.0,11.400255,3
2020-06-07 05:00:00,MH008,10.96,13.421671,3
2020-06-07 06:00:00,MH008,14.48,14.32276,3
2020-06-07 07:00:00,MH008,15.77,15.58404,3
2020-06-07 08:00:00,MH008,13.33,16.260902,3
2020-06-07 09:00:00,MH008,7.05,15.838778,3
2020-06-07 10:00:00,MH008,3.76,15.979645,3
2020-06-07 11:00:00,MH008,3.48,16.359955,3
2020-06-07 12:00:00,MH008,4.76,15.897102,3
2020-06-07 13:00:00,MH008,7.79,16.238153,3
2020-06-07 14:00:00,MH008,18.82,15.781706,3
2020-06-07 15:00:00,MH008,13.33,15.868843,3
2020-06-07 16:00:00,MH008,7.52,15.616308,3
2020-06-07 17:00:00,MH008,6.0,14.7852955,3
2020-06-07 18:00:00,MH008,6.0,13.608667,3
2020-06-07 19:00:00,MH008,5.76,12.930986,3
2020-06-07 20:00:00,MH008,6.65,13.258459,3
2020-06-07 21:00:00,MH008,12.0,13.561457,3
2020-06-07 22:00:00,MH008,12.0,11.1864605,3
2020-06-07 23:00:00,MH008,10.8,10.089769,3
2020-06-08 00:00:00,MH008,6.29,9.412008,3
2020-06-08 01:00:00,MH008,3.28,9.294634,3
2020-06-08 02:00:00,MH008,2.2,8.495256,3
2020-06-08 03:00:00,MH008,6.24,9.246393,3
2020-06-08 04:00:00,MH008,7.72,10.468096,3
2020-06-08 05:00:00,MH008,11.43,11.536348,3
2020-06-08 06:00:00,MH008,15.04,12.996553,3
2020-06-08 07:00:00,MH008,11.52,13.291655,3
2020-06-08 08:00:00,MH008,9.76,13.682421,3
2020-06-08 09:00:00,MH008,8.52,13.156206,3
2020-06-08 10:00:00,MH008,6.04,12.775625,3
2020-06-08 11:00:00,MH008,2.28,12.499369,3
2020-06-08 12:00:00,MH008,3.82,13.26927,3
2020-06-08 13:00:00,MH008,4.24,13.809134,3
2020-06-08 14:00:00,MH008,5.0,12.902666,3
2020-06-08 15:00:00,MH008,4.04,14.143435,3
2020-06-08 16:00:00,MH008,1.24,12.995432,3
2020-06-08 17:00:00,MH008,2.0,12.926054,3
2020-06-08 18:00:00,MH008,1.76,11.754419,3
2020-06-08 19:00:00,MH008,0.76,11.667944,3
2020-06-08 20:00:00,MH008,4.78,11.705881,3
2020-06-08 21:00:00,MH008,6.18,10.263376,3
2020-06-08 22:00:00,MH008,10.0,9.92922,3
2020-06-08 23:00:00,MH008,10.0,8.847853,3
2020-06-09 00:00:00,MH008,9.76,7.2276244,3
2020-06-09 01:00:00,MH008,8.04,7.832372,3
2020-06-09 02:00:00,MH008,5.48,7.899488,3
2020-06-09 03:00:00,MH008,7.0,9.451807,3
2020-06-09 04:00:00,MH008,7.0,11.198587,3
2020-06-09 05:00:00,MH008,7.97,11.342302,3
2020-06-09 06:00:00,MH008,10.76,12.042212,3
2020-06-09 07:00:00,MH008,10.48,12.412661,3
2020-06-09 08:00:00,MH008,10.8,12.149492,3
2020-06-09 09:00:00,MH008,6.04,12.8456745,3
2020-06-09 10:00:00,MH008,3.48,11.991468,3
2020-06-09 11:00:00,MH008,5.24,11.8306675,3
2020-06-09 12:00:00,MH008,6.24,11.891043,3
2020-06-09 13:00:00,MH008,8.91,12.220987,3
2020-06-09 14:00:00,MH008,14.04,12.084635,3
2020-06-09 15:00:00,MH008,10.28,12.678896,3
2020-06-09 16:00:00,MH008,9.42,12.054918,3
2020-06-09 17:00:00,MH008,13.52,12.289263,3
2020-06-09 18:00:00,MH008,10.55,11.661669,3
2020-06-09 19:00:00,MH008,6.96,11.334379,3
2020-06-09 20:00:00,MH008,10.0,11.552404,3
2020-06-09 21:00:00,MH008,11.2,11.557405,3
2020-06-09 22:00:00,MH008,14.28,11.126986,3
2020-06-09 23:00:00,MH008,11.03,10.502848,3
2020-06-10 00:00:00,MH008,8.97,9.645552,3
2020-06-10 01:00:00,MH008,12.48,8.506529,3
2020-06-10 02:00:00,MH008,13.52,8.5458355,3
2020-06-10 03:00:00,MH008,12.48,10.570917,3
2020-06-10 04:00:00,MH008,13.03,11.526152,3
2020-06-10 05:00:00,MH008,10.0,12.425257,3
2020-06-10 06:00:00,MH008,33.22,12.639521,3
2020-06-10 07:00:00,MH008,12.72,13.116144,3
2020-06-10 08:00:00,MH008,9.42,13.732119,3
2020-06-10 09:00:00,MH008,15.31,14.089663,3
2020-06-10 10:00:00,MH008,10.72,14.144884,3
2020-06-10 11:00:00,MH008,12.76,14.226126,3
2020-06-10 12:00:00,MH008,11.76,14.409569,3
2020-06-10 13:00:00,MH008,11.24,14.930483,3
2020-06-10 14:00:00,MH008,11.52,15.132826,3
2020-06-10 15:00:00,MH008,10.0,15.0796585,3
2020-06-10 16:00:00,MH008,43.94,13.462332,3
2020-06-10 17:00:00,MH008,16.2,13.602751,3
2020-06-10 18:00:00,MH008,18.33,13.964994,3
2020-06-10 19:00:00,MH008,11.09,12.342543,3
2020-06-10 20:00:00,MH008,10.52,12.27902,3
2020-06-10 21:00:00,MH008,9.47,11.652983,3
2020-06-10 22:00:00,MH008,11.96,9.276804,3
2020-06-10 23:00:00,MH008,11.52,11.085325,3
2020-06-11 00:00:00,MH008,9.28,11.933592,3
2020-06-11 01:00:00,MH008,6.76,11.66292,3
2020-06-11 02:00:00,MH008,5.52,10.733664,3
2020-06-11 03:00:00,MH008,4.48,12.6480465,3
2020-06-11 04:00:00,MH008,6.24,13.541365,3
2020-06-11 05:00:00,MH008,5.82,13.659636,3
2020-06-11 06:00:00,MH008,5.82,14.28657,3
2020-06-11 07:00:00,MH008,15.61,13.987257,3
2020-06-11 08:00:00,MH008,10.42,13.778749,3
2020-06-11 09:00:00,MH008,10.42,13.378702,3
2020-06-11 10:00:00,MH008,10.42,13.926641,3
2020-06-11 11:00:00,MH008,3.91,14.386097,3
2020-06-11 12:00:00,MH008,9.28,14.358828,3
2020-06-11 13:00:00,MH008,6.52,14.318388,3
2020-06-11 14:00:00,MH008,6.67,14.634203,3
2020-06-11 15:00:00,MH008,11.28,14.977371,3
2020-06-11 16:00:00,MH008,9.0,15.105709,3
2020-06-11 17:00:00,MH008,230.0,13.658911,3
2020-06-11 18:00:00,MH008,46.58,14.369396,3
2020-06-11 19:00:00,MH008,7.24,13.716192,3
2020-06-11 20:00:00,MH008,8.0,13.105822,3
2020-06-11 21:00:00,MH008,26.73,12.331106,3
2020-06-11 22:00:00,MH008,32.49,11.521109,3
2020-06-11 23:00:00,MH008,33.52,15.963852,3
2020-06-12 00:00:00,MH008,27.44,20.774277,3
2020-06-12 01:00:00,MH008,13.0,24.241354,3
2020-06-12 02:00:00,MH008,13.0,25.448215,3
2020-06-12 03:00:00,MH008,19.79,21.548355,3
2020-06-12 04:00:00,MH008,20.07,19.077065,3
2020-06-12 05:00:00,MH008,21.0,18.63891,3
2020-06-12 06:00:00,MH008,22.91,20.40654,3
2020-06-12 07:00:00,MH008,5.8,21.24901,3
2020-06-12 08:00:00,MH008,6.91,20.37158,3
2020-06-12 09:00:00,MH008,12.28,19.64215,3
2020-06-12 10:00:00,MH008,9.04,19.155426,3
2020-06-12 11:00:00,MH008,5.28,22.572762,3
2020-06-12 12:00:00,MH008,3.72,23.541872,3
2020-06-12 13:00:00,MH008,6.72,23.35767,3
2020-06-12 14:00:00,MH008,8.28,22.307867,3
2020-06-12 15:00:00,MH008,6.0,21.671936,3
2020-06-12 16:00:00,MH008,5.76,20.911507,3
2020-06-12 17:00:00,MH008,5.0,20.340158,3
2020-06-12 18:00:00,MH008,14.61,19.619518,3
2020-06-12 19:00:00,MH008,7.0,18.605713,3
2020-06-12 20:00:00,MH008,38.0,16.428806,3
2020-06-12 21:00:00,MH008,15.48,16.300785,3
2020-06-12 22:00:00,MH008,12.89,15.69561,3
2020-06-12 23:00:00,MH008,12.89,13.682798,3
2020-06-13 00:00:00,MH008,19.94,14.047621,3
2020-06-13 01:00:00,MH008,49.04,14.119062,3
2020-06-13 02:00:00,MH008,74.19,13.896803,3
2020-06-13 03:00:00,MH008,9.09,16.601116,3
2020-06-13 04:00:00,MH008,7.0,18.220852,3
2020-06-13 05:00:00,MH008,6.28,19.308546,3
2020-06-13 06:00:00,MH008,4.96,19.334124,3
2020-06-13 07:00:00,MH008,8.0,19.31793,3
2020-06-13 08:00:00,MH008,16.62,24.023483,3
2020-06-13 09:00:00,MH008,5.76,25.227846,3
2020-06-13 10:00:00,MH008,5.0,23.673079,3
2020-06-13 11:00:00,MH008,10.84,21.245647,3
2020-06-13 12:00:00,MH008,10.84,18.76936,3
2020-06-13 13:00:00,MH008,3.82,18.22825,3
2020-06-13 14:00:00,MH008,5.21,18.251045,3
2020-06-13 15:00:00,MH008,9.0,17.381584,3
2020-06-13 16:00:00,MH008,8.52,17.541048,3
2020-06-13 17:00:00,MH008,8.2,17.333858,3
2020-06-13 18:00:00,MH008,12.0,17.033855,3
2020-06-13 19:00:00,MH008,12.1,17.239475,3
2020-06-13 20:00:00,MH008,8.03,17.144869,3
2020-06-13 21:00:00,MH008,5.48,16.055689,3
2020-06-13 22:00:00,MH008,9.9,14.544462,3
2020-06-13 23:00:00,MH008,19.0,12.467985,3
2020-06-14 00:00:00,MH008,34.12,11.697466,3
2020-06-14 01:00:00,MH008,4.83,10.962671,3
2020-06-14 02:00:00,MH008,5.0,10.314386,3
2020-06-14 03:00:00,MH008,22.82,13.233965,3
2020-06-14 04:00:00,MH008,21.44,14.530207,3
2020-06-14 05:00:00,MH008,4.0,15.400232,3
2020-06-14 06:00:00,MH008,3.5,17.080044,3
2020-06-14 07:00:00,MH008,5.63,18.183762,3
2020-06-14 08:00:00,MH008,13.04,18.752193,3
2020-06-14 09:00:00,MH008,10.0,18.9067,3
2020-06-14 10:00:00,MH008,10.0,18.807384,3
2020-06-14 11:00:00,MH008,104.36,18.892447,3
2020-06-14 12:00:00,MH008,1.96,19.115643,3
2020-06-14 13:00:00,MH008,2.0,18.481457,3
2020-06-14 14:00:00,MH008,1.76,17.82319,3
2020-06-14 15:00:00,MH008,1.72,17.69155,3
2020-06-14 16:00:00,MH008,28.61,17.450003,3
2020-06-14 17:00:00,MH008,69.3,18.4235,3
2020-06-14 18:00:00,MH008,69.3,21.672775,3
2020-06-14 19:00:00,MH008,100.79,22.31368,3
2020-06-14 20:00:00,MH008,7.45,21.662231,3
2020-06-14 21:00:00,MH008,12.48,16.275276,3
2020-06-14 22:00:00,MH008,12.55,14.6721325,3
2020-06-14 23:00:00,MH008,8.72,16.89585,3
2020-06-15 00:00:00,MH008,20.66,18.64996,3
2020-06-15 01:00:00,MH008,55.89,22.181824,3
2020-06-15 02:00:00,MH008,69.23,23.644194,3
2020-06-15 03:00:00,MH008,2.9,22.6189,3
2020-06-15 04:00:00,MH008,2.76,21.180262,3
2020-06-15 05:00:00,MH008,3.71,19.59458,3
2020-06-15 06:00:00,MH008,7.79,18.045523,3
2020-06-15 07:00:00,MH008,3.52,18.779863,3
2020-06-15 08:00:00,MH008,2.97,20.233946,3
2020-06-15 09:00:00,MH008,9.87,21.70534,3
2020-06-15 10:00:00,MH008,22.0,21.854422,3
2020-06-15 11:00:00,MH008,10.33,20.84055,3
2020-06-15 12:00:00,MH008,10.33,17.903904,3
2020-06-15 13:00:00,MH008,0.98,19.592018,3
2020-06-15 14:00:00,MH008,1.0,19.00781,3
2020-06-15 15:00:00,MH008,2.69,18.154549,3
2020-06-15 16:00:00,MH008,8.72,17.936342,3
2020-06-15 17:00:00,MH008,45.08,15.507463,3
2020-06-15 18:00:00,MH008,152.0,15.429861,3
2020-06-15 19:00:00,MH008,114.84,16.17882,3
2020-06-15 20:00:00,MH008,114.84,15.73716,3
2020-06-15 21:00:00,MH008,3.87,14.392981,3
2020-06-15 22:00:00,MH008,4.0,12.83721,3
2020-06-15 23:00:00,MH008,7.18,12.89501,3
2020-06-16 00:00:00,MH008,13.38,14.344511,3
2020-06-16 01:00:00,MH008,1.52,17.44724,3
2020-06-16 02:00:00,MH008,52.2,21.619741,3
2020-06-16 03:00:00,MH008,42.88,26.75921,3
2020-06-16 04:00:00,MH008,7.03,27.746141,3
2020-06-16 05:00:00,MH008,3.52,22.405653,3
2020-06-16 06:00:00,MH008,2.73,19.219324,3
2020-06-16 07:00:00,MH008,4.75,17.430407,3
2020-06-16 08:00:00,MH008,3.75,15.9084835,3
2020-06-16 09:00:00,MH008,2.76,18.090322,3
2020-06-16 10:00:00,MH008,30.76,18.906471,3
2020-06-16 11:00:00,MH008,121.0,19.308165,3
2020-06-16 12:00:00,MH008,121.0,17.781145,3
2020-06-16 13:00:00,MH008,121.0,17.192259,3
2020-06-16 14:00:00,MH008,4.89,17.347044,3
2020-06-16 15:00:00,MH008,5.0,17.569487,3
2020-06-16 16:00:00,MH008,5.73,18.234503,3
2020-06-16 17:00:00,MH008,8.48,20.491879,3
2020-06-16 18:00:00,MH008,10.0,25.921366,3
2020-06-16 19:00:00,MH008,16.37,36.059486,3
2020-06-16 20:00:00,MH008,11.04,37.5662,3
2020-06-16 21:00:00,MH008,22.83,38.733788,3
2020-06-16 22:00:00,MH008,22.83,31.167578,3
2020-06-16 23:00:00,MH008,3.87,22.179665,3
2020-06-17 00:00:00,MH008,4.25,16.879456,3
2020-06-17 01:00:00,MH008,8.87,15.003897,3
2020-06-17 02:00:00,MH008,10.85,12.357592,3
2020-06-17 03:00:00,MH008,4.89,14.205889,3
2020-06-17 04:00:00,MH008,6.93,15.172403,3
2020-06-17 05:00:00,MH008,10.55,16.714228,3
2020-06-17 06:00:00,MH008,2.27,17.345444,3
2020-06-17 07:00:00,MH008,2.27,17.465551,3
2020-06-17 08:00:00,MH008,6.84,16.830332,3
2020-06-17 09:00:00,MH008,7.98,17.30768,3
2020-06-17 10:00:00,MH008,9.79,16.998058,3
2020-06-17 11:00:00,MH008,4.79,16.087502,3
2020-06-17 12:00:00,MH008,0.76,15.850641,3
2020-06-17 13:00:00,MH008,0.76,15.190563,3
2020-06-17 14:00:00,MH008,0.76,14.488953,3
2020-06-17 15:00:00,MH008,0.76,14.231688,3
2020-06-17 16:00:00,MH008,3.91,14.090929,3
2020-06-17 17:00:00,MH008,5.22,12.63238,3
2020-06-17 18:00:00,MH008,8.27,10.25194,3
2020-06-17 19:00:00,MH008,6.5,9.865011,3
2020-06-17 20:00:00,MH008,7.51,9.860361,3
2020-06-17 21:00:00,MH008,4.79,8.487757,3
2020-06-17 22:00:00,MH008,1.0,6.8319564,3
2020-06-17 23:00:00,MH008,2.22,5.8154464,3
2020-06-18 00:00:00,MH008,7.21,5.1355224,3
2020-06-18 01:00:00,MH008,10.04,4.929544,3
2020-06-18 02:00:00,MH008,8.47,5.791784,3
2020-06-18 03:00:00,MH008,14.22,7.833719,3
2020-06-18 04:00:00,MH008,16.05,8.17695,3
2020-06-18 05:00:00,MH008,9.51,8.927595,3
2020-06-18 06:00:00,MH008,6.78,9.12702,3
2020-06-18 07:00:00,MH008,5.2,9.545675,3
2020-06-18 08:00:00,MH008,12.48,10.282419,3
2020-06-18 09:00:00,MH008,14.98,12.6359005,3
2020-06-18 10:00:00,MH008,20.9,13.376608,3
2020-06-18 11:00:00,MH008,22.7,13.936655,3
2020-06-18 12:00:00,MH008,22.7,14.269018,3
2020-06-18 13:00:00,MH008,15.82,13.8518505,3
2020-06-18 14:00:00,MH008,7.45,13.805826,3
2020-06-18 15:00:00,MH008,10.55,13.719511,3
2020-06-18 16:00:00,MH008,4.78,11.776754,3
2020-06-18 17:00:00,MH008,2.21,12.654337,3
2020-06-18 18:00:00,MH008,6.49,13.962286,3
2020-06-18 19:00:00,MH008,7.03,14.09741,3
2020-06-18 20:00:00,MH008,4.49,14.144705,3
2020-06-18 21:00:00,MH008,4.53,11.879606,3
2020-06-18 22:00:00,MH008,4.53,10.303125,3
2020-06-18 23:00:00,MH008,6.84,7.9441657,3
2020-06-19 00:00:00,MH008,7.25,7.887449,3
2020-06-19 01:00:00,MH008,8.97,7.109472,3
2020-06-19 02:00:00,MH008,11.51,6.7034163,3
2020-06-19 03:00:00,MH008,10.72,8.579912,3
2020-06-19 04:00:00,MH008,12.76,9.938711,3
2020-06-19 05:00:00,MH008,11.26,11.18759,3
2020-06-19 06:00:00,MH008,9.49,11.998365,3
2020-06-19 07:00:00,MH008,11.49,12.930315,3
2020-06-19 08:00:00,MH008,13.49,13.9990635,3
2020-06-19 09:00:00,MH008,17.9,13.41007,3
2020-06-19 10:00:00,MH008,26.75,14.07852,3
2020-06-19 11:00:00,MH008,22.58,14.257631,3
2020-06-19 12:00:00,MH008,13.69,14.209272,3
2020-06-19 13:00:00,MH008,17.78,14.100061,3
2020-06-19 14:00:00,MH008,14.25,14.345404,3
2020-06-19 15:00:00,MH008,14.51,14.288313,3
2020-06-19 16:00:00,MH008,14.47,14.461962,3
2020-06-19 17:00:00,MH008,17.78,15.140192,3
2020-06-19 18:00:00,MH008,15.71,15.28075,3
2020-06-19 19:00:00,MH008,19.53,14.851421,3
2020-06-19 20:00:00,MH008,15.0,14.515114,3
2020-06-19 21:00:00,MH008,14.75,13.636953,3
2020-06-19 22:00:00,MH008,13.75,12.786287,3
2020-06-19 23:00:00,MH008,13.0,11.623732,3
2020-06-20 00:00:00,MH008,12.28,9.958799,3
2020-06-20 01:00:00,MH008,11.22,9.835913,3
2020-06-20 02:00:00,MH008,15.98,9.716013,3
2020-06-20 03:00:00,MH008,18.75,11.416578,3
2020-06-20 04:00:00,MH008,17.51,12.984007,3
2020-06-20 05:00:00,MH008,14.04,13.971159,3
2020-06-20 06:00:00,MH008,8.73,15.275507,3
2020-06-20 07:00:00,MH008,12.22,15.799145,3
2020-06-20 08:00:00,MH008,15.75,16.43627,3
2020-06-20 09:00:00,MH008,16.22,16.7505,3
2020-06-20 10:00:00,MH008,18.78,16.98773,3
2020-06-20 11:00:00,MH008,15.98,17.623327,3
2020-06-20 12:00:00,MH008,18.76,17.367344,3
2020-06-20 13:00:00,MH008,17.75,16.696812,3
2020-06-20 14:00:00,MH008,16.02,16.533796,3
2020-06-20 15:00:00,MH008,12.02,16.935228,3
2020-06-20 16:00:00,MH008,9.98,17.320063,3
2020-06-20 17:00:00,MH008,12.26,16.962374,3
2020-06-20 18:00:00,MH008,11.47,16.879528,3
2020-06-20 19:00:00,MH008,15.75,16.6035,3
2020-06-20 20:00:00,MH008,15.0,16.768452,3
2020-06-20 21:00:00,MH008,12.82,15.452942,3
2020-06-20 22:00:00,MH008,7.73,13.774687,3
2020-06-20 23:00:00,MH008,12.51,11.994188,3
2020-06-21 00:00:00,MH008,10.75,10.793894,3
2020-06-21 01:00:00,MH008,10.72,9.828005,3
2020-06-21 02:00:00,MH008,13.97,9.686312,3
2020-06-21 03:00:00,MH008,16.02,11.216642,3
2020-06-21 04:00:00,MH008,13.0,13.470163,3
2020-06-21 05:00:00,MH008,13.98,13.752932,3
2020-06-21 06:00:00,MH008,15.53,15.326368,3
2020-06-21 07:00:00,MH008,11.25,15.531214,3
2020-06-21 08:00:00,MH008,11.75,16.705898,3
2020-06-21 09:00:00,MH008,11.25,17.039022,3
2020-06-21 10:00:00,MH008,14.42,16.929342,3
2020-06-21 11:00:00,MH008,20.29,16.828724,3
2020-06-21 12:00:00,MH008,15.0,16.911777,3
2020-06-21 13:00:00,MH008,15.0,16.911821,3
2020-06-21 14:00:00,MH008,14.51,17.122738,3
2020-06-21 15:00:00,MH008,11.54,16.33311,3
2020-06-21 16:00:00,MH008,7.25,16.500122,3
2020-06-21 17:00:00,MH008,9.22,16.060665,3
2020-06-21 18:00:00,MH008,13.98,15.421082,3
2020-06-21 19:00:00,MH008,16.75,15.126812,3
2020-06-21 20:00:00,MH008,16.25,15.1572075,3
2020-06-21 21:00:00,MH008,17.0,13.836988,3
2020-06-21 22:00:00,MH008,15.29,12.674856,3
2020-06-21 23:00:00,MH008,9.5,11.699228,3
2020-06-22 00:00:00,MH008,7.51,10.672297,3
2020-06-22 01:00:00,MH008,6.74,10.462351,3
2020-06-22 02:00:00,MH008,9.98,9.532515,3
2020-06-22 03:00:00,MH008,13.25,10.283438,3
2020-06-22 04:00:00,MH008,13.51,11.641233,3
2020-06-22 05:00:00,MH008,12.73,13.235216,3
2020-06-22 06:00:00,MH008,15.0,13.826288,3
2020-06-22 07:00:00,MH008,14.01,13.802221,3
2020-06-22 08:00:00,MH008,11.0,13.150564,3
2020-06-22 09:00:00,MH008,11.0,13.269484,3
2020-06-22 10:00:00,MH008,11.98,13.976587,3
2020-06-22 11:00:00,MH008,13.53,14.507198,3
2020-06-22 12:00:00,MH008,10.47,14.728527,3
2020-06-22 13:00:00,MH008,14.51,15.265884,3
2020-06-22 14:00:00,MH008,12.51,15.114777,3
2020-06-22 15:00:00,MH008,11.0,14.795876,3
2020-06-22 16:00:00,MH008,10.02,14.562988,3
2020-06-22 17:00:00,MH008,7.99,14.351162,3
2020-06-22 18:00:00,MH008,11.99,14.336365,3
2020-06-22 19:00:00,MH008,15.73,13.458395,3
2020-06-22 20:00:00,MH008,17.27,12.647192,3
2020-06-22 21:00:00,MH008,14.52,12.650438,3
2020-06-22 22:00:00,MH008,14.22,11.780588,3
2020-06-22 23:00:00,MH008,17.27,11.083357,3
2020-06-23 00:00:00,MH008,14.02,8.998983,3
2020-06-23 01:00:00,MH008,10.26,8.731001,3
2020-06-23 02:00:00,MH008,11.71,8.517233,3
2020-06-23 03:00:00,MH008,19.58,10.821695,3
2020-06-23 04:00:00,MH008,10.47,11.692213,3
2020-06-23 05:00:00,MH008,14.5,12.677469,3
2020-06-23 06:00:00,MH008,13.0,13.751955,3
2020-06-23 07:00:00,MH008,13.0,13.691092,3
2020-06-23 08:00:00,MH008,16.51,14.564623,3
2020-06-23 09:00:00,MH008,14.26,14.766251,3
2020-06-23 10:00:00,MH008,12.25,14.997774,3
2020-06-23 11:00:00,MH008,13.99,15.031363,3
2020-06-23 12:00:00,MH008,15.52,15.784924,3
2020-06-23 13:00:00,MH008,11.0,16.136393,3
2020-06-23 14:00:00,MH008,9.77,16.600132,3
2020-06-23 15:00:00,MH008,6.0,16.84689,3
2020-06-23 16:00:00,MH008,5.51,16.277302,3
2020-06-23 17:00:00,MH008,4.99,15.810295,3
2020-06-23 18:00:00,MH008,8.25,15.030039,3
2020-06-23 19:00:00,MH008,9.25,13.5077915,3
2020-06-23 20:00:00,MH008,11.47,13.629698,3
2020-06-23 21:00:00,MH008,12.82,12.218088,3
2020-06-23 22:00:00,MH008,5.93,11.204805,3
2020-06-23 23:00:00,MH008,13.27,10.212122,3
2020-06-24 00:00:00,MH008,8.0,9.358488,3
2020-06-24 01:00:00,MH008,7.75,8.325998,3
2020-06-24 02:00:00,MH008,7.74,8.41868,3
2020-06-24 03:00:00,MH008,10.98,10.662104,3
2020-06-24 04:00:00,MH008,12.52,11.386747,3
2020-06-24 05:00:00,MH008,8.0,12.152655,3
2020-06-24 06:00:00,MH008,8.5,12.806578,3
2020-06-24 07:00:00,MH008,9.75,13.391874,3
2020-06-24 08:00:00,MH008,8.75,13.892649,3
2020-06-24 09:00:00,MH008,8.0,14.089876,3
2020-06-24 10:00:00,MH008,8.73,14.053152,3
2020-06-24 11:00:00,MH008,11.99,14.047464,3
2020-06-24 12:00:00,MH008,14.26,14.069254,3
2020-06-24 13:00:00,MH008,11.75,14.010122,3
2020-06-24 14:00:00,MH008,9.77,14.037264,3
2020-06-24 15:00:00,MH008,4.77,14.084532,3
2020-06-24 16:00:00,MH008,1.74,13.83457,3
2020-06-24 17:00:00,MH008,4.25,13.252459,3
2020-06-24 18:00:00,MH008,4.5,13.209757,3
2020-06-24 19:00:00,MH008,4.48,13.1124325,3
2020-06-24 20:00:00,MH008,10.22,13.318029,3
2020-06-24 21:00:00,MH008,13.51,12.791689,3
2020-06-24 22:00:00,MH008,12.49,11.331324,3
2020-06-24 23:00:00,MH008,13.75,10.2676525,3
2020-06-25 00:00:00,MH008,11.52,9.180235,3
2020-06-25 01:00:00,MH008,6.75,7.964948,3
2020-06-25 02:00:00,MH008,6.73,7.852308,3
2020-06-25 03:00:00,MH008,9.74,9.683302,3
2020-06-25 04:00:00,MH008,13.48,8.429674,3
2020-06-25 05:00:00,MH008,16.78,12.210192,3
2020-06-25 06:00:00,MH008,12.75,13.085825,3
2020-06-25 07:00:00,MH008,11.75,13.646433,3
2020-06-25 08:00:00,MH008,11.0,13.777769,3
2020-06-25 09:00:00,MH008,10.75,13.931772,3
2020-06-25 10:00:00,MH008,11.96,13.303926,3
2020-06-25 11:00:00,MH008,17.27,13.982912,3
2020-06-25 12:00:00,MH008,15.25,14.349831,3
2020-06-25 13:00:00,MH008,15.01,14.638815,3
2020-06-25 14:00:00,MH008,12.25,14.771328,3
2020-06-25 15:00:00,MH008,12.75,14.205828,3
2020-06-25 16:00:00,MH008,12.0,14.148897,3
2020-06-25 17:00:00,MH008,20.29,14.554714,3
2020-06-25 18:00:00,MH008,19.27,13.896257,3
2020-06-25 19:00:00,MH008,16.51,13.377485,3
2020-06-25 20:00:00,MH008,16.95,13.060896,3
2020-06-25 21:00:00,MH008,21.29,13.284628,3
2020-06-25 22:00:00,MH008,15.75,12.748148,3
2020-06-25 23:00:00,MH008,15.25,12.375891,3
2020-06-26 00:00:00,MH008,14.52,12.138247,3
2020-06-26 01:00:00,MH008,10.25,11.150652,3
2020-06-26 02:00:00,MH008,11.0,10.235308,3
2020-06-26 03:00:00,MH008,10.26,13.415316,3
2020-06-26 04:00:00,MH008,9.71,14.776531,3
2020-06-26 05:00:00,MH008,13.77,14.809881,3
2020-06-26 06:00:00,MH008,11.98,16.203842,3
2020-06-26 07:00:00,MH008,18.99,17.132568,3
2020-06-26 08:00:00,MH008,9.14,16.668207,3
2020-06-26 09:00:00,MH008,9.5,17.370546,3
2020-06-26 10:00:00,MH008,11.25,16.30733,3
2020-06-26 11:00:00,MH008,13.23,15.269911,3
2020-06-26 12:00:00,MH008,17.0,17.512514,3
2020-06-26 13:00:00,MH008,16.26,19.228973,3
2020-06-26 14:00:00,MH008,13.51,19.294666,3
2020-06-26 15:00:00,MH008,14.0,18.697748,3
2020-06-26 16:00:00,MH008,18.27,18.769087,3
2020-06-26 17:00:00,MH008,12.5,18.482296,3
2020-06-26 18:00:00,MH008,13.0,17.244675,3
2020-06-26 19:00:00,MH008,19.74,17.924728,3
2020-06-26 20:00:00,MH008,22.49,17.723486,3
2020-06-26 21:00:00,MH008,22.52,16.462017,3
2020-06-26 22:00:00,MH008,16.77,16.021627,3
2020-06-26 23:00:00,MH008,14.73,15.258667,3
2020-06-27 00:00:00,MH008,18.02,15.005064,3
2020-06-27 01:00:00,MH008,12.5,14.644943,3
2020-06-27 02:00:00,MH008,14.99,13.815912,3
2020-06-27 03:00:00,MH008,17.01,16.596525,3
2020-06-27 04:00:00,MH008,16.23,18.16908,3
2020-06-27 05:00:00,MH008,23.99,19.075783,3
2020-06-27 06:00:00,MH008,26.01,19.296078,3
2020-06-27 07:00:00,MH008,22.75,18.923613,3
2020-06-27 08:00:00,MH008,20.27,19.797495,3
2020-06-27 09:00:00,MH008,15.5,19.885643,3
2020-06-27 10:00:00,MH008,16.26,19.146437,3
2020-06-27 11:00:00,MH008,14.99,19.546827,3
2020-06-27 12:00:00,MH008,18.99,20.07716,3
2020-06-27 13:00:00,MH008,22.99,21.081404,3
2020-06-27 14:00:00,MH008,25.26,21.056044,3
2020-06-27 15:00:00,MH008,23.74,20.916912,3
2020-06-27 16:00:00,MH008,25.01,20.473322,3
2020-06-27 17:00:00,MH008,22.0,19.862791,3
2020-06-27 18:00:00,MH008,20.52,18.998278,3
2020-06-27 19:00:00,MH008,17.23,18.611938,3
2020-06-27 20:00:00,MH008,20.26,18.676897,3
2020-06-27 21:00:00,MH008,18.98,18.979595,3
2020-06-27 22:00:00,MH008,22.25,18.852732,3
2020-06-27 23:00:00,MH008,21.27,19.338518,3
2020-06-28 00:00:00,MH008,15.75,18.854979,3
2020-06-28 01:00:00,MH008,15.25,15.653988,3
2020-06-28 02:00:00,MH008,13.28,15.343893,3
2020-06-28 03:00:00,MH008,5.25,17.470985,3
2020-06-28 04:00:00,MH008,7.73,18.941673,3
2020-06-28 05:00:00,MH008,13.0,18.081802,3
2020-06-28 06:00:00,MH008,12.01,19.579742,3
2020-06-28 07:00:00,MH008,9.0,21.75163,3
2020-06-28 08:00:00,MH008,20.26,21.915192,3
2020-06-28 09:00:00,MH008,18.0,22.115818,3
2020-06-28 10:00:00,MH008,18.25,20.848036,3
2020-06-28 11:00:00,MH008,17.77,20.795702,3
2020-06-28 12:00:00,MH008,12.77,20.226646,3
2020-06-28 13:00:00,MH008,12.21,19.905878,3
2020-06-28 14:00:00,MH008,20.52,20.056547,3
2020-06-28 15:00:00,MH008,15.25,20.132925,3
2020-06-28 16:00:00,MH008,12.75,20.442205,3
2020-06-28 17:00:00,MH008,12.5,20.367392,3
2020-06-28 18:00:00,MH008,13.25,19.803354,3
2020-06-28 19:00:00,MH008,10.26,17.949188,3
2020-06-28 20:00:00,MH008,8.5,17.16567,3
2020-06-28 21:00:00,MH008,12.47,15.739439,3
2020-06-28 22:00:00,MH008,17.53,15.4192505,3
2020-06-28 23:00:00,MH008,10.5,14.209051,3
2020-06-29 00:00:00,MH008,12.25,13.052763,3
2020-06-29 01:00:00,MH008,11.52,11.24806,3
2020-06-29 02:00:00,MH008,6.75,7.1338553,3
2020-06-29 03:00:00,MH008,5.0,11.2623005,3
2020-06-29 04:00:00,MH008,1.5,12.623846,3
2020-06-29 05:00:00,MH008,7.91,12.565168,3
2020-06-29 06:00:00,MH008,7.5,13.012533,3
2020-06-29 07:00:00,MH008,6.75,15.567799,3
2020-06-29 08:00:00,MH008,8.5,15.064217,3
2020-06-29 09:00:00,MH008,5.77,14.756813,3
2020-06-29 10:00:00,MH008,2.0,14.162027,3
2020-06-29 11:00:00,MH008,2.5,13.939325,3
2020-06-29 12:00:00,MH008,4.0,13.8221,3
2020-06-29 13:00:00,MH008,8.06,14.050821,3
2020-06-29 14:00:00,MH008,8.5,14.124022,3
2020-06-29 15:00:00,MH008,10.0,14.198683,3
2020-06-29 16:00:00,MH008,9.75,13.820486,3
2020-06-29 17:00:00,MH008,8.75,13.277025,3
2020-06-29 18:00:00,MH008,7.5,13.162935,3
2020-06-29 19:00:00,MH008,5.75,13.0327015,3
2020-06-29 20:00:00,MH008,4.5,12.052458,3
2020-06-29 21:00:00,MH008,3.0,10.47883,3
2020-06-29 22:00:00,MH008,3.0,10.982149,3
2020-06-29 23:00:00,MH008,3.0,10.780024,3
2020-06-30 00:00:00,MH008,3.0,11.4467945,3
2020-05-06 21:00:00,MH009,16.99,13.521917,3
2020-05-06 22:00:00,MH009,15.0,12.74515,3
2020-05-06 23:00:00,MH009,14.96,12.34091,3
2020-05-07 00:00:00,MH009,9.06,11.94446,3
2020-05-07 01:00:00,MH009,15.94,11.909784,3
2020-05-07 02:00:00,MH009,5.03,11.761709,3
2020-05-07 03:00:00,MH009,10.02,15.184612,3
2020-05-07 04:00:00,MH009,11.99,16.871944,3
2020-05-07 05:00:00,MH009,10.0,17.634604,3
2020-05-07 06:00:00,MH009,10.02,19.131266,3
2020-05-07 07:00:00,MH009,13.03,19.02374,3
2020-05-07 08:00:00,MH009,16.0,18.657528,3
2020-05-07 09:00:00,MH009,17.0,17.760761,3
2020-05-07 10:00:00,MH009,15.99,17.058027,3
2020-05-07 11:00:00,MH009,14.97,16.705143,3
2020-05-07 12:00:00,MH009,11.04,16.642488,3
2020-05-07 13:00:00,MH009,15.05,16.314909,3
2020-05-07 14:00:00,MH009,23.01,16.238743,3
2020-05-07 15:00:00,MH009,24.0,16.961704,3
2020-05-07 16:00:00,MH009,24.92,17.512127,3
2020-05-07 17:00:00,MH009,12.02,17.68235,3
2020-05-07 18:00:00,MH009,14.0,17.498251,3
2020-05-07 19:00:00,MH009,14.02,16.89799,3
2020-05-07 20:00:00,MH009,16.98,16.065536,3
2020-05-07 21:00:00,MH009,14.02,15.652864,3
2020-05-07 22:00:00,MH009,15.95,15.357639,3
2020-05-07 23:00:00,MH009,9.96,15.051779,3
2020-05-08 00:00:00,MH009,6.04,15.212572,3
2020-05-08 01:00:00,MH009,10.0,14.92786,3
2020-05-08 02:00:00,MH009,8.97,14.92544,3
2020-05-08 03:00:00,MH009,6.0,17.610159,3
2020-05-08 04:00:00,MH009,6.04,18.678427,3
2020-05-08 05:00:00,MH009,11.99,18.96823,3
2020-05-08 06:00:00,MH009,11.02,20.263073,3
2020-05-08 07:00:00,MH009,13.03,20.51484,3
2020-05-08 08:00:00,MH009,16.95,19.813343,3
2020-05-08 09:00:00,MH009,13.0,20.485432,3
2020-05-08 10:00:00,MH009,11.98,18.643698,3
2020-05-08 11:00:00,MH009,10.03,19.048185,3
2020-05-08 12:00:00,MH009,12.97,18.849098,3
2020-05-08 13:00:00,MH009,9.01,18.406164,3
2020-05-08 14:00:00,MH009,10.01,18.18884,3
2020-05-08 15:00:00,MH009,11.98,18.347448,3
2020-05-08 16:00:00,MH009,10.0,18.986944,3
2020-05-08 17:00:00,MH009,9.99,18.466576,3
2020-05-08 18:00:00,MH009,8.99,17.682573,3
2020-05-08 19:00:00,MH009,7.04,16.896746,3
2020-05-08 20:00:00,MH009,10.97,16.027655,3
2020-05-08 21:00:00,MH009,7.97,14.907976,3
2020-05-08 22:00:00,MH009,4.0,14.229055,3
2020-05-08 23:00:00,MH009,5.03,13.459917,3
2020-05-09 00:00:00,MH009,9.99,13.75226,3
2020-05-09 01:00:00,MH009,7.99,13.547461,3
2020-05-09 02:00:00,MH009,5.99,13.497339,3
2020-05-09 03:00:00,MH009,4.01,15.948109,3
2020-05-09 04:00:00,MH009,5.04,16.806503,3
2020-05-09 05:00:00,MH009,9.99,17.10322,3
2020-05-09 06:00:00,MH009,9.0,17.363083,3
2020-05-09 07:00:00,MH009,9.03,19.231749,3
2020-05-09 08:00:00,MH009,12.97,19.617634,3
2020-05-09 09:00:00,MH009,10.02,19.06067,3
2020-05-09 10:00:00,MH009,12.01,18.552664,3
2020-05-09 11:00:00,MH009,13.0,19.057024,3
2020-05-09 12:00:00,MH009,13.02,18.767185,3
2020-05-09 13:00:00,MH009,15.11,18.303894,3
2020-05-09 14:00:00,MH009,26.96,17.885687,3
2020-05-09 15:00:00,MH009,21.1,17.69594,3
2020-05-09 16:00:00,MH009,37.84,17.584284,3
2020-05-09 17:00:00,MH009,10.99,17.510782,3
2020-05-09 18:00:00,MH009,10.09,17.526104,3
2020-05-09 19:00:00,MH009,19.95,17.322422,3
2020-05-09 20:00:00,MH009,14.07,16.803665,3
2020-05-09 21:00:00,MH009,21.92,16.456543,3
2020-05-09 22:00:00,MH009,8.0,16.810501,3
2020-05-09 23:00:00,MH009,7.99,17.52735,3
2020-05-10 00:00:00,MH009,6.99,17.027515,3
2020-05-10 01:00:00,MH009,4.97,16.418081,3
2020-05-10 02:00:00,MH009,2.03,15.766027,3
2020-05-10 03:00:00,MH009,5.01,17.434362,3
2020-05-10 04:00:00,MH009,6.05,20.297617,3
2020-05-10 05:00:00,MH009,13.96,20.626293,3
2020-05-10 06:00:00,MH009,7.99,21.00392,3
2020-05-10 07:00:00,MH009,7.0,20.705942,3
2020-05-10 08:00:00,MH009,6.04,20.217371,3
2020-05-10 09:00:00,MH009,11.02,19.223959,3
2020-05-10 10:00:00,MH009,13.02,18.910551,3
2020-05-10 11:00:00,MH009,15.96,18.955383,3
2020-05-10 12:00:00,MH009,12.02,19.680098,3
2020-05-10 13:00:00,MH009,13.95,19.459003,3
2020-05-10 14:00:00,MH009,8.05,18.710505,3
2020-05-10 15:00:00,MH009,13.96,18.078308,3
2020-05-10 16:00:00,MH009,8.97,17.53733,3
2020-05-10 17:00:00,MH009,6.0,17.66886,3
2020-05-10 18:00:00,MH009,6.01,17.38204,3
2020-05-10 19:00:00,MH009,7.0,16.754705,3
2020-05-10 20:00:00,MH009,7.0,15.6303215,3
2020-05-10 21:00:00,MH009,7.0,14.776215,3
2020-05-10 22:00:00,MH009,7.0,14.729052,3
2020-05-13 13:00:00,MH009,9.02,17.807617,3
2020-05-13 14:00:00,MH009,10.05,17.655396,3
2020-05-13 15:00:00,MH009,15.94,18.21593,3
2020-05-13 16:00:00,MH009,9.01,19.114977,3
2020-05-13 17:00:00,MH009,9.96,19.614908,3
2020-05-13 18:00:00,MH009,6.0,19.489124,3
2020-05-13 19:00:00,MH009,6.0,18.117548,3
2020-05-13 20:00:00,MH009,6.0,16.818802,3
2020-05-13 21:00:00,MH009,6.0,15.287186,3
2020-05-16 16:00:00,MH009,39.98,20.489504,3
2020-05-16 17:00:00,MH009,37.95,22.60263,3
2020-05-16 18:00:00,MH009,31.02,24.634974,3
2020-05-16 19:00:00,MH009,32.97,26.60904,3
2020-05-16 20:00:00,MH009,30.02,27.722626,3
2020-05-16 21:00:00,MH009,32.0,30.15492,3
2020-05-16 22:00:00,MH009,31.92,31.88536,3
2020-05-16 23:00:00,MH009,25.06,32.34558,3
2020-05-17 00:00:00,MH009,30.03,30.790655,3
2020-05-17 01:00:00,MH009,32.97,28.88461,3
2020-05-17 02:00:00,MH009,29.98,28.692087,3
2020-05-17 03:00:00,MH009,28.02,30.505568,3
2020-05-17 04:00:00,MH009,29.98,32.596046,3
2020-05-17 05:00:00,MH009,27.99,36.408546,3
2020-05-17 06:00:00,MH009,27.03,41.79098,3
2020-05-17 07:00:00,MH009,30.95,46.659267,3
2020-05-17 08:00:00,MH009,25.03,47.709515,3
2020-05-17 09:00:00,MH009,27.95,46.148056,3
2020-05-17 10:00:00,MH009,23.0,45.00244,3
2020-05-17 11:00:00,MH009,22.99,40.853214,3
2020-05-17 12:00:00,MH009,21.98,36.89256,3
2020-05-17 13:00:00,MH009,19.96,33.4332,3
2020-05-17 14:00:00,MH009,16.14,31.73156,3
2020-05-17 15:00:00,MH009,27.96,30.38524,3
2020-05-17 16:00:00,MH009,22.01,28.913002,3
2020-05-17 17:00:00,MH009,22.94,27.064623,3
2020-05-17 18:00:00,MH009,18.06,25.077942,3
2020-05-17 19:00:00,MH009,24.94,23.330404,3
2020-05-17 20:00:00,MH009,18.0,21.17913,3
2020-05-17 21:00:00,MH009,17.98,20.025806,3
2020-05-17 22:00:00,MH009,16.01,19.027977,3
2020-05-17 23:00:00,MH009,17.09,18.203375,3
2020-05-18 00:00:00,MH009,24.88,17.161459,3
2020-05-18 01:00:00,MH009,15.03,16.908943,3
2020-05-18 02:00:00,MH009,17.98,17.315046,3
2020-05-18 03:00:00,MH009,16.02,18.047117,3
2020-05-18 04:00:00,MH009,18.04,19.00693,3
2020-05-18 05:00:00,MH009,20.96,19.539717,3
2020-05-18 06:00:00,MH009,16.97,20.12785,3
2020-05-18 07:00:00,MH009,13.14,20.599344,3
2020-05-18 08:00:00,MH009,25.06,20.32377,3
2020-05-18 09:00:00,MH009,30.03,20.615446,3
2020-05-18 10:00:00,MH009,32.85,20.439035,3
2020-05-18 11:00:00,MH009,16.01,20.978184,3
2020-05-18 12:00:00,MH009,16.98,21.13361,3
2020-05-18 13:00:00,MH009,15.03,21.055878,3
2020-05-18 14:00:00,MH009,17.94,21.239872,3
2020-05-18 15:00:00,MH009,13.02,21.011393,3
2020-05-18 16:00:00,MH009,15.03,21.490562,3
2020-05-18 17:00:00,MH009,17.97,21.637516,3
2020-05-18 18:00:00,MH009,14.01,21.36606,3
2020-05-18 19:00:00,MH009,15.04,20.363798,3
2020-05-18 20:00:00,MH009,18.95,20.358807,3
2020-05-18 21:00:00,MH009,13.02,19.81007,3
2020-05-18 22:00:00,MH009,15.94,19.19834,3
2020-05-18 23:00:00,MH009,9.01,18.089062,3
2020-05-19 00:00:00,MH009,11.0,16.922268,3
2020-05-19 01:00:00,MH009,11.0,15.775595,3
2020-05-19 02:00:00,MH009,11.02,15.508097,3
2020-05-19 03:00:00,MH009,12.97,17.479248,3
2020-05-19 04:00:00,MH009,10.98,17.808147,3
2020-05-19 05:00:00,MH009,8.98,17.918465,3
2020-05-19 06:00:00,MH009,7.01,17.523928,3
2020-05-19 07:00:00,MH009,8.04,18.219975,3
2020-05-19 08:00:00,MH009,11.04,18.290035,3
2020-05-19 09:00:00,MH009,15.94,18.181667,3
2020-05-19 10:00:00,MH009,11.05,18.097689,3
2020-05-19 11:00:00,MH009,17.02,18.14553,3
2020-05-19 12:00:00,MH009,18.94,18.344315,3
2020-05-19 13:00:00,MH009,12.0,18.665222,3
2020-05-19 14:00:00,MH009,12.04,18.658998,3
2020-05-19 15:00:00,MH009,13.98,18.5184,3
2020-05-19 16:00:00,MH009,12.0,18.27865,3
2020-05-19 17:00:00,MH009,12.04,18.241938,3
2020-05-19 18:00:00,MH009,16.01,18.54283,3
2020-05-19 19:00:00,MH009,17.0,18.630566,3
2020-05-19 20:00:00,MH009,11.04,18.582035,3
2020-05-19 21:00:00,MH009,15.96,18.04953,3
2020-05-19 22:00:00,MH009,11.0,17.344051,3
2020-05-19 23:00:00,MH009,9.97,16.988323,3
2020-05-20 00:00:00,MH009,7.98,16.680386,3
2020-05-20 01:00:00,MH009,6.96,16.279022,3
2020-05-20 02:00:00,MH009,5.0,15.922569,3
2020-05-20 03:00:00,MH009,5.02,18.903297,3
2020-05-20 04:00:00,MH009,7.0,19.283705,3
2020-05-20 05:00:00,MH009,6.99,19.07739,3
2020-05-20 06:00:00,MH009,6.03,18.644987,3
2020-05-20 07:00:00,MH009,8.99,17.820122,3
2020-05-20 08:00:00,MH009,8.05,17.303593,3
2020-05-20 09:00:00,MH009,12.02,16.991646,3
2020-05-20 10:00:00,MH009,14.29,16.866882,3
2020-05-20 11:00:00,MH009,37.68,17.008673,3
2020-05-20 12:00:00,MH009,2.02,17.158459,3
2020-05-20 13:00:00,MH009,4.04,17.449139,3
2020-05-20 14:00:00,MH009,7.98,17.397459,3
2020-05-20 15:00:00,MH009,6.01,18.015478,3
2020-05-20 16:00:00,MH009,7.0,18.550327,3
2020-05-20 17:00:00,MH009,7.01,19.26811,3
2020-05-20 18:00:00,MH009,8.05,18.741316,3
2020-05-20 19:00:00,MH009,11.96,18.59587,3
2020-05-20 20:00:00,MH009,7.04,18.057102,3
2020-05-20 21:00:00,MH009,10.99,16.674246,3
2020-05-20 22:00:00,MH009,9.98,15.661274,3
2020-05-20 23:00:00,MH009,7.99,15.208578,3
2020-05-21 00:00:00,MH009,6.97,13.82773,3
2020-05-21 01:00:00,MH009,5.0,13.695379,3
2020-05-21 02:00:00,MH009,5.01,14.104353,3
2020-05-21 03:00:00,MH009,6.0,16.473986,3
2020-05-21 04:00:00,MH009,5.98,16.925035,3
2020-05-21 05:00:00,MH009,4.01,17.563084,3
2020-05-21 06:00:00,MH009,5.01,17.835743,3
2020-05-21 07:00:00,MH009,6.01,17.93575,3
2020-05-21 08:00:00,MH009,7.03,17.423937,3
2020-05-21 09:00:00,MH009,10.03,17.269623,3
2020-05-21 10:00:00,MH009,13.01,16.841185,3
2020-05-21 11:00:00,MH009,14.07,16.621975,3
2020-05-21 12:00:00,MH009,22.86,17.019634,3
2020-05-21 13:00:00,MH009,6.02,17.082724,3
2020-05-21 14:00:00,MH009,7.99,17.207651,3
2020-05-21 15:00:00,MH009,7.0,17.786715,3
2020-05-21 16:00:00,MH009,6.99,18.22386,3
2020-05-21 17:00:00,MH009,6.06,18.234007,3
2020-05-21 18:00:00,MH009,10.95,18.481434,3
2020-05-21 19:00:00,MH009,6.96,18.396063,3
2020-05-21 20:00:00,MH009,4.05,17.806469,3
2020-05-21 21:00:00,MH009,7.97,16.178413,3
2020-05-21 22:00:00,MH009,4.96,14.983656,3
2020-05-21 23:00:00,MH009,1.03,14.644321,3
2020-05-22 00:00:00,MH009,4.05,14.821339,3
2020-05-22 01:00:00,MH009,8.99,14.252718,3
2020-05-22 02:00:00,MH009,7.97,13.962175,3
2020-05-22 03:00:00,MH009,6.0,16.373262,3
2020-05-22 04:00:00,MH009,6.07,16.938374,3
2020-05-22 05:00:00,MH009,11.97,16.768995,3
2020-05-22 06:00:00,MH009,9.1,17.155901,3
2020-05-22 07:00:00,MH009,17.95,17.349854,3
2020-05-22 08:00:00,MH009,14.0,16.72224,3
2020-05-22 09:00:00,MH009,13.93,15.939159,3
2020-05-22 10:00:00,MH009,8.03,15.510714,3
2020-05-22 11:00:00,MH009,9.99,15.753857,3
2020-05-22 12:00:00,MH009,8.99,16.01428,3
2020-05-22 13:00:00,MH009,8.04,16.570976,3
2020-05-22 14:00:00,MH009,11.02,17.670097,3
2020-05-22 15:00:00,MH009,12.99,18.47015,3
2020-05-22 16:00:00,MH009,11.98,18.899912,3
2020-05-22 17:00:00,MH009,9.98,18.792133,3
2020-05-22 18:00:00,MH009,9.02,18.406475,3
2020-05-22 19:00:00,MH009,10.99,17.948652,3
2020-05-22 20:00:00,MH009,10.06,17.453356,3
2020-05-22 21:00:00,MH009,14.9,17.035336,3
2020-05-22 22:00:00,MH009,6.44,16.603498,3
2020-05-22 23:00:00,MH009,42.58,16.256773,3
2020-05-23 00:00:00,MH009,7.99,15.9748535,3
2020-05-23 01:00:00,MH009,7.04,15.591675,3
2020-05-23 02:00:00,MH009,10.01,14.816778,3
2020-05-23 03:00:00,MH009,11.02,17.237162,3
2020-05-23 04:00:00,MH009,12.99,18.189697,3
2020-05-23 05:00:00,MH009,11.98,18.885567,3
2020-05-23 06:00:00,MH009,10.01,20.117031,3
2020-05-23 07:00:00,MH009,10.97,21.008863,3
2020-05-23 08:00:00,MH009,9.07,20.989683,3
2020-05-23 09:00:00,MH009,15.03,19.272001,3
2020-05-23 10:00:00,MH009,16.94,18.633217,3
2020-05-23 11:00:00,MH009,10.99,19.093847,3
2020-05-23 12:00:00,MH009,9.97,17.920403,3
2020-05-23 13:00:00,MH009,8.03,18.135351,3
2020-05-23 14:00:00,MH009,11.07,17.706865,3
2020-05-23 15:00:00,MH009,19.0,17.346863,3
2020-05-23 16:00:00,MH009,19.21,17.579084,3
2020-05-23 17:00:00,MH009,34.88,18.595789,3
2020-05-23 18:00:00,MH009,24.88,18.046286,3
2020-05-23 19:00:00,MH009,15.01,17.30656,3
2020-05-23 20:00:00,MH009,15.9,15.747015,3
2020-05-23 21:00:00,MH009,7.99,14.718395,3
2020-05-23 22:00:00,MH009,6.98,14.275118,3
2020-05-23 23:00:00,MH009,5.03,14.42445,3
2020-05-24 00:00:00,MH009,7.96,15.387316,3
2020-05-24 01:00:00,MH009,4.97,15.474527,3
2020-05-24 02:00:00,MH009,3.0,15.522276,3
2020-05-24 03:00:00,MH009,3.01,16.741392,3
2020-05-24 04:00:00,MH009,4.05,17.452816,3
2020-05-24 05:00:00,MH009,9.15,17.939339,3
2020-05-24 06:00:00,MH009,19.89,18.009838,3
2020-05-24 07:00:00,MH009,11.96,18.3682,3
2020-05-24 08:00:00,MH009,9.03,17.625088,3
2020-05-24 09:00:00,MH009,10.98,17.230122,3
2020-05-24 10:00:00,MH009,10.0,16.879736,3
2020-05-24 11:00:00,MH009,9.98,17.445633,3
2020-05-24 12:00:00,MH009,8.0,18.157873,3
2020-05-24 13:00:00,MH009,8.08,18.793257,3
2020-05-24 14:00:00,MH009,14.96,18.7542,3
2020-05-24 15:00:00,MH009,11.05,18.649218,3
2020-05-24 16:00:00,MH009,15.96,18.503695,3
2020-05-24 17:00:00,MH009,12.95,18.221699,3
2020-05-24 18:00:00,MH009,8.07,18.29781,3
2020-05-24 19:00:00,MH009,13.96,17.635069,3
2020-05-24 20:00:00,MH009,9.96,16.879492,3
2020-05-24 21:00:00,MH009,6.01,15.706589,3
2020-05-24 22:00:00,MH009,6.99,15.093536,3
2020-05-24 23:00:00,MH009,6.01,15.187496,3
2020-05-25 00:00:00,MH009,6.97,14.4646225,3
2020-05-25 01:00:00,MH009,5.01,13.773241,3
2020-05-25 02:00:00,MH009,6.0,13.6210575,3
2020-05-25 03:00:00,MH009,6.0,13.608896,3
2020-05-25 04:00:00,MH009,6.03,14.973097,3
2020-05-25 05:00:00,MH009,8.97,15.8278675,3
2020-05-25 06:00:00,MH009,7.12,15.939865,3
2020-05-25 07:00:00,MH009,15.98,17.27639,3
2020-05-25 08:00:00,MH009,13.99,17.790327,3
2020-05-25 09:00:00,MH009,13.01,17.628313,3
2020-05-25 10:00:00,MH009,13.93,17.820023,3
2020-05-25 11:00:00,MH009,7.96,16.604036,3
2020-05-25 12:00:00,MH009,5.01,16.938671,3
2020-05-25 13:00:00,MH009,6.0,17.212364,3
2020-05-25 14:00:00,MH009,6.07,17.75879,3
2020-05-25 15:00:00,MH009,12.02,18.389023,3
2020-05-25 16:00:00,MH009,14.0,19.056705,3
2020-05-25 17:00:00,MH009,13.96,19.212748,3
2020-05-25 18:00:00,MH009,11.02,18.793066,3
2020-05-25 19:00:00,MH009,13.07,18.049137,3
2020-05-25 20:00:00,MH009,17.85,16.629993,3
2020-05-25 21:00:00,MH009,6.99,15.233898,3
2020-05-25 22:00:00,MH009,6.0,14.219851,3
2020-05-25 23:00:00,MH009,6.04,14.114607,3
2020-05-26 00:00:00,MH009,10.02,13.730444,3
2020-05-26 01:00:00,MH009,12.02,13.810568,3
2020-05-26 02:00:00,MH009,13.92,14.076895,3
2020-05-26 03:00:00,MH009,6.96,16.905972,3
2020-05-26 04:00:00,MH009,3.04,17.175524,3
2020-05-26 05:00:00,MH009,6.11,17.591927,3
2020-05-26 06:00:00,MH009,14.12,17.187368,3
2020-05-26 07:00:00,MH009,22.89,16.61835,3
2020-05-26 08:00:00,MH009,13.03,16.784777,3
2020-05-26 09:00:00,MH009,14.97,17.028254,3
2020-05-26 10:00:00,MH009,11.97,16.96043,3
2020-05-26 11:00:00,MH009,10.05,16.823914,3
2020-05-26 12:00:00,MH009,13.97,16.701643,3
2020-05-26 13:00:00,MH009,12.03,17.247875,3
2020-05-26 14:00:00,MH009,14.99,18.298376,3
2020-05-26 15:00:00,MH009,13.98,18.85816,3
2020-05-26 16:00:00,MH009,12.98,19.136202,3
2020-05-26 17:00:00,MH009,12.08,19.096016,3
2020-05-26 18:00:00,MH009,17.95,18.965488,3
2020-05-26 19:00:00,MH009,13.92,18.574291,3
2020-05-26 20:00:00,MH009,8.04,17.740631,3
2020-05-26 21:00:00,MH009,12.01,16.782461,3
2020-05-26 22:00:00,MH009,12.93,15.840748,3
2020-05-26 23:00:00,MH009,7.0,15.252798,3
2020-05-27 00:00:00,MH009,6.98,15.111574,3
2020-05-27 01:00:00,MH009,6.0,15.252621,3
2020-05-27 02:00:00,MH009,5.95,15.107843,3
2020-05-27 03:00:00,MH009,2.03,17.850393,3
2020-05-27 04:00:00,MH009,4.08,18.459352,3
2020-05-27 05:00:00,MH009,11.04,17.94677,3
2020-05-27 06:00:00,MH009,14.04,17.50104,3
2020-05-27 07:00:00,MH009,16.96,16.749632,3
2020-05-27 08:00:00,MH009,13.99,15.8160095,3
2020-05-27 09:00:00,MH009,12.97,15.419716,3
2020-05-27 10:00:00,MH009,11.03,14.869869,3
2020-05-27 11:00:00,MH009,13.05,14.780699,3
2020-05-27 12:00:00,MH009,16.95,15.878578,3
2020-05-27 13:00:00,MH009,12.93,16.780247,3
2020-05-27 14:00:00,MH009,7.17,17.443176,3
2020-05-27 15:00:00,MH009,18.89,18.777166,3
2020-05-27 16:00:00,MH009,8.98,19.155954,3
2020-05-27 17:00:00,MH009,7.99,19.191116,3
2020-05-27 18:00:00,MH009,7.04,19.308395,3
2020-05-27 19:00:00,MH009,11.05,18.893919,3
2020-05-27 20:00:00,MH009,14.99,18.213814,3
2020-05-27 21:00:00,MH009,13.96,17.045458,3
2020-05-27 22:00:00,MH009,10.0,16.191635,3
2020-05-27 23:00:00,MH009,9.95,15.635578,3
2020-05-28 00:00:00,MH009,6.11,15.133247,3
2020-05-28 01:00:00,MH009,14.93,14.309698,3
2020-05-28 02:00:00,MH009,10.02,13.880583,3
2020-05-28 03:00:00,MH009,10.99,16.066322,3
2020-05-28 04:00:00,MH009,9.98,16.540358,3
2020-05-28 05:00:00,MH009,9.01,16.542912,3
2020-05-28 06:00:00,MH009,9.98,16.339437,3
2020-05-28 07:00:00,MH009,9.02,16.270344,3
2020-05-28 08:00:00,MH009,10.02,16.241167,3
2020-05-28 09:00:00,MH009,11.03,16.755625,3
2020-05-28 10:00:00,MH009,13.04,16.782728,3
2020-05-28 11:00:00,MH009,15.93,17.134804,3
2020-05-28 12:00:00,MH009,10.97,17.530956,3
2020-05-28 13:00:00,MH009,9.17,18.038895,3
2020-05-28 14:00:00,MH009,20.86,18.3975,3
2020-05-28 15:00:00,MH009,11.07,18.531933,3
2020-05-28 16:00:00,MH009,15.97,18.826454,3
2020-05-28 17:00:00,MH009,13.93,18.857101,3
2020-05-28 18:00:00,MH009,8.05,19.15628,3
2020-05-28 19:00:00,MH009,11.93,18.854782,3
2020-05-28 20:00:00,MH009,7.01,17.864498,3
2020-05-28 21:00:00,MH009,7.97,17.07452,3
2020-05-28 22:00:00,MH009,5.96,16.703667,3
2020-05-28 23:00:00,MH009,2.98,15.381392,3
2020-05-29 00:00:00,MH009,2.06,14.938711,3
2020-05-29 01:00:00,MH009,6.01,14.349743,3
2020-05-29 02:00:00,MH009,7.0,14.585236,3
2020-05-29 03:00:00,MH009,6.97,15.481962,3
2020-05-29 04:00:00,MH009,5.03,16.021482,3
2020-05-29 05:00:00,MH009,7.0,16.072838,3
2020-05-29 06:00:00,MH009,7.0,15.592033,3
2020-05-29 07:00:00,MH009,6.96,15.221249,3
2020-05-29 08:00:00,MH009,4.03,15.868044,3
2020-05-29 09:00:00,MH009,6.03,15.952515,3
2020-05-29 10:00:00,MH009,7.99,15.9132595,3
2020-05-29 11:00:00,MH009,6.97,15.186752,3
2020-05-29 12:00:00,MH009,5.0,15.415121,3
2020-05-29 13:00:00,MH009,4.97,16.566061,3
2020-05-29 14:00:00,MH009,3.06,17.520838,3
2020-05-29 15:00:00,MH009,7.07,18.16177,3
2020-05-29 16:00:00,MH009,11.95,18.230783,3
2020-05-29 17:00:00,MH009,8.0,17.957973,3
2020-05-29 18:00:00,MH009,8.02,17.381279,3
2020-05-29 19:00:00,MH009,8.98,16.388693,3
2020-05-29 20:00:00,MH009,8.04,14.922226,3
2020-05-29 21:00:00,MH009,11.17,13.910643,3
2020-05-29 22:00:00,MH009,20.92,13.398317,3
2020-05-29 23:00:00,MH009,14.25,12.959703,3
2020-05-30 00:00:00,MH009,31.68,13.067286,3
2020-05-30 01:00:00,MH009,8.97,13.203768,3
2020-05-30 02:00:00,MH009,6.04,12.667421,3
2020-05-30 03:00:00,MH009,8.96,14.899467,3
2020-05-30 04:00:00,MH009,5.95,16.380445,3
2020-05-30 05:00:00,MH009,3.03,17.525555,3
2020-05-30 06:00:00,MH009,5.17,18.622393,3
2020-05-30 07:00:00,MH009,15.21,19.419657,3
2020-05-30 08:00:00,MH009,28.78,18.456839,3
2020-05-30 09:00:00,MH009,13.09,17.785297,3
2020-05-30 10:00:00,MH009,19.0,16.70978,3
2020-05-30 11:00:00,MH009,3.03,17.152294,3
2020-05-30 12:00:00,MH009,5.08,17.685345,3
2020-05-30 13:00:00,MH009,10.03,17.554289,3
2020-05-30 14:00:00,MH009,11.96,17.574165,3
2020-05-30 15:00:00,MH009,9.07,18.558197,3
2020-05-30 16:00:00,MH009,14.15,19.504534,3
2020-05-30 17:00:00,MH009,23.92,19.705,3
2020-05-30 18:00:00,MH009,17.97,19.232386,3
2020-05-30 19:00:00,MH009,15.98,18.14016,3
2020-05-30 20:00:00,MH009,14.93,17.133675,3
2020-05-30 21:00:00,MH009,10.04,16.012665,3
2020-05-30 22:00:00,MH009,12.92,15.078934,3
2020-05-30 23:00:00,MH009,7.12,14.474741,3
2020-05-31 00:00:00,MH009,14.8,14.894064,3
2020-05-31 01:00:00,MH009,2.98,15.252129,3
2020-05-31 02:00:00,MH009,2.08,15.28327,3
2020-05-31 03:00:00,MH009,7.97,16.333246,3
2020-05-31 04:00:00,MH009,5.95,17.129854,3
2020-05-31 05:00:00,MH009,2.19,17.281914,3
2020-05-31 06:00:00,MH009,14.89,17.151325,3
2020-05-31 07:00:00,MH009,7.99,17.073156,3
2020-05-31 08:00:00,MH009,7.13,15.963694,3
2020-05-31 09:00:00,MH009,14.91,15.70356,3
2020-05-31 10:00:00,MH009,9.12,15.924622,3
2020-05-31 11:00:00,MH009,17.95,16.32051,3
2020-05-31 12:00:00,MH009,13.89,17.237877,3
2020-05-31 13:00:00,MH009,7.04,18.535116,3
2020-05-31 14:00:00,MH009,10.02,18.796062,3
2020-05-31 15:00:00,MH009,10.96,18.840836,3
2020-05-31 16:00:00,MH009,8.11,18.813416,3
2020-05-31 17:00:00,MH009,14.93,18.80336,3
2020-05-31 18:00:00,MH009,9.98,18.859133,3
2020-05-31 19:00:00,MH009,9.0,18.755003,3
2020-05-31 20:00:00,MH009,8.96,18.278744,3
2020-05-31 21:00:00,MH009,6.0,17.376642,3
2020-05-31 22:00:00,MH009,6.16,16.412994,3
2020-05-31 23:00:00,MH009,16.97,15.530432,3
2020-06-01 00:00:00,MH009,15.0,14.834026,3
2020-06-01 01:00:00,MH009,14.89,13.839907,3
2020-06-01 02:00:00,MH009,7.97,14.0802555,3
2020-06-01 03:00:00,MH009,6.28,14.350214,3
2020-06-01 04:00:00,MH009,24.73,14.758768,3
2020-06-01 05:00:00,MH009,7.09,15.366747,3
2020-06-01 06:00:00,MH009,11.97,15.959017,3
2020-06-01 07:00:00,MH009,10.36,16.74246,3
2020-06-01 08:00:00,MH009,29.86,15.7814045,3
2020-06-01 09:00:00,MH009,20.25,15.749702,3
2020-06-01 10:00:00,MH009,36.97,15.130901,3
2020-06-01 11:00:00,MH009,35.05,15.925896,3
2020-06-01 12:00:00,MH009,38.0,15.167393,3
2020-06-01 13:00:00,MH009,37.9,15.974974,3
2020-06-01 14:00:00,MH009,31.05,17.310526,3
2020-06-01 15:00:00,MH009,34.04,18.401447,3
2020-06-01 16:00:00,MH009,36.95,20.940397,3
2020-06-01 17:00:00,MH009,33.77,22.81145,3
2020-06-01 18:00:00,MH009,21.05,25.496956,3
2020-06-01 19:00:00,MH009,23.91,28.388474,3
2020-06-01 20:00:00,MH009,18.0,27.840635,3
2020-06-01 21:00:00,MH009,17.95,27.177076,3
2020-06-01 22:00:00,MH009,15.02,26.583193,3
2020-06-01 23:00:00,MH009,15.91,25.430513,3
2020-06-02 00:00:00,MH009,9.97,24.702225,3
2020-06-02 01:00:00,MH009,7.99,24.099886,3
2020-06-02 02:00:00,MH009,7.05,23.206331,3
2020-06-02 03:00:00,MH009,9.98,24.298431,3
2020-06-02 04:00:00,MH009,9.09,24.705528,3
2020-06-02 05:00:00,MH009,14.12,24.889696,3
2020-06-02 06:00:00,MH009,21.03,24.213856,3
2020-06-02 07:00:00,MH009,23.27,23.04797,3
2020-06-02 08:00:00,MH009,38.02,22.46329,3
2020-06-02 09:00:00,MH009,38.7,22.982584,3
2020-06-02 10:00:00,MH009,21.94,22.51472,3
2020-06-02 11:00:00,MH009,18.04,21.183365,3
2020-06-02 12:00:00,MH009,20.1,20.955278,3
2020-06-02 13:00:00,MH009,27.0,21.934464,3
2020-06-02 14:00:00,MH009,26.85,22.671553,3
2020-06-02 15:00:00,MH009,17.11,26.417011,3
2020-06-02 16:00:00,MH009,23.24,27.542889,3
2020-06-02 17:00:00,MH009,39.0,27.961716,3
2020-06-02 18:00:00,MH009,39.25,26.19591,3
2020-06-02 19:00:00,MH009,53.02,25.118137,3
2020-06-02 20:00:00,MH009,53.77,22.227587,3
2020-06-02 21:00:00,MH009,39.94,19.197117,3
2020-06-02 22:00:00,MH009,35.67,16.915316,3
2020-06-02 23:00:00,MH009,16.05,15.804207,3
2020-06-03 00:00:00,MH009,18.98,16.148703,3
2020-06-03 01:00:00,MH009,18.0,17.44126,3
2020-06-03 02:00:00,MH009,12.0,18.848656,3
2020-06-03 03:00:00,MH009,11.95,20.612219,3
2020-06-03 04:00:00,MH009,9.0,22.163254,3
2020-06-03 05:00:00,MH009,8.98,23.08544,3
2020-06-03 06:00:00,MH009,8.0,22.460634,3
2020-06-03 07:00:00,MH009,3.95,21.679468,3
2020-06-03 08:00:00,MH009,1.03,20.813807,3
2020-06-03 09:00:00,MH009,3.11,19.02034,3
2020-06-03 10:00:00,MH009,8.92,16.13091,3
2020-06-03 11:00:00,MH009,4.96,15.796108,3
2020-06-03 12:00:00,MH009,1.97,15.4412,3
2020-06-03 13:00:00,MH009,1.97,14.373362,3
2020-06-03 14:00:00,MH009,1.97,13.175467,3
2020-06-03 15:00:00,MH009,1.97,11.856344,3
2020-06-03 17:00:00,MH009,0.06,8.510054,3
2020-06-03 18:00:00,MH009,1.03,9.074728,3
2020-06-03 19:00:00,MH009,3.0,10.531042,3
2020-06-03 20:00:00,MH009,2.98,12.293295,3
2020-06-03 21:00:00,MH009,2.0,12.252298,3
2020-06-05 22:00:00,MH009,15.8,10.576574,3
2020-06-05 23:00:00,MH009,5.12,10.023691,3
2020-06-06 00:00:00,MH009,11.97,7.6764617,3
2020-06-06 01:00:00,MH009,9.95,7.613809,3
2020-06-06 02:00:00,MH009,7.04,8.157381,3
2020-06-06 03:00:00,MH009,9.09,9.241903,3
2020-06-06 04:00:00,MH009,13.9,10.632608,3
2020-06-06 05:00:00,MH009,8.93,12.542456,3
2020-06-06 06:00:00,MH009,5.0,13.213766,3
2020-06-06 07:00:00,MH009,5.98,14.0889225,3
2020-06-06 08:00:00,MH009,5.05,13.76708,3
2020-06-06 09:00:00,MH009,8.15,13.585192,3
2020-06-06 10:00:00,MH009,16.23,14.787321,3
2020-06-06 11:00:00,MH009,28.59,14.155298,3
2020-06-06 12:00:00,MH009,6.04,14.127714,3
2020-06-06 13:00:00,MH009,8.06,13.800158,3
2020-06-06 14:00:00,MH009,11.02,13.650621,3
2020-06-06 15:00:00,MH009,11.96,13.387663,3
2020-06-06 16:00:00,MH009,10.09,12.9564,3
2020-06-06 17:00:00,MH009,14.92,12.972063,3
2020-06-06 18:00:00,MH009,10.96,14.198671,3
2020-06-06 19:00:00,MH009,9.0,13.772177,3
2020-06-06 20:00:00,MH009,9.07,12.770796,3
2020-06-06 21:00:00,MH009,12.98,12.200525,3
2020-06-06 22:00:00,MH009,11.93,11.752405,3
2020-06-06 23:00:00,MH009,8.11,11.455622,3
2020-06-07 00:00:00,MH009,14.0,9.179342,3
2020-06-07 01:00:00,MH009,13.95,9.240755,3
2020-06-07 02:00:00,MH009,11.12,8.885527,3
2020-06-07 03:00:00,MH009,17.95,10.813368,3
2020-06-07 04:00:00,MH009,15.04,11.657614,3
2020-06-07 05:00:00,MH009,17.05,13.510027,3
2020-06-07 06:00:00,MH009,19.95,14.062628,3
2020-06-07 07:00:00,MH009,16.86,15.832642,3
2020-06-07 08:00:00,MH009,8.98,16.851501,3
2020-06-07 09:00:00,MH009,8.02,17.120623,3
2020-06-07 10:00:00,MH009,9.11,17.391943,3
2020-06-07 11:00:00,MH009,13.89,18.111254,3
2020-06-07 12:00:00,MH009,7.96,17.75756,3
2020-06-07 13:00:00,MH009,5.98,17.572996,3
2020-06-07 14:00:00,MH009,5.06,16.910845,3
2020-06-07 15:00:00,MH009,7.96,16.306995,3
2020-06-07 16:00:00,MH009,6.08,15.646509,3
2020-06-07 17:00:00,MH009,9.93,14.9723835,3
2020-06-07 18:00:00,MH009,6.0,14.579042,3
2020-06-07 19:00:00,MH009,6.08,13.872347,3
2020-06-07 20:00:00,MH009,9.96,13.443445,3
2020-06-07 21:00:00,MH009,7.95,12.894278,3
2020-06-07 22:00:00,MH009,4.95,10.338446,3
2020-06-07 23:00:00,MH009,2.06,9.501905,3
2020-06-08 00:00:00,MH009,4.96,9.358191,3
2020-06-08 01:00:00,MH009,3.0,9.348707,3
2020-06-08 02:00:00,MH009,3.0,8.513849,3
2020-06-08 03:00:00,MH009,2.98,9.371672,3
2020-06-08 04:00:00,MH009,2.16,10.505304,3
2020-06-08 05:00:00,MH009,11.0,11.396452,3
2020-06-08 06:00:00,MH009,11.08,12.527025,3
2020-06-08 07:00:00,MH009,15.07,12.7633915,3
2020-06-08 08:00:00,MH009,18.91,13.142111,3
2020-06-08 09:00:00,MH009,13.89,12.7132435,3
2020-06-08 10:00:00,MH009,8.94,12.274199,3
2020-06-08 11:00:00,MH009,5.98,11.845865,3
2020-06-08 12:00:00,MH009,4.98,12.590971,3
2020-06-08 13:00:00,MH009,4.0,13.303503,3
2020-06-08 14:00:00,MH009,4.04,12.906157,3
2020-06-08 15:00:00,MH009,6.0,14.637236,3
2020-06-08 16:00:00,MH009,6.06,13.926718,3
2020-06-08 17:00:00,MH009,9.11,13.984709,3
2020-06-08 18:00:00,MH009,14.08,12.830542,3
2020-06-08 19:00:00,MH009,18.73,12.795496,3
2020-06-08 20:00:00,MH009,5.98,12.872274,3
2020-06-08 21:00:00,MH009,5.02,10.891268,3
2020-06-08 22:00:00,MH009,5.95,10.424658,3
2020-06-08 23:00:00,MH009,3.0,9.476248,3
2020-06-09 00:00:00,MH009,3.06,8.077993,3
2020-06-09 01:00:00,MH009,6.06,9.227144,3
2020-06-09 02:00:00,MH009,8.93,9.873564,3
2020-06-09 03:00:00,MH009,5.02,11.368277,3
2020-06-09 04:00:00,MH009,6.07,12.82794,3
2020-06-09 05:00:00,MH009,10.25,12.424753,3
2020-06-09 06:00:00,MH009,21.88,12.670301,3
2020-06-09 07:00:00,MH009,14.85,12.712755,3
2020-06-09 08:00:00,MH009,6.0,12.225443,3
2020-06-09 09:00:00,MH009,6.07,13.276232,3
2020-06-09 10:00:00,MH009,9.98,12.551416,3
2020-06-09 11:00:00,MH009,9.0,12.460089,3
2020-06-09 12:00:00,MH009,8.98,13.064508,3
2020-06-09 13:00:00,MH009,8.07,14.0664425,3
2020-06-09 14:00:00,MH009,12.08,13.843058,3
2020-06-09 15:00:00,MH009,16.12,13.970568,3
2020-06-09 16:00:00,MH009,22.98,12.816755,3
2020-06-09 17:00:00,MH009,21.75,12.907934,3
2020-06-09 18:00:00,MH009,9.98,12.44964,3
2020-06-09 19:00:00,MH009,8.98,12.008448,3
2020-06-09 20:00:00,MH009,7.96,11.900343,3
2020-06-09 21:00:00,MH009,6.05,11.725393,3
2020-06-09 22:00:00,MH009,8.98,11.52413,3
2020-06-09 23:00:00,MH009,7.96,11.370947,3
2020-06-10 00:00:00,MH009,5.96,10.851831,3
2020-06-10 01:00:00,MH009,4.06,9.563196,3
2020-06-10 02:00:00,MH009,7.04,9.382303,3
2020-06-10 03:00:00,MH009,9.0,11.276159,3
2020-06-10 04:00:00,MH009,9.14,12.138704,3
2020-06-10 05:00:00,MH009,16.98,12.631815,3
2020-06-10 06:00:00,MH009,16.02,12.583525,3
2020-06-10 07:00:00,MH009,16.96,12.819628,3
2020-06-10 08:00:00,MH009,15.02,13.049334,3
2020-06-10 09:00:00,MH009,15.91,13.319361,3
2020-06-10 10:00:00,MH009,10.98,13.851652,3
2020-06-10 11:00:00,MH009,10.21,14.143011,3
2020-06-10 12:00:00,MH009,19.87,14.488533,3
2020-06-10 13:00:00,MH009,12.0,14.779482,3
2020-06-10 14:00:00,MH009,11.98,15.075623,3
2020-06-10 15:00:00,MH009,10.92,15.240406,3
2020-06-10 16:00:00,MH009,7.21,13.81362,3
2020-06-10 17:00:00,MH009,18.86,13.805624,3
2020-06-10 18:00:00,MH009,11.09,13.905066,3
2020-06-10 19:00:00,MH009,15.86,12.3699665,3
2020-06-10 20:00:00,MH009,9.02,12.5106945,3
2020-06-10 21:00:00,MH009,9.93,11.783884,3
2020-06-10 22:00:00,MH009,5.96,8.501192,3
2020-06-10 23:00:00,MH009,4.0,9.568258,3
2020-06-11 00:00:00,MH009,3.98,9.967497,3
2020-06-11 01:00:00,MH009,3.02,9.249662,3
2020-06-11 02:00:00,MH009,4.08,9.279467,3
2020-06-11 03:00:00,MH009,8.0,11.524126,3
2020-06-11 04:00:00,MH009,7.96,12.509993,3
2020-06-11 05:00:00,MH009,5.92,12.7561245,3
2020-06-11 06:00:00,MH009,2.04,13.281687,3
2020-06-11 07:00:00,MH009,4.12,12.779905,3
2020-06-11 08:00:00,MH009,9.98,12.582411,3
2020-06-11 09:00:00,MH009,9.17,12.49534,3
2020-06-11 10:00:00,MH009,17.21,12.558771,3
2020-06-11 11:00:00,MH009,27.06,13.717436,3
2020-06-11 12:00:00,MH009,29.67,13.558802,3
2020-06-11 13:00:00,MH009,13.94,13.491926,3
2020-06-11 14:00:00,MH009,10.96,13.455011,3
2020-06-11 15:00:00,MH009,8.98,13.593805,3
2020-06-11 16:00:00,MH009,8.0,13.86236,3
2020-06-11 17:00:00,MH009,11.88,13.630732,3
2020-06-11 18:00:00,MH009,10.06,15.663364,3
2020-06-11 19:00:00,MH009,13.02,15.9054165,3
2020-06-11 20:00:00,MH009,13.89,15.857523,3
2020-06-11 21:00:00,MH009,8.98,14.56488,3
2020-06-11 22:00:00,MH009,7.98,13.313086,3
2020-06-11 23:00:00,MH009,7.08,12.011873,3
2020-06-12 00:00:00,MH009,10.96,10.867109,3
2020-06-12 01:00:00,MH009,8.94,9.035498,3
2020-06-12 02:00:00,MH009,6.06,9.000113,3
2020-06-12 03:00:00,MH009,8.94,12.391474,3
2020-06-12 04:00:00,MH009,6.12,12.569334,3
2020-06-12 05:00:00,MH009,11.94,13.759882,3
2020-06-12 06:00:00,MH009,8.94,14.609898,3
2020-06-12 07:00:00,MH009,6.0,15.466387,3
2020-06-12 08:00:00,MH009,6.25,15.310564,3
2020-06-12 09:00:00,MH009,19.21,15.051405,3
2020-06-12 10:00:00,MH009,28.59,14.798721,3
2020-06-12 11:00:00,MH009,10.04,15.009771,3
2020-06-12 12:00:00,MH009,11.89,15.505238,3
2020-06-12 13:00:00,MH009,7.21,15.285158,3
2020-06-12 14:00:00,MH009,17.02,14.986799,3
2020-06-12 15:00:00,MH009,18.08,15.665306,3
2020-06-12 16:00:00,MH009,21.54,16.556282,3
2020-06-12 17:00:00,MH009,21.54,17.272264,3
2020-06-12 18:00:00,MH009,2.23,17.602526,3
2020-06-12 19:00:00,MH009,15.98,17.16966,3
2020-06-12 20:00:00,MH009,14.95,14.856743,3
2020-06-12 21:00:00,MH009,11.93,15.413887,3
2020-06-12 22:00:00,MH009,6.99,15.442907,3
2020-06-12 23:00:00,MH009,6.11,14.995279,3
2020-06-13 00:00:00,MH009,14.04,14.034796,3
2020-06-13 01:00:00,MH009,17.15,12.836451,3
2020-06-13 02:00:00,MH009,26.86,12.0014515,3
2020-06-13 03:00:00,MH009,19.06,14.358015,3
2020-06-13 04:00:00,MH009,22.89,16.046745,3
2020-06-13 05:00:00,MH009,14.97,16.797812,3
2020-06-13 06:00:00,MH009,12.89,17.095785,3
2020-06-13 07:00:00,MH009,6.97,16.054485,3
2020-06-13 08:00:00,MH009,5.05,18.354551,3
2020-06-13 09:00:00,MH009,8.04,19.628458,3
2020-06-13 10:00:00,MH009,10.98,19.597136,3
2020-06-13 11:00:00,MH009,10.25,19.816162,3
2020-06-13 12:00:00,MH009,26.64,19.369081,3
2020-06-13 13:00:00,MH009,7.0,19.526411,3
2020-06-13 14:00:00,MH009,7.06,18.47084,3
2020-06-13 15:00:00,MH009,10.93,17.16862,3
2020-06-13 16:00:00,MH009,5.96,17.170221,3
2020-06-13 17:00:00,MH009,2.98,16.85451,3
2020-06-13 18:00:00,MH009,2.0,17.359095,3
2020-06-13 19:00:00,MH009,2.08,17.634396,3
2020-06-13 20:00:00,MH009,8.0,17.146364,3
2020-06-13 21:00:00,MH009,7.99,15.85671,3
2020-06-13 22:00:00,MH009,6.97,13.926374,3
2020-06-13 23:00:00,MH009,5.0,11.614851,3
2020-06-14 00:00:00,MH009,5.0,11.042707,3
2020-06-14 01:00:00,MH009,5.04,9.587347,3
2020-06-14 02:00:00,MH009,8.07,8.560247,3
2020-06-14 03:00:00,MH009,13.02,11.9087925,3
2020-06-14 04:00:00,MH009,14.07,13.501806,3
2020-06-14 05:00:00,MH009,18.93,14.353785,3
2020-06-14 06:00:00,MH009,15.05,15.293516,3
2020-06-14 07:00:00,MH009,17.98,15.412994,3
2020-06-14 08:00:00,MH009,17.0,16.20261,3
2020-06-14 09:00:00,MH009,27.86,16.543985,3
2020-06-14 10:00:00,MH009,19.73,16.86097,3
2020-06-14 11:00:00,MH009,5.0,17.088512,3
2020-06-14 12:00:00,MH009,5.0,17.69712,3
2020-06-14 13:00:00,MH009,9.1,18.058401,3
2020-06-14 14:00:00,MH009,11.98,18.528326,3
2020-06-14 15:00:00,MH009,10.98,18.986778,3
2020-06-14 16:00:00,MH009,10.03,19.505583,3
2020-06-14 17:00:00,MH009,11.91,17.619873,3
2020-06-14 18:00:00,MH009,6.97,17.943336,3
2020-06-14 19:00:00,MH009,5.0,16.39995,3
2020-06-14 20:00:00,MH009,4.95,15.55748,3
2020-06-14 21:00:00,MH009,2.16,14.53306,3
2020-06-14 22:00:00,MH009,10.91,13.520479,3
2020-06-14 23:00:00,MH009,6.0,11.922705,3
2020-06-15 00:00:00,MH009,5.99,10.904848,3
2020-06-15 01:00:00,MH009,5.01,9.626299,3
2020-06-15 02:00:00,MH009,6.0,8.769751,3
2020-06-15 03:00:00,MH009,6.16,10.01613,3
2020-06-15 04:00:00,MH009,16.95,10.975801,3
2020-06-15 05:00:00,MH009,13.28,13.450708,3
2020-06-15 06:00:00,MH009,29.93,13.243792,3
2020-06-15 07:00:00,MH009,24.89,13.439493,3
2020-06-15 08:00:00,MH009,16.87,13.255011,3
2020-06-15 09:00:00,MH009,7.97,13.357031,3
2020-06-15 10:00:00,MH009,6.08,13.618582,3
2020-06-15 11:00:00,MH009,10.91,13.958414,3
2020-06-15 12:00:00,MH009,6.04,13.320017,3
2020-06-15 13:00:00,MH009,8.0,15.137386,3
2020-06-15 14:00:00,MH009,8.18,16.04421,3
2020-06-15 15:00:00,MH009,13.02,16.203424,3
2020-06-15 16:00:00,MH009,13.94,15.656721,3
2020-06-15 17:00:00,MH009,10.07,14.339331,3
2020-06-15 18:00:00,MH009,14.07,12.37372,3
2020-06-15 19:00:00,MH009,17.75,12.724043,3
2020-06-15 20:00:00,MH009,3.97,12.365324,3
2020-06-15 21:00:00,MH009,1.97,11.600233,3
2020-06-15 22:00:00,MH009,0.36,10.612299,3
2020-06-15 23:00:00,MH009,5.05,10.6341,3
2020-06-16 00:00:00,MH009,8.07,9.146418,3
2020-06-16 01:00:00,MH009,12.96,9.205011,3
2020-06-16 02:00:00,MH009,9.98,7.0689864,3
2020-06-16 03:00:00,MH009,9.04,11.272413,3
2020-06-16 04:00:00,MH009,12.03,12.050814,3
2020-06-16 05:00:00,MH009,13.91,10.548304,3
2020-06-16 06:00:00,MH009,9.05,12.093729,3
2020-06-16 07:00:00,MH009,13.0,12.537668,3
2020-06-16 08:00:00,MH009,12.96,11.835745,3
2020-06-16 09:00:00,MH009,10.03,13.468782,3
2020-06-16 10:00:00,MH009,12.14,13.66905,3
2020-06-16 11:00:00,MH009,19.84,13.459944,3
2020-06-16 12:00:00,MH009,10.93,12.120821,3
2020-06-16 13:00:00,MH009,6.96,12.4561405,3
2020-06-16 14:00:00,MH009,5.2,12.028936,3
2020-06-16 15:00:00,MH009,15.84,12.053381,3
2020-06-16 16:00:00,MH009,7.04,12.576742,3
2020-06-16 17:00:00,MH009,9.05,12.049936,3
2020-06-16 18:00:00,MH009,11.96,12.487276,3
2020-06-16 19:00:00,MH009,10.0,13.723528,3
2020-06-16 20:00:00,MH009,9.91,13.127024,3
2020-06-16 21:00:00,MH009,4.96,12.412359,3
2020-06-16 22:00:00,MH009,2.17,11.292551,3
2020-06-16 23:00:00,MH009,11.96,9.990557,3
2020-06-17 00:00:00,MH009,9.96,9.301699,3
2020-06-17 01:00:00,MH009,7.97,8.843466,3
2020-06-17 02:00:00,MH009,5.96,8.748152,3
2020-06-17 03:00:00,MH009,3.02,11.046362,3
2020-06-17 04:00:00,MH009,4.05,11.339491,3
2020-06-17 05:00:00,MH009,7.0,12.143358,3
2020-06-17 06:00:00,MH009,7.18,12.744696,3
2020-06-17 07:00:00,MH009,18.88,13.187273,3
2020-06-17 08:00:00,MH009,11.98,13.657763,3
2020-06-17 09:00:00,MH009,11.0,14.029654,3
2020-06-17 10:00:00,MH009,11.02,13.382555,3
2020-06-17 11:00:00,MH009,11.89,12.925299,3
2020-06-17 12:00:00,MH009,5.93,13.179434,3
2020-06-17 13:00:00,MH009,2.03,13.323881,3
2020-06-17 14:00:00,MH009,3.95,13.594301,3
2020-06-17 15:00:00,MH009,1.0,13.999601,3
2020-06-17 16:00:00,MH009,1.04,14.154871,3
2020-06-17 17:00:00,MH009,4.0,13.444563,3
2020-06-17 18:00:00,MH009,3.98,11.260023,3
2020-06-17 19:00:00,MH009,2.98,11.090773,3
2020-06-17 20:00:00,MH009,2.02,10.080538,3
2020-06-17 21:00:00,MH009,3.03,8.128084,3
2020-06-17 22:00:00,MH009,4.98,6.3080916,3
2020-06-17 23:00:00,MH009,4.0,5.2934318,3
2020-06-18 00:00:00,MH009,3.96,4.6631637,3
2020-06-18 01:00:00,MH009,2.02,4.4667983,3
2020-06-18 02:00:00,MH009,3.0,5.1787086,3
2020-06-18 03:00:00,MH009,3.05,7.3232512,3
2020-06-18 04:00:00,MH009,6.02,7.934419,3
2020-06-18 05:00:00,MH009,7.09,8.823229,3
2020-06-18 06:00:00,MH009,12.09,8.980787,3
2020-06-18 07:00:00,MH009,17.84,9.265879,3
2020-06-18 08:00:00,MH009,9.0,9.629553,3
2020-06-18 09:00:00,MH009,9.07,11.402246,3
2020-06-18 10:00:00,MH009,13.98,11.605097,3
2020-06-18 11:00:00,MH009,12.95,11.9405,3
2020-06-18 12:00:00,MH009,10.03,12.4908695,3
2020-06-18 13:00:00,MH009,11.96,12.929197,3
2020-06-18 14:00:00,MH009,9.94,13.723791,3
2020-06-18 15:00:00,MH009,6.19,13.737345,3
2020-06-18 16:00:00,MH009,18.72,11.439287,3
2020-06-18 17:00:00,MH009,0.43,11.626474,3
2020-06-18 18:00:00,MH009,6.03,12.250418,3
2020-06-18 19:00:00,MH009,7.98,11.945642,3
2020-06-18 20:00:00,MH009,7.0,11.69174,3
2020-06-18 21:00:00,MH009,6.97,9.760176,3
2020-06-18 22:00:00,MH009,4.93,9.075739,3
2020-06-18 23:00:00,MH009,1.04,7.4861426,3
2020-06-19 00:00:00,MH009,4.25,7.6752105,3
2020-06-19 01:00:00,MH009,17.79,7.2651877,3
2020-06-19 02:00:00,MH009,6.18,6.6888747,3
2020-06-19 03:00:00,MH009,16.18,8.63788,3
2020-06-19 04:00:00,MH009,26.0,9.985804,3
2020-06-19 05:00:00,MH009,26.0,10.8502865,3
2020-06-19 06:00:00,MH009,25.95,11.181349,3
2020-06-19 07:00:00,MH009,23.05,12.278746,3
2020-06-19 08:00:00,MH009,26.0,13.75897,3
2020-06-19 09:00:00,MH009,25.93,13.196756,3
2020-06-19 10:00:00,MH009,21.07,14.69887,3
2020-06-19 11:00:00,MH009,24.89,15.550554,3
2020-06-19 12:00:00,MH009,19.05,16.477158,3
2020-06-19 13:00:00,MH009,21.95,17.04116,3
2020-06-19 14:00:00,MH009,19.03,17.534828,3
2020-06-19 15:00:00,MH009,21.05,17.864632,3
2020-06-19 16:00:00,MH009,24.09,17.68954,3
2020-06-19 17:00:00,MH009,29.77,17.80558,3
2020-06-19 18:00:00,MH009,17.02,17.337446,3
2020-06-19 19:00:00,MH009,18.0,16.477142,3
2020-06-19 20:00:00,MH009,18.33,16.02485,3
2020-06-19 21:00:00,MH009,39.48,15.221846,3
2020-06-19 22:00:00,MH009,11.0,14.194601,3
2020-06-19 23:00:00,MH009,10.96,13.535959,3
2020-06-20 00:00:00,MH009,9.02,12.130674,3
2020-06-20 01:00:00,MH009,10.02,11.683298,3
2020-06-20 02:00:00,MH009,10.98,11.270475,3
2020-06-20 03:00:00,MH009,9.98,13.334173,3
2020-06-20 04:00:00,MH009,9.11,15.376623,3
2020-06-20 05:00:00,MH009,14.98,16.285032,3
2020-06-20 06:00:00,MH009,13.98,17.294048,3
2020-06-20 07:00:00,MH009,13.2,16.89337,3
2020-06-20 08:00:00,MH009,23.8,17.04702,3
2020-06-20 09:00:00,MH009,12.12,17.258955,3
2020-06-20 10:00:00,MH009,18.96,16.893484,3
2020-06-20 11:00:00,MH009,17.04,17.259636,3
2020-06-20 12:00:00,MH009,19.0,17.167322,3
2020-06-20 13:00:00,MH009,18.97,16.916594,3
2020-06-20 14:00:00,MH009,17.07,17.362219,3
2020-06-20 15:00:00,MH009,19.02,18.175549,3
2020-06-20 16:00:00,MH009,19.86,18.129995,3
2020-06-20 17:00:00,MH009,12.0,17.865421,3
2020-06-20 18:00:00,MH009,12.07,17.548174,3
2020-06-20 19:00:00,MH009,16.02,17.209652,3
2020-06-20 20:00:00,MH009,16.95,17.3082,3
2020-06-20 21:00:00,MH009,13.91,15.995293,3
2020-06-20 22:00:00,MH009,7.95,14.698408,3
2020-06-20 23:00:00,MH009,5.0,13.09738,3
2020-06-21 00:00:00,MH009,5.0,11.86027,3
2020-06-21 01:00:00,MH009,5.02,10.812281,3
2020-06-21 02:00:00,MH009,5.98,10.458307,3
2020-06-21 03:00:00,MH009,4.98,11.834448,3
2020-06-21 04:00:00,MH009,4.04,14.0578785,3
2020-06-21 05:00:00,MH009,6.12,14.078409,3
2020-06-21 06:00:00,MH009,12.93,14.906723,3
2020-06-21 07:00:00,MH009,9.0,14.689096,3
2020-06-21 08:00:00,MH009,9.08,15.539112,3
2020-06-21 09:00:00,MH009,13.91,15.614586,3
2020-06-21 10:00:00,MH009,9.0,15.112448,3
2020-06-21 11:00:00,MH009,8.98,14.488861,3
2020-06-21 12:00:00,MH009,7.98,14.425209,3
2020-06-21 13:00:00,MH009,7.16,14.492798,3
2020-06-21 14:00:00,MH009,15.93,15.019802,3
2020-06-21 15:00:00,MH009,11.95,14.382473,3
2020-06-21 16:00:00,MH009,9.07,15.048534,3
2020-06-21 17:00:00,MH009,12.95,14.345144,3
2020-06-21 18:00:00,MH009,10.09,13.521025,3
2020-06-21 19:00:00,MH009,15.93,12.875963,3
2020-06-21 20:00:00,MH009,12.09,12.89369,3
2020-06-21 21:00:00,MH009,17.09,12.165857,3
2020-06-21 22:00:00,MH009,21.88,11.218695,3
2020-06-21 23:00:00,MH009,15.1,10.642408,3
2020-06-22 00:00:00,MH009,20.93,9.932135,3
2020-06-22 01:00:00,MH009,17.3,9.537882,3
2020-06-22 02:00:00,MH009,33.55,8.832674,3
2020-06-22 03:00:00,MH009,4.25,9.450087,3
2020-06-22 04:00:00,MH009,18.04,11.064032,3
2020-06-22 05:00:00,MH009,19.93,12.976313,3
2020-06-22 06:00:00,MH009,16.27,14.064951,3
2020-06-22 07:00:00,MH009,28.96,14.859295,3
2020-06-22 08:00:00,MH009,26.86,15.276655,3
2020-06-22 09:00:00,MH009,19.0,15.616245,3
2020-06-22 10:00:00,MH009,17.88,16.260473,3
2020-06-22 11:00:00,MH009,11.07,16.830364,3
2020-06-22 12:00:00,MH009,15.0,16.780466,3
2020-06-22 13:00:00,MH009,15.0,17.440214,3
2020-06-22 14:00:00,MH009,15.02,17.380543,3
2020-06-22 15:00:00,MH009,16.04,17.313244,3
2020-06-22 16:00:00,MH009,17.89,17.203888,3
2020-06-22 17:00:00,MH009,12.05,16.600376,3
2020-06-22 18:00:00,MH009,14.96,16.03063,3
2020-06-22 19:00:00,MH009,12.98,14.800613,3
2020-06-22 20:00:00,MH009,11.98,13.659742,3
2020-06-22 21:00:00,MH009,11.03,13.353792,3
2020-06-22 22:00:00,MH009,12.93,12.709269,3
2020-06-22 23:00:00,MH009,9.05,12.138556,3
2020-06-23 00:00:00,MH009,11.95,10.337694,3
2020-06-23 01:00:00,MH009,9.0,9.941053,3
2020-06-23 02:00:00,MH009,9.02,9.389883,3
2020-06-23 03:00:00,MH009,10.08,11.203356,3
2020-06-23 04:00:00,MH009,13.88,11.7353,3
2020-06-23 05:00:00,MH009,8.12,12.393454,3
2020-06-23 06:00:00,MH009,15.0,13.306257,3
2020-06-23 07:00:00,MH009,14.91,13.091051,3
2020-06-23 08:00:00,MH009,10.08,13.909632,3
2020-06-23 09:00:00,MH009,13.95,14.016184,3
2020-06-23 10:00:00,MH009,11.02,14.189802,3
2020-06-23 11:00:00,MH009,12.0,14.099718,3
2020-06-23 12:00:00,MH009,11.96,15.068367,3
2020-06-23 13:00:00,MH009,9.95,15.583141,3
2020-06-23 14:00:00,MH009,6.95,15.970623,3
2020-06-23 15:00:00,MH009,4.06,16.039343,3
2020-06-23 16:00:00,MH009,7.0,15.496689,3
2020-06-23 17:00:00,MH009,6.98,15.022675,3
2020-06-23 18:00:00,MH009,6.05,14.35177,3
2020-06-23 19:00:00,MH009,9.03,12.845129,3
2020-06-23 20:00:00,MH009,10.93,12.841337,3
2020-06-23 21:00:00,MH009,7.0,11.3580265,3
2020-06-23 22:00:00,MH009,7.0,10.486925,3
2020-06-23 23:00:00,MH009,6.98,9.707834,3
2020-06-24 00:00:00,MH009,6.22,9.034449,3
2020-06-24 01:00:00,MH009,18.92,8.112612,3
2020-06-24 02:00:00,MH009,14.96,8.172586,3
2020-06-24 03:00:00,MH009,12.05,10.351549,3
2020-06-24 04:00:00,MH009,15.05,10.917826,3
2020-06-24 05:00:00,MH009,17.89,11.642641,3
2020-06-24 06:00:00,MH009,12.05,12.0147915,3
2020-06-24 07:00:00,MH009,14.91,12.801348,3
2020-06-24 08:00:00,MH009,9.98,13.810965,3
2020-06-24 09:00:00,MH009,9.02,14.529795,3
2020-06-24 10:00:00,MH009,9.95,14.759443,3
2020-06-24 11:00:00,MH009,7.09,14.825113,3
2020-06-24 12:00:00,MH009,12.02,15.237087,3
2020-06-24 13:00:00,MH009,12.92,15.340942,3
2020-06-24 14:00:00,MH009,7.93,15.268118,3
2020-06-24 15:00:00,MH009,4.04,15.02206,3
2020-06-24 16:00:00,MH009,6.07,14.454483,3
2020-06-24 17:00:00,MH009,9.95,13.739126,3
2020-06-24 18:00:00,MH009,6.98,13.370916,3
2020-06-24 19:00:00,MH009,6.06,13.21924,3
2020-06-24 20:00:00,MH009,8.95,13.39456,3
2020-06-24 21:00:00,MH009,6.09,12.817881,3
2020-06-24 22:00:00,MH009,10.95,11.425215,3
2020-06-24 23:00:00,MH009,8.11,10.466295,3
2020-06-25 00:00:00,MH009,12.94,9.612913,3
2020-06-25 01:00:00,MH009,9.96,8.6509075,3
2020-06-25 02:00:00,MH009,8.02,8.467344,3
2020-06-25 03:00:00,MH009,9.0,10.143194,3
2020-06-25 04:00:00,MH009,9.0,8.518454,3
2020-06-25 05:00:00,MH009,9.12,12.110689,3
2020-06-25 06:00:00,MH009,15.95,12.668844,3
2020-06-25 07:00:00,MH009,13.09,13.371874,3
2020-06-25 08:00:00,MH009,18.0,13.667315,3
2020-06-25 09:00:00,MH009,18.07,13.969084,3
2020-06-25 10:00:00,MH009,22.08,13.477133,3
2020-06-25 11:00:00,MH009,27.0,13.81827,3
2020-06-25 12:00:00,MH009,26.98,13.973383,3
2020-06-25 13:00:00,MH009,26.43,14.326483,3
2020-06-25 14:00:00,MH009,49.55,14.598808,3
2020-06-25 15:00:00,MH009,24.86,14.519966,3
2020-06-25 16:00:00,MH009,17.04,15.178202,3
2020-06-25 17:00:00,MH009,19.0,16.181606,3
2020-06-25 18:00:00,MH009,18.94,16.36832,3
2020-06-25 19:00:00,MH009,16.02,16.384846,3
2020-06-25 20:00:00,MH009,16.93,17.336226,3
2020-06-25 21:00:00,MH009,13.04,18.156775,3
2020-06-25 22:00:00,MH009,15.0,17.872976,3
2020-06-25 23:00:00,MH009,14.83,16.918432,3
2020-06-26 00:00:00,MH009,7.05,15.433924,3
2020-06-26 01:00:00,MH009,10.18,13.514124,3
2020-06-26 02:00:00,MH009,19.88,12.285254,3
2020-06-26 03:00:00,MH009,12.95,14.903717,3
2020-06-26 04:00:00,MH009,9.98,15.968775,3
2020-06-26 05:00:00,MH009,9.25,15.911814,3
2020-06-26 06:00:00,MH009,21.02,17.19111,3
2020-06-26 07:00:00,MH009,22.09,18.121918,3
2020-06-26 08:00:00,MH009,27.2,18.330105,3
2020-06-26 09:00:00,MH009,38.07,19.082937,3
2020-06-26 10:00:00,MH009,41.64,18.311298,3
2020-06-26 11:00:00,MH009,22.11,17.023901,3
2020-06-26 12:00:00,MH009,26.75,18.847445,3
2020-06-26 13:00:00,MH009,13.32,20.831924,3
2020-06-26 14:00:00,MH009,30.79,21.740028,3
2020-06-26 15:00:00,MH009,21.25,22.604084,3
2020-06-26 16:00:00,MH009,80.05,24.14538,3
2020-06-26 17:00:00,MH009,81.86,24.677937,3
2020-06-26 18:00:00,MH009,18.89,24.098501,3
2020-06-26 19:00:00,MH009,14.07,23.472588,3
2020-06-26 20:00:00,MH009,18.05,22.758211,3
2020-06-26 21:00:00,MH009,20.95,21.342026,3
2020-06-26 22:00:00,MH009,18.12,23.34891,3
2020-06-26 23:00:00,MH009,24.92,25.35934,3
2020-06-27 00:00:00,MH009,20.86,26.437933,3
2020-06-27 01:00:00,MH009,13.98,27.121408,3
2020-06-27 02:00:00,MH009,13.38,24.610233,3
2020-06-27 03:00:00,MH009,30.79,23.850683,3
2020-06-27 04:00:00,MH009,21.17,24.715096,3
2020-06-27 05:00:00,MH009,28.71,25.756817,3
2020-06-27 06:00:00,MH009,15.18,25.510324,3
2020-06-27 07:00:00,MH009,25.46,23.476233,3
2020-06-27 08:00:00,MH009,46.95,23.582857,3
2020-06-27 09:00:00,MH009,43.75,23.516785,3
2020-06-27 10:00:00,MH009,32.5,24.201962,3
2020-06-27 11:00:00,MH009,45.78,25.814594,3
2020-06-27 12:00:00,MH009,34.3,25.175512,3
2020-06-27 13:00:00,MH009,50.82,24.618574,3
2020-06-27 14:00:00,MH009,41.0,25.133698,3
2020-06-27 15:00:00,MH009,40.75,26.1443,3
2020-06-27 16:00:00,MH009,28.81,27.32405,3
2020-06-27 17:00:00,MH009,20.05,28.440033,3
2020-06-27 18:00:00,MH009,22.93,27.624432,3
2020-06-27 19:00:00,MH009,18.93,27.899525,3
2020-06-27 20:00:00,MH009,15.04,27.939102,3
2020-06-27 21:00:00,MH009,17.0,28.073828,3
2020-06-27 22:00:00,MH009,16.86,27.849781,3
2020-06-27 23:00:00,MH009,9.06,26.113554,3
2020-06-28 00:00:00,MH009,11.92,24.682917,3
2020-06-28 01:00:00,MH009,8.08,20.052544,3
2020-06-28 02:00:00,MH009,12.04,18.65037,3
2020-06-28 03:00:00,MH009,13.96,20.670767,3
2020-06-28 04:00:00,MH009,12.29,21.800554,3
2020-06-28 05:00:00,MH009,27.73,20.796228,3
2020-06-28 06:00:00,MH009,12.95,22.084478,3
2020-06-28 07:00:00,MH009,10.16,23.862936,3
2020-06-28 08:00:00,MH009,19.43,24.224142,3
2020-06-28 09:00:00,MH009,41.14,24.583729,3
2020-06-28 10:00:00,MH009,48.0,23.55587,3
2020-06-28 11:00:00,MH009,64.19,24.026157,3
2020-06-28 12:00:00,MH009,26.25,23.61291,3
2020-06-28 13:00:00,MH009,41.09,22.226974,3
2020-06-28 14:00:00,MH009,45.56,22.021189,3
2020-06-28 15:00:00,MH009,25.0,22.222761,3
2020-06-28 16:00:00,MH009,24.67,23.604382,3
2020-06-28 17:00:00,MH009,9.14,25.990145,3
2020-06-28 18:00:00,MH009,16.87,27.32321,3
2020-06-28 19:00:00,MH009,9.04,26.94899,3
2020-06-28 20:00:00,MH009,11.06,26.648613,3
2020-06-28 21:00:00,MH009,14.0,24.338083,3
2020-06-28 22:00:00,MH009,14.15,23.548971,3
2020-06-28 23:00:00,MH009,22.77,21.369673,3
2020-06-29 00:00:00,MH009,12.17,17.90829,3
2020-06-29 01:00:00,MH009,21.84,14.980684,3
2020-06-29 02:00:00,MH009,12.9,9.5775585,3
2020-06-29 03:00:00,MH009,8.04,13.4928,3
2020-06-29 04:00:00,MH009,9.97,14.961008,3
2020-06-29 05:00:00,MH009,7.95,15.100744,3
2020-06-29 06:00:00,MH009,5.04,15.458391,3
2020-06-29 07:00:00,MH009,7.18,18.693453,3
2020-06-29 08:00:00,MH009,18.38,18.873375,3
2020-06-29 09:00:00,MH009,33.64,19.018986,3
2020-06-29 10:00:00,MH009,14.38,18.623703,3
2020-06-29 11:00:00,MH009,34.64,17.772888,3
2020-06-29 12:00:00,MH009,18.21,17.214811,3
2020-06-29 13:00:00,MH009,29.59,17.037813,3
2020-06-29 14:00:00,MH009,13.05,17.039995,3
2020-06-29 15:00:00,MH009,15.85,17.676321,3
2020-06-29 16:00:00,MH009,8.98,17.727795,3
2020-06-29 17:00:00,MH009,7.98,18.223639,3
2020-06-29 18:00:00,MH009,7.08,18.675766,3
2020-06-29 19:00:00,MH009,11.04,19.197016,3
2020-06-29 20:00:00,MH009,12.89,18.011923,3
2020-06-29 21:00:00,MH009,7.91,16.242157,3
2020-06-29 22:00:00,MH009,2.94,15.916155,3
2020-06-29 23:00:00,MH009,2.94,15.171234,3
2020-06-30 00:00:00,MH009,2.94,12.566538,3
2020-06-30 01:00:00,MH009,2.94,12.072184,3
2020-06-30 03:00:00,MH009,0.14,13.027769,3
2020-06-30 04:00:00,MH009,1.98,13.246992,3
2020-06-30 05:00:00,MH009,1.0,13.748308,3
2020-06-30 06:00:00,MH009,1.02,13.554728,3
2020-06-30 07:00:00,MH009,2.0,12.609522,3
2020-05-04 05:00:00,MH010,10.0,16.373838,3
2020-05-04 06:00:00,MH010,7.26,18.56803,3
2020-05-04 07:00:00,MH010,7.92,18.642193,3
2020-05-04 08:00:00,MH010,13.48,17.536167,3
2020-05-04 09:00:00,MH010,11.26,16.39401,3
2020-05-04 10:00:00,MH010,14.67,16.166536,3
2020-05-04 11:00:00,MH010,11.33,14.724796,3
2020-05-04 12:00:00,MH010,14.0,15.573479,3
2020-05-04 13:00:00,MH010,10.0,15.868652,3
2020-05-04 14:00:00,MH010,16.42,16.179678,3
2020-05-04 15:00:00,MH010,12.43,16.82939,3
2020-05-04 16:00:00,MH010,11.09,17.027655,3
2020-05-04 17:00:00,MH010,11.66,17.239496,3
2020-05-04 18:00:00,MH010,13.66,17.428015,3
2020-05-04 19:00:00,MH010,9.0,17.200932,3
2020-05-04 20:00:00,MH010,7.08,17.038494,3
2020-05-04 21:00:00,MH010,7.0,16.364542,3
2020-05-04 22:00:00,MH010,14.31,15.745495,3
2020-05-04 23:00:00,MH010,12.26,15.14007,3
2020-05-05 00:00:00,MH010,12.26,14.860012,3
2020-05-05 01:00:00,MH010,6.0,14.81629,3
2020-05-05 02:00:00,MH010,3.25,14.759529,3
2020-05-05 03:00:00,MH010,3.92,17.443182,3
2020-05-05 04:00:00,MH010,9.5,18.455738,3
2020-05-05 05:00:00,MH010,10.91,18.564016,3
2020-05-05 06:00:00,MH010,15.0,18.967487,3
2020-05-05 07:00:00,MH010,14.09,18.597738,3
2020-05-05 08:00:00,MH010,13.08,18.320427,3
2020-05-05 09:00:00,MH010,9.33,17.239878,3
2020-05-05 10:00:00,MH010,9.0,17.274637,3
2020-05-05 11:00:00,MH010,9.0,15.59959,3
2020-05-05 12:00:00,MH010,10.83,16.208746,3
2020-05-05 13:00:00,MH010,7.33,16.592762,3
2020-05-05 14:00:00,MH010,7.0,16.84354,3
2020-05-05 15:00:00,MH010,7.92,16.862343,3
2020-05-05 16:00:00,MH010,9.83,16.927063,3
2020-05-05 17:00:00,MH010,10.91,16.61365,3
2020-05-05 18:00:00,MH010,14.0,15.943405,3
2020-05-05 19:00:00,MH010,14.0,15.530935,3
2020-05-05 20:00:00,MH010,14.0,14.579445,3
2020-05-05 21:00:00,MH010,15.0,13.545019,3
2020-05-05 22:00:00,MH010,14.09,12.341623,3
2020-05-05 23:00:00,MH010,9.43,11.545851,3
2020-05-06 00:00:00,MH010,6.26,11.840372,3
2020-05-06 01:00:00,MH010,8.74,12.232832,3
2020-05-06 02:00:00,MH010,5.34,12.485373,3
2020-05-06 03:00:00,MH010,1.34,15.975834,3
2020-05-06 04:00:00,MH010,2.83,18.8574,3
2020-05-06 05:00:00,MH010,3.92,19.739386,3
2020-05-06 06:00:00,MH010,3.08,19.575987,3
2020-05-06 07:00:00,MH010,9.42,18.644417,3
2020-05-06 08:00:00,MH010,9.42,17.377733,3
2020-05-06 09:00:00,MH010,14.83,16.267775,3
2020-05-06 10:00:00,MH010,15.0,15.768951,3
2020-05-06 11:00:00,MH010,15.91,15.625038,3
2020-05-06 12:00:00,MH010,7.75,15.649506,3
2020-05-06 13:00:00,MH010,10.31,15.802858,3
2020-05-06 14:00:00,MH010,13.0,15.506245,3
2020-05-06 15:00:00,MH010,9.42,15.872837,3
2020-05-06 16:00:00,MH010,15.4,16.335209,3
2020-05-06 17:00:00,MH010,11.43,16.401346,3
2020-05-06 18:00:00,MH010,15.58,16.214384,3
2020-05-06 19:00:00,MH010,18.75,16.261185,3
2020-05-06 20:00:00,MH010,14.42,15.488161,3
2020-05-06 21:00:00,MH010,18.57,14.570261,3
2020-05-06 22:00:00,MH010,7.0,13.832003,3
2020-05-06 23:00:00,MH010,7.0,13.41263,3
2020-05-07 00:00:00,MH010,7.0,12.892042,3
2020-05-07 01:00:00,MH010,5.17,13.108755,3
2020-05-07 02:00:00,MH010,5.0,13.152758,3
2020-05-07 03:00:00,MH010,6.83,16.494677,3
2020-05-07 04:00:00,MH010,8.83,18.04208,3
2020-05-07 05:00:00,MH010,6.25,18.360136,3
2020-05-07 06:00:00,MH010,4.17,19.249151,3
2020-05-07 07:00:00,MH010,7.67,19.038164,3
2020-05-07 08:00:00,MH010,7.67,18.238462,3
2020-05-07 09:00:00,MH010,18.0,17.427687,3
2020-05-07 10:00:00,MH010,17.34,16.560865,3
2020-05-07 11:00:00,MH010,15.17,16.248451,3
2020-05-07 12:00:00,MH010,11.0,16.26589,3
2020-05-07 13:00:00,MH010,8.0,15.914558,3
2020-05-07 14:00:00,MH010,8.0,15.694641,3
2020-05-07 15:00:00,MH010,6.17,16.017035,3
2020-05-07 16:00:00,MH010,12.0,16.434515,3
2020-05-07 17:00:00,MH010,12.0,16.81995,3
2020-05-07 18:00:00,MH010,12.0,16.924448,3
2020-05-07 19:00:00,MH010,12.91,16.14435,3
2020-05-07 20:00:00,MH010,13.83,14.920347,3
2020-05-07 21:00:00,MH010,13.17,13.726133,3
2020-05-07 22:00:00,MH010,15.48,12.555613,3
2020-05-07 23:00:00,MH010,10.52,11.963034,3
2020-05-08 00:00:00,MH010,16.4,12.385477,3
2020-05-08 01:00:00,MH010,11.52,12.378157,3
2020-05-08 02:00:00,MH010,11.91,12.546526,3
2020-05-08 03:00:00,MH010,10.17,15.459719,3
2020-05-08 04:00:00,MH010,10.0,16.833488,3
2020-05-08 05:00:00,MH010,11.83,17.440414,3
2020-05-08 06:00:00,MH010,10.17,19.04258,3
2020-05-08 07:00:00,MH010,10.0,19.718624,3
2020-05-08 08:00:00,MH010,14.0,18.92572,3
2020-05-08 09:00:00,MH010,17.67,19.356184,3
2020-05-08 10:00:00,MH010,15.52,17.412321,3
2020-05-08 11:00:00,MH010,17.73,18.233564,3
2020-05-08 12:00:00,MH010,11.58,18.229174,3
2020-05-08 13:00:00,MH010,10.17,17.844427,3
2020-05-08 14:00:00,MH010,11.66,17.573841,3
2020-05-08 15:00:00,MH010,14.0,17.754045,3
2020-05-08 16:00:00,MH010,11.35,18.548737,3
2020-05-08 17:00:00,MH010,11.0,18.50301,3
2020-05-08 18:00:00,MH010,12.83,18.318481,3
2020-05-08 19:00:00,MH010,12.08,17.569582,3
2020-05-08 20:00:00,MH010,12.91,16.792154,3
2020-05-08 21:00:00,MH010,10.0,15.791552,3
2020-05-08 22:00:00,MH010,11.0,15.1659775,3
2020-05-08 23:00:00,MH010,8.0,14.294226,3
2020-05-09 00:00:00,MH010,6.17,14.4130745,3
2020-05-09 01:00:00,MH010,7.65,14.200125,3
2020-05-09 02:00:00,MH010,7.08,14.179602,3
2020-05-09 03:00:00,MH010,4.26,16.730543,3
2020-05-09 04:00:00,MH010,4.0,17.627565,3
2020-05-09 05:00:00,MH010,7.66,18.094421,3
2020-05-09 06:00:00,MH010,8.91,18.29355,3
2020-05-09 07:00:00,MH010,13.57,19.868565,3
2020-05-09 08:00:00,MH010,13.09,20.031893,3
2020-05-09 09:00:00,MH010,19.42,19.382957,3
2020-05-09 10:00:00,MH010,15.43,18.846195,3
2020-05-09 11:00:00,MH010,16.83,19.22596,3
2020-05-09 12:00:00,MH010,15.17,18.907679,3
2020-05-09 13:00:00,MH010,16.83,18.442022,3
2020-05-09 14:00:00,MH010,12.86,18.152573,3
2020-05-09 15:00:00,MH010,10.17,18.086252,3
2020-05-09 16:00:00,MH010,7.26,18.37817,3
2020-05-09 17:00:00,MH010,13.42,18.448061,3
2020-05-09 18:00:00,MH010,20.4,18.481829,3
2020-05-09 19:00:00,MH010,21.0,18.291462,3
2020-05-09 20:00:00,MH010,14.58,17.423,3
2020-05-09 21:00:00,MH010,18.57,16.176981,3
2020-05-09 22:00:00,MH010,16.26,15.170513,3
2020-05-09 23:00:00,MH010,9.58,14.653753,3
2020-05-10 00:00:00,MH010,7.17,14.604055,3
2020-05-10 01:00:00,MH010,6.08,14.835876,3
2020-05-10 02:00:00,MH010,7.83,14.613323,3
2020-05-10 03:00:00,MH010,7.09,16.754412,3
2020-05-10 04:00:00,MH010,13.4,19.197098,3
2020-05-10 05:00:00,MH010,10.35,20.383411,3
2020-05-10 06:00:00,MH010,11.0,21.079687,3
2020-05-10 07:00:00,MH010,9.17,20.9278,3
2020-05-10 08:00:00,MH010,12.67,20.11617,3
2020-05-10 09:00:00,MH010,13.92,19.145308,3
2020-05-10 10:00:00,MH010,16.74,18.377092,3
2020-05-10 11:00:00,MH010,17.0,19.113552,3
2020-05-10 12:00:00,MH010,7.86,19.776968,3
2020-05-10 13:00:00,MH010,10.65,19.634554,3
2020-05-10 14:00:00,MH010,10.09,18.988625,3
2020-05-10 15:00:00,MH010,13.0,18.633356,3
2020-05-10 16:00:00,MH010,15.74,18.479221,3
2020-05-10 17:00:00,MH010,7.78,18.5613,3
2020-05-10 18:00:00,MH010,11.57,18.1759,3
2020-05-10 19:00:00,MH010,17.0,17.128569,3
2020-05-10 20:00:00,MH010,14.26,15.86224,3
2020-05-10 21:00:00,MH010,12.0,14.9166355,3
2020-05-10 22:00:00,MH010,14.65,15.221962,3
2020-05-10 23:00:00,MH010,16.83,15.619709,3
2020-05-11 00:00:00,MH010,17.0,15.423748,3
2020-05-11 01:00:00,MH010,8.78,15.167564,3
2020-05-11 02:00:00,MH010,8.0,14.701675,3
2020-05-11 03:00:00,MH010,13.48,16.992601,3
2020-05-11 04:00:00,MH010,10.35,18.540264,3
2020-05-11 05:00:00,MH010,15.5,19.417683,3
2020-05-11 06:00:00,MH010,18.67,20.14319,3
2020-05-11 07:00:00,MH010,19.08,18.704056,3
2020-05-11 08:00:00,MH010,21.74,18.750223,3
2020-05-11 09:00:00,MH010,21.08,16.819397,3
2020-05-11 10:00:00,MH010,21.91,17.706337,3
2020-05-11 11:00:00,MH010,17.42,18.292618,3
2020-05-11 12:00:00,MH010,16.09,18.550282,3
2020-05-11 13:00:00,MH010,16.92,19.747782,3
2020-05-11 14:00:00,MH010,15.17,19.355412,3
2020-05-11 15:00:00,MH010,13.17,19.689907,3
2020-05-11 16:00:00,MH010,12.09,20.43114,3
2020-05-11 17:00:00,MH010,17.5,20.249516,3
2020-05-11 18:00:00,MH010,15.25,19.65044,3
2020-05-11 19:00:00,MH010,15.91,19.111517,3
2020-05-11 20:00:00,MH010,16.0,18.241312,3
2020-05-11 21:00:00,MH010,9.6,17.165968,3
2020-05-11 22:00:00,MH010,9.91,16.229984,3
2020-05-11 23:00:00,MH010,10.0,15.872763,3
2020-05-12 00:00:00,MH010,12.75,15.888811,3
2020-05-12 01:00:00,MH010,8.4,16.166098,3
2020-05-12 02:00:00,MH010,6.17,17.668575,3
2020-05-12 03:00:00,MH010,6.0,20.490206,3
2020-05-12 04:00:00,MH010,6.92,21.178192,3
2020-05-12 05:00:00,MH010,7.92,21.068022,3
2020-05-12 06:00:00,MH010,17.14,20.458874,3
2020-05-12 07:00:00,MH010,8.83,19.670021,3
2020-05-12 08:00:00,MH010,8.0,19.359776,3
2020-05-12 09:00:00,MH010,14.42,18.182064,3
2020-05-12 10:00:00,MH010,20.48,17.700977,3
2020-05-12 11:00:00,MH010,13.79,17.97499,3
2020-05-12 12:00:00,MH010,11.17,19.082546,3
2020-05-12 13:00:00,MH010,13.75,19.059128,3
2020-05-12 14:00:00,MH010,13.08,18.79188,3
2020-05-12 15:00:00,MH010,11.17,18.057064,3
2020-05-12 16:00:00,MH010,11.0,18.994314,3
2020-05-12 17:00:00,MH010,19.23,18.883886,3
2020-05-12 18:00:00,MH010,17.26,18.447685,3
2020-05-12 19:00:00,MH010,11.52,17.654541,3
2020-05-12 20:00:00,MH010,15.57,16.736143,3
2020-05-12 21:00:00,MH010,12.35,15.4888935,3
2020-05-12 22:00:00,MH010,12.92,14.542318,3
2020-05-12 23:00:00,MH010,9.33,14.130285,3
2020-05-13 00:00:00,MH010,7.17,13.911959,3
2020-05-13 01:00:00,MH010,12.48,13.856436,3
2020-05-13 02:00:00,MH010,11.17,14.230627,3
2020-05-13 03:00:00,MH010,8.26,17.670387,3
2020-05-13 04:00:00,MH010,6.17,18.401728,3
2020-05-13 05:00:00,MH010,11.48,19.76688,3
2020-05-13 06:00:00,MH010,13.83,19.604465,3
2020-05-13 07:00:00,MH010,14.91,19.568527,3
2020-05-13 08:00:00,MH010,14.09,19.151815,3
2020-05-13 09:00:00,MH010,16.74,17.682812,3
2020-05-13 10:00:00,MH010,17.91,17.202372,3
2020-05-13 11:00:00,MH010,14.35,17.82727,3
2020-05-13 12:00:00,MH010,13.09,18.191088,3
2020-05-13 13:00:00,MH010,11.17,18.058159,3
2020-05-13 14:00:00,MH010,9.17,18.10387,3
2020-05-13 15:00:00,MH010,7.17,18.405983,3
2020-05-13 16:00:00,MH010,8.83,18.64741,3
2020-05-13 17:00:00,MH010,11.75,18.634,3
2020-05-13 18:00:00,MH010,15.65,18.251442,3
2020-05-13 19:00:00,MH010,14.17,17.093712,3
2020-05-13 20:00:00,MH010,17.67,16.049442,3
2020-05-13 21:00:00,MH010,18.91,14.654869,3
2020-05-13 22:00:00,MH010,9.83,13.189001,3
2020-05-13 23:00:00,MH010,7.17,11.963865,3
2020-05-14 00:00:00,MH010,11.0,12.111254,3
2020-05-14 01:00:00,MH010,10.0,12.630484,3
2020-05-14 02:00:00,MH010,9.09,12.822771,3
2020-05-14 03:00:00,MH010,10.83,15.717741,3
2020-05-14 04:00:00,MH010,11.0,18.455809,3
2020-05-14 05:00:00,MH010,10.08,19.395187,3
2020-05-14 06:00:00,MH010,12.74,19.936232,3
2020-05-14 07:00:00,MH010,17.57,19.861547,3
2020-05-14 08:00:00,MH010,12.5,19.697151,3
2020-05-14 09:00:00,MH010,17.48,19.161999,3
2020-05-14 10:00:00,MH010,19.83,19.305988,3
2020-05-14 11:00:00,MH010,13.58,17.60758,3
2020-05-14 12:00:00,MH010,9.35,17.231384,3
2020-05-14 13:00:00,MH010,16.0,17.086746,3
2020-05-14 14:00:00,MH010,9.0,17.12527,3
2020-05-14 15:00:00,MH010,15.42,17.251741,3
2020-05-14 16:00:00,MH010,15.17,17.517572,3
2020-05-14 17:00:00,MH010,13.17,17.546902,3
2020-05-14 18:00:00,MH010,16.66,16.87436,3
2020-05-14 19:00:00,MH010,22.5,16.162579,3
2020-05-14 20:00:00,MH010,23.0,15.278589,3
2020-05-14 21:00:00,MH010,19.34,14.275095,3
2020-05-14 22:00:00,MH010,17.17,13.370817,3
2020-05-14 23:00:00,MH010,10.6,12.816298,3
2020-05-15 00:00:00,MH010,21.0,12.9967785,3
2020-05-15 01:00:00,MH010,12.0,13.544374,3
2020-05-15 02:00:00,MH010,8.33,13.989435,3
2020-05-15 03:00:00,MH010,6.17,16.899996,3
2020-05-15 04:00:00,MH010,10.57,18.93506,3
2020-05-15 05:00:00,MH010,20.18,19.415497,3
2020-05-15 06:00:00,MH010,10.0,19.47638,3
2020-05-15 07:00:00,MH010,11.97,19.253323,3
2020-05-15 08:00:00,MH010,25.0,18.326868,3
2020-05-15 09:00:00,MH010,22.26,18.519884,3
2020-05-15 10:00:00,MH010,15.6,17.812405,3
2020-05-15 11:00:00,MH010,15.0,18.250149,3
2020-05-15 12:00:00,MH010,9.52,18.482185,3
2020-05-15 13:00:00,MH010,13.55,18.198053,3
2020-05-15 14:00:00,MH010,16.46,17.546535,3
2020-05-15 15:00:00,MH010,11.52,18.174742,3
2020-05-15 16:00:00,MH010,17.62,18.35995,3
2020-05-15 17:00:00,MH010,23.96,18.048237,3
2020-05-15 18:00:00,MH010,16.77,17.707632,3
2020-05-15 19:00:00,MH010,18.74,17.841566,3
2020-05-15 20:00:00,MH010,19.91,17.166742,3
2020-05-15 21:00:00,MH010,34.62,16.210995,3
2020-05-15 22:00:00,MH010,27.8,15.031828,3
2020-05-15 23:00:00,MH010,12.42,15.155958,3
2020-05-16 00:00:00,MH010,5.53,15.63821,3
2020-05-16 01:00:00,MH010,5.0,16.194958,3
2020-05-16 02:00:00,MH010,4.08,16.67365,3
2020-05-16 03:00:00,MH010,6.74,18.961464,3
2020-05-16 04:00:00,MH010,6.08,20.620035,3
2020-05-16 05:00:00,MH010,16.93,21.299316,3
2020-05-16 06:00:00,MH010,7.03,20.775059,3
2020-05-16 07:00:00,MH010,15.0,20.052094,3
2020-05-16 08:00:00,MH010,20.48,20.391796,3
2020-05-16 09:00:00,MH010,25.57,20.463675,3
2020-05-16 10:00:00,MH010,33.29,19.21902,3
2020-05-16 11:00:00,MH010,42.2,19.120443,3
2020-05-16 12:00:00,MH010,51.23,18.902872,3
2020-05-16 13:00:00,MH010,50.18,19.079428,3
2020-05-16 14:00:00,MH010,40.89,19.758448,3
2020-05-16 15:00:00,MH010,40.0,20.214487,3
2020-05-16 16:00:00,MH010,47.31,21.442514,3
2020-05-16 17:00:00,MH010,40.71,23.080826,3
2020-05-16 18:00:00,MH010,47.29,24.710258,3
2020-05-16 19:00:00,MH010,39.8,26.554842,3
2020-05-16 20:00:00,MH010,40.82,27.873846,3
2020-05-16 21:00:00,MH010,33.69,30.647646,3
2020-05-16 22:00:00,MH010,32.09,31.950499,3
2020-05-16 23:00:00,MH010,32.91,31.924456,3
2020-05-17 00:00:00,MH010,33.0,31.790365,3
2020-05-17 01:00:00,MH010,37.57,30.771643,3
2020-05-17 02:00:00,MH010,38.91,31.221481,3
2020-05-17 03:00:00,MH010,33.53,33.331425,3
2020-05-17 04:00:00,MH010,38.48,36.108036,3
2020-05-17 05:00:00,MH010,34.45,40.361134,3
2020-05-17 06:00:00,MH010,35.83,45.703163,3
2020-05-17 07:00:00,MH010,32.36,50.575035,3
2020-05-17 08:00:00,MH010,38.42,51.265316,3
2020-05-17 09:00:00,MH010,35.36,49.291798,3
2020-05-17 10:00:00,MH010,32.26,47.920425,3
2020-05-17 11:00:00,MH010,31.09,44.3626,3
2020-05-17 12:00:00,MH010,30.09,41.1903,3
2020-05-17 13:00:00,MH010,21.8,37.638996,3
2020-05-17 14:00:00,MH010,27.4,35.42558,3
2020-05-17 15:00:00,MH010,27.09,33.846195,3
2020-05-17 16:00:00,MH010,27.91,32.282578,3
2020-05-17 17:00:00,MH010,28.0,30.783459,3
2020-05-17 18:00:00,MH010,30.74,28.305689,3
2020-05-17 19:00:00,MH010,28.26,26.349134,3
2020-05-17 20:00:00,MH010,24.36,24.700304,3
2020-05-17 21:00:00,MH010,21.26,23.441357,3
2020-05-17 22:00:00,MH010,21.91,22.166803,3
2020-05-17 23:00:00,MH010,20.69,21.409939,3
2020-05-18 00:00:00,MH010,20.69,20.217043,3
2020-05-18 01:00:00,MH010,22.17,19.794222,3
2020-05-18 02:00:00,MH010,21.09,19.66267,3
2020-05-18 03:00:00,MH010,21.91,20.159441,3
2020-05-18 04:00:00,MH010,17.43,21.113977,3
2020-05-18 05:00:00,MH010,17.91,21.483217,3
2020-05-18 06:00:00,MH010,18.0,22.018448,3
2020-05-18 07:00:00,MH010,21.64,22.34488,3
2020-05-18 08:00:00,MH010,24.74,21.807417,3
2020-05-18 09:00:00,MH010,20.45,22.030113,3
2020-05-18 10:00:00,MH010,20.91,21.805912,3
2020-05-18 11:00:00,MH010,22.82,22.10089,3
2020-05-18 12:00:00,MH010,20.27,21.837467,3
2020-05-18 13:00:00,MH010,19.09,21.674534,3
2020-05-18 14:00:00,MH010,18.09,21.645212,3
2020-05-18 15:00:00,MH010,19.82,21.423204,3
2020-05-18 16:00:00,MH010,20.91,21.365828,3
2020-05-18 17:00:00,MH010,21.91,21.000223,3
2020-05-18 18:00:00,MH010,17.45,20.562672,3
2020-05-18 19:00:00,MH010,18.82,20.142534,3
2020-05-18 20:00:00,MH010,17.07,20.16733,3
2020-05-18 21:00:00,MH010,10.0,19.894274,3
2020-05-18 22:00:00,MH010,10.91,19.374475,3
2020-05-18 23:00:00,MH010,11.91,18.790382,3
2020-05-19 00:00:00,MH010,12.0,17.879398,3
2020-05-19 01:00:00,MH010,14.46,16.951868,3
2020-05-19 02:00:00,MH010,14.09,16.452488,3
2020-05-19 03:00:00,MH010,14.0,18.143858,3
2020-05-19 04:00:00,MH010,14.0,18.003984,3
2020-05-19 05:00:00,MH010,11.26,17.880447,3
2020-05-19 06:00:00,MH010,20.14,17.538925,3
2020-05-19 07:00:00,MH010,12.78,18.250992,3
2020-05-19 08:00:00,MH010,18.38,18.503908,3
2020-05-19 09:00:00,MH010,12.6,18.66131,3
2020-05-19 10:00:00,MH010,12.91,18.748972,3
2020-05-19 11:00:00,MH010,12.09,18.883633,3
2020-05-19 12:00:00,MH010,12.0,19.255056,3
2020-05-19 13:00:00,MH010,9.54,19.657377,3
2020-05-19 14:00:00,MH010,10.83,20.00708,3
2020-05-19 15:00:00,MH010,9.17,19.904533,3
2020-05-19 16:00:00,MH010,11.75,19.614164,3
2020-05-19 17:00:00,MH010,12.91,18.948616,3
2020-05-19 18:00:00,MH010,15.74,18.801905,3
2020-05-19 19:00:00,MH010,16.91,18.401384,3
2020-05-19 20:00:00,MH010,14.26,18.16369,3
2020-05-19 21:00:00,MH010,14.91,17.351305,3
2020-05-19 22:00:00,MH010,17.73,16.688456,3
2020-05-19 23:00:00,MH010,11.6,16.217869,3
2020-05-20 00:00:00,MH010,8.26,16.036907,3
2020-05-20 01:00:00,MH010,6.17,15.820709,3
2020-05-20 02:00:00,MH010,7.82,15.716843,3
2020-05-20 03:00:00,MH010,6.18,18.789669,3
2020-05-20 04:00:00,MH010,5.36,19.417818,3
2020-05-20 05:00:00,MH010,8.2,19.308062,3
2020-05-20 06:00:00,MH010,8.2,18.886625,3
2020-05-20 07:00:00,MH010,9.0,17.942724,3
2020-05-20 08:00:00,MH010,10.82,17.285643,3
2020-05-20 09:00:00,MH010,16.47,16.883799,3
2020-05-20 10:00:00,MH010,14.27,16.834478,3
2020-05-20 11:00:00,MH010,13.18,16.90273,3
2020-05-20 12:00:00,MH010,10.27,16.944538,3
2020-05-20 13:00:00,MH010,8.17,17.330185,3
2020-05-20 14:00:00,MH010,8.91,17.446146,3
2020-05-20 15:00:00,MH010,11.73,18.231722,3
2020-05-20 16:00:00,MH010,7.43,19.021978,3
2020-05-20 17:00:00,MH010,13.4,19.608107,3
2020-05-20 18:00:00,MH010,11.27,18.550642,3
2020-05-20 19:00:00,MH010,16.48,17.793255,3
2020-05-20 20:00:00,MH010,10.6,17.750154,3
2020-05-20 21:00:00,MH010,12.73,16.861662,3
2020-05-20 22:00:00,MH010,18.9,15.912653,3
2020-05-20 23:00:00,MH010,8.0,15.1702175,3
2020-05-21 00:00:00,MH010,8.0,14.439878,3
2020-05-21 01:00:00,MH010,6.0,14.418648,3
2020-05-21 02:00:00,MH010,6.0,14.926929,3
2020-05-21 03:00:00,MH010,7.73,17.436472,3
2020-05-21 04:00:00,MH010,5.26,17.787413,3
2020-05-21 05:00:00,MH010,7.73,18.24847,3
2020-05-21 06:00:00,MH010,9.82,18.794899,3
2020-05-21 07:00:00,MH010,6.36,18.71502,3
2020-05-21 08:00:00,MH010,6.0,18.045036,3
2020-05-21 09:00:00,MH010,6.92,17.919283,3
2020-05-21 10:00:00,MH010,8.66,17.291048,3
2020-05-21 11:00:00,MH010,8.09,17.053812,3
2020-05-21 12:00:00,MH010,8.0,17.479225,3
2020-05-21 13:00:00,MH010,7.09,17.75723,3
2020-05-21 14:00:00,MH010,8.82,17.900887,3
2020-05-21 15:00:00,MH010,6.52,18.28728,3
2020-05-21 16:00:00,MH010,10.0,18.624939,3
2020-05-21 17:00:00,MH010,10.0,18.540403,3
2020-05-21 18:00:00,MH010,12.73,18.190422,3
2020-05-21 19:00:00,MH010,12.09,17.447432,3
2020-05-21 20:00:00,MH010,8.35,16.67033,3
2020-05-21 21:00:00,MH010,8.0,15.228113,3
2020-05-21 22:00:00,MH010,6.18,14.382303,3
2020-05-21 23:00:00,MH010,6.0,14.296659,3
2020-05-22 00:00:00,MH010,6.92,14.596668,3
2020-05-22 01:00:00,MH010,7.0,14.477028,3
2020-05-22 02:00:00,MH010,5.18,14.443068,3
2020-05-22 03:00:00,MH010,5.0,16.877636,3
2020-05-22 04:00:00,MH010,11.0,17.406046,3
2020-05-22 05:00:00,MH010,14.65,17.157589,3
2020-05-22 06:00:00,MH010,8.62,17.401997,3
2020-05-22 07:00:00,MH010,8.0,17.880907,3
2020-05-22 08:00:00,MH010,8.91,17.134632,3
2020-05-22 09:00:00,MH010,10.83,16.080994,3
2020-05-22 10:00:00,MH010,11.0,15.660044,3
2020-05-22 11:00:00,MH010,6.45,16.148888,3
2020-05-22 12:00:00,MH010,9.65,16.494041,3
2020-05-22 13:00:00,MH010,7.27,17.066877,3
2020-05-22 14:00:00,MH010,7.0,17.771696,3
2020-05-22 15:00:00,MH010,9.73,18.163029,3
2020-05-22 16:00:00,MH010,14.57,18.513817,3
2020-05-22 17:00:00,MH010,12.0,18.614231,3
2020-05-22 18:00:00,MH010,14.74,18.346903,3
2020-05-22 19:00:00,MH010,10.0,17.745174,3
2020-05-22 20:00:00,MH010,10.0,17.209042,3
2020-05-22 21:00:00,MH010,10.09,16.726871,3
2020-05-22 22:00:00,MH010,13.64,16.365822,3
2020-05-22 23:00:00,MH010,9.0,16.054472,3
2020-05-23 00:00:00,MH010,10.0,16.09639,3
2020-05-23 01:00:00,MH010,6.36,15.793968,3
2020-05-23 02:00:00,MH010,4.18,14.878105,3
2020-05-23 03:00:00,MH010,4.0,17.258055,3
2020-05-23 04:00:00,MH010,4.91,18.065578,3
2020-05-23 05:00:00,MH010,9.55,18.816881,3
2020-05-23 06:00:00,MH010,10.0,18.696968,3
2020-05-23 07:00:00,MH010,11.82,19.726887,3
2020-05-23 08:00:00,MH010,14.73,19.310755,3
2020-05-23 09:00:00,MH010,16.82,18.348114,3
2020-05-23 10:00:00,MH010,20.64,17.813845,3
2020-05-23 11:00:00,MH010,17.36,17.640318,3
2020-05-23 12:00:00,MH010,14.27,16.68991,3
2020-05-23 13:00:00,MH010,14.91,17.027464,3
2020-05-23 14:00:00,MH010,14.09,16.984444,3
2020-05-23 15:00:00,MH010,10.36,16.958836,3
2020-05-23 16:00:00,MH010,7.26,17.683565,3
2020-05-23 17:00:00,MH010,8.82,18.25571,3
2020-05-23 18:00:00,MH010,9.91,18.376154,3
2020-05-23 19:00:00,MH010,14.55,17.962023,3
2020-05-23 20:00:00,MH010,8.62,16.932402,3
2020-05-23 21:00:00,MH010,8.0,15.605618,3
2020-05-23 22:00:00,MH010,8.91,14.323465,3
2020-05-23 23:00:00,MH010,6.27,13.301428,3
2020-05-24 00:00:00,MH010,7.82,12.924162,3
2020-05-24 01:00:00,MH010,7.09,12.626017,3
2020-05-24 02:00:00,MH010,6.09,12.877382,3
2020-05-24 03:00:00,MH010,6.92,14.461178,3
2020-05-24 04:00:00,MH010,5.18,15.732908,3
2020-05-24 05:00:00,MH010,8.64,16.515926,3
2020-05-24 06:00:00,MH010,8.09,17.01805,3
2020-05-24 07:00:00,MH010,9.82,17.602747,3
2020-05-24 08:00:00,MH010,10.0,16.993902,3
2020-05-24 09:00:00,MH010,10.0,16.664785,3
2020-05-24 10:00:00,MH010,11.82,16.450825,3
2020-05-24 11:00:00,MH010,12.0,16.757,3
2020-05-24 12:00:00,MH010,8.36,17.49601,3
2020-05-24 13:00:00,MH010,11.64,17.859179,3
2020-05-24 14:00:00,MH010,10.17,17.580317,3
2020-05-24 15:00:00,MH010,13.3,17.634296,3
2020-05-24 16:00:00,MH010,12.18,17.72196,3
2020-05-24 17:00:00,MH010,12.0,17.67494,3
2020-05-24 18:00:00,MH010,19.29,17.850353,3
2020-05-24 19:00:00,MH010,16.13,17.468351,3
2020-05-24 20:00:00,MH010,13.0,16.823662,3
2020-05-24 21:00:00,MH010,9.36,15.562904,3
2020-05-24 22:00:00,MH010,9.36,15.045391,3
2020-05-24 23:00:00,MH010,5.0,15.034714,3
2020-05-25 00:00:00,MH010,5.91,14.390894,3
2020-05-25 01:00:00,MH010,6.0,14.262236,3
2020-05-25 02:00:00,MH010,5.09,14.100565,3
2020-05-25 03:00:00,MH010,5.0,14.369644,3
2020-05-25 04:00:00,MH010,5.91,15.505096,3
2020-05-25 05:00:00,MH010,5.09,16.314854,3
2020-05-25 06:00:00,MH010,4.09,16.4699,3
2020-05-25 07:00:00,MH010,7.64,17.56263,3
2020-05-25 08:00:00,MH010,8.0,17.907303,3
2020-05-25 09:00:00,MH010,11.65,17.735998,3
2020-05-25 10:00:00,MH010,13.82,17.753954,3
2020-05-25 11:00:00,MH010,18.55,16.436115,3
2020-05-25 12:00:00,MH010,9.92,16.976942,3
2020-05-25 13:00:00,MH010,12.0,16.91018,3
2020-05-25 14:00:00,MH010,12.91,17.169733,3
2020-05-25 15:00:00,MH010,10.27,17.55442,3
2020-05-25 16:00:00,MH010,11.82,18.184803,3
2020-05-25 17:00:00,MH010,12.0,18.531784,3
2020-05-25 18:00:00,MH010,12.0,18.615736,3
2020-05-25 19:00:00,MH010,12.0,18.246311,3
2020-05-25 20:00:00,MH010,8.36,17.298067,3
2020-05-25 21:00:00,MH010,7.09,16.041351,3
2020-05-25 22:00:00,MH010,8.82,15.166092,3
2020-05-25 23:00:00,MH010,8.09,14.921858,3
2020-05-26 00:00:00,MH010,11.64,14.122225,3
2020-05-26 01:00:00,MH010,10.18,14.030039,3
2020-05-26 02:00:00,MH010,8.18,14.1015,3
2020-05-26 03:00:00,MH010,5.27,16.506538,3
2020-05-26 04:00:00,MH010,5.91,16.721804,3
2020-05-26 05:00:00,MH010,9.64,17.37571,3
2020-05-26 06:00:00,MH010,11.82,17.175232,3
2020-05-26 07:00:00,MH010,12.91,16.738728,3
2020-05-26 08:00:00,MH010,13.0,16.808338,3
2020-05-26 09:00:00,MH010,13.0,16.748941,3
2020-05-26 10:00:00,MH010,10.27,16.501724,3
2020-05-26 11:00:00,MH010,10.91,16.484941,3
2020-05-26 12:00:00,MH010,7.36,16.641632,3
2020-05-26 13:00:00,MH010,7.0,17.218882,3
2020-05-26 14:00:00,MH010,10.64,17.870464,3
2020-05-26 15:00:00,MH010,11.0,18.278511,3
2020-05-26 16:00:00,MH010,11.0,18.604887,3
2020-05-26 17:00:00,MH010,9.18,18.433586,3
2020-05-26 18:00:00,MH010,14.48,18.222265,3
2020-05-26 19:00:00,MH010,10.45,17.624863,3
2020-05-26 20:00:00,MH010,8.18,16.548594,3
2020-05-26 21:00:00,MH010,7.09,15.515467,3
2020-05-26 22:00:00,MH010,7.0,14.627386,3
2020-05-26 23:00:00,MH010,7.0,14.175898,3
2020-05-27 00:00:00,MH010,7.91,13.901518,3
2020-05-27 01:00:00,MH010,7.09,13.994757,3
2020-05-27 02:00:00,MH010,6.09,14.05665,3
2020-05-27 03:00:00,MH010,6.91,16.876509,3
2020-05-27 04:00:00,MH010,7.91,17.511051,3
2020-05-27 05:00:00,MH010,18.02,16.927898,3
2020-05-27 06:00:00,MH010,12.62,16.449383,3
2020-05-27 07:00:00,MH010,8.36,15.893578,3
2020-05-27 08:00:00,MH010,12.55,15.195017,3
2020-05-27 09:00:00,MH010,9.35,14.962343,3
2020-05-27 10:00:00,MH010,9.0,14.639534,3
2020-05-27 11:00:00,MH010,8.09,14.820581,3
2020-05-27 12:00:00,MH010,8.0,16.14283,3
2020-05-27 13:00:00,MH010,12.54,17.099813,3
2020-05-27 14:00:00,MH010,8.45,17.409328,3
2020-05-27 15:00:00,MH010,12.55,18.345251,3
2020-05-27 16:00:00,MH010,10.27,18.572758,3
2020-05-27 17:00:00,MH010,10.0,18.508701,3
2020-05-27 18:00:00,MH010,8.18,18.541431,3
2020-05-27 19:00:00,MH010,6.18,17.828388,3
2020-05-27 20:00:00,MH010,6.0,17.142998,3
2020-05-27 21:00:00,MH010,5.36,16.056643,3
2020-05-27 22:00:00,MH010,5.0,15.320374,3
2020-05-27 23:00:00,MH010,5.63,14.908218,3
2020-05-28 00:00:00,MH010,5.0,14.458605,3
2020-05-28 01:00:00,MH010,5.91,13.848215,3
2020-05-28 02:00:00,MH010,4.18,13.360338,3
2020-05-28 03:00:00,MH010,6.72,15.092634,3
2020-05-28 04:00:00,MH010,12.48,15.351707,3
2020-05-28 05:00:00,MH010,9.36,15.295979,3
2020-05-28 06:00:00,MH010,8.09,14.974743,3
2020-05-28 07:00:00,MH010,9.83,15.027071,3
2020-05-28 08:00:00,MH010,11.82,14.912182,3
2020-05-28 09:00:00,MH010,9.28,15.185993,3
2020-05-28 10:00:00,MH010,11.72,15.331629,3
2020-05-28 11:00:00,MH010,12.0,15.987684,3
2020-05-28 12:00:00,MH010,12.91,16.682863,3
2020-05-28 13:00:00,MH010,9.35,17.31588,3
2020-05-28 14:00:00,MH010,9.0,17.753483,3
2020-05-28 15:00:00,MH010,9.0,18.059235,3
2020-05-28 16:00:00,MH010,8.09,18.45685,3
2020-05-28 17:00:00,MH010,6.18,18.450943,3
2020-05-28 18:00:00,MH010,8.46,18.82973,3
2020-05-28 19:00:00,MH010,7.0,18.439714,3
2020-05-28 20:00:00,MH010,5.0,17.337202,3
2020-05-28 21:00:00,MH010,5.0,16.291729,3
2020-05-28 22:00:00,MH010,5.91,15.475777,3
2020-05-28 23:00:00,MH010,6.91,13.785585,3
2020-05-29 00:00:00,MH010,3.37,13.359926,3
2020-05-29 01:00:00,MH010,2.09,12.899538,3
2020-05-29 02:00:00,MH010,2.91,13.183355,3
2020-05-29 03:00:00,MH010,3.91,14.422091,3
2020-05-29 04:00:00,MH010,3.09,15.013859,3
2020-05-29 05:00:00,MH010,3.0,15.268124,3
2020-05-29 06:00:00,MH010,4.82,15.181183,3
2020-05-29 07:00:00,MH010,5.0,14.942247,3
2020-05-29 08:00:00,MH010,3.18,15.305395,3
2020-05-29 09:00:00,MH010,3.91,15.380833,3
2020-05-29 10:00:00,MH010,6.73,15.173933,3
2020-05-29 11:00:00,MH010,4.27,14.406586,3
2020-05-29 12:00:00,MH010,5.82,14.721466,3
2020-05-29 13:00:00,MH010,5.09,15.846626,3
2020-05-29 14:00:00,MH010,1.35,16.85739,3
2020-05-29 15:00:00,MH010,5.55,17.525633,3
2020-05-29 16:00:00,MH010,6.0,17.671835,3
2020-05-29 17:00:00,MH010,6.0,17.527311,3
2020-05-29 18:00:00,MH010,7.0,16.88162,3
2020-05-29 19:00:00,MH010,6.09,15.87849,3
2020-05-29 20:00:00,MH010,5.09,14.694878,3
2020-05-29 21:00:00,MH010,5.91,13.633257,3
2020-05-29 22:00:00,MH010,5.08,13.085333,3
2020-05-29 23:00:00,MH010,5.0,12.437368,3
2020-05-30 00:00:00,MH010,4.09,12.538107,3
2020-05-30 01:00:00,MH010,4.91,12.691725,3
2020-05-30 02:00:00,MH010,7.73,12.1634655,3
2020-05-30 03:00:00,MH010,5.27,14.434387,3
2020-05-30 04:00:00,MH010,3.18,15.712883,3
2020-05-30 05:00:00,MH010,5.73,16.248901,3
2020-05-30 06:00:00,MH010,8.73,17.238813,3
2020-05-30 07:00:00,MH010,9.0,16.93865,3
2020-05-30 08:00:00,MH010,6.27,16.055523,3
2020-05-30 09:00:00,MH010,5.09,15.833239,3
2020-05-30 10:00:00,MH010,5.0,15.032873,3
2020-05-30 11:00:00,MH010,5.0,15.730185,3
2020-05-30 12:00:00,MH010,3.18,16.58062,3
2020-05-30 13:00:00,MH010,4.82,16.934834,3
2020-05-30 14:00:00,MH010,6.64,16.947851,3
2020-05-30 15:00:00,MH010,6.64,16.985134,3
2020-05-30 16:00:00,MH010,6.09,17.080038,3
2020-05-30 17:00:00,MH010,7.82,16.965467,3
2020-05-30 18:00:00,MH010,8.82,16.529173,3
2020-05-30 19:00:00,MH010,9.0,16.01576,3
2020-05-30 20:00:00,MH010,7.18,15.078875,3
2020-05-30 21:00:00,MH010,7.0,14.000364,3
2020-05-30 22:00:00,MH010,5.18,13.058813,3
2020-05-30 23:00:00,MH010,3.18,12.535402,3
2020-05-31 00:00:00,MH010,3.0,12.578157,3
2020-05-31 01:00:00,MH010,4.82,12.627203,3
2020-05-31 02:00:00,MH010,7.72,12.377768,3
2020-05-31 03:00:00,MH010,6.18,13.87359,3
2020-05-31 04:00:00,MH010,6.18,14.653494,3
2020-05-31 05:00:00,MH010,6.18,14.882021,3
2020-05-31 06:00:00,MH010,6.0,15.043314,3
2020-05-31 07:00:00,MH010,7.82,14.78812,3
2020-05-31 08:00:00,MH010,12.0,13.859186,3
2020-05-31 09:00:00,MH010,8.0,14.087812,3
2020-05-31 10:00:00,MH010,8.0,14.49914,3
2020-05-31 11:00:00,MH010,9.82,15.017632,3
2020-05-31 12:00:00,MH010,10.91,16.204082,3
2020-05-31 13:00:00,MH010,10.09,17.375023,3
2020-05-31 14:00:00,MH010,10.64,17.69008,3
2020-05-31 15:00:00,MH010,7.36,18.089417,3
2020-05-31 16:00:00,MH010,8.82,18.02065,3
2020-05-31 17:00:00,MH010,7.18,17.86199,3
2020-05-31 18:00:00,MH010,7.0,17.495226,3
2020-05-31 19:00:00,MH010,5.18,17.547682,3
2020-05-31 20:00:00,MH010,5.91,17.449642,3
2020-05-31 21:00:00,MH010,5.09,16.567106,3
2020-05-31 22:00:00,MH010,5.81,15.80442,3
2020-05-31 23:00:00,MH010,7.83,14.913755,3
2020-06-01 00:00:00,MH010,9.82,13.915758,3
2020-06-01 01:00:00,MH010,9.09,13.114573,3
2020-06-01 02:00:00,MH010,9.0,13.332975,3
2020-06-01 03:00:00,MH010,9.0,13.460638,3
2020-06-01 04:00:00,MH010,8.09,14.116064,3
2020-06-01 05:00:00,MH010,9.82,14.59156,3
2020-06-01 06:00:00,MH010,29.98,15.11195,3
2020-06-01 07:00:00,MH010,18.33,15.660402,3
2020-06-01 08:00:00,MH010,10.64,14.47724,3
2020-06-01 09:00:00,MH010,10.91,14.569315,3
2020-06-01 10:00:00,MH010,23.75,14.0549755,3
2020-06-01 11:00:00,MH010,41.35,14.526794,3
2020-06-01 12:00:00,MH010,33.92,13.97727,3
2020-06-01 13:00:00,MH010,32.09,15.350344,3
2020-06-01 14:00:00,MH010,29.27,17.135607,3
2020-06-01 15:00:00,MH010,26.27,17.912336,3
2020-06-01 16:00:00,MH010,25.09,19.086761,3
2020-06-01 17:00:00,MH010,20.45,20.56962,3
2020-06-01 18:00:00,MH010,20.0,23.283558,3
2020-06-01 19:00:00,MH010,20.0,26.247738,3
2020-06-01 20:00:00,MH010,18.18,25.54765,3
2020-06-01 21:00:00,MH010,20.73,24.676022,3
2020-06-01 22:00:00,MH010,23.73,23.778687,3
2020-06-01 23:00:00,MH010,24.0,22.65758,3
2020-06-02 00:00:00,MH010,20.36,21.739527,3
2020-06-02 01:00:00,MH010,13.64,21.0361,3
2020-06-02 02:00:00,MH010,19.38,20.48173,3
2020-06-02 03:00:00,MH010,63.6,22.271189,3
2020-06-02 04:00:00,MH010,41.66,22.986929,3
2020-06-02 05:00:00,MH010,33.53,23.921726,3
2020-06-02 06:00:00,MH010,21.19,23.955702,3
2020-06-02 07:00:00,MH010,29.11,23.199133,3
2020-06-02 08:00:00,MH010,36.38,22.94066,3
2020-06-02 09:00:00,MH010,33.37,24.278124,3
2020-06-02 10:00:00,MH010,25.73,25.639101,3
2020-06-02 11:00:00,MH010,19.53,27.091684,3
2020-06-02 12:00:00,MH010,21.73,28.400103,3
2020-06-02 13:00:00,MH010,21.09,28.259987,3
2020-06-02 14:00:00,MH010,18.27,27.66944,3
2020-06-02 15:00:00,MH010,14.37,30.720621,3
2020-06-02 16:00:00,MH010,24.02,30.883179,3
2020-06-02 17:00:00,MH010,24.09,29.154486,3
2020-06-02 18:00:00,MH010,27.63,26.073597,3
2020-06-02 19:00:00,MH010,37.11,24.66856,3
2020-06-02 20:00:00,MH010,40.73,21.123175,3
2020-06-02 21:00:00,MH010,35.0,17.733315,3
2020-06-02 22:00:00,MH010,33.19,16.01582,3
2020-06-02 23:00:00,MH010,22.12,14.982872,3
2020-06-03 00:00:00,MH010,16.45,15.229727,3
2020-06-03 01:00:00,MH010,16.91,15.802855,3
2020-06-03 02:00:00,MH010,10.62,16.359533,3
2020-06-03 03:00:00,MH010,10.0,18.419256,3
2020-06-03 04:00:00,MH010,10.0,20.154217,3
2020-06-03 05:00:00,MH010,8.18,21.52779,3
2020-06-03 06:00:00,MH010,7.09,21.372618,3
2020-06-03 07:00:00,MH010,4.28,20.958914,3
2020-06-03 08:00:00,MH010,4.0,20.177881,3
2020-06-03 09:00:00,MH010,6.0,18.271328,3
2020-06-03 10:00:00,MH010,4.0,15.516922,3
2020-06-03 11:00:00,MH010,4.0,15.4523735,3
2020-06-03 12:00:00,MH010,4.0,15.101051,3
2020-06-03 13:00:00,MH010,4.0,13.843031,3
2020-06-03 14:00:00,MH010,1.27,12.523035,3
2020-06-03 15:00:00,MH010,4.63,11.317884,3
2020-06-03 16:00:00,MH010,4.09,8.579584,3
2020-06-03 17:00:00,MH010,2.18,8.04962,3
2020-06-03 18:00:00,MH010,3.82,8.290659,3
2020-06-03 19:00:00,MH010,5.82,9.981333,3
2020-06-03 20:00:00,MH010,6.0,12.084112,3
2020-06-03 21:00:00,MH010,3.0,12.307634,3
2020-06-03 22:00:00,MH010,1.18,10.753912,3
2020-06-03 23:00:00,MH010,2.82,10.142324,3
2020-06-04 00:00:00,MH010,2.09,9.113634,3
2020-06-04 01:00:00,MH010,1.09,8.077059,3
2020-06-04 02:00:00,MH010,5.54,8.62887,3
2020-06-04 03:00:00,MH010,6.91,10.502878,3
2020-06-04 04:00:00,MH010,7.0,11.300795,3
2020-06-04 05:00:00,MH010,8.82,12.268229,3
2020-06-04 06:00:00,MH010,10.0,13.164743,3
2020-06-04 07:00:00,MH010,8.0,13.629168,3
2020-06-04 08:00:00,MH010,7.09,13.876307,3
2020-06-04 09:00:00,MH010,8.8,14.311548,3
2020-06-04 10:00:00,MH010,14.0,13.600893,3
2020-06-04 11:00:00,MH010,11.0,13.944033,3
2020-06-04 12:00:00,MH010,12.0,14.348848,3
2020-06-04 13:00:00,MH010,12.0,14.636118,3
2020-06-04 14:00:00,MH010,10.0,13.789793,3
2020-06-04 15:00:00,MH010,9.09,14.01893,3
2020-06-04 16:00:00,MH010,8.0,14.496773,3
2020-06-04 17:00:00,MH010,13.45,14.793634,3
2020-06-04 18:00:00,MH010,16.0,12.872606,3
2020-06-04 19:00:00,MH010,21.0,11.792379,3
2020-06-04 20:00:00,MH010,21.0,11.656256,3
2020-06-04 21:00:00,MH010,21.0,11.187853,3
2020-06-04 22:00:00,MH010,25.45,10.82593,3
2020-06-04 23:00:00,MH010,31.71,9.046282,3
2020-06-05 00:00:00,MH010,20.66,9.135523,3
2020-06-05 01:00:00,MH010,8.96,8.552469,3
2020-06-05 02:00:00,MH010,7.0,9.248301,3
2020-06-05 03:00:00,MH010,8.82,11.883844,3
2020-06-05 04:00:00,MH010,4.46,13.170713,3
2020-06-05 05:00:00,MH010,1.42,14.536917,3
2020-06-05 06:00:00,MH010,3.63,16.222452,3
2020-06-05 07:00:00,MH010,9.45,17.726511,3
2020-06-05 08:00:00,MH010,10.91,17.541546,3
2020-06-05 09:00:00,MH010,8.27,16.595787,3
2020-06-05 10:00:00,MH010,6.18,15.846725,3
2020-06-05 11:00:00,MH010,8.58,14.672358,3
2020-06-05 12:00:00,MH010,11.27,13.448072,3
2020-06-05 13:00:00,MH010,11.27,13.0779705,3
2020-06-05 14:00:00,MH010,8.45,13.333132,3
2020-06-05 15:00:00,MH010,8.91,13.819189,3
2020-06-05 16:00:00,MH010,12.63,13.428789,3
2020-06-05 17:00:00,MH010,8.4,12.68014,3
2020-06-05 18:00:00,MH010,10.72,11.165575,3
2020-06-05 19:00:00,MH010,8.28,11.657785,3
2020-06-05 20:00:00,MH010,6.18,12.607149,3
2020-06-05 21:00:00,MH010,9.64,12.072607,3
2020-06-05 22:00:00,MH010,8.19,10.754675,3
2020-06-05 23:00:00,MH010,10.72,10.259108,3
2020-06-06 00:00:00,MH010,9.18,8.096853,3
2020-06-06 01:00:00,MH010,15.36,8.091185,3
2020-06-06 02:00:00,MH010,14.0,8.502783,3
2020-06-06 03:00:00,MH010,20.0,9.529882,3
2020-06-06 04:00:00,MH010,10.01,10.939413,3
2020-06-06 05:00:00,MH010,6.0,12.3500805,3
2020-06-06 06:00:00,MH010,3.27,13.414255,3
2020-06-06 07:00:00,MH010,3.0,14.068388,3
2020-06-06 08:00:00,MH010,3.0,14.206396,3
2020-06-06 09:00:00,MH010,3.0,14.41033,3
2020-06-06 10:00:00,MH010,12.99,15.905302,3
2020-06-06 11:00:00,MH010,10.37,15.140541,3
2020-06-06 12:00:00,MH010,10.0,14.781181,3
2020-06-06 13:00:00,MH010,12.72,14.0464,3
2020-06-06 14:00:00,MH010,12.09,13.62219,3
2020-06-06 15:00:00,MH010,9.28,13.265406,3
2020-06-06 16:00:00,MH010,8.09,12.335749,3
2020-06-06 17:00:00,MH010,8.91,12.01898,3
2020-06-06 18:00:00,MH010,11.72,12.682905,3
2020-06-06 19:00:00,MH010,11.09,12.557028,3
2020-06-06 20:00:00,MH010,14.63,12.045553,3
2020-06-06 21:00:00,MH010,8.62,12.225546,3
2020-06-06 22:00:00,MH010,14.0,11.816744,3
2020-06-06 23:00:00,MH010,14.91,11.134367,3
2020-06-07 00:00:00,MH010,22.27,9.002932,3
2020-06-07 01:00:00,MH010,31.15,9.186514,3
2020-06-07 02:00:00,MH010,24.73,8.955099,3
2020-06-07 03:00:00,MH010,27.63,11.08346,3
2020-06-07 04:00:00,MH010,19.82,11.700712,3
2020-06-07 05:00:00,MH010,20.82,13.285757,3
2020-06-07 06:00:00,MH010,19.19,14.258959,3
2020-06-07 07:00:00,MH010,18.09,17.003294,3
2020-06-07 08:00:00,MH010,13.46,19.21141,3
2020-06-07 09:00:00,MH010,9.37,20.144295,3
2020-06-07 10:00:00,MH010,9.91,20.79902,3
2020-06-07 11:00:00,MH010,10.91,21.262148,3
2020-06-07 12:00:00,MH010,8.55,20.664934,3
2020-06-07 13:00:00,MH010,8.91,19.721725,3
2020-06-07 14:00:00,MH010,8.09,18.595268,3
2020-06-07 15:00:00,MH010,5.28,17.406565,3
2020-06-07 16:00:00,MH010,3.18,16.597998,3
2020-06-07 17:00:00,MH010,6.63,15.62113,3
2020-06-07 18:00:00,MH010,13.38,15.057478,3
2020-06-07 19:00:00,MH010,9.91,14.430126,3
2020-06-07 20:00:00,MH010,7.18,14.161219,3
2020-06-07 21:00:00,MH010,7.0,13.798315,3
2020-06-07 22:00:00,MH010,6.09,11.080629,3
2020-06-07 23:00:00,MH010,9.63,9.964945,3
2020-06-08 00:00:00,MH010,6.37,9.695353,3
2020-06-08 01:00:00,MH010,3.0,10.050032,3
2020-06-08 02:00:00,MH010,1.1,9.295412,3
2020-06-08 03:00:00,MH010,1.1,9.994944,3
2020-06-08 04:00:00,MH010,6.34,11.010454,3
2020-06-08 05:00:00,MH010,7.0,11.7280445,3
2020-06-08 06:00:00,MH010,7.91,13.173899,3
2020-06-08 07:00:00,MH010,9.82,13.348227,3
2020-06-08 08:00:00,MH010,16.36,13.565466,3
2020-06-08 09:00:00,MH010,13.0,12.915354,3
2020-06-08 10:00:00,MH010,15.0,12.394819,3
2020-06-08 11:00:00,MH010,15.0,12.00165,3
2020-06-08 12:00:00,MH010,5.0,12.773073,3
2020-06-08 13:00:00,MH010,4.09,13.27841,3
2020-06-08 14:00:00,MH010,2.18,12.557138,3
2020-06-08 15:00:00,MH010,4.72,14.292101,3
2020-06-08 16:00:00,MH010,5.91,13.686453,3
2020-06-08 17:00:00,MH010,8.72,14.201445,3
2020-06-08 18:00:00,MH010,9.91,13.459444,3
2020-06-08 19:00:00,MH010,7.27,13.54566,3
2020-06-08 20:00:00,MH010,10.63,13.385103,3
2020-06-08 21:00:00,MH010,7.37,11.226072,3
2020-06-08 22:00:00,MH010,3.37,10.736246,3
2020-06-08 23:00:00,MH010,2.09,9.73451,3
2020-06-09 00:00:00,MH010,2.91,8.091688,3
2020-06-09 01:00:00,MH010,7.54,9.027605,3
2020-06-09 02:00:00,MH010,7.19,9.36989,3
2020-06-09 03:00:00,MH010,18.43,10.948854,3
2020-06-09 04:00:00,MH010,14.64,12.610483,3
2020-06-09 05:00:00,MH010,18.54,12.409613,3
2020-06-09 06:00:00,MH010,17.19,12.503866,3
2020-06-09 07:00:00,MH010,21.54,12.506792,3
2020-06-09 08:00:00,MH010,12.92,12.231794,3
2020-06-09 09:00:00,MH010,9.0,13.315439,3
2020-06-09 10:00:00,MH010,10.0,13.0578785,3
2020-06-09 11:00:00,MH010,6.38,13.463839,3
2020-06-09 12:00:00,MH010,5.0,14.283442,3
2020-06-09 13:00:00,MH010,4.09,14.909332,3
2020-06-09 14:00:00,MH010,6.72,14.689144,3
2020-06-09 15:00:00,MH010,5.19,14.927372,3
2020-06-09 16:00:00,MH010,1.37,13.755804,3
2020-06-09 17:00:00,MH010,5.53,13.505373,3
2020-06-09 18:00:00,MH010,6.0,12.696665,3
2020-06-09 19:00:00,MH010,10.53,11.998529,3
2020-06-09 20:00:00,MH010,11.91,11.722277,3
2020-06-09 21:00:00,MH010,10.18,11.318583,3
2020-06-09 22:00:00,MH010,10.0,10.622988,3
2020-06-09 23:00:00,MH010,7.28,9.752764,3
2020-06-10 00:00:00,MH010,6.09,8.632193,3
2020-06-10 01:00:00,MH010,6.81,7.6464057,3
2020-06-10 02:00:00,MH010,6.09,7.9687095,3
2020-06-10 03:00:00,MH010,6.0,10.321657,3
2020-06-10 04:00:00,MH010,12.36,11.4711895,3
2020-06-10 05:00:00,MH010,13.0,12.379904,3
2020-06-10 06:00:00,MH010,11.19,12.410654,3
2020-06-10 07:00:00,MH010,19.2,12.729338,3
2020-06-10 08:00:00,MH010,17.27,12.947073,3
2020-06-10 09:00:00,MH010,11.55,13.043158,3
2020-06-10 10:00:00,MH010,6.46,13.100988,3
2020-06-10 11:00:00,MH010,6.91,13.287664,3
2020-06-10 12:00:00,MH010,6.09,13.6868,3
2020-06-10 13:00:00,MH010,4.0,14.001295,3
2020-06-10 14:00:00,MH010,7.63,14.375637,3
2020-06-10 15:00:00,MH010,8.91,14.830612,3
2020-06-10 16:00:00,MH010,6.28,13.425478,3
2020-06-10 17:00:00,MH010,4.18,13.196753,3
2020-06-10 18:00:00,MH010,6.72,13.072828,3
2020-06-10 19:00:00,MH010,7.91,11.232977,3
2020-06-10 20:00:00,MH010,4.37,10.997805,3
2020-06-10 21:00:00,MH010,4.0,10.175753,3
2020-06-10 22:00:00,MH010,4.0,7.294847,3
2020-06-10 23:00:00,MH010,1.47,8.497602,3
2020-06-11 00:00:00,MH010,1.47,8.407984,3
2020-06-11 01:00:00,MH010,2.73,7.623235,3
2020-06-11 02:00:00,MH010,3.91,7.4958587,3
2020-06-11 03:00:00,MH010,5.82,9.966497,3
2020-06-11 04:00:00,MH010,5.82,11.033384,3
2020-06-11 05:00:00,MH010,6.0,11.322737,3
2020-06-11 06:00:00,MH010,2.0,11.895437,3
2020-06-11 07:00:00,MH010,1.09,11.53401,3
2020-06-11 08:00:00,MH010,4.63,11.488028,3
2020-06-11 09:00:00,MH010,13.18,11.577131,3
2020-06-11 10:00:00,MH010,17.63,11.757238,3
2020-06-11 11:00:00,MH010,14.37,12.6228695,3
2020-06-11 12:00:00,MH010,17.63,12.607264,3
2020-06-11 13:00:00,MH010,6.6,12.5467205,3
2020-06-11 14:00:00,MH010,2.73,12.408415,3
2020-06-11 15:00:00,MH010,3.91,12.328718,3
2020-06-11 16:00:00,MH010,4.91,12.741861,3
2020-06-11 17:00:00,MH010,6.0,12.619829,3
2020-06-11 18:00:00,MH010,6.91,14.329229,3
2020-06-11 19:00:00,MH010,7.91,13.855825,3
2020-06-11 20:00:00,MH010,6.18,13.328516,3
2020-06-11 21:00:00,MH010,5.0,12.18648,3
2020-06-11 22:00:00,MH010,5.0,11.163702,3
2020-06-11 23:00:00,MH010,8.0,9.971289,3
2020-06-12 00:00:00,MH010,12.0,8.99655,3
2020-06-12 01:00:00,MH010,8.37,7.442373,3
2020-06-12 02:00:00,MH010,5.28,7.4058814,3
2020-06-12 03:00:00,MH010,6.81,11.028833,3
2020-06-12 04:00:00,MH010,9.72,11.1682415,3
2020-06-12 05:00:00,MH010,12.72,12.2836895,3
2020-06-12 06:00:00,MH010,8.46,13.240904,3
2020-06-12 07:00:00,MH010,5.28,14.24737,3
2020-06-12 08:00:00,MH010,13.16,14.163343,3
2020-06-12 09:00:00,MH010,44.07,13.9548435,3
2020-06-12 10:00:00,MH010,8.0,13.793631,3
2020-06-12 11:00:00,MH010,8.9,14.222548,3
2020-06-12 12:00:00,MH010,7.18,14.891035,3
2020-06-12 13:00:00,MH010,3.36,14.6729145,3
2020-06-12 14:00:00,MH010,3.91,14.302805,3
2020-06-12 15:00:00,MH010,7.0,15.5138035,3
2020-06-12 16:00:00,MH010,8.82,17.024807,3
2020-06-12 17:00:00,MH010,9.0,17.628822,3
2020-06-12 18:00:00,MH010,6.28,17.41511,3
2020-06-12 19:00:00,MH010,6.0,16.172634,3
2020-06-12 20:00:00,MH010,10.53,13.912199,3
2020-06-12 21:00:00,MH010,14.63,14.215357,3
2020-06-12 22:00:00,MH010,13.19,13.259005,3
2020-06-12 23:00:00,MH010,10.28,12.547907,3
2020-06-13 00:00:00,MH010,21.77,11.488768,3
2020-06-13 01:00:00,MH010,21.18,10.640108,3
2020-06-13 02:00:00,MH010,20.09,9.969847,3
2020-06-13 03:00:00,MH010,22.72,13.005808,3
2020-06-13 04:00:00,MH010,16.66,14.517204,3
2020-06-13 05:00:00,MH010,18.73,15.779629,3
2020-06-13 06:00:00,MH010,22.63,16.622797,3
2020-06-13 07:00:00,MH010,7.56,15.875244,3
2020-06-13 08:00:00,MH010,6.0,18.087563,3
2020-06-13 09:00:00,MH010,10.54,19.117264,3
2020-06-13 10:00:00,MH010,8.28,18.849482,3
2020-06-13 11:00:00,MH010,5.28,18.787184,3
2020-06-13 12:00:00,MH010,4.09,18.733376,3
2020-06-13 13:00:00,MH010,3.09,18.96092,3
2020-06-13 14:00:00,MH010,2.09,18.166498,3
2020-06-13 15:00:00,MH010,1.09,17.137821,3
2020-06-13 16:00:00,MH010,0.38,16.890224,3
2020-06-13 17:00:00,MH010,0.38,16.656353,3
2020-06-13 18:00:00,MH010,1.81,16.876837,3
2020-06-13 19:00:00,MH010,2.0,16.247578,3
2020-06-13 20:00:00,MH010,1.09,15.318605,3
2020-06-13 21:00:00,MH010,1.91,13.817892,3
2020-06-13 22:00:00,MH010,4.72,12.03623,3
2020-06-13 23:00:00,MH010,5.91,9.72476,3
2020-06-14 00:00:00,MH010,5.09,9.026693,3
2020-06-14 01:00:00,MH010,5.91,8.196348,3
2020-06-14 02:00:00,MH010,9.62,7.456434,3
2020-06-14 03:00:00,MH010,10.91,10.834108,3
2020-06-14 04:00:00,MH010,11.91,12.285532,3
2020-06-14 05:00:00,MH010,17.43,13.075708,3
2020-06-14 06:00:00,MH010,14.37,13.984564,3
2020-06-14 07:00:00,MH010,10.37,14.324507,3
2020-06-14 08:00:00,MH010,7.28,15.300833,3
2020-06-14 09:00:00,MH010,16.96,15.718809,3
2020-06-14 10:00:00,MH010,20.72,15.912561,3
2020-06-14 11:00:00,MH010,25.53,16.163437,3
2020-06-14 12:00:00,MH010,13.32,16.84167,3
2020-06-14 13:00:00,MH010,5.0,17.120684,3
2020-06-14 14:00:00,MH010,1.78,17.10716,3
2020-06-14 15:00:00,MH010,1.82,16.957441,3
2020-06-14 16:00:00,MH010,3.81,17.038113,3
2020-06-14 17:00:00,MH010,5.0,15.680153,3
2020-06-14 18:00:00,MH010,4.09,17.327414,3
2020-06-14 19:00:00,MH010,4.09,16.809717,3
2020-06-14 20:00:00,MH010,5.19,15.959837,3
2020-06-14 21:00:00,MH010,1.38,13.847338,3
2020-06-14 22:00:00,MH010,6.43,12.255617,3
2020-06-14 23:00:00,MH010,7.0,10.762545,3
2020-06-15 00:00:00,MH010,17.9,9.692137,3
2020-06-15 01:00:00,MH010,14.91,8.350901,3
2020-06-15 02:00:00,MH010,11.28,7.5200095,3
2020-06-15 03:00:00,MH010,11.0,9.092722,3
2020-06-15 04:00:00,MH010,11.0,10.166208,3
2020-06-15 05:00:00,MH010,21.87,12.857412,3
2020-06-15 06:00:00,MH010,16.66,12.852476,3
2020-06-15 07:00:00,MH010,7.85,13.583532,3
2020-06-15 08:00:00,MH010,16.5,13.960005,3
2020-06-15 09:00:00,MH010,11.0,14.213713,3
2020-06-15 10:00:00,MH010,7.37,14.314253,3
2020-06-15 11:00:00,MH010,3.38,14.397247,3
2020-06-15 12:00:00,MH010,1.13,13.455915,3
2020-06-15 13:00:00,MH010,1.82,14.813093,3
2020-06-15 14:00:00,MH010,5.0,14.941872,3
2020-06-15 15:00:00,MH010,3.0,14.666838,3
2020-06-15 16:00:00,MH010,3.0,14.455919,3
2020-06-15 17:00:00,MH010,7.54,13.280912,3
2020-06-15 18:00:00,MH010,11.63,11.328527,3
2020-06-15 19:00:00,MH010,11.09,11.647417,3
2020-06-15 20:00:00,MH010,7.38,11.481085,3
2020-06-15 21:00:00,MH010,6.09,10.737246,3
2020-06-15 22:00:00,MH010,6.0,9.63368,3
2020-06-15 23:00:00,MH010,5.09,9.460501,3
2020-06-16 00:00:00,MH010,14.08,7.7254653,3
2020-06-16 01:00:00,MH010,12.28,7.8089957,3
2020-06-16 02:00:00,MH010,15.62,5.958513,3
2020-06-16 03:00:00,MH010,10.56,10.310892,3
2020-06-16 04:00:00,MH010,12.72,11.473745,3
2020-06-16 05:00:00,MH010,22.05,10.363272,3
2020-06-16 06:00:00,MH010,27.54,12.008051,3
2020-06-16 07:00:00,MH010,10.0,12.499128,3
2020-06-16 08:00:00,MH010,9.09,11.902609,3
2020-06-16 09:00:00,MH010,9.0,13.501131,3
2020-06-16 10:00:00,MH010,5.37,13.701433,3
2020-06-16 11:00:00,MH010,5.0,13.622126,3
2020-06-16 12:00:00,MH010,8.0,12.496168,3
2020-06-16 13:00:00,MH010,9.0,13.364351,3
2020-06-16 14:00:00,MH010,14.43,13.164106,3
2020-06-16 15:00:00,MH010,7.75,12.651373,3
2020-06-16 16:00:00,MH010,3.37,12.684839,3
2020-06-16 17:00:00,MH010,3.92,11.729879,3
2020-06-16 18:00:00,MH010,3.09,11.719431,3
2020-06-16 19:00:00,MH010,10.25,12.592493,3
2020-06-16 20:00:00,MH010,9.19,12.304155,3
2020-06-16 21:00:00,MH010,5.37,12.195471,3
2020-06-16 22:00:00,MH010,4.09,11.195845,3
2020-06-16 23:00:00,MH010,8.87,9.498327,3
2020-06-17 00:00:00,MH010,8.37,8.652075,3
2020-06-17 01:00:00,MH010,9.81,8.086096,3
2020-06-17 02:00:00,MH010,12.72,8.104849,3
2020-06-17 03:00:00,MH010,8.46,10.444662,3
2020-06-17 04:00:00,MH010,5.28,10.970667,3
2020-06-17 05:00:00,MH010,3.19,11.803686,3
2020-06-17 06:00:00,MH010,5.72,12.393629,3
2020-06-17 07:00:00,MH010,6.91,12.853491,3
2020-06-17 08:00:00,MH010,6.09,13.582682,3
2020-06-17 09:00:00,MH010,3.29,14.140497,3
2020-06-17 10:00:00,MH010,1.13,13.806559,3
2020-06-17 11:00:00,MH010,1.13,13.354124,3
2020-06-17 12:00:00,MH010,4.54,13.228056,3
2020-06-17 13:00:00,MH010,4.09,13.009424,3
2020-06-17 14:00:00,MH010,1.29,12.796045,3
2020-06-17 15:00:00,MH010,1.0,12.767534,3
2020-06-17 16:00:00,MH010,0.37,12.573126,3
2020-06-17 17:00:00,MH010,0.37,11.630327,3
2020-06-17 18:00:00,MH010,0.37,9.253466,3
2020-06-17 19:00:00,MH010,2.73,9.22217,3
2020-06-17 20:00:00,MH010,2.09,8.705946,3
2020-06-17 21:00:00,MH010,0.73,7.370996,3
2020-06-17 22:00:00,MH010,5.39,5.866533,3
2020-06-17 23:00:00,MH010,6.0,4.963346,3
2020-06-18 00:00:00,MH010,4.18,4.407182,3
2020-06-18 01:00:00,MH010,5.82,3.9976327,3
2020-06-18 02:00:00,MH010,4.19,4.722978,3
2020-06-18 03:00:00,MH010,4.19,6.9525657,3
2020-06-18 04:00:00,MH010,8.81,7.484018,3
2020-06-18 05:00:00,MH010,7.18,8.384737,3
2020-06-18 06:00:00,MH010,6.09,8.703642,3
2020-06-18 07:00:00,MH010,9.62,9.137651,3
2020-06-18 08:00:00,MH010,17.27,9.63719,3
2020-06-18 09:00:00,MH010,7.13,11.476133,3
2020-06-18 10:00:00,MH010,15.96,11.761995,3
2020-06-18 11:00:00,MH010,4.28,12.1303425,3
2020-06-18 12:00:00,MH010,1.19,12.56513,3
2020-06-18 13:00:00,MH010,3.72,12.6574,3
2020-06-18 14:00:00,MH010,3.09,13.182276,3
2020-06-18 15:00:00,MH010,1.12,13.312998,3
2020-06-18 16:00:00,MH010,3.62,11.34511,3
2020-06-18 17:00:00,MH010,4.91,11.547136,3
2020-06-18 18:00:00,MH010,5.0,11.628252,3
2020-06-18 19:00:00,MH010,8.62,10.708815,3
2020-06-18 20:00:00,MH010,7.19,10.242147,3
2020-06-18 21:00:00,MH010,9.72,8.183458,3
2020-06-18 22:00:00,MH010,8.19,7.48739,3
2020-06-18 23:00:00,MH010,4.38,5.8415313,3
2020-06-19 00:00:00,MH010,3.09,6.3434043,3
2020-06-19 01:00:00,MH010,5.72,6.178556,3
2020-06-19 02:00:00,MH010,8.72,6.180532,3
2020-06-19 03:00:00,MH010,9.9,8.189337,3
2020-06-19 04:00:00,MH010,11.81,9.653154,3
2020-06-19 05:00:00,MH010,21.05,10.826101,3
2020-06-19 06:00:00,MH010,12.92,11.238329,3
2020-06-19 07:00:00,MH010,14.72,12.017618,3
2020-06-19 08:00:00,MH010,24.05,12.946611,3
2020-06-19 09:00:00,MH010,22.28,12.280382,3
2020-06-19 10:00:00,MH010,16.57,13.270273,3
2020-06-19 11:00:00,MH010,9.66,13.946974,3
2020-06-19 12:00:00,MH010,16.25,14.281237,3
2020-06-19 13:00:00,MH010,13.37,14.335348,3
2020-06-19 14:00:00,MH010,12.09,14.912468,3
2020-06-19 15:00:00,MH010,18.0,15.244303,3
2020-06-19 16:00:00,MH010,16.0,15.252272,3
2020-06-19 17:00:00,MH010,13.28,15.428432,3
2020-06-19 18:00:00,MH010,14.81,14.628441,3
2020-06-19 19:00:00,MH010,13.18,13.653494,3
2020-06-19 20:00:00,MH010,10.28,13.465895,3
2020-06-19 21:00:00,MH010,11.81,12.788488,3
2020-06-19 22:00:00,MH010,8.39,11.926619,3
2020-06-19 23:00:00,MH010,8.0,11.130964,3
2020-06-20 00:00:00,MH010,6.18,9.68318,3
2020-06-20 01:00:00,MH010,6.91,9.377474,3
2020-06-20 02:00:00,MH010,8.81,9.08238,3
2020-06-20 03:00:00,MH010,7.19,10.917448,3
2020-06-20 04:00:00,MH010,9.72,11.985559,3
2020-06-20 05:00:00,MH010,10.9,12.718954,3
2020-06-20 06:00:00,MH010,11.9,13.912973,3
2020-06-20 07:00:00,MH010,12.9,14.030588,3
2020-06-20 08:00:00,MH010,17.53,14.506023,3
2020-06-20 09:00:00,MH010,9.85,14.555555,3
2020-06-20 10:00:00,MH010,9.9,14.318247,3
2020-06-20 11:00:00,MH010,9.9,14.792944,3
2020-06-20 12:00:00,MH010,9.9,14.755075,3
2020-06-20 13:00:00,MH010,9.9,14.648302,3
2020-06-26 21:00:00,MH010,11.81,15.047853,3
2020-06-26 22:00:00,MH010,11.1,14.783922,3
2020-06-26 23:00:00,MH010,12.81,13.902632,3
2020-06-27 00:00:00,MH010,13.9,13.261408,3
2020-06-27 01:00:00,MH010,14.0,13.050463,3
2020-06-27 02:00:00,MH010,15.8,12.822069,3
2020-06-27 03:00:00,MH010,16.91,15.400139,3
2020-06-27 04:00:00,MH010,17.91,16.574837,3
2020-06-27 05:00:00,MH010,19.81,17.088417,3
2020-06-27 06:00:00,MH010,19.09,17.465199,3
2020-06-27 07:00:00,MH010,17.19,17.324802,3
2020-06-27 08:00:00,MH010,17.0,18.27321,3
2020-06-27 09:00:00,MH010,17.91,18.759487,3
2020-06-27 10:00:00,MH010,20.71,18.441795,3
2020-06-27 11:00:00,MH010,13.78,18.937496,3
2020-06-27 12:00:00,MH010,10.28,19.187302,3
2020-06-27 13:00:00,MH010,12.71,19.616697,3
2020-06-27 14:00:00,MH010,18.42,19.486797,3
2020-06-27 15:00:00,MH010,16.29,19.213938,3
2020-06-27 16:00:00,MH010,21.42,19.203285,3
2020-06-27 17:00:00,MH010,17.47,18.95231,3
2020-06-27 18:00:00,MH010,30.54,18.023926,3
2020-06-27 19:00:00,MH010,21.13,17.412457,3
2020-06-27 20:00:00,MH010,17.29,16.873344,3
2020-06-27 21:00:00,MH010,17.0,16.779928,3
2020-06-27 22:00:00,MH010,12.48,16.47273,3
2020-06-27 23:00:00,MH010,10.19,15.918234,3
2020-06-28 00:00:00,MH010,7.28,15.686533,3
2020-06-28 01:00:00,MH010,7.0,13.302538,3
2020-06-28 02:00:00,MH010,11.53,13.761488,3
2020-06-28 03:00:00,MH010,12.0,16.269047,3
2020-06-28 04:00:00,MH010,11.1,17.411455,3
2020-06-28 05:00:00,MH010,8.28,15.840712,3
2020-06-28 06:00:00,MH010,6.2,16.999537,3
2020-06-28 07:00:00,MH010,8.72,18.538172,3
2020-06-28 08:00:00,MH010,11.71,18.426186,3
2020-06-28 09:00:00,MH010,15.61,19.216156,3
2020-06-28 10:00:00,MH010,25.05,18.793606,3
2020-06-28 11:00:00,MH010,16.95,19.339409,3
2020-06-28 12:00:00,MH010,13.28,19.176336,3
2020-06-28 13:00:00,MH010,9.39,18.436596,3
2020-06-28 14:00:00,MH010,9.9,18.555405,3
2020-06-28 15:00:00,MH010,10.9,18.718285,3
2020-06-28 16:00:00,MH010,10.1,19.316864,3
2020-06-28 17:00:00,MH010,10.9,19.584114,3
2020-06-28 18:00:00,MH010,7.38,19.206024,3
2020-06-28 19:00:00,MH010,10.61,18.091763,3
2020-06-28 20:00:00,MH010,14.61,16.855543,3
2020-06-28 21:00:00,MH010,15.9,14.875082,3
2020-06-28 22:00:00,MH010,8.78,14.484949,3
2020-06-28 23:00:00,MH010,6.19,12.879488,3
2020-06-29 00:00:00,MH010,2.38,11.803022,3
2020-06-29 01:00:00,MH010,8.34,10.006994,3
2020-06-29 02:00:00,MH010,6.29,6.0913367,3
2020-06-29 03:00:00,MH010,10.28,10.604696,3
2020-06-29 04:00:00,MH010,11.2,12.220713,3
2020-06-29 05:00:00,MH010,13.71,12.248209,3
2020-06-29 06:00:00,MH010,10.38,12.121344,3
2020-06-29 07:00:00,MH010,16.34,14.4952965,3
2020-06-29 08:00:00,MH010,9.77,13.731619,3
2020-06-29 09:00:00,MH010,5.37,13.657087,3
2020-06-29 10:00:00,MH010,2.29,13.657064,3
2020-06-29 11:00:00,MH010,4.72,14.088739,3
2020-06-29 12:00:00,MH010,4.1,14.405264,3
2020-06-29 13:00:00,MH010,1.29,15.00061,3
2020-06-29 14:00:00,MH010,0.39,15.400568,3
2020-06-29 15:00:00,MH010,0.39,15.773006,3
2020-06-29 16:00:00,MH010,0.39,14.753279,3
2020-06-29 17:00:00,MH010,0.39,14.072897,3
2020-06-29 18:00:00,MH010,0.9,13.749079,3
2020-06-29 19:00:00,MH010,1.0,13.612017,3
2020-06-29 20:00:00,MH010,1.0,12.212194,3
2020-06-29 21:00:00,MH010,3.71,9.997217,3
2020-06-29 22:00:00,MH010,4.0,10.102499,3
2020-06-29 23:00:00,MH010,2.19,9.649073,3
2020-06-30 00:00:00,MH010,0.78,8.125757,3
2020-06-30 01:00:00,MH010,0.78,8.220255,3
2020-06-30 02:00:00,MH010,0.78,6.1157737,3
2020-06-30 03:00:00,MH010,0.78,9.441729,3
2020-06-30 04:00:00,MH010,4.53,9.977213,3
2020-06-30 05:00:00,MH010,4.09,10.666895,3
2020-06-30 06:00:00,MH010,2.19,10.986013,3
2020-06-30 07:00:00,MH010,4.71,9.901636,3
2020-06-30 08:00:00,MH010,4.09,10.197222,3
2020-06-30 09:00:00,MH010,4.9,10.511007,3
2020-06-30 10:00:00,MH010,8.63,10.77009,3
2020-06-30 11:00:00,MH010,7.19,10.750986,3
2020-06-30 12:00:00,MH010,4.28,11.250856,3
2020-06-30 13:00:00,MH010,4.0,11.370714,3
2020-06-30 14:00:00,MH010,4.9,11.39369,3
2020-06-30 15:00:00,MH010,5.0,11.619814,3
2020-06-30 16:00:00,MH010,5.0,11.8278675,3
2020-06-30 17:00:00,MH010,4.1,11.831408,3
2020-06-30 18:00:00,MH010,2.19,11.425833,3
2020-06-30 19:00:00,MH010,3.81,11.172327,3
2020-06-30 20:00:00,MH010,4.0,10.310247,3
2020-06-30 21:00:00,MH010,4.0,9.698431,3
2020-05-04 05:00:00,MH011,12.48,16.083988,3
2020-05-04 06:00:00,MH011,12.88,18.165005,3
2020-05-04 07:00:00,MH011,13.88,18.244425,3
2020-05-04 08:00:00,MH011,11.35,17.403677,3
2020-05-04 09:00:00,MH011,13.64,16.649326,3
2020-05-04 10:00:00,MH011,11.36,16.722254,3
2020-05-04 11:00:00,MH011,13.65,15.664387,3
2020-05-04 12:00:00,MH011,14.0,16.544096,3
2020-05-04 13:00:00,MH011,12.23,16.98326,3
2020-05-04 14:00:00,MH011,12.88,17.281588,3
2020-05-04 15:00:00,MH011,13.0,17.757847,3
2020-05-04 16:00:00,MH011,12.12,17.621973,3
2020-05-04 17:00:00,MH011,12.0,17.627516,3
2020-05-04 18:00:00,MH011,12.0,17.702963,3
2020-05-04 19:00:00,MH011,11.0,17.542637,3
2020-05-04 20:00:00,MH011,7.48,17.243872,3
2020-05-04 21:00:00,MH011,7.0,16.563267,3
2020-05-04 22:00:00,MH011,7.88,15.895687,3
2020-05-04 23:00:00,MH011,10.64,15.340893,3
2020-05-05 00:00:00,MH011,7.47,15.0559025,3
2020-05-05 01:00:00,MH011,5.23,15.053846,3
2020-05-05 02:00:00,MH011,6.76,14.880795,3
2020-05-05 03:00:00,MH011,7.0,17.734087,3
2020-05-05 04:00:00,MH011,14.95,18.625134,3
2020-05-05 05:00:00,MH011,16.0,18.598698,3
2020-05-05 06:00:00,MH011,16.88,18.807009,3
2020-05-05 07:00:00,MH011,11.7,18.395723,3
2020-05-05 08:00:00,MH011,10.12,18.092428,3
2020-05-05 09:00:00,MH011,12.64,17.192858,3
2020-05-05 10:00:00,MH011,10.35,17.391056,3
2020-05-05 11:00:00,MH011,8.24,15.917667,3
2020-05-05 12:00:00,MH011,11.53,16.568624,3
2020-05-05 13:00:00,MH011,11.12,17.061459,3
2020-05-05 14:00:00,MH011,8.35,17.180038,3
2020-05-05 15:00:00,MH011,10.65,17.043417,3
2020-05-05 16:00:00,MH011,11.0,17.05065,3
2020-05-05 17:00:00,MH011,10.12,16.868828,3
2020-05-05 18:00:00,MH011,16.18,16.171011,3
2020-05-05 19:00:00,MH011,14.35,15.705292,3
2020-05-05 20:00:00,MH011,15.76,14.891203,3
2020-05-05 21:00:00,MH011,12.48,14.038496,3
2020-05-05 22:00:00,MH011,13.76,12.922842,3
2020-05-05 23:00:00,MH011,19.3,12.091333,3
2020-05-06 00:00:00,MH011,18.24,12.359964,3
2020-05-06 01:00:00,MH011,10.93,12.6910305,3
2020-05-06 02:00:00,MH011,10.0,12.858576,3
2020-05-06 03:00:00,MH011,10.88,16.40947,3
2020-05-06 04:00:00,MH011,9.23,19.114063,3
2020-05-06 05:00:00,MH011,15.16,20.058674,3
2020-05-06 06:00:00,MH011,13.36,20.418863,3
2020-05-06 07:00:00,MH011,11.23,20.010365,3
2020-05-06 08:00:00,MH011,13.64,18.693367,3
2020-05-06 09:00:00,MH011,14.88,17.418169,3
2020-05-06 10:00:00,MH011,12.36,16.779823,3
2020-05-06 11:00:00,MH011,12.88,16.77649,3
2020-05-06 12:00:00,MH011,11.24,17.106146,3
2020-05-06 13:00:00,MH011,15.4,17.49772,3
2020-05-06 14:00:00,MH011,13.36,17.284197,3
2020-05-06 15:00:00,MH011,13.88,17.356606,3
2020-05-06 16:00:00,MH011,16.64,17.462473,3
2020-05-06 17:00:00,MH011,16.12,17.214752,3
2020-05-06 18:00:00,MH011,16.0,16.725903,3
2020-05-06 19:00:00,MH011,15.12,16.735619,3
2020-05-06 20:00:00,MH011,11.48,16.268663,3
2020-05-06 21:00:00,MH011,22.45,15.532986,3
2020-05-06 22:00:00,MH011,16.1,14.867956,3
2020-05-06 23:00:00,MH011,10.58,14.551018,3
2020-05-07 00:00:00,MH011,11.76,14.21884,3
2020-05-07 01:00:00,MH011,12.88,14.196714,3
2020-05-07 02:00:00,MH011,13.88,13.914061,3
2020-05-07 03:00:00,MH011,13.12,17.236067,3
2020-05-07 04:00:00,MH011,15.64,18.809494,3
2020-05-07 05:00:00,MH011,30.13,19.291548,3
2020-05-07 06:00:00,MH011,22.32,20.254179,3
2020-05-07 07:00:00,MH011,15.72,20.11979,3
2020-05-07 08:00:00,MH011,16.76,19.485514,3
2020-05-07 09:00:00,MH011,26.72,19.068848,3
2020-05-07 10:00:00,MH011,15.63,18.063091,3
2020-05-07 11:00:00,MH011,13.12,17.991852,3
2020-05-07 12:00:00,MH011,14.77,18.47171,3
2020-05-07 13:00:00,MH011,13.24,18.658535,3
2020-05-07 14:00:00,MH011,15.65,18.663874,3
2020-05-07 15:00:00,MH011,16.0,19.02066,3
2020-05-07 16:00:00,MH011,20.42,19.305548,3
2020-05-07 17:00:00,MH011,23.65,19.153738,3
2020-05-07 18:00:00,MH011,21.35,18.674534,3
2020-05-07 19:00:00,MH011,21.88,17.708948,3
2020-05-07 20:00:00,MH011,24.65,16.634075,3
2020-05-07 21:00:00,MH011,26.77,15.729681,3
2020-05-07 22:00:00,MH011,23.48,14.785297,3
2020-05-07 23:00:00,MH011,17.7,14.61521,3
2020-05-08 00:00:00,MH011,21.42,15.358231,3
2020-05-08 01:00:00,MH011,26.42,15.575769,3
2020-05-08 02:00:00,MH011,19.07,15.984638,3
2020-05-08 03:00:00,MH011,29.45,19.071934,3
2020-05-08 04:00:00,MH011,38.07,20.414806,3
2020-05-08 05:00:00,MH011,34.6,21.182682,3
2020-05-08 06:00:00,MH011,27.82,22.572254,3
2020-05-08 07:00:00,MH011,20.82,23.27944,3
2020-05-08 08:00:00,MH011,26.16,22.866674,3
2020-05-08 09:00:00,MH011,23.47,24.174295,3
2020-05-08 10:00:00,MH011,16.82,22.104408,3
2020-05-08 11:00:00,MH011,14.23,24.182983,3
2020-05-08 12:00:00,MH011,12.24,24.197306,3
2020-05-08 13:00:00,MH011,10.23,24.039497,3
2020-05-08 14:00:00,MH011,10.0,23.569054,3
2020-05-08 15:00:00,MH011,10.88,23.546898,3
2020-05-08 16:00:00,MH011,7.47,23.6575,3
2020-05-08 17:00:00,MH011,9.64,22.715805,3
2020-05-08 18:00:00,MH011,12.64,21.450846,3
2020-05-08 19:00:00,MH011,16.53,19.758827,3
2020-05-08 20:00:00,MH011,15.23,18.143517,3
2020-05-08 21:00:00,MH011,8.82,16.824938,3
2020-05-08 22:00:00,MH011,6.24,15.910234,3
2020-05-08 23:00:00,MH011,9.52,14.699343,3
2020-05-09 00:00:00,MH011,9.12,14.7501545,3
2020-05-09 01:00:00,MH011,9.0,14.665869,3
2020-05-09 02:00:00,MH011,8.12,14.938456,3
2020-05-09 03:00:00,MH011,6.23,17.625948,3
2020-05-09 04:00:00,MH011,12.16,18.403646,3
2020-05-09 05:00:00,MH011,24.45,18.651703,3
2020-05-09 06:00:00,MH011,21.58,18.885641,3
2020-05-09 07:00:00,MH011,15.72,20.507677,3
2020-05-09 08:00:00,MH011,19.42,20.949738,3
2020-05-09 09:00:00,MH011,19.12,20.491564,3
2020-05-09 10:00:00,MH011,15.48,19.890322,3
2020-05-09 11:00:00,MH011,16.76,20.452555,3
2020-05-09 12:00:00,MH011,9.93,20.804564,3
2020-05-09 13:00:00,MH011,12.53,20.7966,3
2020-05-09 14:00:00,MH011,9.47,20.54446,3
2020-05-09 15:00:00,MH011,13.42,20.209352,3
2020-05-09 16:00:00,MH011,12.24,20.063778,3
2020-05-09 17:00:00,MH011,14.64,19.959183,3
2020-05-09 18:00:00,MH011,12.35,19.575096,3
2020-05-09 19:00:00,MH011,12.0,18.76497,3
2020-05-09 20:00:00,MH011,15.53,17.258562,3
2020-05-09 21:00:00,MH011,21.28,15.822866,3
2020-05-09 22:00:00,MH011,14.96,15.189863,3
2020-05-09 23:00:00,MH011,11.35,15.140789,3
2020-05-10 00:00:00,MH011,10.12,15.037762,3
2020-05-10 01:00:00,MH011,10.0,14.696917,3
2020-05-10 02:00:00,MH011,9.12,14.146261,3
2020-05-10 03:00:00,MH011,16.05,16.59824,3
2020-05-10 04:00:00,MH011,25.8,19.309452,3
2020-05-10 05:00:00,MH011,13.79,20.648584,3
2020-05-10 06:00:00,MH011,9.36,21.289406,3
2020-05-10 07:00:00,MH011,12.52,21.10579,3
2020-05-10 08:00:00,MH011,13.88,20.675701,3
2020-05-10 09:00:00,MH011,16.65,20.031898,3
2020-05-10 10:00:00,MH011,10.82,19.5301,3
2020-05-10 11:00:00,MH011,11.76,20.77219,3
2020-05-10 12:00:00,MH011,8.48,21.190357,3
2020-05-10 13:00:00,MH011,10.65,20.627596,3
2020-05-10 14:00:00,MH011,13.64,19.968971,3
2020-05-10 15:00:00,MH011,12.23,19.622967,3
2020-05-10 16:00:00,MH011,8.47,19.37715,3
2020-05-10 17:00:00,MH011,8.0,19.04348,3
2020-05-10 18:00:00,MH011,13.28,18.137531,3
2020-05-10 19:00:00,MH011,10.47,16.974813,3
2020-05-10 20:00:00,MH011,15.28,15.830204,3
2020-05-10 21:00:00,MH011,11.58,15.223444,3
2020-05-10 22:00:00,MH011,15.4,15.310949,3
2020-05-10 23:00:00,MH011,18.0,15.376184,3
2020-05-11 00:00:00,MH011,14.47,15.3066845,3
2020-05-11 01:00:00,MH011,11.35,15.264767,3
2020-05-11 02:00:00,MH011,18.93,14.718594,3
2020-05-11 03:00:00,MH011,18.23,17.11775,3
2020-05-11 04:00:00,MH011,29.45,19.223467,3
2020-05-11 05:00:00,MH011,55.66,20.044285,3
2020-05-11 06:00:00,MH011,24.66,20.866991,3
2020-05-11 07:00:00,MH011,20.88,19.315063,3
2020-05-11 08:00:00,MH011,17.47,19.621532,3
2020-05-11 09:00:00,MH011,20.53,17.633093,3
2020-05-11 10:00:00,MH011,16.58,18.957314,3
2020-05-11 11:00:00,MH011,11.58,20.61965,3
2020-05-11 12:00:00,MH011,8.36,21.078522,3
2020-05-11 13:00:00,MH011,8.0,22.917505,3
2020-05-11 14:00:00,MH011,6.23,22.361952,3
2020-05-11 15:00:00,MH011,6.88,21.884695,3
2020-05-11 16:00:00,MH011,12.28,21.870087,3
2020-05-11 17:00:00,MH011,13.88,21.220543,3
2020-05-11 18:00:00,MH011,11.36,19.809872,3
2020-05-11 19:00:00,MH011,16.3,18.644163,3
2020-05-11 20:00:00,MH011,14.35,17.17103,3
2020-05-11 21:00:00,MH011,11.36,15.773315,3
2020-05-11 22:00:00,MH011,10.12,14.703499,3
2020-05-11 23:00:00,MH011,12.64,14.38262,3
2020-05-12 00:00:00,MH011,8.6,14.421644,3
2020-05-12 01:00:00,MH011,11.53,14.965496,3
2020-05-12 02:00:00,MH011,12.0,16.561089,3
2020-05-12 03:00:00,MH011,19.95,19.751095,3
2020-05-12 04:00:00,MH011,21.0,20.86433,3
2020-05-12 05:00:00,MH011,29.83,20.944267,3
2020-05-12 06:00:00,MH011,26.58,20.297737,3
2020-05-12 07:00:00,MH011,13.67,19.528288,3
2020-05-12 08:00:00,MH011,19.07,19.260084,3
2020-05-12 09:00:00,MH011,20.0,18.568468,3
2020-05-12 10:00:00,MH011,15.58,18.632418,3
2020-05-12 11:00:00,MH011,8.84,19.509539,3
2020-05-12 12:00:00,MH011,7.12,20.834589,3
2020-05-12 13:00:00,MH011,7.88,21.299284,3
2020-05-12 14:00:00,MH011,14.16,21.240297,3
2020-05-12 15:00:00,MH011,10.58,20.619852,3
2020-05-12 16:00:00,MH011,14.4,21.3463,3
2020-05-12 17:00:00,MH011,12.35,20.752018,3
2020-05-12 18:00:00,MH011,14.64,19.57987,3
2020-05-12 19:00:00,MH011,12.35,18.255972,3
2020-05-12 20:00:00,MH011,11.12,17.0906,3
2020-05-12 21:00:00,MH011,10.12,15.619938,3
2020-05-12 22:00:00,MH011,8.23,14.583635,3
2020-05-12 23:00:00,MH011,11.53,14.298872,3
2020-05-13 00:00:00,MH011,8.47,13.974859,3
2020-05-13 01:00:00,MH011,9.76,13.763781,3
2020-05-13 02:00:00,MH011,10.0,14.2505245,3
2020-05-13 03:00:00,MH011,9.12,17.701145,3
2020-05-13 04:00:00,MH011,9.0,18.298077,3
2020-05-13 05:00:00,MH011,21.37,19.418339,3
2020-05-13 06:00:00,MH011,22.12,19.40134,3
2020-05-13 07:00:00,MH011,18.48,19.546967,3
2020-05-13 08:00:00,MH011,18.88,19.223122,3
2020-05-13 09:00:00,MH011,20.77,17.654951,3
2020-05-13 10:00:00,MH011,13.96,17.249958,3
2020-05-13 11:00:00,MH011,13.0,18.006472,3
2020-05-13 12:00:00,MH011,10.35,18.599094,3
2020-05-13 13:00:00,MH011,6.48,18.920713,3
2020-05-13 14:00:00,MH011,6.88,19.096834,3
2020-05-13 15:00:00,MH011,7.88,19.426558,3
2020-05-13 16:00:00,MH011,8.88,19.58193,3
2020-05-13 17:00:00,MH011,9.0,19.422628,3
2020-05-13 18:00:00,MH011,11.65,18.723953,3
2020-05-13 19:00:00,MH011,9.36,17.245146,3
2020-05-13 20:00:00,MH011,8.12,15.875509,3
2020-05-13 21:00:00,MH011,8.0,14.292227,3
2020-05-13 22:00:00,MH011,9.76,12.765818,3
2020-05-13 23:00:00,MH011,9.12,11.787497,3
2020-05-14 00:00:00,MH011,9.88,11.884092,3
2020-05-14 01:00:00,MH011,9.12,12.20709,3
2020-05-14 02:00:00,MH011,9.88,12.252436,3
2020-05-14 03:00:00,MH011,11.77,14.964216,3
2020-05-14 04:00:00,MH011,15.53,17.424194,3
2020-05-14 05:00:00,MH011,16.88,18.391958,3
2020-05-14 06:00:00,MH011,12.6,19.250072,3
2020-05-14 07:00:00,MH011,9.35,19.252584,3
2020-05-14 08:00:00,MH011,15.16,19.34205,3
2020-05-14 09:00:00,MH011,14.23,18.900265,3
2020-05-14 10:00:00,MH011,10.48,19.26745,3
2020-05-14 11:00:00,MH011,13.52,17.663385,3
2020-05-14 12:00:00,MH011,9.58,17.372486,3
2020-05-14 13:00:00,MH011,9.77,17.14193,3
2020-05-14 14:00:00,MH011,9.77,16.821394,3
2020-05-14 15:00:00,MH011,10.0,16.75157,3
2020-05-14 16:00:00,MH011,10.0,17.099934,3
2020-05-14 17:00:00,MH011,10.0,16.911366,3
2020-05-14 18:00:00,MH011,10.0,16.15764,3
2020-05-17 06:00:00,MH011,34.61,47.40781,3
2020-05-17 07:00:00,MH011,34.0,52.42155,3
2020-05-17 08:00:00,MH011,32.24,53.416527,3
2020-05-17 09:00:00,MH011,31.12,51.98296,3
2020-05-17 10:00:00,MH011,28.36,50.75666,3
2020-05-17 11:00:00,MH011,24.48,47.455536,3
2020-05-17 12:00:00,MH011,24.0,43.664215,3
2020-05-17 13:00:00,MH011,18.73,39.593266,3
2020-05-17 14:00:00,MH011,18.73,36.150154,3
2020-05-17 15:00:00,MH011,18.73,34.18828,3
2020-05-17 16:00:00,MH011,18.73,32.076317,3
2020-05-17 17:00:00,MH011,19.0,29.976461,3
2020-05-17 18:00:00,MH011,19.0,27.235804,3
2020-05-17 19:00:00,MH011,19.0,25.083698,3
2020-05-17 20:00:00,MH011,19.0,22.642427,3
2020-05-17 21:00:00,MH011,19.0,20.92088,3
2020-05-17 22:00:00,MH011,20.0,19.314642,3
2020-05-17 23:00:00,MH011,20.0,18.062067,3
2020-05-18 00:00:00,MH011,20.0,16.680475,3
2020-05-18 01:00:00,MH011,20.0,16.346947,3
2020-05-22 04:00:00,MH011,9.72,19.085777,3
2020-05-22 05:00:00,MH011,14.27,18.834818,3
2020-05-22 06:00:00,MH011,11.49,18.847431,3
2020-05-22 07:00:00,MH011,11.88,19.181877,3
2020-05-22 08:00:00,MH011,11.12,18.575546,3
2020-05-22 09:00:00,MH011,14.51,17.815294,3
2020-05-22 10:00:00,MH011,11.49,17.344606,3
2020-05-22 11:00:00,MH011,12.75,17.433666,3
2020-05-22 12:00:00,MH011,10.37,17.441309,3
2020-05-22 13:00:00,MH011,10.88,17.882717,3
2020-05-22 14:00:00,MH011,14.51,18.674294,3
2020-05-22 15:00:00,MH011,10.61,19.190636,3
2020-05-22 16:00:00,MH011,11.75,19.392572,3
2020-05-22 17:00:00,MH011,12.0,19.558212,3
2020-05-22 18:00:00,MH011,13.75,19.452425,3
2020-05-22 19:00:00,MH011,16.62,18.910593,3
2020-05-22 20:00:00,MH011,13.5,18.391394,3
2020-05-22 21:00:00,MH011,10.38,18.04833,3
2020-05-22 22:00:00,MH011,16.12,17.5119,3
2020-05-22 23:00:00,MH011,14.37,17.016344,3
2020-05-23 00:00:00,MH011,14.0,16.703259,3
2020-05-23 01:00:00,MH011,13.12,16.399994,3
2020-05-23 02:00:00,MH011,11.25,15.750444,3
2020-05-23 03:00:00,MH011,15.38,18.060303,3
2020-05-23 04:00:00,MH011,17.75,18.909243,3
2020-05-23 05:00:00,MH011,15.37,19.805077,3
2020-05-23 06:00:00,MH011,20.27,19.760283,3
2020-05-23 07:00:00,MH011,16.61,21.262499,3
2020-05-23 08:00:00,MH011,12.49,21.183998,3
2020-05-23 09:00:00,MH011,13.75,19.920086,3
2020-05-23 10:00:00,MH011,17.48,19.365934,3
2020-05-23 11:00:00,MH011,17.12,19.52336,3
2020-05-23 12:00:00,MH011,10.86,18.81975,3
2020-05-23 13:00:00,MH011,9.12,19.400951,3
2020-05-23 14:00:00,MH011,10.75,19.25583,3
2020-05-23 15:00:00,MH011,16.27,18.715721,3
2020-05-23 16:00:00,MH011,16.12,18.80403,3
2020-05-23 17:00:00,MH011,15.12,18.923792,3
2020-05-23 18:00:00,MH011,12.36,18.801432,3
2020-05-23 19:00:00,MH011,12.0,18.106108,3
2020-05-23 20:00:00,MH011,12.0,16.419687,3
2020-05-23 21:00:00,MH011,9.37,15.173187,3
2020-05-23 22:00:00,MH011,8.12,14.486904,3
2020-05-23 23:00:00,MH011,10.62,14.08539,3
2020-05-24 00:00:00,MH011,9.25,14.081823,3
2020-05-24 01:00:00,MH011,11.63,13.632853,3
2020-05-24 02:00:00,MH011,13.75,13.609522,3
2020-05-24 03:00:00,MH011,12.25,15.261602,3
2020-05-24 04:00:00,MH011,10.25,16.507385,3
2020-05-24 05:00:00,MH011,12.62,17.34551,3
2020-05-24 06:00:00,MH011,13.0,17.821123,3
2020-05-24 07:00:00,MH011,13.0,18.318373,3
2020-05-24 08:00:00,MH011,11.25,17.928276,3
2020-05-24 09:00:00,MH011,11.88,18.010122,3
2020-05-24 10:00:00,MH011,10.25,18.010555,3
2020-05-24 11:00:00,MH011,12.62,18.344995,3
2020-05-24 12:00:00,MH011,10.38,19.021465,3
2020-05-24 13:00:00,MH011,10.0,19.340374,3
2020-05-24 14:00:00,MH011,7.38,19.130802,3
2020-05-24 15:00:00,MH011,8.75,19.016447,3
2020-05-24 16:00:00,MH011,10.75,18.87694,3
2020-05-24 17:00:00,MH011,8.38,18.656963,3
2020-05-24 18:00:00,MH011,8.88,18.648346,3
2020-05-24 19:00:00,MH011,16.02,18.21852,3
2020-05-24 20:00:00,MH011,10.86,17.504692,3
2020-05-24 21:00:00,MH011,9.12,15.868414,3
2020-05-24 22:00:00,MH011,9.0,14.97146,3
2020-05-24 23:00:00,MH011,9.0,14.832724,3
2020-05-25 00:00:00,MH011,7.25,13.956953,3
2020-05-25 01:00:00,MH011,15.78,13.46446,3
2020-05-25 02:00:00,MH011,8.25,13.349775,3
2020-05-25 03:00:00,MH011,9.62,13.611437,3
2020-05-25 04:00:00,MH011,10.0,15.002678,3
2020-05-25 05:00:00,MH011,18.78,15.909576,3
2020-05-25 06:00:00,MH011,14.75,16.291908,3
2020-05-25 07:00:00,MH011,20.06,17.784456,3
2020-05-25 08:00:00,MH011,14.86,18.325584,3
2020-05-25 09:00:00,MH011,13.12,18.327934,3
2020-05-25 10:00:00,MH011,10.37,18.51607,3
2020-05-25 11:00:00,MH011,16.12,17.36585,3
2020-05-25 12:00:00,MH011,13.5,18.138596,3
2020-05-25 13:00:00,MH011,13.0,18.903542,3
2020-05-25 14:00:00,MH011,10.37,19.421637,3
2020-05-25 15:00:00,MH011,9.12,19.862146,3
2020-05-25 16:00:00,MH011,11.62,20.175287,3
2020-05-25 17:00:00,MH011,12.88,20.045887,3
2020-05-25 18:00:00,MH011,14.75,19.616486,3
2020-05-25 19:00:00,MH011,15.0,19.155855,3
2020-05-25 20:00:00,MH011,19.38,18.156397,3
2020-05-25 21:00:00,MH011,19.12,16.788733,3
2020-05-25 22:00:00,MH011,12.02,15.644432,3
2020-05-25 23:00:00,MH011,17.12,15.418543,3
2020-05-26 00:00:00,MH011,11.0,14.792089,3
2020-05-26 01:00:00,MH011,12.63,14.750223,3
2020-05-26 02:00:00,MH011,16.5,14.927366,3
2020-05-26 03:00:00,MH011,16.12,17.692713,3
2020-05-26 04:00:00,MH011,16.88,18.170616,3
2020-05-26 05:00:00,MH011,14.38,19.016413,3
2020-05-26 06:00:00,MH011,14.88,18.976805,3
2020-05-26 07:00:00,MH011,18.5,18.250454,3
2020-05-26 08:00:00,MH011,14.61,18.21036,3
2020-05-26 09:00:00,MH011,14.0,18.222786,3
2020-05-26 10:00:00,MH011,12.25,18.231228,3
2020-05-26 11:00:00,MH011,12.0,18.302948,3
2020-05-26 12:00:00,MH011,9.38,18.439463,3
2020-05-26 13:00:00,MH011,12.51,18.881166,3
2020-05-26 14:00:00,MH011,9.49,19.496017,3
2020-05-26 15:00:00,MH011,8.12,19.864058,3
2020-05-26 16:00:00,MH011,7.12,19.999334,3
2020-05-26 17:00:00,MH011,8.75,19.761143,3
2020-05-26 18:00:00,MH011,10.75,19.248768,3
2020-05-26 19:00:00,MH011,10.12,18.756647,3
2020-05-26 20:00:00,MH011,10.0,17.759361,3
2020-05-26 21:00:00,MH011,9.12,16.686237,3
2020-05-26 22:00:00,MH011,11.62,15.561644,3
2020-05-26 23:00:00,MH011,12.0,14.774414,3
2020-05-27 00:00:00,MH011,9.37,14.278582,3
2020-05-27 01:00:00,MH011,11.62,14.268122,3
2020-05-27 02:00:00,MH011,12.0,14.091043,3
2020-05-27 03:00:00,MH011,9.38,16.868546,3
2020-05-27 04:00:00,MH011,9.88,17.761099,3
2020-05-27 05:00:00,MH011,10.88,17.476536,3
2020-05-27 06:00:00,MH011,11.88,17.173553,3
2020-05-27 07:00:00,MH011,11.12,16.822327,3
2020-05-27 08:00:00,MH011,11.88,16.079378,3
2020-05-27 09:00:00,MH011,9.38,15.8094425,3
2020-05-27 10:00:00,MH011,8.12,15.42255,3
2020-05-27 11:00:00,MH011,7.12,15.469534,3
2020-05-27 12:00:00,MH011,6.12,16.405745,3
2020-05-27 13:00:00,MH011,6.88,17.128927,3
2020-05-27 14:00:00,MH011,8.75,17.517176,3
2020-05-27 15:00:00,MH011,10.75,18.543076,3
2020-05-27 16:00:00,MH011,13.62,18.789742,3
2020-05-27 17:00:00,MH011,15.75,18.71049,3
2020-05-27 18:00:00,MH011,9.0,18.522324,3
2020-05-27 19:00:00,MH011,10.63,17.651403,3
2020-05-27 20:00:00,MH011,11.88,16.872314,3
2020-05-27 21:00:00,MH011,12.0,15.729607,3
2020-05-27 22:00:00,MH011,11.12,15.103233,3
2020-05-27 23:00:00,MH011,8.38,14.85972,3
2020-05-28 00:00:00,MH011,8.0,14.8036175,3
2020-05-28 01:00:00,MH011,9.75,14.297041,3
2020-05-28 02:00:00,MH011,10.0,14.024599,3
2020-05-28 03:00:00,MH011,10.88,15.851217,3
2020-05-28 04:00:00,MH011,11.88,16.396835,3
2020-05-28 05:00:00,MH011,12.88,16.330437,3
2020-05-28 06:00:00,MH011,11.25,15.991882,3
2020-05-28 07:00:00,MH011,12.75,15.912712,3
2020-05-28 08:00:00,MH011,11.25,15.8526,3
2020-05-28 09:00:00,MH011,8.37,16.17552,3
2020-05-28 10:00:00,MH011,7.12,16.408798,3
2020-05-28 11:00:00,MH011,7.0,17.036366,3
2020-05-28 12:00:00,MH011,4.38,17.64194,3
2020-05-28 13:00:00,MH011,6.63,18.355947,3
2020-05-28 14:00:00,MH011,12.27,18.835625,3
2020-05-28 15:00:00,MH011,9.51,19.064957,3
2020-05-28 16:00:00,MH011,11.63,19.234919,3
2020-05-28 17:00:00,MH011,13.75,18.834892,3
2020-05-28 18:00:00,MH011,11.37,18.713062,3
2020-05-28 19:00:00,MH011,13.63,17.950964,3
2020-05-28 20:00:00,MH011,8.74,16.639893,3
2020-05-28 21:00:00,MH011,8.0,15.807676,3
2020-05-28 22:00:00,MH011,5.38,15.246122,3
2020-05-28 23:00:00,MH011,5.0,13.891787,3
2020-05-29 00:00:00,MH011,6.75,13.787516,3
2020-05-29 01:00:00,MH011,7.88,13.630358,3
2020-05-29 02:00:00,MH011,9.75,14.224714,3
2020-05-29 03:00:00,MH011,6.5,15.396236,3
2020-05-29 04:00:00,MH011,6.0,15.8284,3
2020-05-29 05:00:00,MH011,5.12,15.822428,3
2020-05-29 06:00:00,MH011,7.62,15.445696,3
2020-05-29 07:00:00,MH011,8.88,15.344469,3
2020-05-29 08:00:00,MH011,7.25,15.995743,3
2020-05-29 09:00:00,MH011,9.63,16.21088,3
2020-05-29 10:00:00,MH011,8.25,16.021767,3
2020-05-29 11:00:00,MH011,6.25,15.303976,3
2020-05-29 12:00:00,MH011,5.12,15.484562,3
2020-05-29 13:00:00,MH011,3.25,16.609493,3
2020-05-29 14:00:00,MH011,3.0,17.665506,3
2020-05-29 15:00:00,MH011,6.51,18.486584,3
2020-05-29 16:00:00,MH011,4.38,18.760014,3
2020-05-29 17:00:00,MH011,6.62,18.59965,3
2020-05-29 18:00:00,MH011,10.5,17.957249,3
2020-05-29 19:00:00,MH011,8.38,16.789354,3
2020-05-29 20:00:00,MH011,5.37,15.334621,3
2020-05-29 21:00:00,MH011,6.75,14.20471,3
2020-05-29 22:00:00,MH011,7.0,13.517931,3
2020-05-29 23:00:00,MH011,6.12,12.707277,3
2020-05-30 00:00:00,MH011,7.75,12.772844,3
2020-05-30 01:00:00,MH011,7.12,12.997065,3
2020-05-30 02:00:00,MH011,12.24,12.572348,3
2020-05-30 03:00:00,MH011,9.5,14.78801,3
2020-05-30 04:00:00,MH011,6.37,15.951578,3
2020-05-30 05:00:00,MH011,11.25,16.577055,3
2020-05-30 06:00:00,MH011,10.25,17.492498,3
2020-05-30 07:00:00,MH011,7.37,17.297749,3
2020-05-30 08:00:00,MH011,5.25,16.530518,3
2020-05-30 09:00:00,MH011,5.0,16.415958,3
2020-05-30 10:00:00,MH011,5.88,15.668003,3
2020-05-30 11:00:00,MH011,5.12,16.352741,3
2020-05-30 12:00:00,MH011,3.25,17.305582,3
2020-05-30 13:00:00,MH011,5.62,17.55131,3
2020-05-30 14:00:00,MH011,4.25,17.360203,3
2020-05-30 15:00:00,MH011,6.62,17.311506,3
2020-05-30 16:00:00,MH011,6.12,17.309116,3
2020-05-30 17:00:00,MH011,6.0,17.247173,3
2020-05-30 18:00:00,MH011,5.12,16.81168,3
2020-05-30 19:00:00,MH011,8.5,16.225908,3
2020-05-30 20:00:00,MH011,8.12,15.213469,3
2020-05-30 21:00:00,MH011,7.12,14.011881,3
2020-05-30 22:00:00,MH011,7.87,13.087347,3
2020-05-30 23:00:00,MH011,8.0,12.527132,3
2020-05-31 00:00:00,MH011,6.25,12.410906,3
2020-05-31 01:00:00,MH011,6.0,12.279367,3
2020-05-31 02:00:00,MH011,6.88,12.010569,3
2020-05-31 03:00:00,MH011,8.75,13.64097,3
2020-05-31 04:00:00,MH011,7.25,14.551237,3
2020-05-31 05:00:00,MH011,9.62,14.948124,3
2020-05-31 06:00:00,MH011,14.38,15.243713,3
2020-05-31 07:00:00,MH011,10.62,15.249315,3
2020-05-31 08:00:00,MH011,10.88,14.331419,3
2020-05-31 09:00:00,MH011,9.25,14.529371,3
2020-05-31 10:00:00,MH011,6.38,15.0049,3
2020-05-31 11:00:00,MH011,8.62,15.462156,3
2020-05-31 12:00:00,MH011,9.0,16.63801,3
2020-05-31 13:00:00,MH011,9.0,18.10379,3
2020-05-31 14:00:00,MH011,6.38,18.553907,3
2020-05-31 15:00:00,MH011,9.5,18.86071,3
2020-05-31 16:00:00,MH011,9.12,18.695686,3
2020-05-31 17:00:00,MH011,11.62,18.36442,3
2020-05-31 18:00:00,MH011,7.62,17.788206,3
2020-05-31 19:00:00,MH011,7.0,17.645935,3
2020-05-31 20:00:00,MH011,6.12,17.330965,3
2020-05-31 21:00:00,MH011,6.88,16.324812,3
2020-05-31 22:00:00,MH011,5.25,15.593735,3
2020-05-31 23:00:00,MH011,12.88,14.91913,3
2020-06-01 00:00:00,MH011,8.75,14.35862,3
2020-06-01 01:00:00,MH011,6.25,13.589018,3
2020-06-01 02:00:00,MH011,11.27,13.814432,3
2020-06-01 03:00:00,MH011,8.5,13.93667,3
2020-06-01 04:00:00,MH011,6.25,14.495642,3
2020-06-01 05:00:00,MH011,5.12,14.959974,3
2020-06-01 06:00:00,MH011,5.88,15.453238,3
2020-06-01 07:00:00,MH011,6.0,15.883896,3
2020-06-01 08:00:00,MH011,6.0,14.569914,3
2020-06-01 09:00:00,MH011,11.25,14.719664,3
2020-06-01 10:00:00,MH011,25.12,14.1112995,3
2020-06-01 11:00:00,MH011,24.38,14.576212,3
2020-06-01 12:00:00,MH011,20.5,13.322672,3
2020-06-01 13:00:00,MH011,19.12,14.070791,3
2020-06-01 14:00:00,MH011,19.0,15.139435,3
2020-06-01 15:00:00,MH011,17.25,15.799345,3
2020-06-01 16:00:00,MH011,17.88,17.242289,3
2020-06-01 17:00:00,MH011,15.38,18.802053,3
2020-06-01 18:00:00,MH011,13.26,21.021032,3
2020-06-01 19:00:00,MH011,11.25,22.92411,3
2020-06-01 20:00:00,MH011,16.25,21.740387,3
2020-06-01 21:00:00,MH011,11.75,20.807493,3
2020-06-01 22:00:00,MH011,10.13,19.946121,3
2020-06-01 23:00:00,MH011,12.62,18.6581,3
2020-06-02 00:00:00,MH011,12.12,17.808487,3
2020-06-02 01:00:00,MH011,8.5,17.300615,3
2020-06-02 02:00:00,MH011,12.39,17.062723,3
2020-06-02 03:00:00,MH011,14.75,19.192358,3
2020-06-02 04:00:00,MH011,11.49,19.992363,3
2020-06-02 05:00:00,MH011,14.51,20.426956,3
2020-06-02 06:00:00,MH011,15.88,19.81456,3
2020-06-02 07:00:00,MH011,21.24,18.684992,3
2020-06-02 08:00:00,MH011,32.5,18.47083,3
2020-06-02 09:00:00,MH011,31.38,18.822271,3
2020-06-02 10:00:00,MH011,24.86,18.808722,3
2020-06-02 11:00:00,MH011,25.75,18.225445,3
2020-06-02 12:00:00,MH011,24.25,18.47307,3
2020-06-02 13:00:00,MH011,18.75,19.229622,3
2020-06-02 14:00:00,MH011,17.12,19.884192,3
2020-06-02 15:00:00,MH011,11.75,23.524652,3
2020-06-02 16:00:00,MH011,17.12,25.147581,3
2020-06-02 17:00:00,MH011,17.12,26.38866,3
2020-06-02 18:00:00,MH011,14.37,25.647448,3
2020-06-02 19:00:00,MH011,20.12,25.33213,3
2020-06-02 20:00:00,MH011,17.5,22.278273,3
2020-06-02 21:00:00,MH011,20.5,18.39515,3
2020-06-02 22:00:00,MH011,18.38,15.663595,3
2020-06-02 23:00:00,MH011,7.47,13.948294,3
2020-06-03 00:00:00,MH011,12.12,13.123171,3
2020-06-03 01:00:00,MH011,9.49,12.50926,3
2020-06-03 02:00:00,MH011,10.75,12.052713,3
2020-06-03 03:00:00,MH011,9.25,13.611303,3
2020-06-03 04:00:00,MH011,6.38,14.759924,3
2020-06-03 05:00:00,MH011,6.0,15.962563,3
2020-06-03 06:00:00,MH011,4.25,16.248484,3
2020-06-03 07:00:00,MH011,4.88,16.300013,3
2020-06-03 08:00:00,MH011,6.75,16.326706,3
2020-06-03 09:00:00,MH011,4.38,15.274145,3
2020-06-03 10:00:00,MH011,1.38,13.280352,3
2020-06-03 11:00:00,MH011,1.87,13.417711,3
2020-06-03 12:00:00,MH011,1.0,13.088755,3
2020-06-03 13:00:00,MH011,0.88,12.099428,3
2020-06-03 14:00:00,MH011,1.88,11.293844,3
2020-06-03 15:00:00,MH011,4.5,10.395231,3
2020-06-03 16:00:00,MH011,3.51,7.7046943,3
2020-06-03 17:00:00,MH011,1.25,7.4322944,3
2020-06-03 18:00:00,MH011,0.51,7.583345,3
2020-06-03 19:00:00,MH011,1.75,9.286081,3
2020-06-03 20:00:00,MH011,2.88,11.714445,3
2020-06-03 21:00:00,MH011,3.0,11.807459,3
2020-06-03 22:00:00,MH011,3.0,10.523264,3
2020-06-03 23:00:00,MH011,3.88,9.927595,3
2020-06-04 00:00:00,MH011,4.0,9.000181,3
2020-06-04 01:00:00,MH011,2.25,7.8647017,3
2020-06-04 02:00:00,MH011,13.38,8.388113,3
2020-06-04 03:00:00,MH011,12.38,10.189665,3
2020-06-04 04:00:00,MH011,12.87,11.115393,3
2020-06-04 05:00:00,MH011,10.38,12.285044,3
2020-06-04 06:00:00,MH011,13.5,13.278067,3
2020-06-04 07:00:00,MH011,15.75,13.765505,3
2020-06-04 08:00:00,MH011,9.0,14.2139,3
2020-06-04 09:00:00,MH011,6.25,14.928122,3
2020-06-04 10:00:00,MH011,8.62,14.545513,3
2020-06-04 11:00:00,MH011,6.38,15.010672,3
2020-06-04 12:00:00,MH011,4.25,15.269875,3
2020-06-04 13:00:00,MH011,5.75,15.542345,3
2020-06-04 14:00:00,MH011,4.25,14.810625,3
2020-06-04 15:00:00,MH011,3.12,14.923561,3
2020-06-04 16:00:00,MH011,4.75,15.010168,3
2020-06-04 17:00:00,MH011,5.87,14.667688,3
2020-06-04 18:00:00,MH011,15.6,12.290564,3
2020-06-04 19:00:00,MH011,17.87,10.972158,3
2020-06-04 20:00:00,MH011,15.38,10.53517,3
2020-06-04 21:00:00,MH011,19.38,9.84342,3
2020-06-04 22:00:00,MH011,21.75,9.312334,3
2020-06-04 23:00:00,MH011,22.0,7.68432,3
2020-06-05 00:00:00,MH011,6.25,7.727258,3
2020-06-05 01:00:00,MH011,7.0,7.46013,3
2020-06-05 02:00:00,MH011,6.5,8.121721,3
2020-06-05 03:00:00,MH011,7.75,10.859259,3
2020-06-05 04:00:00,MH011,8.0,12.114489,3
2020-06-05 05:00:00,MH011,7.12,13.129042,3
2020-06-05 06:00:00,MH011,9.62,14.417664,3
2020-06-05 07:00:00,MH011,10.0,15.369196,3
2020-06-05 08:00:00,MH011,10.0,15.202896,3
2020-06-05 09:00:00,MH011,7.38,14.564455,3
2020-06-05 10:00:00,MH011,7.0,14.410463,3
2020-06-05 11:00:00,MH011,5.25,13.611731,3
2020-06-05 12:00:00,MH011,3.25,13.099546,3
2020-06-05 13:00:00,MH011,2.13,13.223593,3
2020-06-05 14:00:00,MH011,5.5,13.442404,3
2020-06-05 15:00:00,MH011,6.88,13.827372,3
2020-06-05 16:00:00,MH011,7.0,13.327013,3
2020-06-05 17:00:00,MH011,9.62,12.441114,3
2020-06-05 18:00:00,MH011,8.25,10.601175,3
2020-06-05 19:00:00,MH011,6.25,10.600725,3
2020-06-05 20:00:00,MH011,6.0,11.05752,3
2020-06-05 21:00:00,MH011,6.0,10.500345,3
2020-06-05 22:00:00,MH011,6.88,9.353315,3
2020-06-05 23:00:00,MH011,9.62,9.030478,3
2020-06-06 00:00:00,MH011,9.13,7.0531325,3
2020-06-06 01:00:00,MH011,6.38,7.103063,3
2020-06-06 02:00:00,MH011,5.12,7.7913985,3
2020-06-06 03:00:00,MH011,7.62,8.96176,3
2020-06-06 04:00:00,MH011,14.98,10.251169,3
2020-06-06 05:00:00,MH011,8.15,11.778009,3
2020-06-06 06:00:00,MH011,5.25,12.649515,3
2020-06-06 07:00:00,MH011,2.0,13.14414,3
2020-06-06 08:00:00,MH011,1.12,12.915991,3
2020-06-06 09:00:00,MH011,5.38,12.616831,3
2020-06-06 10:00:00,MH011,4.25,13.669096,3
2020-06-06 11:00:00,MH011,3.12,13.478743,3
2020-06-06 12:00:00,MH011,3.0,13.634722,3
2020-06-06 13:00:00,MH011,3.0,13.373915,3
2020-06-06 14:00:00,MH011,3.0,13.115026,3
2020-06-06 15:00:00,MH011,3.87,12.704046,3
2020-06-06 16:00:00,MH011,5.75,11.830309,3
2020-06-06 17:00:00,MH011,6.87,11.08227,3
2020-06-06 18:00:00,MH011,6.12,11.33589,3
2020-06-06 19:00:00,MH011,6.87,10.583036,3
2020-06-06 20:00:00,MH011,8.75,9.785166,3
2020-06-06 21:00:00,MH011,10.75,9.767279,3
2020-06-06 22:00:00,MH011,7.51,9.397486,3
2020-06-06 23:00:00,MH011,9.62,9.044935,3
2020-06-07 00:00:00,MH011,7.38,7.3529677,3
2020-06-07 01:00:00,MH011,9.62,7.6482253,3
2020-06-07 02:00:00,MH011,10.87,7.4320273,3
2020-06-07 03:00:00,MH011,13.62,9.653818,3
2020-06-07 04:00:00,MH011,17.49,10.439955,3
2020-06-07 05:00:00,MH011,17.12,11.675371,3
2020-06-07 06:00:00,MH011,17.0,12.337465,3
2020-06-07 07:00:00,MH011,12.62,13.857653,3
2020-06-07 08:00:00,MH011,6.75,14.894136,3
2020-06-07 09:00:00,MH011,6.0,14.939896,3
2020-06-07 10:00:00,MH011,6.0,15.277937,3
2020-06-07 11:00:00,MH011,4.25,16.334175,3
2020-06-07 12:00:00,MH011,3.12,16.088129,3
2020-06-07 13:00:00,MH011,6.5,16.07768,3
2020-06-07 14:00:00,MH011,6.13,15.517609,3
2020-06-07 15:00:00,MH011,7.75,14.947554,3
2020-06-07 16:00:00,MH011,8.0,14.275755,3
2020-06-07 17:00:00,MH011,6.25,13.511438,3
2020-06-07 18:00:00,MH011,5.13,12.804377,3
2020-06-07 19:00:00,MH011,5.87,12.066748,3
2020-06-07 20:00:00,MH011,8.62,12.009233,3
2020-06-07 21:00:00,MH011,9.0,11.837015,3
2020-06-07 22:00:00,MH011,5.51,9.696783,3
2020-06-07 23:00:00,MH011,9.36,8.893904,3
2020-06-08 00:00:00,MH011,7.38,8.663218,3
2020-06-08 01:00:00,MH011,5.25,8.810129,3
2020-06-08 02:00:00,MH011,2.38,8.015909,3
2020-06-08 03:00:00,MH011,2.0,8.942087,3
2020-06-08 04:00:00,MH011,2.88,10.186068,3
2020-06-08 05:00:00,MH011,2.12,10.969736,3
2020-06-08 06:00:00,MH011,3.75,12.470552,3
2020-06-08 07:00:00,MH011,5.75,13.028418,3
2020-06-08 08:00:00,MH011,7.75,13.423063,3
2020-06-08 09:00:00,MH011,7.75,12.90045,3
2020-06-08 10:00:00,MH011,7.75,12.372602,3
2020-06-08 11:00:00,MH011,7.75,11.7551365,3
2020-06-28 17:00:00,MH011,13.22,18.847595,3
2020-06-28 18:00:00,MH011,9.64,18.16657,3
2020-06-28 19:00:00,MH011,10.74,16.899687,3
2020-06-28 20:00:00,MH011,11.0,16.142933,3
2020-06-28 21:00:00,MH011,9.27,14.517714,3
2020-06-28 22:00:00,MH011,9.87,13.967699,3
2020-06-28 23:00:00,MH011,10.0,12.691809,3
2020-06-29 00:00:00,MH011,10.0,11.961847,3
2020-06-29 01:00:00,MH011,5.65,10.409975,3
2020-06-29 02:00:00,MH011,6.74,6.338491,3
2020-06-29 03:00:00,MH011,7.86,10.577013,3
2020-06-29 04:00:00,MH011,8.0,11.799337,3
2020-06-29 05:00:00,MH011,5.39,11.854208,3
2020-06-29 06:00:00,MH011,4.13,12.004221,3
2020-06-29 07:00:00,MH011,3.13,14.652588,3
2020-06-29 08:00:00,MH011,2.13,14.017355,3
2020-06-29 09:00:00,MH011,2.0,13.76198,3
2020-06-29 10:00:00,MH011,6.35,13.528444,3
2020-06-29 11:00:00,MH011,5.25,13.710379,3
2020-06-29 12:00:00,MH011,2.39,13.642294,3
2020-06-29 13:00:00,MH011,2.0,13.679106,3
2020-06-29 14:00:00,MH011,1.13,13.660883,3
2020-06-29 15:00:00,MH011,3.61,13.6874485,3
2020-06-29 16:00:00,MH011,4.87,13.131205,3
2020-06-29 17:00:00,MH011,3.28,12.837305,3
2020-06-29 18:00:00,MH011,6.48,12.944315,3
2020-06-29 19:00:00,MH011,11.35,12.777281,3
2020-06-29 20:00:00,MH011,7.65,11.587446,3
2020-06-29 21:00:00,MH011,4.39,9.668982,3
2020-06-29 22:00:00,MH011,1.38,10.064619,3
2020-06-29 23:00:00,MH011,0.53,9.677366,3
2020-06-30 00:00:00,MH011,0.53,8.78134,3
2020-06-30 01:00:00,MH011,1.74,8.947199,3
2020-06-30 02:00:00,MH011,1.04,7.0293975,3
2020-06-30 03:00:00,MH011,1.04,10.306143,3
2020-06-30 04:00:00,MH011,1.04,10.772482,3
2020-06-30 05:00:00,MH011,1.04,11.091608,3
2020-06-30 06:00:00,MH011,3.48,11.116964,3
2020-06-30 07:00:00,MH011,4.87,9.925974,3
2020-06-30 08:00:00,MH011,3.26,10.208097,3
2020-06-30 09:00:00,MH011,3.0,10.54809,3
2020-06-30 10:00:00,MH011,4.74,10.829809,3
2020-06-30 11:00:00,MH011,2.4,10.709047,3
2020-06-30 12:00:00,MH011,1.04,11.154215,3
2020-06-30 13:00:00,MH011,6.96,11.397573,3
2020-06-30 14:00:00,MH011,6.26,11.573523,3
2020-06-30 15:00:00,MH011,3.4,11.735498,3
2020-06-30 16:00:00,MH011,5.61,11.667818,3
2020-06-30 17:00:00,MH011,7.74,11.416853,3
2020-06-30 18:00:00,MH011,5.39,10.779081,3
2020-06-30 19:00:00,MH011,5.0,10.484613,3
2020-06-30 20:00:00,MH011,4.13,9.828768,3
2020-06-30 21:00:00,MH011,2.26,9.438036,3
2020-05-04 05:00:00,MH014,11.34,15.903494,3
2020-05-04 06:00:00,MH014,14.8,17.92459,3
2020-05-04 07:00:00,MH014,20.32,17.985373,3
2020-05-04 08:00:00,MH014,15.23,17.108328,3
2020-05-04 09:00:00,MH014,15.63,16.163576,3
2020-05-04 10:00:00,MH014,6.03,16.136116,3
2020-05-04 11:00:00,MH014,13.32,14.59326,3
2020-05-04 12:00:00,MH014,8.12,15.396269,3
2020-05-04 13:00:00,MH014,9.8,16.043604,3
2020-05-04 14:00:00,MH014,16.7,16.902765,3
2020-05-04 15:00:00,MH014,21.2,17.755829,3
2020-05-04 16:00:00,MH014,14.09,17.902988,3
2020-05-04 17:00:00,MH014,7.8,17.772495,3
2020-05-04 18:00:00,MH014,14.0,17.576176,3
2020-05-04 19:00:00,MH014,13.77,17.224232,3
2020-05-04 20:00:00,MH014,11.77,16.71607,3
2020-05-04 21:00:00,MH014,10.91,16.107225,3
2020-05-04 22:00:00,MH014,16.98,15.63752,3
2020-05-04 23:00:00,MH014,8.77,15.436146,3
2020-05-05 00:00:00,MH014,7.0,15.078848,3
2020-05-05 01:00:00,MH014,6.65,15.135847,3
2020-05-05 02:00:00,MH014,3.77,15.15122,3
2020-05-05 03:00:00,MH014,2.23,18.260822,3
2020-05-05 04:00:00,MH014,4.46,19.001568,3
2020-05-05 05:00:00,MH014,8.47,19.134766,3
2020-05-05 06:00:00,MH014,12.23,19.230516,3
2020-05-05 07:00:00,MH014,13.43,18.750431,3
2020-05-05 08:00:00,MH014,10.17,18.481424,3
2020-05-05 09:00:00,MH014,18.43,17.540314,3
2020-05-05 10:00:00,MH014,14.34,17.536346,3
2020-05-05 11:00:00,MH014,16.43,15.467283,3
2020-05-05 12:00:00,MH014,11.66,16.000784,3
2020-05-05 13:00:00,MH014,9.58,16.322897,3
2020-05-05 14:00:00,MH014,14.23,16.560131,3
2020-05-05 15:00:00,MH014,16.0,16.707178,3
2020-05-05 16:00:00,MH014,15.88,17.246798,3
2020-05-05 17:00:00,MH014,14.66,17.354523,3
2020-05-05 18:00:00,MH014,11.88,17.072128,3
2020-05-05 19:00:00,MH014,11.0,16.595043,3
2020-05-05 20:00:00,MH014,10.66,15.548803,3
2020-05-05 21:00:00,MH014,8.45,14.688343,3
2020-05-05 22:00:00,MH014,12.58,13.791914,3
2020-05-05 23:00:00,MH014,17.0,13.239767,3
2020-05-06 00:00:00,MH014,16.43,13.284864,3
2020-05-06 01:00:00,MH014,11.3,13.320051,3
2020-05-06 02:00:00,MH014,5.43,13.236143,3
2020-05-06 03:00:00,MH014,1.34,16.491035,3
2020-05-06 04:00:00,MH014,4.8,18.931673,3
2020-05-06 05:00:00,MH014,10.77,20.058775,3
2020-05-06 06:00:00,MH014,9.58,20.334688,3
2020-05-06 07:00:00,MH014,13.88,19.979618,3
2020-05-06 08:00:00,MH014,13.35,18.884205,3
2020-05-06 09:00:00,MH014,14.86,17.6474,3
2020-05-06 10:00:00,MH014,5.88,16.771183,3
2020-05-06 11:00:00,MH014,5.35,16.562689,3
2020-05-06 12:00:00,MH014,10.45,16.676395,3
2020-05-06 13:00:00,MH014,28.65,16.958347,3
2020-05-06 14:00:00,MH014,26.68,16.806112,3
2020-05-06 15:00:00,MH014,31.11,17.018642,3
2020-05-06 16:00:00,MH014,22.86,17.181183,3
2020-05-06 17:00:00,MH014,13.65,16.568007,3
2020-05-06 18:00:00,MH014,10.54,15.852194,3
2020-05-06 19:00:00,MH014,7.23,16.038465,3
2020-05-06 20:00:00,MH014,9.7,16.165968,3
2020-05-06 21:00:00,MH014,15.0,16.445618,3
2020-05-06 22:00:00,MH014,14.66,16.542091,3
2020-05-06 23:00:00,MH014,12.0,16.366405,3
2020-05-07 00:00:00,MH014,11.77,15.858505,3
2020-05-07 01:00:00,MH014,9.88,15.4980755,3
2020-05-07 02:00:00,MH014,8.77,14.678415,3
2020-05-07 03:00:00,MH014,7.0,17.769253,3
2020-05-07 04:00:00,MH014,7.68,18.616114,3
2020-05-07 05:00:00,MH014,12.88,18.84821,3
2020-05-07 06:00:00,MH014,12.47,19.875126,3
2020-05-07 07:00:00,MH014,16.12,20.040827,3
2020-05-07 08:00:00,MH014,16.88,19.537704,3
2020-05-07 09:00:00,MH014,15.88,19.124636,3
2020-05-07 10:00:00,MH014,13.95,18.012299,3
2020-05-07 11:00:00,MH014,6.91,17.691023,3
2020-05-07 12:00:00,MH014,14.8,17.536997,3
2020-05-07 13:00:00,MH014,20.55,17.140469,3
2020-05-07 14:00:00,MH014,17.23,17.164824,3
2020-05-07 15:00:00,MH014,18.88,17.656746,3
2020-05-07 16:00:00,MH014,18.68,18.07413,3
2020-05-07 17:00:00,MH014,23.2,17.936342,3
2020-05-07 18:00:00,MH014,16.77,17.448631,3
2020-05-07 19:00:00,MH014,14.88,16.545143,3
2020-05-07 20:00:00,MH014,14.12,15.8867855,3
2020-05-07 21:00:00,MH014,14.54,15.139498,3
2020-05-07 22:00:00,MH014,11.47,14.465622,3
2020-05-07 23:00:00,MH014,14.88,14.193609,3
2020-05-08 00:00:00,MH014,14.46,15.117411,3
2020-05-08 01:00:00,MH014,17.09,15.462433,3
2020-05-08 02:00:00,MH014,9.88,15.439491,3
2020-05-08 03:00:00,MH014,9.46,18.000423,3
2020-05-08 04:00:00,MH014,12.77,18.843489,3
2020-05-08 05:00:00,MH014,11.68,19.128588,3
2020-05-08 06:00:00,MH014,16.43,20.789658,3
2020-05-08 07:00:00,MH014,12.8,21.575182,3
2020-05-08 08:00:00,MH014,20.59,21.097788,3
2020-05-08 09:00:00,MH014,32.43,21.93431,3
2020-05-08 10:00:00,MH014,26.29,19.703981,3
2020-05-08 11:00:00,MH014,12.77,20.689083,3
2020-05-08 12:00:00,MH014,11.12,20.26773,3
2020-05-08 13:00:00,MH014,12.58,19.819202,3
2020-05-08 14:00:00,MH014,16.65,19.298235,3
2020-05-08 15:00:00,MH014,15.17,19.687729,3
2020-05-08 16:00:00,MH014,22.98,20.907612,3
2020-05-08 17:00:00,MH014,15.46,21.16422,3
2020-05-08 18:00:00,MH014,18.32,20.574774,3
2020-05-08 19:00:00,MH014,12.88,19.234276,3
2020-05-08 20:00:00,MH014,11.77,18.138142,3
2020-05-08 21:00:00,MH014,10.0,17.283339,3
2020-05-08 22:00:00,MH014,10.0,16.935326,3
2020-05-08 23:00:00,MH014,10.57,16.14843,3
2020-05-09 00:00:00,MH014,14.77,16.477861,3
2020-05-09 01:00:00,MH014,12.53,16.386366,3
2020-05-09 02:00:00,MH014,9.68,16.246607,3
2020-05-09 03:00:00,MH014,14.42,18.661602,3
2020-05-09 04:00:00,MH014,9.77,19.501427,3
2020-05-09 05:00:00,MH014,8.34,19.534512,3
2020-05-09 06:00:00,MH014,11.46,19.724802,3
2020-05-09 07:00:00,MH014,15.8,21.58022,3
2020-05-09 08:00:00,MH014,21.88,22.614952,3
2020-05-09 09:00:00,MH014,21.23,22.065329,3
2020-05-09 10:00:00,MH014,22.88,21.579655,3
2020-05-09 11:00:00,MH014,21.55,21.832655,3
2020-05-09 12:00:00,MH014,17.88,21.421612,3
2020-05-09 13:00:00,MH014,17.12,20.516819,3
2020-05-09 14:00:00,MH014,17.88,19.917742,3
2020-05-09 15:00:00,MH014,17.8,19.998297,3
2020-05-09 16:00:00,MH014,23.18,20.172283,3
2020-05-09 17:00:00,MH014,17.12,20.346102,3
2020-05-09 18:00:00,MH014,18.12,20.471842,3
2020-05-09 19:00:00,MH014,18.09,20.132755,3
2020-05-09 20:00:00,MH014,11.0,19.019053,3
2020-05-09 21:00:00,MH014,11.45,17.840443,3
2020-05-09 22:00:00,MH014,14.88,17.231194,3
2020-05-09 23:00:00,MH014,14.23,17.204435,3
2020-05-10 00:00:00,MH014,15.09,17.077963,3
2020-05-10 01:00:00,MH014,8.57,16.86571,3
2020-05-10 02:00:00,MH014,12.32,16.193226,3
2020-05-10 03:00:00,MH014,6.53,17.948524,3
2020-05-10 04:00:00,MH014,3.91,20.283775,3
2020-05-10 05:00:00,MH014,10.77,21.375254,3
2020-05-10 06:00:00,MH014,10.05,22.257673,3
2020-05-10 07:00:00,MH014,18.0,22.786291,3
2020-05-10 08:00:00,MH014,18.45,22.830627,3
2020-05-10 09:00:00,MH014,21.53,22.03613,3
2020-05-10 10:00:00,MH014,18.47,20.96405,3
2020-05-10 11:00:00,MH014,20.41,20.433815,3
2020-05-10 12:00:00,MH014,8.0,20.809347,3
2020-05-10 13:00:00,MH014,8.7,20.362034,3
2020-05-10 14:00:00,MH014,14.0,20.05003,3
2020-05-10 15:00:00,MH014,13.54,19.781504,3
2020-05-10 16:00:00,MH014,10.91,19.862297,3
2020-05-10 17:00:00,MH014,18.0,20.020424,3
2020-05-10 18:00:00,MH014,18.0,19.54302,3
2020-05-10 19:00:00,MH014,16.52,18.22105,3
2020-05-10 20:00:00,MH014,5.91,16.767427,3
2020-05-10 21:00:00,MH014,29.17,15.760485,3
2020-05-10 22:00:00,MH014,139.36,15.620693,3
2020-05-10 23:00:00,MH014,16.32,16.107195,3
2020-05-11 00:00:00,MH014,12.03,16.349672,3
2020-05-11 01:00:00,MH014,19.32,16.467442,3
2020-05-11 02:00:00,MH014,13.53,16.099846,3
2020-05-11 03:00:00,MH014,9.88,18.019457,3
2020-05-11 04:00:00,MH014,10.25,21.989552,3
2020-05-11 05:00:00,MH014,18.95,26.828407,3
2020-05-11 06:00:00,MH014,12.82,29.063885,3
2020-05-11 07:00:00,MH014,26.88,26.612005,3
2020-05-11 08:00:00,MH014,26.12,22.927244,3
2020-05-11 09:00:00,MH014,26.53,19.831688,3
2020-05-11 10:00:00,MH014,22.3,21.516813,3
2020-05-11 11:00:00,MH014,16.77,21.464853,3
2020-05-11 12:00:00,MH014,14.43,20.779408,3
2020-05-11 13:00:00,MH014,10.12,21.564014,3
2020-05-11 14:00:00,MH014,11.23,20.617268,3
2020-05-11 15:00:00,MH014,12.88,21.36383,3
2020-05-11 16:00:00,MH014,12.47,23.21678,3
2020-05-11 17:00:00,MH014,16.23,21.458378,3
2020-05-11 18:00:00,MH014,18.0,20.74552,3
2020-05-11 19:00:00,MH014,17.43,19.951864,3
2020-05-11 20:00:00,MH014,12.54,18.666367,3
2020-05-11 21:00:00,MH014,9.12,17.336834,3
2020-05-11 22:00:00,MH014,9.65,16.291609,3
2020-05-11 23:00:00,MH014,6.88,15.788902,3
2020-05-12 00:00:00,MH014,6.68,15.839252,3
2020-05-12 01:00:00,MH014,12.12,16.287645,3
2020-05-12 02:00:00,MH014,13.58,17.858763,3
2020-05-12 03:00:00,MH014,17.43,20.682295,3
2020-05-12 04:00:00,MH014,12.42,20.791344,3
2020-05-12 05:00:00,MH014,8.0,20.795198,3
2020-05-12 06:00:00,MH014,8.84,20.221361,3
2020-05-12 07:00:00,MH014,14.65,19.476976,3
2020-05-12 08:00:00,MH014,12.57,19.458416,3
2020-05-12 09:00:00,MH014,17.0,19.34616,3
2020-05-12 10:00:00,MH014,16.88,19.52731,3
2020-05-12 11:00:00,MH014,15.2,20.016043,3
2020-05-12 12:00:00,MH014,9.47,20.776764,3
2020-05-12 13:00:00,MH014,12.77,21.115772,3
2020-05-12 14:00:00,MH014,11.12,20.337383,3
2020-05-12 15:00:00,MH014,12.35,19.559605,3
2020-05-12 16:00:00,MH014,15.0,20.270323,3
2020-05-12 17:00:00,MH014,15.23,19.794968,3
2020-05-12 18:00:00,MH014,17.12,19.052834,3
2020-05-12 19:00:00,MH014,17.65,18.248985,3
2020-05-12 20:00:00,MH014,14.43,17.24583,3
2020-05-12 21:00:00,MH014,9.66,15.813719,3
2020-05-12 22:00:00,MH014,7.12,14.757368,3
2020-05-12 23:00:00,MH014,8.23,14.431211,3
2020-05-13 00:00:00,MH014,10.34,14.070387,3
2020-05-13 01:00:00,MH014,13.68,14.138296,3
2020-05-13 02:00:00,MH014,18.18,14.56846,3
2020-05-13 03:00:00,MH014,12.35,18.090298,3
2020-05-13 04:00:00,MH014,14.88,18.510317,3
2020-05-13 05:00:00,MH014,13.88,19.555386,3
2020-05-13 06:00:00,MH014,13.57,19.357924,3
2020-05-13 07:00:00,MH014,18.12,19.582838,3
2020-05-13 08:00:00,MH014,19.12,19.352077,3
2020-05-13 09:00:00,MH014,19.88,18.280567,3
2020-05-13 10:00:00,MH014,18.43,18.07744,3
2020-05-13 11:00:00,MH014,14.12,18.886845,3
2020-05-13 12:00:00,MH014,14.88,19.350391,3
2020-05-13 13:00:00,MH014,13.53,19.3417,3
2020-05-13 14:00:00,MH014,10.23,19.101822,3
2020-05-13 15:00:00,MH014,11.77,19.335817,3
2020-05-13 16:00:00,MH014,10.8,19.4851,3
2020-05-13 17:00:00,MH014,17.7,19.303839,3
2020-05-13 18:00:00,MH014,22.3,18.922037,3
2020-05-13 19:00:00,MH014,16.53,17.699303,3
2020-05-13 20:00:00,MH014,12.54,16.732496,3
2020-05-13 21:00:00,MH014,8.54,15.3321495,3
2020-05-13 22:00:00,MH014,5.0,13.91622,3
2020-05-13 23:00:00,MH014,5.46,12.811388,3
2020-05-14 00:00:00,MH014,8.88,13.124578,3
2020-05-14 01:00:00,MH014,8.7,13.78813,3
2020-05-14 02:00:00,MH014,13.77,14.018515,3
2020-05-14 03:00:00,MH014,11.88,16.610022,3
2020-05-14 04:00:00,MH014,11.12,18.748238,3
2020-05-14 05:00:00,MH014,11.54,19.36593,3
2020-05-14 06:00:00,MH014,7.88,19.82266,3
2020-05-14 07:00:00,MH014,8.25,19.590054,3
2020-05-14 08:00:00,MH014,17.53,19.580072,3
2020-05-14 09:00:00,MH014,14.82,19.567158,3
2020-05-14 10:00:00,MH014,21.0,20.032097,3
2020-05-14 11:00:00,MH014,20.77,18.238386,3
2020-05-14 12:00:00,MH014,18.43,17.759607,3
2020-05-14 13:00:00,MH014,13.66,17.23517,3
2020-05-14 14:00:00,MH014,11.23,16.723127,3
2020-05-14 15:00:00,MH014,13.0,16.720598,3
2020-05-14 16:00:00,MH014,12.77,17.181711,3
2020-05-14 17:00:00,MH014,12.82,17.445633,3
2020-05-14 18:00:00,MH014,25.6,17.134075,3
2020-05-14 19:00:00,MH014,15.46,16.667213,3
2020-05-14 20:00:00,MH014,20.05,16.036493,3
2020-05-14 21:00:00,MH014,26.72,14.730684,3
2020-05-14 22:00:00,MH014,15.75,13.581667,3
2020-05-14 23:00:00,MH014,6.67,12.927809,3
2020-05-15 00:00:00,MH014,10.12,13.129473,3
2020-05-15 01:00:00,MH014,10.88,13.722963,3
2020-05-15 02:00:00,MH014,11.0,14.299807,3
2020-05-15 03:00:00,MH014,18.55,17.110954,3
2020-05-15 04:00:00,MH014,15.0,19.533777,3
2020-05-15 05:00:00,MH014,14.66,20.196535,3
2020-05-15 06:00:00,MH014,12.57,20.243216,3
2020-05-15 07:00:00,MH014,17.55,19.422796,3
2020-05-15 08:00:00,MH014,21.55,18.436892,3
2020-05-15 09:00:00,MH014,17.89,18.860395,3
2020-05-15 10:00:00,MH014,17.12,18.731949,3
2020-05-15 11:00:00,MH014,17.88,19.356688,3
2020-05-15 12:00:00,MH014,17.23,19.403118,3
2020-05-15 13:00:00,MH014,18.77,18.674608,3
2020-05-15 14:00:00,MH014,16.33,18.109053,3
2020-05-15 15:00:00,MH014,11.45,18.617544,3
2020-05-15 16:00:00,MH014,15.57,18.334394,3
2020-05-15 17:00:00,MH014,19.88,17.873533,3
2020-05-15 18:00:00,MH014,19.34,17.7621,3
2020-05-15 19:00:00,MH014,22.12,18.404736,3
2020-05-15 20:00:00,MH014,23.68,17.866348,3
2020-05-15 21:00:00,MH014,27.55,16.907295,3
2020-05-15 22:00:00,MH014,15.77,15.510874,3
2020-05-15 23:00:00,MH014,13.32,15.281639,3
2020-05-16 00:00:00,MH014,8.0,15.698202,3
2020-05-16 01:00:00,MH014,7.88,16.565393,3
2020-05-16 02:00:00,MH014,8.37,17.114521,3
2020-05-16 03:00:00,MH014,19.22,19.33788,3
2020-05-16 04:00:00,MH014,21.11,20.511086,3
2020-05-16 05:00:00,MH014,22.0,20.632431,3
2020-05-16 06:00:00,MH014,21.43,20.166224,3
2020-05-16 07:00:00,MH014,17.57,19.809729,3
2020-05-16 08:00:00,MH014,23.89,20.620937,3
2020-05-16 09:00:00,MH014,39.68,21.198189,3
2020-05-16 10:00:00,MH014,47.85,20.710567,3
2020-05-16 11:00:00,MH014,68.86,21.248304,3
2020-05-16 12:00:00,MH014,61.02,21.705969,3
2020-05-16 13:00:00,MH014,68.11,22.131437,3
2020-05-16 14:00:00,MH014,59.89,22.823917,3
2020-05-16 15:00:00,MH014,50.78,23.3426,3
2020-05-16 16:00:00,MH014,48.78,24.571236,3
2020-05-16 17:00:00,MH014,46.43,27.00174,3
2020-05-16 18:00:00,MH014,42.57,29.7406,3
2020-05-16 19:00:00,MH014,47.57,32.36886,3
2020-05-16 20:00:00,MH014,51.66,35.75579,3
2020-05-16 21:00:00,MH014,48.67,39.056656,3
2020-05-16 22:00:00,MH014,45.2,41.17862,3
2020-05-16 23:00:00,MH014,38.89,41.899548,3
2020-05-17 00:00:00,MH014,38.0,40.31672,3
2020-05-17 01:00:00,MH014,38.34,38.922554,3
2020-05-17 02:00:00,MH014,41.55,39.39463,3
2020-05-17 03:00:00,MH014,46.45,41.426197,3
2020-05-17 04:00:00,MH014,48.98,48.112793,3
2020-05-17 05:00:00,MH014,40.55,54.70507,3
2020-05-17 06:00:00,MH014,36.43,59.710537,3
2020-05-17 07:00:00,MH014,32.34,63.009827,3
2020-05-17 08:00:00,MH014,36.11,60.6935,3
2020-05-17 09:00:00,MH014,44.11,58.335278,3
2020-05-17 10:00:00,MH014,37.22,56.248722,3
2020-05-17 11:00:00,MH014,38.45,54.270794,3
2020-05-17 12:00:00,MH014,33.45,50.19793,3
2020-05-17 13:00:00,MH014,29.67,45.16521,3
2020-05-17 14:00:00,MH014,34.89,40.215256,3
2020-05-17 15:00:00,MH014,32.89,37.120766,3
2020-05-17 16:00:00,MH014,24.45,35.246143,3
2020-05-17 17:00:00,MH014,28.57,33.489395,3
2020-05-17 18:00:00,MH014,33.68,31.240978,3
2020-05-17 19:00:00,MH014,38.0,28.753027,3
2020-05-17 20:00:00,MH014,31.55,27.144947,3
2020-05-17 21:00:00,MH014,41.72,25.93349,3
2020-05-17 22:00:00,MH014,24.11,24.410511,3
2020-05-17 23:00:00,MH014,24.55,23.165781,3
2020-05-18 00:00:00,MH014,21.34,21.648056,3
2020-05-18 01:00:00,MH014,24.0,21.105173,3
2020-05-18 02:00:00,MH014,24.0,21.338852,3
2020-05-18 03:00:00,MH014,24.23,22.439386,3
2020-05-18 04:00:00,MH014,25.89,23.598576,3
2020-05-18 05:00:00,MH014,25.0,24.447817,3
2020-05-18 06:00:00,MH014,24.77,24.72185,3
2020-05-18 07:00:00,MH014,22.77,24.807518,3
2020-05-18 08:00:00,MH014,22.11,24.106327,3
2020-05-18 09:00:00,MH014,29.75,23.928059,3
2020-05-18 10:00:00,MH014,20.89,23.638947,3
2020-05-18 11:00:00,MH014,28.22,23.935589,3
2020-05-18 12:00:00,MH014,29.78,23.891733,3
2020-05-18 13:00:00,MH014,27.55,23.676283,3
2020-05-18 14:00:00,MH014,24.33,23.374908,3
2020-05-18 15:00:00,MH014,26.55,22.645546,3
2020-05-18 16:00:00,MH014,22.45,22.358128,3
2020-05-18 17:00:00,MH014,18.55,22.14467,3
2020-05-18 18:00:00,MH014,22.77,22.030188,3
2020-05-18 19:00:00,MH014,21.57,21.982994,3
2020-05-18 20:00:00,MH014,26.0,22.432693,3
2020-05-18 21:00:00,MH014,25.21,22.55353,3
2020-05-18 22:00:00,MH014,18.78,22.113964,3
2020-05-18 23:00:00,MH014,16.11,21.147715,3
2020-05-19 00:00:00,MH014,10.37,19.837667,3
2020-05-19 01:00:00,MH014,21.0,18.411636,3
2020-05-19 02:00:00,MH014,20.55,17.841692,3
2020-05-19 03:00:00,MH014,17.91,19.198856,3
2020-05-19 04:00:00,MH014,24.66,19.54499,3
2020-05-19 05:00:00,MH014,21.55,19.8096,3
2020-05-19 06:00:00,MH014,18.12,19.58558,3
2020-05-19 07:00:00,MH014,19.22,20.018042,3
2020-05-19 08:00:00,MH014,20.67,20.47379,3
2020-05-19 09:00:00,MH014,17.77,20.8444,3
2020-05-19 10:00:00,MH014,15.67,21.032162,3
2020-05-19 11:00:00,MH014,13.22,21.343826,3
2020-05-19 12:00:00,MH014,15.55,21.756222,3
2020-05-19 13:00:00,MH014,19.88,22.11533,3
2020-05-19 14:00:00,MH014,19.0,22.042864,3
2020-05-19 15:00:00,MH014,18.78,21.650667,3
2020-05-19 16:00:00,MH014,16.55,21.201181,3
2020-05-19 17:00:00,MH014,13.46,20.290583,3
2020-05-19 18:00:00,MH014,16.78,19.90199,3
2020-05-19 19:00:00,MH014,15.33,19.507133,3
2020-05-19 20:00:00,MH014,18.45,19.475376,3
2020-05-19 21:00:00,MH014,20.33,19.19616,3
2020-05-19 22:00:00,MH014,7.57,18.814837,3
2020-05-19 23:00:00,MH014,11.45,18.439144,3
2020-05-20 00:00:00,MH014,6.66,18.065773,3
2020-05-20 01:00:00,MH014,4.33,17.773315,3
2020-05-20 02:00:00,MH014,7.11,17.316923,3
2020-05-20 03:00:00,MH014,8.22,20.153692,3
2020-05-20 04:00:00,MH014,10.91,20.795074,3
2020-05-20 05:00:00,MH014,17.2,20.20499,3
2020-05-20 06:00:00,MH014,11.0,19.401287,3
2020-05-20 07:00:00,MH014,11.22,18.467731,3
2020-05-20 08:00:00,MH014,15.27,17.843225,3
2020-05-20 09:00:00,MH014,31.75,17.501951,3
2020-05-20 10:00:00,MH014,20.22,17.472471,3
2020-05-20 11:00:00,MH014,7.22,17.751081,3
2020-05-20 12:00:00,MH014,17.12,18.109863,3
2020-05-20 13:00:00,MH014,17.45,18.56992,3
2020-05-20 14:00:00,MH014,13.32,18.57484,3
2020-05-20 15:00:00,MH014,15.33,19.442703,3
2020-05-20 16:00:00,MH014,10.45,20.380882,3
2020-05-20 17:00:00,MH014,13.89,20.920473,3
2020-05-20 18:00:00,MH014,12.66,19.791723,3
2020-05-20 19:00:00,MH014,10.12,18.76481,3
2020-05-20 20:00:00,MH014,11.22,19.115862,3
2020-05-20 21:00:00,MH014,12.78,18.693785,3
2020-05-20 22:00:00,MH014,10.67,17.74991,3
2020-05-20 23:00:00,MH014,7.89,16.725422,3
2020-05-21 00:00:00,MH014,6.67,15.949781,3
2020-05-21 01:00:00,MH014,3.56,15.677294,3
2020-05-21 02:00:00,MH014,0.91,15.725231,3
2020-05-21 03:00:00,MH014,2.23,18.084011,3
2020-05-21 04:00:00,MH014,5.0,18.247822,3
2020-05-21 05:00:00,MH014,13.11,18.166828,3
2020-05-21 06:00:00,MH014,13.54,18.544308,3
2020-05-21 07:00:00,MH014,10.33,18.542828,3
2020-05-21 08:00:00,MH014,12.43,17.758974,3
2020-05-21 09:00:00,MH014,7.67,17.299372,3
2020-05-21 10:00:00,MH014,5.0,16.651817,3
2020-05-21 11:00:00,MH014,5.78,16.51102,3
2020-05-21 12:00:00,MH014,12.78,17.198849,3
2020-05-21 13:00:00,MH014,18.33,17.663425,3
2020-05-21 14:00:00,MH014,13.0,18.12931,3
2020-05-21 15:00:00,MH014,13.67,18.552795,3
2020-05-21 16:00:00,MH014,17.75,18.633427,3
2020-05-21 17:00:00,MH014,8.33,18.326181,3
2020-05-21 18:00:00,MH014,13.0,17.682333,3
2020-05-21 19:00:00,MH014,27.0,17.156425,3
2020-05-21 20:00:00,MH014,11.0,16.923397,3
2020-05-21 21:00:00,MH014,10.67,15.918791,3
2020-05-21 22:00:00,MH014,8.22,15.331884,3
2020-05-21 23:00:00,MH014,9.89,15.350487,3
2020-05-22 00:00:00,MH014,8.77,15.520409,3
2020-05-22 01:00:00,MH014,6.78,15.627434,3
2020-05-22 02:00:00,MH014,5.0,15.732071,3
2020-05-22 03:00:00,MH014,5.33,17.965706,3
2020-05-22 04:00:00,MH014,8.33,18.380877,3
2020-05-22 05:00:00,MH014,11.34,17.86178,3
2020-05-22 06:00:00,MH014,14.0,18.070948,3
2020-05-22 07:00:00,MH014,14.0,18.547487,3
2020-05-22 08:00:00,MH014,13.89,17.516115,3
2020-05-22 09:00:00,MH014,12.78,16.453297,3
2020-05-22 10:00:00,MH014,11.54,15.952333,3
2020-05-22 11:00:00,MH014,15.45,15.990818,3
2020-05-22 12:00:00,MH014,12.59,16.217447,3
2020-05-22 13:00:00,MH014,23.89,17.181602,3
2020-05-22 14:00:00,MH014,15.23,18.029165,3
2020-05-22 15:00:00,MH014,17.0,18.639488,3
2020-05-22 16:00:00,MH014,16.55,19.07381,3
2020-05-22 17:00:00,MH014,13.12,19.344906,3
2020-05-22 18:00:00,MH014,13.45,19.27321,3
2020-05-22 19:00:00,MH014,9.22,18.988026,3
2020-05-22 20:00:00,MH014,11.55,18.995829,3
2020-05-22 21:00:00,MH014,15.89,18.88732,3
2020-05-22 22:00:00,MH014,15.0,18.520056,3
2020-05-22 23:00:00,MH014,14.45,17.995228,3
2020-05-23 00:00:00,MH014,9.89,17.62964,3
2020-05-23 01:00:00,MH014,8.77,17.154165,3
2020-05-23 02:00:00,MH014,6.78,15.8992195,3
2020-05-23 03:00:00,MH014,5.11,18.252201,3
2020-05-23 04:00:00,MH014,6.45,19.306767,3
2020-05-23 05:00:00,MH014,11.3,19.957851,3
2020-05-23 06:00:00,MH014,22.0,20.000301,3
2020-05-23 07:00:00,MH014,22.22,21.337193,3
2020-05-23 08:00:00,MH014,23.11,20.734577,3
2020-05-23 09:00:00,MH014,15.33,19.373928,3
2020-05-23 10:00:00,MH014,10.78,18.719906,3
2020-05-23 11:00:00,MH014,16.43,18.572958,3
2020-05-23 12:00:00,MH014,12.0,17.79806,3
2020-05-23 13:00:00,MH014,12.55,18.403526,3
2020-05-23 14:00:00,MH014,17.11,18.898659,3
2020-05-23 15:00:00,MH014,17.88,19.21556,3
2020-05-23 16:00:00,MH014,16.89,19.472696,3
2020-05-23 17:00:00,MH014,15.78,19.363897,3
2020-05-23 18:00:00,MH014,13.54,18.835703,3
2020-05-23 19:00:00,MH014,10.12,18.1234,3
2020-05-23 20:00:00,MH014,10.78,16.913675,3
2020-05-23 21:00:00,MH014,9.54,15.793266,3
2020-05-23 22:00:00,MH014,13.89,14.99081,3
2020-05-23 23:00:00,MH014,12.88,14.605352,3
2020-05-24 00:00:00,MH014,11.78,14.479794,3
2020-05-24 01:00:00,MH014,9.55,14.038019,3
2020-05-24 02:00:00,MH014,5.67,13.999937,3
2020-05-24 03:00:00,MH014,3.33,15.45253,3
2020-05-24 04:00:00,MH014,6.11,16.579397,3
2020-05-24 05:00:00,MH014,8.45,17.77402,3
2020-05-24 06:00:00,MH014,20.11,18.431065,3
2020-05-24 07:00:00,MH014,20.43,19.199429,3
2020-05-24 08:00:00,MH014,15.32,18.730469,3
2020-05-24 09:00:00,MH014,10.11,18.272049,3
2020-05-24 10:00:00,MH014,10.77,17.847082,3
2020-05-24 11:00:00,MH014,9.22,17.934381,3
2020-05-24 12:00:00,MH014,11.33,18.436031,3
2020-05-24 13:00:00,MH014,14.33,19.088675,3
2020-05-24 14:00:00,MH014,17.2,19.323685,3
2020-05-24 15:00:00,MH014,18.78,19.462067,3
2020-05-24 16:00:00,MH014,16.67,19.41206,3
2020-05-24 17:00:00,MH014,14.0,19.001743,3
2020-05-24 18:00:00,MH014,14.67,18.881775,3
2020-05-24 19:00:00,MH014,18.33,18.415478,3
2020-05-24 20:00:00,MH014,5.11,17.828836,3
2020-05-24 21:00:00,MH014,7.0,16.829363,3
2020-05-24 22:00:00,MH014,15.11,16.488174,3
2020-05-24 23:00:00,MH014,15.22,16.475697,3
2020-05-25 00:00:00,MH014,9.45,15.819496,3
2020-05-25 01:00:00,MH014,12.33,15.325436,3
2020-05-25 02:00:00,MH014,6.67,14.961914,3
2020-05-25 03:00:00,MH014,4.45,14.631126,3
2020-05-25 04:00:00,MH014,8.67,15.792208,3
2020-05-25 05:00:00,MH014,13.66,16.55377,3
2020-05-25 06:00:00,MH014,12.67,17.073109,3
2020-05-25 07:00:00,MH014,26.23,18.756178,3
2020-05-25 08:00:00,MH014,27.33,19.205475,3
2020-05-25 09:00:00,MH014,21.67,19.076033,3
2020-05-25 10:00:00,MH014,18.0,19.131073,3
2020-05-25 11:00:00,MH014,9.89,17.919846,3
2020-05-25 12:00:00,MH014,9.45,18.425058,3
2020-05-25 13:00:00,MH014,13.0,18.917963,3
2020-05-25 14:00:00,MH014,13.34,19.53712,3
2020-05-25 15:00:00,MH014,17.22,20.626842,3
2020-05-25 16:00:00,MH014,26.22,21.604177,3
2020-05-25 17:00:00,MH014,19.66,21.652628,3
2020-05-25 18:00:00,MH014,16.11,20.861376,3
2020-05-25 19:00:00,MH014,9.22,19.962626,3
2020-05-25 20:00:00,MH014,10.78,18.66926,3
2020-05-25 21:00:00,MH014,8.89,17.303875,3
2020-05-25 22:00:00,MH014,9.45,16.524645,3
2020-05-25 23:00:00,MH014,20.0,16.580717,3
2020-05-26 00:00:00,MH014,11.88,16.268017,3
2020-05-26 01:00:00,MH014,11.22,16.202858,3
2020-05-26 02:00:00,MH014,12.45,16.114567,3
2020-05-26 03:00:00,MH014,7.89,18.395597,3
2020-05-26 04:00:00,MH014,7.11,18.361345,3
2020-05-26 05:00:00,MH014,8.45,18.89692,3
2020-05-26 06:00:00,MH014,13.33,18.859385,3
2020-05-26 07:00:00,MH014,23.22,18.398857,3
2020-05-26 08:00:00,MH014,17.0,18.37133,3
2020-05-26 09:00:00,MH014,17.55,18.48251,3
2020-05-26 10:00:00,MH014,20.33,18.386364,3
2020-05-26 11:00:00,MH014,8.0,18.101038,3
2020-05-26 12:00:00,MH014,15.67,17.828707,3
2020-05-26 13:00:00,MH014,13.67,18.06338,3
2020-05-26 14:00:00,MH014,19.22,18.824183,3
2020-05-26 15:00:00,MH014,21.55,19.462914,3
2020-05-26 16:00:00,MH014,25.56,19.976377,3
2020-05-26 17:00:00,MH014,22.0,20.212534,3
2020-05-26 18:00:00,MH014,21.0,19.969173,3
2020-05-26 19:00:00,MH014,12.55,19.432234,3
2020-05-26 20:00:00,MH014,8.78,18.531807,3
2020-05-26 21:00:00,MH014,7.89,17.784546,3
2020-05-26 22:00:00,MH014,15.45,17.270288,3
2020-05-26 23:00:00,MH014,18.24,17.073042,3
2020-05-27 00:00:00,MH014,12.45,17.264408,3
2020-05-27 01:00:00,MH014,15.46,17.385815,3
2020-05-27 02:00:00,MH014,10.78,17.120808,3
2020-05-27 03:00:00,MH014,8.55,19.401525,3
2020-05-27 04:00:00,MH014,5.33,19.843037,3
2020-05-27 05:00:00,MH014,8.55,19.080135,3
2020-05-27 06:00:00,MH014,12.89,18.841171,3
2020-05-27 07:00:00,MH014,12.68,18.392895,3
2020-05-27 08:00:00,MH014,18.22,17.757736,3
2020-05-27 09:00:00,MH014,19.78,17.385668,3
2020-05-27 10:00:00,MH014,17.55,16.891417,3
2020-05-27 11:00:00,MH014,13.55,16.550608,3
2020-05-27 12:00:00,MH014,10.78,17.158949,3
2020-05-27 13:00:00,MH014,17.0,17.587725,3
2020-05-27 14:00:00,MH014,16.78,17.96795,3
2020-05-27 15:00:00,MH014,15.11,19.228624,3
2020-05-27 16:00:00,MH014,15.89,19.973476,3
2020-05-27 17:00:00,MH014,15.0,20.522444,3
2020-05-27 18:00:00,MH014,14.11,20.468662,3
2020-05-27 19:00:00,MH014,6.89,19.798859,3
2020-05-27 20:00:00,MH014,6.11,19.099842,3
2020-05-27 21:00:00,MH014,7.11,18.1718,3
2020-05-27 22:00:00,MH014,8.11,17.481798,3
2020-05-27 23:00:00,MH014,9.71,16.921448,3
2020-05-28 00:00:00,MH014,15.34,16.495726,3
2020-05-28 01:00:00,MH014,10.12,15.942305,3
2020-05-28 02:00:00,MH014,11.0,15.316019,3
2020-05-28 03:00:00,MH014,10.78,16.778805,3
2020-05-28 04:00:00,MH014,9.11,16.832943,3
2020-05-28 05:00:00,MH014,9.89,16.59576,3
2020-05-28 06:00:00,MH014,9.57,16.3833,3
2020-05-28 07:00:00,MH014,14.67,16.622314,3
2020-05-28 08:00:00,MH014,20.33,16.695852,3
2020-05-28 09:00:00,MH014,22.89,17.039165,3
2020-05-28 10:00:00,MH014,21.57,17.201721,3
2020-05-28 11:00:00,MH014,16.78,17.630167,3
2020-05-28 12:00:00,MH014,7.45,18.02883,3
2020-05-28 13:00:00,MH014,11.22,18.44436,3
2020-05-28 14:00:00,MH014,12.89,18.917469,3
2020-05-28 15:00:00,MH014,12.78,19.507017,3
2020-05-28 16:00:00,MH014,19.11,20.415447,3
2020-05-28 17:00:00,MH014,19.67,20.878466,3
2020-05-28 18:00:00,MH014,16.89,21.205006,3
2020-05-28 19:00:00,MH014,14.78,20.32201,3
2020-05-28 20:00:00,MH014,4.89,18.826616,3
2020-05-28 21:00:00,MH014,4.0,17.793041,3
2020-05-28 22:00:00,MH014,3.78,17.094282,3
2020-05-28 23:00:00,MH014,2.55,15.845097,3
2020-05-29 00:00:00,MH014,7.22,15.655937,3
2020-05-29 01:00:00,MH014,9.0,15.5428505,3
2020-05-29 02:00:00,MH014,8.89,15.82947,3
2020-05-29 03:00:00,MH014,7.55,16.759947,3
2020-05-29 04:00:00,MH014,3.56,16.822638,3
2020-05-29 05:00:00,MH014,1.78,16.56032,3
2020-05-29 06:00:00,MH014,4.67,15.87603,3
2020-05-29 07:00:00,MH014,10.0,15.752932,3
2020-05-29 08:00:00,MH014,10.11,16.382282,3
2020-05-29 09:00:00,MH014,10.89,16.557442,3
2020-05-29 10:00:00,MH014,9.45,16.414072,3
2020-05-29 11:00:00,MH014,4.78,15.547657,3
2020-05-29 12:00:00,MH014,3.33,15.517427,3
2020-05-29 13:00:00,MH014,6.22,16.396912,3
2020-05-29 14:00:00,MH014,7.89,17.318968,3
2020-05-29 15:00:00,MH014,7.11,18.19655,3
2020-05-29 16:00:00,MH014,8.66,18.525791,3
2020-05-29 17:00:00,MH014,13.67,18.35994,3
2020-05-29 18:00:00,MH014,11.33,17.748827,3
2020-05-29 19:00:00,MH014,13.34,16.572145,3
2020-05-29 20:00:00,MH014,7.22,15.29579,3
2020-05-29 21:00:00,MH014,0.89,14.40362,3
2020-05-29 22:00:00,MH014,1.73,13.739874,3
2020-05-29 23:00:00,MH014,4.0,13.057688,3
2020-05-30 00:00:00,MH014,4.78,13.270342,3
2020-05-30 01:00:00,MH014,10.89,13.638144,3
2020-05-30 02:00:00,MH014,9.89,13.41691,3
2020-05-30 03:00:00,MH014,8.67,15.346336,3
2020-05-30 04:00:00,MH014,5.67,16.148363,3
2020-05-30 05:00:00,MH014,3.11,16.413149,3
2020-05-30 06:00:00,MH014,4.22,16.835678,3
2020-05-30 07:00:00,MH014,6.55,16.672974,3
2020-05-30 08:00:00,MH014,11.67,16.448177,3
2020-05-30 09:00:00,MH014,16.68,16.26656,3
2020-05-30 10:00:00,MH014,13.55,15.586891,3
2020-05-30 11:00:00,MH014,10.0,16.340946,3
2020-05-30 12:00:00,MH014,9.78,16.96218,3
2020-05-30 13:00:00,MH014,8.0,16.943804,3
2020-05-30 14:00:00,MH014,7.89,16.56703,3
2020-05-30 15:00:00,MH014,7.33,16.813383,3
2020-05-30 16:00:00,MH014,10.32,17.488827,3
2020-05-30 17:00:00,MH014,13.45,18.032974,3
2020-05-30 18:00:00,MH014,16.13,17.86712,3
2020-05-30 19:00:00,MH014,9.44,17.530079,3
2020-05-30 20:00:00,MH014,12.11,16.533705,3
2020-05-30 21:00:00,MH014,5.33,15.412075,3
2020-05-30 22:00:00,MH014,7.78,14.238325,3
2020-05-30 23:00:00,MH014,5.78,13.450735,3
2020-05-31 00:00:00,MH014,5.33,13.498312,3
2020-05-31 01:00:00,MH014,16.11,13.65312,3
2020-05-31 02:00:00,MH014,16.67,13.40111,3
2020-05-31 03:00:00,MH014,14.0,15.008881,3
2020-05-31 04:00:00,MH014,13.22,15.650801,3
2020-05-31 05:00:00,MH014,6.78,15.985062,3
2020-05-31 06:00:00,MH014,5.11,16.130316,3
2020-05-31 07:00:00,MH014,6.11,15.963079,3
2020-05-31 08:00:00,MH014,8.0,15.58382,3
2020-05-31 09:00:00,MH014,16.76,16.076187,3
2020-05-31 10:00:00,MH014,22.24,16.743494,3
2020-05-31 11:00:00,MH014,15.13,17.26571,3
2020-05-31 12:00:00,MH014,7.89,18.155916,3
2020-05-31 13:00:00,MH014,7.0,18.896727,3
2020-05-31 14:00:00,MH014,6.89,18.92127,3
2020-05-31 15:00:00,MH014,5.89,18.803364,3
2020-05-31 16:00:00,MH014,6.37,19.02306,3
2020-05-31 17:00:00,MH014,16.89,19.430138,3
2020-05-31 18:00:00,MH014,15.89,19.211224,3
2020-05-31 19:00:00,MH014,14.68,18.997423,3
2020-05-31 20:00:00,MH014,11.45,18.301065,3
2020-05-31 21:00:00,MH014,6.57,17.056002,3
2020-05-31 22:00:00,MH014,3.89,16.129295,3
2020-05-31 23:00:00,MH014,10.78,15.134853,3
2020-06-01 00:00:00,MH014,9.11,14.550091,3
2020-06-01 01:00:00,MH014,9.57,14.28665,3
2020-06-01 02:00:00,MH014,6.78,14.878548,3
2020-06-01 03:00:00,MH014,12.46,15.183563,3
2020-06-01 04:00:00,MH014,7.78,15.754759,3
2020-06-01 05:00:00,MH014,6.33,15.990524,3
2020-06-01 06:00:00,MH014,9.22,16.198557,3
2020-06-01 07:00:00,MH014,10.55,16.301542,3
2020-06-01 08:00:00,MH014,6.78,14.947493,3
2020-06-01 09:00:00,MH014,6.59,15.077555,3
2020-06-01 10:00:00,MH014,19.87,14.339846,3
2020-06-01 11:00:00,MH014,27.11,15.070145,3
2020-06-01 12:00:00,MH014,27.46,14.146013,3
2020-06-01 13:00:00,MH014,23.43,15.074701,3
2020-06-01 14:00:00,MH014,26.55,16.137423,3
2020-06-01 15:00:00,MH014,23.33,16.799034,3
2020-06-01 16:00:00,MH014,25.78,17.559072,3
2020-06-01 17:00:00,MH014,23.67,18.7616,3
2020-06-01 18:00:00,MH014,20.57,21.00291,3
2020-06-01 19:00:00,MH014,16.89,23.316381,3
2020-06-01 20:00:00,MH014,15.78,22.84194,3
2020-06-01 21:00:00,MH014,14.0,22.287308,3
2020-06-01 22:00:00,MH014,13.23,21.702318,3
2020-06-01 23:00:00,MH014,6.67,20.638174,3
2020-06-02 00:00:00,MH014,4.33,19.933094,3
2020-06-02 01:00:00,MH014,7.54,19.388592,3
2020-06-02 02:00:00,MH014,11.67,19.020319,3
2020-06-02 03:00:00,MH014,9.0,20.886795,3
2020-06-02 04:00:00,MH014,9.55,21.389078,3
2020-06-02 05:00:00,MH014,15.45,21.561289,3
2020-06-02 06:00:00,MH014,26.78,20.614803,3
2020-06-02 07:00:00,MH014,25.11,18.979696,3
2020-06-02 08:00:00,MH014,27.55,18.621073,3
2020-06-02 09:00:00,MH014,39.57,19.126818,3
2020-06-02 10:00:00,MH014,35.13,19.13191,3
2020-06-02 11:00:00,MH014,28.32,18.463945,3
2020-06-02 12:00:00,MH014,30.68,18.800953,3
2020-06-02 13:00:00,MH014,28.0,20.345417,3
2020-06-02 14:00:00,MH014,27.35,20.995827,3
2020-06-02 15:00:00,MH014,22.43,24.811005,3
2020-06-02 16:00:00,MH014,27.0,26.688871,3
2020-06-02 17:00:00,MH014,34.35,28.302876,3
2020-06-02 18:00:00,MH014,29.67,28.426126,3
2020-06-02 19:00:00,MH014,34.67,28.03228,3
2020-06-02 20:00:00,MH014,32.33,25.015057,3
2020-06-02 21:00:00,MH014,34.46,21.688042,3
2020-06-02 22:00:00,MH014,28.55,19.110659,3
2020-06-02 23:00:00,MH014,16.89,17.37282,3
2020-06-03 00:00:00,MH014,15.78,16.733648,3
2020-06-03 01:00:00,MH014,13.77,16.463812,3
2020-06-03 02:00:00,MH014,12.22,16.163162,3
2020-06-03 03:00:00,MH014,13.55,17.542349,3
2020-06-03 04:00:00,MH014,9.78,18.785828,3
2020-06-03 05:00:00,MH014,7.67,20.218494,3
2020-06-03 06:00:00,MH014,4.89,20.622507,3
2020-06-03 07:00:00,MH014,3.78,20.158497,3
2020-06-03 08:00:00,MH014,2.11,19.624529,3
2020-06-03 09:00:00,MH014,3.11,18.257,3
2020-06-03 10:00:00,MH014,4.11,15.741091,3
2020-06-03 11:00:00,MH014,4.55,15.567751,3
2020-06-03 12:00:00,MH014,1.0,15.282337,3
2020-06-03 13:00:00,MH014,1.22,13.976889,3
2020-06-03 14:00:00,MH014,2.78,12.648703,3
2020-06-03 15:00:00,MH014,1.67,11.290056,3
2020-06-03 16:00:00,MH014,6.67,8.40864,3
2020-06-03 17:00:00,MH014,4.22,8.236288,3
2020-06-03 18:00:00,MH014,6.22,8.9032345,3
2020-06-03 19:00:00,MH014,7.57,10.413507,3
2020-06-03 20:00:00,MH014,4.0,12.05234,3
2020-06-03 21:00:00,MH014,4.0,11.930666,3
2020-06-03 22:00:00,MH014,4.11,9.972052,3
2020-06-03 23:00:00,MH014,5.22,9.681356,3
2020-06-04 00:00:00,MH014,6.89,9.227209,3
2020-06-04 01:00:00,MH014,6.33,8.421278,3
2020-06-04 02:00:00,MH014,9.78,9.01153,3
2020-06-04 03:00:00,MH014,15.11,10.784159,3
2020-06-04 04:00:00,MH014,8.11,11.554335,3
2020-06-04 05:00:00,MH014,8.78,12.650881,3
2020-06-04 06:00:00,MH014,6.78,13.664373,3
2020-06-04 07:00:00,MH014,6.19,14.253126,3
2020-06-04 08:00:00,MH014,15.78,14.710417,3
2020-06-04 09:00:00,MH014,13.2,15.256981,3
2020-06-04 10:00:00,MH014,8.08,14.947348,3
2020-06-04 11:00:00,MH014,16.13,15.253866,3
2020-06-04 12:00:00,MH014,9.11,21.991447,3
2020-06-04 13:00:00,MH014,9.89,25.442497,3
2020-06-04 14:00:00,MH014,8.89,23.207705,3
2020-06-04 15:00:00,MH014,7.57,18.70324,3
2020-06-04 16:00:00,MH014,4.54,16.628773,3
2020-06-04 17:00:00,MH014,10.22,15.142109,3
2020-06-04 18:00:00,MH014,20.78,11.826014,3
2020-06-04 19:00:00,MH014,26.68,10.353632,3
2020-06-04 20:00:00,MH014,23.0,10.120775,3
2020-06-04 21:00:00,MH014,16.19,9.4990635,3
2020-06-04 22:00:00,MH014,25.11,8.986433,3
2020-06-04 23:00:00,MH014,16.55,7.4754233,3
2020-06-05 00:00:00,MH014,4.89,7.3511977,3
2020-06-05 01:00:00,MH014,4.11,7.2386527,3
2020-06-05 02:00:00,MH014,4.89,8.378901,3
2020-06-05 03:00:00,MH014,4.33,11.367979,3
2020-06-05 04:00:00,MH014,7.0,12.530542,3
2020-06-05 05:00:00,MH014,7.22,13.698122,3
2020-06-05 06:00:00,MH014,8.55,14.588192,3
2020-06-05 07:00:00,MH014,4.55,15.249275,3
2020-06-05 08:00:00,MH014,1.0,14.994286,3
2020-06-05 09:00:00,MH014,1.78,14.404453,3
2020-06-05 10:00:00,MH014,8.22,14.075445,3
2020-06-05 11:00:00,MH014,9.78,13.396547,3
2020-06-05 12:00:00,MH014,7.55,13.052885,3
2020-06-05 13:00:00,MH014,4.11,13.356604,3
2020-06-05 14:00:00,MH014,5.33,13.550455,3
2020-06-05 15:00:00,MH014,7.78,13.258745,3
2020-06-05 16:00:00,MH014,5.67,12.309088,3
2020-06-05 17:00:00,MH014,3.34,11.518103,3
2020-06-05 18:00:00,MH014,6.0,10.250883,3
2020-06-05 19:00:00,MH014,6.45,10.704939,3
2020-06-05 20:00:00,MH014,10.0,11.341101,3
2020-06-05 21:00:00,MH014,9.46,10.771635,3
2020-06-05 22:00:00,MH014,4.57,9.669947,3
2020-06-05 23:00:00,MH014,1.33,9.193869,3
2020-06-06 00:00:00,MH014,4.0,6.823423,3
2020-06-06 01:00:00,MH014,3.89,6.6885085,3
2020-06-06 02:00:00,MH014,3.46,7.3450675,3
2020-06-06 03:00:00,MH014,7.0,8.850248,3
2020-06-06 04:00:00,MH014,6.89,10.292379,3
2020-06-06 05:00:00,MH014,5.67,11.777388,3
2020-06-06 06:00:00,MH014,5.67,12.365675,3
2020-06-06 07:00:00,MH014,1.0,12.565023,3
2020-06-06 08:00:00,MH014,1.11,12.244505,3
2020-06-06 09:00:00,MH014,2.89,12.030294,3
2020-06-06 10:00:00,MH014,10.11,13.107965,3
2020-06-06 11:00:00,MH014,10.68,12.500917,3
2020-06-06 12:00:00,MH014,7.89,12.708452,3
2020-06-06 13:00:00,MH014,6.89,12.793905,3
2020-06-06 14:00:00,MH014,6.0,12.655989,3
2020-06-06 15:00:00,MH014,6.54,12.41728,3
2020-06-06 16:00:00,MH014,10.78,11.435614,3
2020-06-06 17:00:00,MH014,8.57,10.908846,3
2020-06-06 18:00:00,MH014,5.65,11.592691,3
2020-06-06 19:00:00,MH014,10.57,11.104521,3
2020-06-06 20:00:00,MH014,7.0,10.40103,3
2020-06-06 21:00:00,MH014,7.0,10.2410755,3
2020-06-06 22:00:00,MH014,7.11,9.796347,3
2020-06-06 23:00:00,MH014,8.11,9.507822,3
2020-06-07 00:00:00,MH014,9.11,7.6274543,3
2020-06-07 01:00:00,MH014,9.67,7.7236,3
2020-06-07 02:00:00,MH014,7.0,7.4648185,3
2020-06-07 03:00:00,MH014,7.0,9.400782,3
2020-06-07 04:00:00,MH014,7.11,10.260996,3
2020-06-07 05:00:00,MH014,7.67,11.577036,3
2020-06-07 06:00:00,MH014,5.65,12.285761,3
2020-06-07 07:00:00,MH014,10.67,13.945597,3
2020-06-07 08:00:00,MH014,8.45,14.797976,3
2020-06-07 09:00:00,MH014,11.68,14.489592,3
2020-06-07 10:00:00,MH014,8.78,14.37664,3
2020-06-07 11:00:00,MH014,6.67,14.803692,3
2020-06-07 12:00:00,MH014,4.0,14.125315,3
2020-06-07 13:00:00,MH014,4.55,13.767485,3
2020-06-07 14:00:00,MH014,8.78,13.5177555,3
2020-06-07 15:00:00,MH014,6.89,13.457354,3
2020-06-07 16:00:00,MH014,6.11,13.8131695,3
2020-06-07 17:00:00,MH014,7.0,13.453253,3
2020-06-07 18:00:00,MH014,7.11,13.003721,3
2020-06-07 19:00:00,MH014,8.34,12.451727,3
2020-06-07 20:00:00,MH014,10.67,12.419439,3
2020-06-07 21:00:00,MH014,7.79,12.254145,3
2020-06-07 22:00:00,MH014,5.89,9.764128,3
2020-06-07 23:00:00,MH014,5.0,8.717882,3
2020-06-08 00:00:00,MH014,5.0,8.268385,3
2020-06-08 01:00:00,MH014,5.0,8.484465,3
2020-06-08 02:00:00,MH014,4.89,7.905805,3
2020-06-08 03:00:00,MH014,4.33,8.924711,3
2020-06-08 04:00:00,MH014,7.11,10.103182,3
2020-06-08 05:00:00,MH014,7.67,10.94034,3
2020-06-08 06:00:00,MH014,5.11,12.226011,3
2020-06-08 07:00:00,MH014,6.55,12.568338,3
2020-06-08 08:00:00,MH014,11.54,13.051886,3
2020-06-08 09:00:00,MH014,14.55,12.714426,3
2020-06-08 10:00:00,MH014,3.11,12.426317,3
2020-06-08 11:00:00,MH014,3.78,12.11083,3
2020-06-08 12:00:00,MH014,1.89,12.7345295,3
2020-06-08 13:00:00,MH014,0.89,12.985918,3
2020-06-08 14:00:00,MH014,0.89,11.907183,3
2020-06-08 15:00:00,MH014,1.3,13.191637,3
2020-06-08 16:00:00,MH014,3.33,12.479567,3
2020-06-08 17:00:00,MH014,6.0,12.653803,3
2020-06-08 18:00:00,MH014,5.78,11.474237,3
2020-06-08 19:00:00,MH014,3.67,11.462362,3
2020-06-08 20:00:00,MH014,0.89,11.60095,3
2020-06-08 21:00:00,MH014,0.89,9.910421,3
2020-06-08 22:00:00,MH014,0.89,9.38909,3
2020-06-08 23:00:00,MH014,0.89,8.416807,3
2020-06-09 00:00:00,MH014,0.89,6.990331,3
2020-06-09 01:00:00,MH014,2.11,7.8177543,3
2020-06-09 02:00:00,MH014,3.33,7.9607406,3
2020-06-09 03:00:00,MH014,5.78,9.4543705,3
2020-06-09 04:00:00,MH014,3.89,11.015593,3
2020-06-09 05:00:00,MH014,3.22,10.824949,3
2020-06-09 06:00:00,MH014,5.11,11.157473,3
2020-06-09 07:00:00,MH014,6.11,11.307161,3
2020-06-09 08:00:00,MH014,7.0,10.89953,3
2020-06-09 09:00:00,MH014,6.78,11.810724,3
2020-06-09 10:00:00,MH014,5.11,11.17544,3
2020-06-09 11:00:00,MH014,6.22,11.167261,3
2020-06-09 12:00:00,MH014,7.89,11.247545,3
2020-06-09 13:00:00,MH014,6.89,11.636866,3
2020-06-09 14:00:00,MH014,6.0,11.280825,3
2020-06-09 15:00:00,MH014,5.89,11.761885,3
2020-06-09 16:00:00,MH014,4.89,11.144148,3
2020-06-09 17:00:00,MH014,4.33,11.586847,3
2020-06-09 18:00:00,MH014,7.11,11.244459,3
2020-06-09 19:00:00,MH014,8.0,10.974043,3
2020-06-09 20:00:00,MH014,7.78,11.134901,3
2020-06-09 21:00:00,MH014,5.78,10.9499,3
2020-06-09 22:00:00,MH014,3.78,10.23213,3
2020-06-09 23:00:00,MH014,2.0,9.502741,3
2020-06-10 00:00:00,MH014,2.11,8.509851,3
2020-06-10 01:00:00,MH014,3.76,7.3692718,3
2020-06-10 02:00:00,MH014,9.78,7.554357,3
2020-06-10 03:00:00,MH014,8.11,9.775656,3
2020-06-10 04:00:00,MH014,9.54,10.72748,3
2020-06-10 05:00:00,MH014,14.0,11.402124,3
2020-06-10 06:00:00,MH014,14.87,11.405222,3
2020-06-10 07:00:00,MH014,20.89,11.791834,3
2020-06-10 08:00:00,MH014,12.22,12.191816,3
2020-06-10 09:00:00,MH014,13.68,12.660048,3
2020-06-10 10:00:00,MH014,10.89,12.681417,3
2020-06-10 11:00:00,MH014,10.33,12.756636,3
2020-06-10 12:00:00,MH014,12.46,13.497992,3
2020-06-10 13:00:00,MH014,8.11,13.605463,3
2020-06-10 14:00:00,MH014,8.67,13.894213,3
2020-06-10 15:00:00,MH014,6.43,14.213076,3
2020-06-10 16:00:00,MH014,9.55,12.726816,3
2020-06-10 17:00:00,MH014,6.11,12.7396145,3
2020-06-10 18:00:00,MH014,10.9,12.912649,3
2020-06-10 19:00:00,MH014,38.67,11.491186,3
2020-06-10 20:00:00,MH014,3.33,11.541159,3
2020-06-10 21:00:00,MH014,5.67,10.772657,3
2020-06-10 22:00:00,MH014,2.67,8.050474,3
2020-06-10 23:00:00,MH014,1.73,9.140524,3
2020-06-11 00:00:00,MH014,4.0,9.249483,3
2020-06-11 01:00:00,MH014,4.33,8.746069,3
2020-06-11 02:00:00,MH014,6.89,9.274313,3
2020-06-11 03:00:00,MH014,6.22,11.609743,3
2020-06-11 04:00:00,MH014,7.57,12.676474,3
2020-06-11 05:00:00,MH014,3.57,12.406679,3
2020-06-11 06:00:00,MH014,0.87,12.9121,3
2020-06-11 07:00:00,MH014,2.33,12.596556,3
2020-06-11 08:00:00,MH014,6.19,12.367834,3
2020-06-11 09:00:00,MH014,15.67,12.252947,3
2020-06-11 10:00:00,MH014,12.55,12.395254,3
2020-06-11 11:00:00,MH014,8.89,13.163168,3
2020-06-11 12:00:00,MH014,8.11,13.014399,3
2020-06-11 13:00:00,MH014,8.78,13.525724,3
2020-06-11 14:00:00,MH014,6.67,12.933592,3
2020-06-11 15:00:00,MH014,4.0,12.981337,3
2020-06-11 16:00:00,MH014,4.11,13.265989,3
2020-06-11 17:00:00,MH014,5.43,12.486502,3
2020-06-11 18:00:00,MH014,8.89,13.654612,3
2020-06-11 19:00:00,MH014,7.89,12.975252,3
2020-06-11 20:00:00,MH014,7.97,12.617041,3
2020-06-11 21:00:00,MH014,14.92,12.002459,3
2020-06-11 22:00:00,MH014,5.89,11.222181,3
2020-06-11 23:00:00,MH014,5.33,15.415182,3
2020-06-12 00:00:00,MH014,9.19,12.372351,3
2020-06-12 01:00:00,MH014,18.68,9.527136,3
2020-06-12 02:00:00,MH014,16.54,8.980215,3
2020-06-12 03:00:00,MH014,20.78,12.467558,3
2020-06-12 04:00:00,MH014,18.0,12.598978,3
2020-06-12 05:00:00,MH014,11.19,13.696093,3
2020-06-12 06:00:00,MH014,19.92,14.388531,3
2020-06-12 07:00:00,MH014,10.57,14.857191,3
2020-06-12 08:00:00,MH014,7.33,15.119471,3
2020-06-12 09:00:00,MH014,9.57,15.736399,3
2020-06-12 10:00:00,MH014,6.0,16.321896,3
2020-06-12 11:00:00,MH014,5.89,16.76325,3
2020-06-12 12:00:00,MH014,5.33,17.391394,3
2020-06-12 13:00:00,MH014,8.11,16.737309,3
2020-06-12 14:00:00,MH014,8.68,15.920591,3
2020-06-12 15:00:00,MH014,5.57,15.682924,3
2020-06-12 16:00:00,MH014,1.89,15.134502,3
2020-06-12 17:00:00,MH014,0.89,14.633474,3
2020-06-12 18:00:00,MH014,1.33,14.339878,3
2020-06-12 19:00:00,MH014,3.67,14.259893,3
2020-06-12 20:00:00,MH014,9.65,12.719473,3
2020-06-12 21:00:00,MH014,14.68,13.260893,3
2020-06-12 22:00:00,MH014,11.89,12.894144,3
2020-06-12 23:00:00,MH014,11.78,11.975374,3
2020-06-13 00:00:00,MH014,18.65,11.027212,3
2020-06-13 01:00:00,MH014,22.58,10.086168,3
2020-06-13 02:00:00,MH014,9.67,9.868135,3
2020-06-13 03:00:00,MH014,6.89,12.450266,3
2020-06-13 04:00:00,MH014,5.89,13.991182,3
2020-06-13 05:00:00,MH014,4.55,15.170145,3
2020-06-13 06:00:00,MH014,0.89,16.024006,3
2020-06-13 07:00:00,MH014,0.89,16.008293,3
2020-06-13 08:00:00,MH014,0.89,18.789383,3
2020-06-13 09:00:00,MH014,0.89,18.739141,3
2020-06-13 10:00:00,MH014,1.32,17.107292,3
2020-06-13 11:00:00,MH014,3.11,15.7772255,3
2020-06-13 12:00:00,MH014,3.78,15.009813,3
2020-06-13 13:00:00,MH014,2.33,14.854567,3
2020-06-13 14:00:00,MH014,4.45,14.154802,3
2020-06-13 15:00:00,MH014,4.45,13.154272,3
2020-06-13 16:00:00,MH014,6.07,13.36968,3
2020-06-13 17:00:00,MH014,13.24,13.446421,3
2020-06-13 18:00:00,MH014,6.89,13.737989,3
2020-06-13 19:00:00,MH014,5.89,13.804537,3
2020-06-13 20:00:00,MH014,5.22,13.335318,3
2020-06-13 21:00:00,MH014,6.67,12.29339,3
2020-06-13 22:00:00,MH014,3.58,11.0430355,3
2020-06-13 23:00:00,MH014,3.58,9.341875,3
2020-06-14 00:00:00,MH014,1.73,9.142817,3
2020-06-14 01:00:00,MH014,4.33,8.814478,3
2020-06-14 02:00:00,MH014,7.87,8.221426,3
2020-06-14 03:00:00,MH014,14.37,11.281305,3
2020-06-14 04:00:00,MH014,8.57,12.61355,3
2020-06-14 05:00:00,MH014,5.76,13.467672,3
2020-06-14 06:00:00,MH014,12.0,14.357843,3
2020-06-14 07:00:00,MH014,11.68,14.203215,3
2020-06-14 08:00:00,MH014,9.0,14.983135,3
2020-06-14 09:00:00,MH014,8.57,15.547106,3
2020-06-14 10:00:00,MH014,4.67,15.931231,3
2020-06-14 11:00:00,MH014,2.44,15.805189,3
2020-06-14 12:00:00,MH014,6.0,15.66663,3
2020-06-14 13:00:00,MH014,5.78,15.831303,3
2020-06-14 14:00:00,MH014,3.78,16.180676,3
2020-06-14 15:00:00,MH014,2.21,16.267076,3
2020-06-14 16:00:00,MH014,4.33,15.673454,3
2020-06-14 17:00:00,MH014,6.78,15.126354,3
2020-06-14 18:00:00,MH014,4.57,14.979586,3
2020-06-14 19:00:00,MH014,1.21,13.960981,3
2020-06-14 20:00:00,MH014,3.0,13.438807,3
2020-06-14 21:00:00,MH014,3.21,11.95542,3
2020-06-14 22:00:00,MH014,4.68,10.995806,3
2020-06-14 23:00:00,MH014,1.78,10.429796,3
2020-06-15 00:00:00,MH014,1.78,10.543409,3
2020-06-15 01:00:00,MH014,0.87,10.855883,3
2020-06-15 02:00:00,MH014,1.78,9.072451,3
2020-06-15 03:00:00,MH014,2.6,9.986956,3
2020-06-15 04:00:00,MH014,6.11,10.472712,3
2020-06-15 05:00:00,MH014,6.89,12.853285,3
2020-06-15 06:00:00,MH014,7.3,12.305803,3
2020-06-15 07:00:00,MH014,16.05,12.745722,3
2020-06-15 08:00:00,MH014,16.05,13.059118,3
2020-06-15 09:00:00,MH014,0.84,12.466986,3
2020-06-15 10:00:00,MH014,2.21,12.41897,3
2020-06-15 11:00:00,MH014,4.22,12.277018,3
2020-06-15 12:00:00,MH014,5.67,10.925753,3
2020-06-15 13:00:00,MH014,2.78,11.977747,3
2020-06-15 14:00:00,MH014,1.54,12.431437,3
2020-06-15 15:00:00,MH014,5.89,13.080954,3
2020-06-15 16:00:00,MH014,4.78,13.4707775,3
2020-06-15 17:00:00,MH014,3.43,12.270994,3
2020-06-15 18:00:00,MH014,7.43,10.704367,3
2020-06-15 19:00:00,MH014,11.32,11.136496,3
2020-06-15 20:00:00,MH014,13.79,10.822294,3
2020-06-15 21:00:00,MH014,11.78,9.731909,3
2020-06-15 22:00:00,MH014,9.78,8.691095,3
2020-06-15 23:00:00,MH014,8.0,9.131037,3
2020-06-16 00:00:00,MH014,8.65,9.672747,3
2020-06-16 01:00:00,MH014,13.35,10.063444,3
2020-06-16 02:00:00,MH014,7.68,8.207712,3
2020-06-16 03:00:00,MH014,5.21,11.519186,3
2020-06-16 04:00:00,MH014,7.22,12.459364,3
2020-06-16 05:00:00,MH014,8.68,11.054205,3
2020-06-16 06:00:00,MH014,5.67,12.591177,3
2020-06-16 07:00:00,MH014,2.78,12.559935,3
2020-06-16 08:00:00,MH014,1.0,12.276899,3
2020-06-16 09:00:00,MH014,0.89,13.904676,3
2020-06-16 10:00:00,MH014,0.89,13.393263,3
2020-06-16 11:00:00,MH014,0.43,12.445181,3
2020-06-16 12:00:00,MH014,1.0,10.553648,3
2020-06-16 13:00:00,MH014,1.87,10.690382,3
2020-06-16 14:00:00,MH014,8.68,10.06859,3
2020-06-16 15:00:00,MH014,5.78,9.80567,3
2020-06-16 16:00:00,MH014,4.11,10.634272,3
2020-06-16 17:00:00,MH014,4.89,12.266958,3
2020-06-16 18:00:00,MH014,4.74,13.305616,3
2020-06-16 19:00:00,MH014,10.57,15.265678,3
2020-06-16 20:00:00,MH014,6.67,12.556986,3
2020-06-16 21:00:00,MH014,4.43,11.293558,3
2020-06-16 22:00:00,MH014,7.79,9.907053,3
2020-06-16 23:00:00,MH014,5.47,8.207941,3
2020-06-17 00:00:00,MH014,0.89,7.4930587,3
2020-06-17 01:00:00,MH014,0.89,7.3084693,3
2020-06-17 02:00:00,MH014,1.3,7.4102263,3
2020-06-17 03:00:00,MH014,2.78,9.69203,3
2020-06-17 04:00:00,MH014,1.0,10.362375,3
2020-06-17 05:00:00,MH014,1.43,11.110888,3
2020-06-17 06:00:00,MH014,5.54,11.589125,3
2020-06-17 07:00:00,MH014,9.46,11.795244,3
2020-06-17 08:00:00,MH014,4.79,12.055586,3
2020-06-17 09:00:00,MH014,3.33,12.340811,3
2020-06-17 10:00:00,MH014,5.67,12.040506,3
2020-06-17 11:00:00,MH014,2.67,11.691389,3
2020-06-17 12:00:00,MH014,2.67,11.765974,3
2020-06-17 13:00:00,MH014,0.87,11.670088,3
2020-06-17 14:00:00,MH014,1.89,11.818144,3
2020-06-17 15:00:00,MH014,0.89,12.059328,3
2020-06-17 16:00:00,MH014,0.89,12.202921,3
2020-06-17 17:00:00,MH014,0.89,11.524267,3
2020-06-17 18:00:00,MH014,0.89,9.255697,3
2020-06-17 20:00:00,MH014,1.27,8.2992115,3
2020-06-17 21:00:00,MH014,3.1,6.889177,3
2020-06-17 22:00:00,MH014,3.89,5.526853,3
2020-06-17 23:00:00,MH014,3.32,4.723165,3
2020-06-18 00:00:00,MH014,6.45,4.207132,3
2020-06-20 01:00:00,MH014,10.0,10.256552,3
2020-06-20 02:00:00,MH014,10.11,9.900438,3
2020-06-20 03:00:00,MH014,11.11,11.459578,3
2020-06-20 04:00:00,MH014,12.11,12.598845,3
2020-06-20 05:00:00,MH014,12.78,13.805166,3
2020-06-20 06:00:00,MH014,11.11,15.240471,3
2020-06-20 07:00:00,MH014,12.75,15.904881,3
2020-06-20 08:00:00,MH014,19.0,16.59218,3
2020-06-20 09:00:00,MH014,18.78,16.650303,3
2020-06-20 10:00:00,MH014,17.0,16.436483,3
2020-06-20 11:00:00,MH014,17.32,16.689203,3
2020-06-20 12:00:00,MH014,19.47,16.56689,3
2020-06-20 13:00:00,MH014,15.76,16.202148,3
2020-06-20 14:00:00,MH014,21.37,16.342354,3
2020-06-20 15:00:00,MH014,15.78,16.84207,3
2020-06-20 16:00:00,MH014,14.54,17.381662,3
2020-06-20 17:00:00,MH014,18.55,17.081057,3
2020-06-20 18:00:00,MH014,14.47,17.11118,3
2020-06-20 19:00:00,MH014,9.67,16.709501,3
2020-06-20 20:00:00,MH014,7.0,16.888115,3
2020-06-20 21:00:00,MH014,7.62,15.630333,3
2020-06-20 22:00:00,MH014,12.68,14.02202,3
2020-06-20 23:00:00,MH014,9.89,12.630651,3
2020-06-21 00:00:00,MH014,9.0,11.603033,3
2020-06-21 01:00:00,MH014,8.68,10.518282,3
2020-06-21 02:00:00,MH014,6.11,10.039976,3
2020-06-21 03:00:00,MH014,7.11,11.01536,3
2020-06-21 04:00:00,MH014,8.0,12.937017,3
2020-06-21 05:00:00,MH014,8.22,13.580534,3
2020-06-21 06:00:00,MH014,10.75,15.042528,3
2020-06-21 07:00:00,MH014,17.11,15.238785,3
2020-06-21 08:00:00,MH014,17.78,16.229935,3
2020-06-21 09:00:00,MH014,15.25,16.188438,3
2020-06-21 10:00:00,MH014,9.11,15.818583,3
2020-06-21 11:00:00,MH014,9.89,15.453547,3
2020-06-21 12:00:00,MH014,8.89,15.399811,3
2020-06-21 13:00:00,MH014,8.0,15.269342,3
2020-06-21 14:00:00,MH014,8.22,15.84153,3
2020-06-21 15:00:00,MH014,10.53,15.607956,3
2020-06-21 16:00:00,MH014,14.68,16.357708,3
2020-06-21 17:00:00,MH014,12.0,15.551571,3
2020-06-21 18:00:00,MH014,12.96,14.355162,3
2020-06-21 19:00:00,MH014,19.95,13.803549,3
2020-06-21 20:00:00,MH014,10.89,13.596922,3
2020-06-21 21:00:00,MH014,10.11,12.27405,3
2020-06-21 22:00:00,MH014,11.21,11.21364,3
2020-06-21 23:00:00,MH014,12.9,10.717115,3
2020-06-22 00:00:00,MH014,11.58,10.11183,3
2020-06-22 01:00:00,MH014,8.0,10.230936,3
2020-06-22 02:00:00,MH014,7.89,9.442392,3
2020-06-22 03:00:00,MH014,7.0,9.896608,3
2020-06-22 04:00:00,MH014,6.89,11.053999,3
2020-06-22 05:00:00,MH014,6.22,12.360586,3
2020-06-22 06:00:00,MH014,7.89,13.108557,3
2020-06-22 07:00:00,MH014,7.85,13.472963,3
2020-06-22 08:00:00,MH014,14.37,13.039267,3
2020-06-22 09:00:00,MH014,9.74,13.092363,3
2020-06-22 10:00:00,MH014,15.28,13.592848,3
2020-06-22 11:00:00,MH014,9.11,13.792036,3
2020-06-22 12:00:00,MH014,10.32,13.698767,3
2020-06-22 13:00:00,MH014,13.0,13.964041,3
2020-06-22 14:00:00,MH014,13.43,13.615046,3
2020-06-22 15:00:00,MH014,16.79,13.467768,3
2020-06-22 16:00:00,MH014,14.89,13.713404,3
2020-06-22 17:00:00,MH014,13.78,13.945166,3
2020-06-22 18:00:00,MH014,11.57,14.026388,3
2020-06-22 19:00:00,MH014,8.11,13.173849,3
2020-06-22 20:00:00,MH014,9.21,12.474283,3
2020-06-22 21:00:00,MH014,10.68,12.510843,3
2020-06-22 22:00:00,MH014,8.32,11.631018,3
2020-06-22 23:00:00,MH014,11.0,11.130472,3
2020-06-23 00:00:00,MH014,11.42,9.353704,3
2020-06-23 01:00:00,MH014,14.68,8.968901,3
2020-06-23 02:00:00,MH014,12.21,8.492434,3
2020-06-23 03:00:00,MH014,14.43,10.441298,3
2020-06-23 04:00:00,MH014,17.68,10.976923,3
2020-06-23 05:00:00,MH014,14.26,11.68112,3
2020-06-23 06:00:00,MH014,8.74,12.639429,3
2020-06-23 07:00:00,MH014,14.79,12.583799,3
2020-06-23 08:00:00,MH014,13.43,13.828478,3
2020-06-23 09:00:00,MH014,16.11,14.381096,3
2020-06-23 10:00:00,MH014,9.0,14.724911,3
2020-06-23 11:00:00,MH014,8.58,14.939829,3
2020-06-23 12:00:00,MH014,5.11,15.844732,3
2020-06-23 13:00:00,MH014,6.0,16.222391,3
2020-06-23 14:00:00,MH014,5.89,16.514544,3
2020-06-23 15:00:00,MH014,5.11,16.677088,3
2020-06-23 16:00:00,MH014,6.42,16.13882,3
2020-06-23 17:00:00,MH014,9.68,15.5584545,3
2020-06-23 18:00:00,MH014,6.89,14.449549,3
2020-06-23 19:00:00,MH014,5.89,12.556692,3
2020-06-23 20:00:00,MH014,5.0,12.425535,3
2020-06-23 21:00:00,MH014,5.11,10.981356,3
2020-06-23 22:00:00,MH014,6.43,10.282843,3
2020-06-23 23:00:00,MH014,10.11,9.480604,3
2020-06-24 00:00:00,MH014,11.0,8.939421,3
2020-06-24 01:00:00,MH014,10.68,8.10293,3
2020-06-24 02:00:00,MH014,7.78,8.08135,3
2020-06-24 03:00:00,MH014,5.79,10.200838,3
2020-06-24 04:00:00,MH014,4.11,10.694525,3
2020-06-24 05:00:00,MH014,4.89,11.454687,3
2020-06-24 06:00:00,MH014,4.11,12.000448,3
2020-06-24 07:00:00,MH014,5.76,12.8096485,3
2020-06-24 08:00:00,MH014,12.0,13.455767,3
2020-06-24 09:00:00,MH014,12.42,13.872015,3
2020-06-24 10:00:00,MH014,14.95,13.727732,3
2020-06-24 11:00:00,MH014,6.22,13.338995,3
2020-06-24 12:00:00,MH014,7.67,13.136225,3
2020-06-24 13:00:00,MH014,4.47,12.996466,3
2020-06-24 14:00:00,MH014,2.11,13.002951,3
2020-06-24 15:00:00,MH014,5.11,13.234179,3
2020-06-24 16:00:00,MH014,6.32,13.414839,3
2020-06-24 17:00:00,MH014,8.78,13.36278,3
2020-06-24 18:00:00,MH014,6.68,13.349016,3
2020-06-24 19:00:00,MH014,4.0,12.847155,3
2020-06-24 20:00:00,MH014,3.9,12.716101,3
2020-06-24 21:00:00,MH014,3.1,11.776663,3
2020-06-24 22:00:00,MH014,4.0,10.364359,3
2020-06-24 23:00:00,MH014,4.74,9.528467,3
2020-06-25 00:00:00,MH014,10.68,8.855478,3
2020-06-25 01:00:00,MH014,7.89,7.879762,3
2020-06-25 02:00:00,MH014,7.53,7.8207145,3
2020-06-25 03:00:00,MH014,11.79,9.54389,3
2020-06-25 04:00:00,MH014,10.42,7.8964133,3
2020-06-25 05:00:00,MH014,14.32,11.229177,3
2020-06-25 06:00:00,MH014,16.68,11.754248,3
2020-06-25 07:00:00,MH014,14.42,12.373838,3
2020-06-25 08:00:00,MH014,17.68,12.679842,3
2020-06-25 09:00:00,MH014,14.46,13.243181,3
2020-06-25 10:00:00,MH014,9.89,12.929586,3
2020-06-25 11:00:00,MH014,9.0,13.764925,3
2020-06-25 12:00:00,MH014,8.58,13.994753,3
2020-06-25 13:00:00,MH014,5.32,14.396194,3
2020-06-25 14:00:00,MH014,8.0,14.6127205,3
2020-06-25 15:00:00,MH014,8.53,14.27482,3
2020-06-25 16:00:00,MH014,13.43,14.3765545,3
2020-06-25 17:00:00,MH014,17.32,14.682409,3
2020-06-25 18:00:00,MH014,19.13,13.766954,3
2020-06-25 19:00:00,MH014,11.79,12.708754,3
2020-06-25 20:00:00,MH014,9.79,11.9899235,3
2020-06-25 21:00:00,MH014,7.89,11.920935,3
2020-06-25 22:00:00,MH014,7.0,11.244581,3
2020-06-25 23:00:00,MH014,7.85,10.9654255,3
2020-06-26 00:00:00,MH014,14.89,10.942675,3
2020-06-26 01:00:00,MH014,13.58,10.238222,3
2020-06-26 02:00:00,MH014,10.11,9.480635,3
2020-06-26 03:00:00,MH014,10.68,12.63899,3
2020-06-26 04:00:00,MH014,7.89,13.765036,3
2020-06-26 05:00:00,MH014,8.48,13.398073,3
2020-06-26 06:00:00,MH014,20.35,14.660091,3
2020-06-26 07:00:00,MH014,15.0,15.724697,3
2020-06-26 08:00:00,MH014,14.68,15.546255,3
2020-06-26 09:00:00,MH014,12.32,16.355795,3
2020-06-26 10:00:00,MH014,15.21,15.423086,3
2020-06-26 11:00:00,MH014,16.02,14.1496525,3
2020-06-26 12:00:00,MH014,8.22,16.3986,3
2020-06-26 13:00:00,MH014,9.68,18.330645,3
2020-06-26 14:00:00,MH014,7.85,18.241653,3
2020-06-26 15:00:00,MH014,15.0,17.653454,3
2020-06-26 16:00:00,MH014,15.62,17.715979,3
2020-06-26 17:00:00,MH014,20.37,17.761473,3
2020-06-26 18:00:00,MH014,15.32,16.954195,3
2020-06-26 19:00:00,MH014,17.47,17.137815,3
2020-06-26 20:00:00,MH014,12.58,16.50179,3
2020-06-26 21:00:00,MH014,9.63,14.931257,3
2020-06-26 22:00:00,MH014,15.32,14.567492,3
2020-06-26 23:00:00,MH014,18.0,14.05411,3
2020-06-27 00:00:00,MH014,17.79,14.106215,3
2020-06-27 01:00:00,MH014,15.46,13.990152,3
2020-06-27 02:00:00,MH014,11.0,13.5243435,3
2020-06-27 03:00:00,MH014,11.0,15.954845,3
2020-06-27 04:00:00,MH014,11.0,17.034445,3
2020-06-27 05:00:00,MH014,11.74,18.035,3
2020-06-27 06:00:00,MH014,19.16,18.400425,3
2020-06-27 07:00:00,MH014,26.68,18.277557,3
2020-06-27 08:00:00,MH014,8.37,19.049173,3
2020-06-27 09:00:00,MH014,19.13,19.123919,3
2020-06-27 10:00:00,MH014,12.53,18.091917,3
2020-06-27 11:00:00,MH014,16.89,18.407558,3
2020-06-27 12:00:00,MH014,16.11,18.623606,3
2020-06-27 13:00:00,MH014,17.0,19.156242,3
2020-06-27 14:00:00,MH014,17.32,19.121134,3
2020-06-27 15:00:00,MH014,19.58,18.714226,3
2020-06-27 16:00:00,MH014,21.97,18.697857,3
2020-06-27 17:00:00,MH014,65.98,18.142511,3
2020-06-27 18:00:00,MH014,14.89,17.633268,3
2020-06-27 19:00:00,MH014,14.21,17.433788,3
2020-06-27 20:00:00,MH014,15.89,17.077148,3
2020-06-27 21:00:00,MH014,14.68,17.231209,3
2020-06-27 22:00:00,MH014,12.11,16.759598,3
2020-06-27 23:00:00,MH014,13.32,17.612743,3
2020-06-28 00:00:00,MH014,15.68,18.490623,3
2020-06-28 01:00:00,MH014,13.0,16.091,3
2020-06-28 02:00:00,MH014,12.58,15.958939,3
2020-06-28 03:00:00,MH014,9.21,16.993204,3
2020-06-28 04:00:00,MH014,10.58,17.766409,3
2020-06-28 05:00:00,MH014,7.11,17.115885,3
2020-06-28 06:00:00,MH014,8.11,17.839197,3
2020-06-28 07:00:00,MH014,9.42,19.903627,3
2020-06-28 08:00:00,MH014,13.74,19.982042,3
2020-06-28 09:00:00,MH014,19.78,20.454088,3
2020-06-28 10:00:00,MH014,17.89,19.607275,3
2020-06-28 11:00:00,MH014,16.59,20.595427,3
2020-06-28 12:00:00,MH014,12.58,19.925589,3
2020-06-28 13:00:00,MH014,8.68,19.41833,3
2020-06-28 14:00:00,MH014,5.89,19.201447,3
2020-06-28 15:00:00,MH014,5.42,19.313526,3
2020-06-28 16:00:00,MH014,9.11,19.5332,3
2020-06-28 17:00:00,MH014,10.11,19.346455,3
2020-06-28 18:00:00,MH014,11.0,19.022018,3
2020-06-28 19:00:00,MH014,11.11,17.356237,3
2020-06-28 20:00:00,MH014,11.58,16.101557,3
2020-06-28 21:00:00,MH014,8.41,14.061991,3
2020-06-28 22:00:00,MH014,11.58,13.415224,3
2020-06-28 23:00:00,MH014,8.0,12.110083,3
2020-06-29 00:00:00,MH014,8.0,11.410994,3
2020-06-29 01:00:00,MH014,8.0,10.143663,3
2020-06-29 02:00:00,MH014,7.59,6.147512,3
2020-06-29 03:00:00,MH014,3.79,10.552645,3
2020-06-29 04:00:00,MH014,3.0,11.9669895,3
2020-06-29 05:00:00,MH014,2.68,11.974588,3
2020-06-29 06:00:00,MH014,0.84,12.11511,3
2020-06-29 07:00:00,MH014,2.0,14.509951,3
2020-06-29 08:00:00,MH014,1.9,13.788507,3
2020-06-29 09:00:00,MH014,1.32,13.564978,3
2020-06-29 10:00:00,MH014,4.11,13.236483,3
2020-06-29 11:00:00,MH014,4.57,13.181505,3
2020-06-29 12:00:00,MH014,0.89,13.05736,3
2020-06-29 13:00:00,MH014,0.89,13.072035,3
2020-06-29 14:00:00,MH014,0.89,12.964785,3
2020-06-29 15:00:00,MH014,0.42,12.781931,3
2020-06-29 16:00:00,MH014,1.0,12.310514,3
2020-06-29 17:00:00,MH014,1.0,11.943052,3
2020-06-29 18:00:00,MH014,132.8,12.150526,3
2020-06-29 19:00:00,MH014,43.71,12.138506,3
2020-06-29 20:00:00,MH014,8.58,11.107382,3
2020-06-29 21:00:00,MH014,4.47,9.258459,3
2020-06-29 22:00:00,MH014,4.47,9.611521,3
2020-06-29 23:00:00,MH014,4.47,9.199957,3
2020-06-30 00:00:00,MH014,4.47,10.012537,3
2020-06-30 06:00:00,MH014,2.31,12.634432,3
